proposal_id,investigator_id,investigator_name,career_stage,college_code,college_name,sponsor_id,sponsor_name,sponsor_type,proposal_type,submission_date,submission_month,fiscal_year,requested_amount,proposal_status,award_id,awarded_amount,decision_date,days_to_decision,award_start_date,award_end_date
LP-2026-00001,R0051,Victor Singh,Established,SOC,College of Social Innovation,S010,Global Health Foundation,Foundation,Equipment,2026-07-18,2026-07,FY27,58100,Under Review,,0,,,,
LP-2025-00002,R0052,Chloe Chen,Senior,HUM,College of Humanities,S021,Vertex Mobility Systems,Industry,Research Project,2025-11-01,2025-11,FY26,571400,Active,AW2-2025-00002,437800,2026-02-15,106,2026-03-08,2029-03-07
LP-2024-00003,R0142,Chloe Chen,Established,SCI,College of Science,S025,Interdisciplinary Catalyst Fund,Internal,Research Project,2024-12-06,2024-12,FY25,142700,Active,AW2-2024-00003,97700,2025-02-23,79,2025-04-04,2028-04-03
LP-2023-00004,R0029,Rafael Reyes,Established,BUS,School of Business,S021,Vertex Mobility Systems,Industry,Equipment,2023-07-07,2023-07,FY24,96200,Active,AW2-2023-00004,71300,2023-11-26,142,2024-01-19,2025-07-12
LP-2023-00005,R0041,Maya Bennett,Established,LAW,School of Law and Public Policy,S014,Biomedical Discovery Foundation,Foundation,Research Project,2023-05-19,2023-05,FY23,80500,Not Funded,,0,2023-08-07,80,,
LP-2023-00006,R0125,Daniel Walker,Established,BUS,School of Business,S002,Natural Sciences Research Council,Federal,Research Project,2023-08-02,2023-08,FY24,389100,Active,AW2-2023-00006,362600,2023-10-01,60,2023-11-04,2025-11-03
LP-2025-00007,R0057,Grace Williams,Established,LAW,School of Law and Public Policy,S003,Social Innovation Research Council,Federal,Internal Seed,2025-09-09,2025-09,FY26,40200,Active,AW2-2025-00007,38100,2025-10-31,52,2026-01-01,2028-01-01
LP-2023-00008,R0167,Zain Gupta,Established,HSC,College of Health Sciences,S021,Vertex Mobility Systems,Industry,Research Project,2023-05-16,2023-05,FY23,59800,Not Funded,,0,2023-10-12,149,,
LP-2023-00009,R0055,Sofia Evans,Early Career,HSC,College of Health Sciences,S014,Biomedical Discovery Foundation,Foundation,Internal Seed,2023-05-16,2023-05,FY23,34700,Not Funded,,0,2023-07-18,63,,
LP-2023-00010,R0113,Isabelle Laurent,Established,LAW,School of Law and Public Policy,S005,National Science Foundation,Federal,Training Grant,2023-03-25,2023-03,FY23,367900,Active,AW2-2023-00010,323700,2023-07-20,117,2023-08-16,2025-08-15
LP-2024-00011,R0159,Carlos Ito,Early Career,HSC,College of Health Sciences,S020,Northstar Analytics,Industry,Research Project,2024-03-08,2024-03,FY24,402400,Closed,AW2-2024-00011,318000,2024-06-02,86,2024-07-13,2026-01-04
LP-2024-00012,R0177,Grace Williams,Established,LAW,School of Law and Public Policy,S010,Global Health Foundation,Foundation,Internal Seed,2024-04-02,2024-04,FY24,395500,Not Funded,,0,2024-08-23,143,,
LP-2026-00013,R0113,Isabelle Laurent,Established,LAW,School of Law and Public Policy,S005,National Science Foundation,Federal,Research Project,2026-06-15,2026-06,FY26,54700,Not Funded,,0,2026-08-20,66,,
LP-2024-00014,R0031,Fatima Khan,Established,HSC,College of Health Sciences,S012,Future Cities Foundation,Foundation,Fellowship,2024-04-26,2024-04,FY24,224400,Not Funded,,0,2024-08-06,102,,
LP-2025-00015,R0021,Victor Singh,Established,BUS,School of Business,S025,Interdisciplinary Catalyst Fund,Internal,Research Project,2025-04-30,2025-04,FY25,123800,Not Funded,,0,2025-08-24,116,,
LP-2024-00016,R0170,Noah Johnson,Established,ENG,College of Engineering,S007,Department of Energy and Climate,Government,Research Project,2024-07-25,2024-07,FY25,51600,Not Funded,,0,2024-09-01,38,,
LP-2024-00017,R0170,Noah Johnson,Established,ENG,College of Engineering,S019,Apex Biotechnologies,Industry,Internal Seed,2024-01-26,2024-01,FY24,80000,Closed,AW2-2024-00017,71200,2024-06-26,152,2024-09-02,2026-09-02
LP-2026-00018,R0012,Samira Kim,Early Career,HUM,College of Humanities,S021,Vertex Mobility Systems,Industry,Internal Seed,2026-08-11,2026-08,FY27,154000,Under Review,,0,,,,
LP-2023-00019,R0179,Rafael Reyes,Early Career,SOC,College of Social Innovation,S001,National Health Research Council,Federal,Research Project,2023-05-01,2023-05,FY23,102500,Closed,AW2-2023-00019,81100,2023-09-04,126,2023-10-30,2025-10-29
LP-2023-00020,R0004,Yara Lee,Established,HUM,College of Humanities,S001,National Health Research Council,Federal,Training Grant,2023-10-14,2023-10,FY24,61600,Not Funded,,0,2024-01-26,104,,
LP-2023-00021,R0089,Rafael Reyes,Established,LAW,School of Law and Public Policy,S023,Internal Strategic Research Fund,Internal,Research Project,2023-01-31,2023-01,FY23,145600,Closed,AW2-2023-00021,100000,2023-07-30,180,2023-09-21,2025-03-14
LP-2024-00022,R0114,Mei Tran,Early Career,ENG,College of Engineering,S014,Biomedical Discovery Foundation,Foundation,Research Project,2024-08-29,2024-08,FY25,65200,Closed,AW2-2024-00022,59600,2024-11-11,74,2024-12-21,2025-12-21
LP-2025-00023,R0060,Amina Ahmed,Established,HUM,College of Humanities,S013,Education Access Foundation,Foundation,Research Project,2025-07-27,2025-07,FY26,283000,Not Funded,,0,2025-09-03,38,,
LP-2024-00024,R0099,Carlos Ito,Senior,SOC,College of Social Innovation,S006,Department of Public Health,Government,Research Project,2024-07-08,2024-07,FY25,261300,Withdrawn,,0,2024-10-02,86,,
LP-2023-00025,R0054,Mei Tran,Established,SCI,College of Science,S006,Department of Public Health,Government,Research Project,2023-02-04,2023-02,FY23,62500,Closed,AW2-2023-00025,58500,2023-06-14,130,2023-06-28,2025-06-27
LP-2023-00026,R0096,Jamal Garcia,Established,ARC,College of Architecture and Design,S015,Civic Data Collaborative,Nonprofit,Equipment,2023-11-28,2023-11,FY24,20700,Closed,AW2-2023-00026,16600,2024-05-19,173,2024-05-31,2027-05-31
LP-2023-00027,R0165,Leila Martin,Early Career,BUS,School of Business,S013,Education Access Foundation,Foundation,Training Grant,2023-02-10,2023-02,FY23,470000,Active,AW2-2023-00027,308300,2023-04-05,54,2023-06-13,2026-06-12
LP-2025-00028,R0163,Arjun Thomas,Early Career,SOC,College of Social Innovation,S001,National Health Research Council,Federal,Research Project,2025-08-07,2025-08,FY26,129300,Awarded,AW2-2025-00028,82100,2025-12-29,144,2026-01-18,2027-07-12
LP-2023-00029,R0082,Chloe Chen,Established,ENG,College of Engineering,S013,Education Access Foundation,Foundation,Training Grant,2023-12-13,2023-12,FY24,209100,Closed,AW2-2023-00029,141400,2024-02-22,71,2024-04-15,2025-10-07
LP-2025-00030,R0093,Olivia Costa,Early Career,BUS,School of Business,S005,National Science Foundation,Federal,Fellowship,2025-09-01,2025-09,FY26,133700,Not Funded,,0,2025-10-10,39,,
LP-2025-00031,R0059,Rafael Reyes,Senior,SOC,College of Social Innovation,S004,Advanced Technology Agency,Federal,Equipment,2025-01-16,2025-01,FY25,56700,Active,AW2-2025-00031,37000,2025-04-28,102,2025-07-07,2028-07-06
LP-2024-00032,R0164,Gabriel Dubois,Senior,HUM,College of Humanities,S002,Natural Sciences Research Council,Federal,Research Project,2024-06-07,2024-06,FY24,74200,Active,AW2-2024-00032,51500,2024-09-13,98,2024-10-04,2026-03-28
LP-2024-00033,R0105,Leila Martin,Established,LAW,School of Law and Public Policy,S002,Natural Sciences Research Council,Federal,Fellowship,2024-08-10,2024-08,FY25,392400,Not Funded,,0,2024-11-03,85,,
LP-2026-00034,R0122,Jonah Smith,Established,ENG,College of Engineering,S011,Community Wellbeing Trust,Foundation,Internal Seed,2026-02-12,2026-02,FY26,50100,Not Funded,,0,2026-06-28,136,,
LP-2025-00035,R0084,Mei Tran,Senior,HUM,College of Humanities,S025,Interdisciplinary Catalyst Fund,Internal,Internal Seed,2025-03-21,2025-03,FY25,32900,Not Funded,,0,2025-06-11,82,,
LP-2024-00036,R0090,Amina Ahmed,Established,ENG,College of Engineering,S010,Global Health Foundation,Foundation,Research Project,2024-07-02,2024-07,FY25,57500,Active,AW2-2024-00036,41600,2024-08-06,35,2024-09-06,2025-09-06
LP-2024-00037,R0089,Rafael Reyes,Established,LAW,School of Law and Public Policy,S019,Apex Biotechnologies,Industry,Equipment,2024-10-14,2024-10,FY25,44900,Withdrawn,,0,2025-01-01,79,,
LP-2023-00038,R0151,Fatima Khan,Early Career,HSC,College of Health Sciences,S019,Apex Biotechnologies,Industry,Research Project,2023-03-06,2023-03,FY23,382400,Closed,AW2-2023-00038,302100,2023-08-12,159,2023-09-16,2025-03-09
LP-2026-00039,R0027,Grace Williams,Early Career,SOC,College of Social Innovation,S003,Social Innovation Research Council,Federal,Research Project,2026-02-13,2026-02,FY26,108500,Not Funded,,0,2026-05-18,94,,
LP-2025-00040,R0143,Isabelle Laurent,Early Career,HSC,College of Health Sciences,S014,Biomedical Discovery Foundation,Foundation,Research Project,2025-03-27,2025-03,FY25,142600,Active,AW2-2025-00040,104700,2025-07-09,104,2025-09-18,2027-09-18
LP-2024-00041,R0079,Jia Zhou,Established,HSC,College of Health Sciences,S010,Global Health Foundation,Foundation,Research Project,2024-03-14,2024-03,FY24,40700,Not Funded,,0,2024-04-26,43,,
LP-2024-00042,R0060,Amina Ahmed,Established,HUM,College of Humanities,S001,National Health Research Council,Federal,Research Project,2024-08-14,2024-08,FY25,112400,Not Funded,,0,2024-12-18,126,,
LP-2026-00043,R0059,Rafael Reyes,Senior,SOC,College of Social Innovation,S024,Faculty Seed Grant Program,Internal,Research Project,2026-03-13,2026-03,FY26,182300,Active,AW2-2026-00043,163800,2026-07-11,120,2026-07-24,2027-07-24
LP-2023-00044,R0092,Jonah Smith,Early Career,HUM,College of Humanities,S001,National Health Research Council,Federal,Research Project,2023-12-21,2023-12,FY24,73800,Not Funded,,0,2024-06-18,180,,
LP-2026-00045,R0144,Mei Tran,Early Career,ARC,College of Architecture and Design,S022,Helix Medical Devices,Industry,Research Project,2026-04-10,2026-04,FY26,15000,Awarded,AW2-2026-00045,10700,2026-08-09,121,2026-10-11,2028-10-10
LP-2025-00046,R0171,Victor Singh,Early Career,SOC,College of Social Innovation,S013,Education Access Foundation,Foundation,Research Project,2025-10-17,2025-10,FY26,81500,Active,AW2-2025-00046,55500,2026-03-01,135,2026-03-30,2029-03-29
LP-2026-00047,R0102,Samira Kim,Established,SCI,College of Science,S014,Biomedical Discovery Foundation,Foundation,Research Project,2026-05-13,2026-05,FY26,53700,Under Review,,0,,,,
LP-2023-00048,R0029,Rafael Reyes,Established,BUS,School of Business,S021,Vertex Mobility Systems,Industry,Research Project,2023-01-28,2023-01,FY23,410600,Active,AW2-2023-00048,343900,2023-07-01,154,2023-07-16,2026-07-15
LP-2025-00049,R0010,Hana Roy,Early Career,ENG,College of Engineering,S021,Vertex Mobility Systems,Industry,Research Project,2025-11-16,2025-11,FY26,357100,Not Funded,,0,2026-02-16,92,,
LP-2025-00050,R0103,Arjun Thomas,Established,HSC,College of Health Sciences,S002,Natural Sciences Research Council,Federal,Research Project,2025-06-10,2025-06,FY25,15000,Active,AW2-2025-00050,11700,2025-11-15,158,2026-01-07,2027-07-01
LP-2026-00051,R0026,Camille Mensah,Established,ENG,College of Engineering,S015,Civic Data Collaborative,Nonprofit,Training Grant,2026-01-20,2026-01,FY26,52400,Not Funded,,0,2026-03-25,64,,
LP-2024-00052,R0010,Hana Roy,Early Career,ENG,College of Engineering,S007,Department of Energy and Climate,Government,Training Grant,2024-03-29,2024-03,FY24,109500,Active,AW2-2024-00052,72900,2024-06-01,64,2024-07-04,2026-07-04
LP-2025-00053,R0007,Nadia Nguyen,Established,HSC,College of Health Sciences,S024,Faculty Seed Grant Program,Internal,Research Project,2025-09-17,2025-09,FY26,68200,Withdrawn,,0,2026-01-10,115,,
LP-2024-00054,R0123,Olivia Costa,Early Career,SOC,College of Social Innovation,S004,Advanced Technology Agency,Federal,Internal Seed,2024-04-06,2024-04,FY24,340600,Not Funded,,0,2024-09-21,168,,
LP-2025-00055,R0180,Amina Ahmed,Established,HUM,College of Humanities,S012,Future Cities Foundation,Foundation,Research Project,2025-08-10,2025-08,FY26,291300,Closed,AW2-2025-00055,255300,2025-11-09,91,2025-12-10,2028-12-09
LP-2024-00056,R0048,Elena Patel,Early Career,ARC,College of Architecture and Design,S003,Social Innovation Research Council,Federal,Research Project,2024-04-25,2024-04,FY24,56900,Closed,AW2-2024-00056,50600,2024-06-29,65,2024-08-10,2026-08-10
LP-2025-00057,R0131,Maya Bennett,Established,SOC,College of Social Innovation,S014,Biomedical Discovery Foundation,Foundation,Research Project,2025-05-18,2025-05,FY25,73400,Not Funded,,0,2025-08-23,97,,
LP-2023-00058,R0119,Rafael Reyes,Established,HSC,College of Health Sciences,S020,Northstar Analytics,Industry,Research Project,2023-04-03,2023-04,FY23,195500,Active,AW2-2023-00058,190900,2023-07-31,119,2023-09-25,2026-09-24
LP-2025-00059,R0112,Chloe Chen,Early Career,ARC,College of Architecture and Design,S016,Urban Resilience Network,Nonprofit,Equipment,2025-01-03,2025-01,FY25,150400,Not Funded,,0,2025-04-09,96,,
LP-2023-00060,R0147,Grace Williams,Early Career,SOC,College of Social Innovation,S023,Internal Strategic Research Fund,Internal,Research Project,2023-10-29,2023-10,FY24,222600,Active,AW2-2023-00060,202500,2024-01-08,71,2024-03-21,2026-03-21
LP-2023-00061,R0088,Lucas Haddad,Early Career,ARC,College of Architecture and Design,S024,Faculty Seed Grant Program,Internal,Research Project,2023-08-10,2023-08,FY24,71300,Not Funded,,0,2023-11-27,109,,
LP-2024-00062,R0158,Theo Yamamoto,Established,SCI,College of Science,S020,Northstar Analytics,Industry,Research Project,2024-12-04,2024-12,FY25,105100,Active,AW2-2024-00062,71700,2025-01-11,38,2025-02-27,2026-02-27
LP-2023-00063,R0145,Sofia Evans,Senior,LAW,School of Law and Public Policy,S003,Social Innovation Research Council,Federal,Research Project,2023-08-05,2023-08,FY24,121900,Not Funded,,0,2023-10-10,66,,
LP-2024-00064,R0074,Gabriel Dubois,Established,ENG,College of Engineering,S012,Future Cities Foundation,Foundation,Fellowship,2024-09-14,2024-09,FY25,167700,Active,AW2-2024-00064,141700,2024-12-01,78,2025-02-05,2027-02-05
LP-2025-00065,R0068,Theo Yamamoto,Established,HUM,College of Humanities,S006,Department of Public Health,Government,Equipment,2025-01-14,2025-01,FY25,290100,Active,AW2-2025-00065,217500,2025-05-13,119,2025-06-07,2026-06-07
LP-2025-00066,R0136,Priya Wang,Senior,ARC,College of Architecture and Design,S020,Northstar Analytics,Industry,Fellowship,2025-08-14,2025-08,FY26,102300,Active,AW2-2025-00066,84700,2025-10-28,75,2026-01-11,2027-07-05
LP-2024-00067,R0013,Arjun Thomas,Established,BUS,School of Business,S008,Ontario Research Fund,Provincial/State,Research Project,2024-01-23,2024-01,FY24,250600,Closed,AW2-2024-00067,181600,2024-04-18,86,2024-05-20,2027-05-20
LP-2023-00068,R0107,Zain Gupta,Early Career,SOC,College of Social Innovation,S025,Interdisciplinary Catalyst Fund,Internal,Fellowship,2023-02-19,2023-02,FY23,203800,Closed,AW2-2023-00068,197700,2023-07-19,150,2023-09-08,2025-03-01
LP-2026-00069,R0068,Theo Yamamoto,Established,HUM,College of Humanities,S005,National Science Foundation,Federal,Research Project,2026-02-05,2026-02,FY26,221800,Not Funded,,0,2026-03-15,38,,
LP-2026-00070,R0075,Leila Martin,Established,SOC,College of Social Innovation,S004,Advanced Technology Agency,Federal,Fellowship,2026-02-28,2026-02,FY26,92000,Not Funded,,0,2026-05-20,81,,
LP-2025-00071,R0151,Fatima Khan,Early Career,HSC,College of Health Sciences,S005,National Science Foundation,Federal,Training Grant,2025-10-21,2025-10,FY26,215100,Not Funded,,0,2026-01-15,86,,
LP-2023-00072,R0047,Zain Gupta,Senior,HSC,College of Health Sciences,S001,National Health Research Council,Federal,Research Project,2023-06-17,2023-06,FY23,36300,Not Funded,,0,2023-12-14,180,,
LP-2024-00073,R0024,Mei Tran,Established,ARC,College of Architecture and Design,S001,National Health Research Council,Federal,Research Project,2024-12-04,2024-12,FY25,272000,Not Funded,,0,2025-02-22,80,,
LP-2023-00074,R0122,Jonah Smith,Established,ENG,College of Engineering,S008,Ontario Research Fund,Provincial/State,Equipment,2023-03-03,2023-03,FY23,96100,Active,AW2-2023-00074,90400,2023-06-18,107,2023-08-24,2026-08-23
LP-2023-00075,R0035,Daniel Walker,Established,SOC,College of Social Innovation,S013,Education Access Foundation,Foundation,Research Project,2023-03-02,2023-03,FY23,46500,Not Funded,,0,2023-08-20,171,,
LP-2024-00076,R0066,Jamal Garcia,Established,ENG,College of Engineering,S002,Natural Sciences Research Council,Federal,Research Project,2024-12-30,2024-12,FY25,1228500,Not Funded,,0,2025-03-18,78,,
LP-2025-00077,R0110,Noah Johnson,Early Career,SCI,College of Science,S006,Department of Public Health,Government,Training Grant,2025-09-16,2025-09,FY26,314600,Closed,AW2-2025-00077,292800,2025-11-07,52,2025-11-23,2027-11-23
LP-2025-00078,R0101,Maya Bennett,Established,BUS,School of Business,S017,International Research Consortium,International,Research Project,2025-12-27,2025-12,FY26,164600,Awarded,AW2-2025-00078,154300,2026-03-07,70,2026-04-17,2029-04-16
LP-2024-00079,R0090,Amina Ahmed,Established,ENG,College of Engineering,S011,Community Wellbeing Trust,Foundation,Research Project,2024-02-28,2024-02,FY24,193300,Closed,AW2-2024-00079,153500,2024-05-03,65,2024-06-23,2025-12-15
LP-2024-00080,R0119,Rafael Reyes,Established,HSC,College of Health Sciences,S010,Global Health Foundation,Foundation,Training Grant,2024-08-18,2024-08,FY25,747300,Closed,AW2-2024-00080,723700,2024-12-14,118,2025-02-21,2026-02-21
LP-2023-00081,R0065,Daniel Walker,Established,LAW,School of Law and Public Policy,S019,Apex Biotechnologies,Industry,Research Project,2023-07-09,2023-07,FY24,437800,Not Funded,,0,2023-11-29,143,,
LP-2023-00082,R0069,Carlos Ito,Established,BUS,School of Business,S014,Biomedical Discovery Foundation,Foundation,Research Project,2023-11-22,2023-11,FY24,20900,Active,AW2-2023-00082,19800,2024-05-03,163,2024-06-09,2026-06-09
LP-2024-00083,R0133,Arjun Thomas,Early Career,BUS,School of Business,S025,Interdisciplinary Catalyst Fund,Internal,Equipment,2024-03-10,2024-03,FY24,175700,Not Funded,,0,2024-05-18,69,,
LP-2024-00084,R0077,Zain Gupta,Established,BUS,School of Business,S019,Apex Biotechnologies,Industry,Research Project,2024-07-17,2024-07,FY25,144000,Not Funded,,0,2025-01-12,179,,
LP-2024-00085,R0144,Mei Tran,Early Career,ARC,College of Architecture and Design,S018,Global Development Partnership,International,Research Project,2024-06-18,2024-06,FY24,138000,Not Funded,,0,2024-08-25,68,,
LP-2025-00086,R0031,Fatima Khan,Established,HSC,College of Health Sciences,S025,Interdisciplinary Catalyst Fund,Internal,Internal Seed,2025-02-08,2025-02,FY25,143200,Not Funded,,0,2025-03-19,39,,
LP-2025-00087,R0095,Daniel Walker,Early Career,HSC,College of Health Sciences,S002,Natural Sciences Research Council,Federal,Research Project,2025-06-29,2025-06,FY25,212200,Closed,AW2-2025-00087,166200,2025-09-17,80,2025-11-02,2028-11-01
LP-2025-00088,R0151,Fatima Khan,Early Career,HSC,College of Health Sciences,S015,Civic Data Collaborative,Nonprofit,Research Project,2025-10-07,2025-10,FY26,107400,Awarded,AW2-2025-00088,72300,2026-02-02,118,2026-03-14,2027-09-05
LP-2023-00089,R0027,Grace Williams,Early Career,SOC,College of Social Innovation,S006,Department of Public Health,Government,Research Project,2023-05-04,2023-05,FY23,106400,Closed,AW2-2023-00089,103400,2023-08-29,117,2023-10-18,2025-04-10
LP-2023-00090,R0123,Olivia Costa,Early Career,SOC,College of Social Innovation,S001,National Health Research Council,Federal,Training Grant,2023-11-21,2023-11,FY24,98900,Closed,AW2-2023-00090,96100,2024-02-10,81,2024-03-09,2025-03-09
LP-2024-00091,R0095,Daniel Walker,Early Career,HSC,College of Health Sciences,S020,Northstar Analytics,Industry,Research Project,2024-02-18,2024-02,FY24,23400,Closed,AW2-2024-00091,22200,2024-05-20,92,2024-06-27,2026-06-27
LP-2026-00092,R0060,Amina Ahmed,Established,HUM,College of Humanities,S018,Global Development Partnership,International,Fellowship,2026-01-13,2026-01,FY26,73500,Active,AW2-2026-00092,69100,2026-03-22,68,2026-05-31,2028-05-30
LP-2023-00093,R0034,Yara Lee,Established,ENG,College of Engineering,S007,Department of Energy and Climate,Government,Research Project,2023-07-06,2023-07,FY24,319500,Withdrawn,,0,2023-09-08,64,,
LP-2023-00094,R0018,Elena Patel,Established,ENG,College of Engineering,S009,Massachusetts Innovation Fund,Provincial/State,Internal Seed,2023-04-29,2023-04,FY23,134800,Not Funded,,0,2023-06-19,51,,
LP-2025-00095,R0177,Grace Williams,Established,LAW,School of Law and Public Policy,S014,Biomedical Discovery Foundation,Foundation,Research Project,2025-10-28,2025-10,FY26,50400,Not Funded,,0,2026-04-01,155,,
LP-2024-00096,R0023,Isabelle Laurent,Established,HSC,College of Health Sciences,S001,National Health Research Council,Federal,Research Project,2024-08-11,2024-08,FY25,37500,Closed,AW2-2024-00096,24300,2024-09-20,40,2024-11-27,2027-11-27
LP-2025-00097,R0005,Daniel Walker,Early Career,BUS,School of Business,S003,Social Innovation Research Council,Federal,Research Project,2025-12-03,2025-12,FY26,224000,Closed,AW2-2025-00097,145800,2026-06-04,183,2026-06-21,2027-12-13
LP-2023-00098,R0096,Jamal Garcia,Established,ARC,College of Architecture and Design,S001,National Health Research Council,Federal,Research Project,2023-10-09,2023-10,FY24,66800,Active,AW2-2023-00098,45800,2023-12-12,64,2024-01-19,2026-01-18
LP-2024-00099,R0176,Camille Mensah,Early Career,ARC,College of Architecture and Design,S011,Community Wellbeing Trust,Foundation,Research Project,2024-07-22,2024-07,FY25,56700,Active,AW2-2024-00099,49100,2025-01-25,187,2025-03-25,2027-03-25
LP-2025-00100,R0054,Mei Tran,Established,SCI,College of Science,S025,Interdisciplinary Catalyst Fund,Internal,Research Project,2025-06-06,2025-06,FY25,68700,Not Funded,,0,2025-08-31,86,,
LP-2025-00101,R0101,Maya Bennett,Established,BUS,School of Business,S010,Global Health Foundation,Foundation,Research Project,2025-10-16,2025-10,FY26,56100,Active,AW2-2025-00101,38900,2026-02-07,114,2026-02-19,2027-08-13
LP-2024-00102,R0148,Lucas Haddad,Established,HUM,College of Humanities,S003,Social Innovation Research Council,Federal,Research Project,2024-11-13,2024-11,FY25,62000,Active,AW2-2024-00102,51200,2025-03-08,115,2025-05-03,2026-05-03
LP-2026-00103,R0008,Theo Yamamoto,Senior,ARC,College of Architecture and Design,S003,Social Innovation Research Council,Federal,Internal Seed,2026-05-30,2026-05,FY26,440500,Under Review,,0,,,,
LP-2023-00104,R0083,Isabelle Laurent,Established,SOC,College of Social Innovation,S014,Biomedical Discovery Foundation,Foundation,Fellowship,2023-12-01,2023-12,FY24,58400,Not Funded,,0,2024-03-09,99,,
LP-2026-00105,R0179,Rafael Reyes,Early Career,SOC,College of Social Innovation,S001,National Health Research Council,Federal,Internal Seed,2026-05-16,2026-05,FY26,206300,Not Funded,,0,2026-06-20,35,,
LP-2023-00106,R0088,Lucas Haddad,Early Career,ARC,College of Architecture and Design,S005,National Science Foundation,Federal,Research Project,2023-08-29,2023-08,FY24,80800,Closed,AW2-2023-00106,55800,2024-02-22,177,2024-03-13,2025-09-04
LP-2024-00107,R0089,Rafael Reyes,Established,LAW,School of Law and Public Policy,S016,Urban Resilience Network,Nonprofit,Internal Seed,2024-08-30,2024-08,FY25,545800,Closed,AW2-2024-00107,445200,2024-12-20,112,2025-01-10,2027-01-10
LP-2026-00108,R0160,Hana Roy,Established,ARC,College of Architecture and Design,S022,Helix Medical Devices,Industry,Research Project,2026-06-21,2026-06,FY26,168300,Under Review,,0,,,,
LP-2023-00109,R0092,Jonah Smith,Early Career,HUM,College of Humanities,S015,Civic Data Collaborative,Nonprofit,Research Project,2023-12-25,2023-12,FY24,510700,Withdrawn,,0,2024-05-24,151,,
LP-2026-00110,R0112,Chloe Chen,Early Career,ARC,College of Architecture and Design,S013,Education Access Foundation,Foundation,Equipment,2026-03-19,2026-03,FY26,164000,Not Funded,,0,2026-08-14,148,,
LP-2023-00111,R0165,Leila Martin,Early Career,BUS,School of Business,S025,Interdisciplinary Catalyst Fund,Internal,Research Project,2023-09-10,2023-09,FY24,90900,Withdrawn,,0,2023-11-21,72,,
LP-2024-00112,R0038,Theo Yamamoto,Senior,SCI,College of Science,S003,Social Innovation Research Council,Federal,Fellowship,2024-04-11,2024-04,FY24,112100,Active,AW2-2024-00112,102000,2024-09-30,172,2024-10-10,2026-10-10
LP-2024-00113,R0158,Theo Yamamoto,Established,SCI,College of Science,S010,Global Health Foundation,Foundation,Training Grant,2024-09-15,2024-09,FY25,81700,Active,AW2-2024-00113,81000,2024-10-27,42,2024-11-07,2026-11-07
LP-2023-00114,R0095,Daniel Walker,Early Career,HSC,College of Health Sciences,S023,Internal Strategic Research Fund,Internal,Internal Seed,2023-01-12,2023-01,FY23,31600,Active,AW2-2023-00114,26600,2023-03-12,59,2023-05-25,2024-05-24
LP-2023-00115,R0099,Carlos Ito,Senior,SOC,College of Social Innovation,S025,Interdisciplinary Catalyst Fund,Internal,Research Project,2023-07-19,2023-07,FY24,120600,Closed,AW2-2023-00115,83700,2023-12-11,145,2024-01-20,2025-01-19
LP-2023-00116,R0013,Arjun Thomas,Established,BUS,School of Business,S014,Biomedical Discovery Foundation,Foundation,Research Project,2023-04-13,2023-04,FY23,84500,Withdrawn,,0,2023-06-12,60,,
LP-2025-00117,R0143,Isabelle Laurent,Early Career,HSC,College of Health Sciences,S018,Global Development Partnership,International,Equipment,2025-12-03,2025-12,FY26,15000,Not Funded,,0,2026-04-21,139,,
LP-2024-00118,R0083,Isabelle Laurent,Established,SOC,College of Social Innovation,S022,Helix Medical Devices,Industry,Research Project,2024-01-13,2024-01,FY24,100600,Not Funded,,0,2024-03-09,56,,
LP-2024-00119,R0113,Isabelle Laurent,Established,LAW,School of Law and Public Policy,S001,National Health Research Council,Federal,Research Project,2024-05-21,2024-05,FY24,87400,Closed,AW2-2024-00119,65200,2024-08-15,86,2024-09-30,2027-09-30
LP-2026-00120,R0122,Jonah Smith,Established,ENG,College of Engineering,S001,National Health Research Council,Federal,Internal Seed,2026-04-18,2026-04,FY26,295900,Withdrawn,,0,2026-08-23,127,,
LP-2023-00121,R0147,Grace Williams,Early Career,SOC,College of Social Innovation,S001,National Health Research Council,Federal,Research Project,2023-06-30,2023-06,FY23,156800,Not Funded,,0,2023-09-17,79,,
LP-2026-00122,R0094,Yara Lee,Established,SCI,College of Science,S006,Department of Public Health,Government,Research Project,2026-07-06,2026-07,FY27,178300,Not Funded,,0,2026-08-31,56,,
LP-2024-00123,R0007,Nadia Nguyen,Established,HSC,College of Health Sciences,S005,National Science Foundation,Federal,Research Project,2024-09-25,2024-09,FY25,712900,Closed,AW2-2024-00123,506000,2025-01-17,114,2025-02-24,2026-08-18
LP-2023-00124,R0124,Yara Lee,Established,HUM,College of Humanities,S001,National Health Research Council,Federal,Equipment,2023-06-19,2023-06,FY23,105300,Not Funded,,0,2023-09-20,93,,
LP-2025-00125,R0119,Rafael Reyes,Established,HSC,College of Health Sciences,S007,Department of Energy and Climate,Government,Research Project,2025-12-24,2025-12,FY26,145200,Not Funded,,0,2026-03-18,84,,
LP-2025-00126,R0046,Priya Wang,Senior,SCI,College of Science,S008,Ontario Research Fund,Provincial/State,Research Project,2025-12-24,2025-12,FY26,64500,Closed,AW2-2025-00126,59500,2026-01-30,37,2026-03-27,2029-03-26
LP-2024-00127,R0082,Chloe Chen,Established,ENG,College of Engineering,S024,Faculty Seed Grant Program,Internal,Fellowship,2024-01-09,2024-01,FY24,108100,Not Funded,,0,2024-04-18,100,,
LP-2026-00128,R0113,Isabelle Laurent,Established,LAW,School of Law and Public Policy,S006,Department of Public Health,Government,Research Project,2026-02-02,2026-02,FY26,137500,Active,AW2-2026-00128,118700,2026-03-16,42,2026-05-07,2029-05-06
LP-2023-00129,R0051,Victor Singh,Established,SOC,College of Social Innovation,S021,Vertex Mobility Systems,Industry,Research Project,2023-07-13,2023-07,FY24,111200,Closed,AW2-2023-00129,74200,2023-08-30,48,2023-10-13,2025-10-12
LP-2023-00130,R0053,Isabelle Laurent,Early Career,BUS,School of Business,S001,National Health Research Council,Federal,Research Project,2023-01-13,2023-01,FY23,109900,Not Funded,,0,2023-05-12,119,,
LP-2024-00131,R0023,Isabelle Laurent,Established,HSC,College of Health Sciences,S005,National Science Foundation,Federal,Research Project,2024-05-02,2024-05,FY24,283100,Active,AW2-2024-00131,267400,2024-11-03,185,2024-11-15,2026-11-15
LP-2025-00132,R0092,Jonah Smith,Early Career,HUM,College of Humanities,S015,Civic Data Collaborative,Nonprofit,Research Project,2025-07-01,2025-07,FY26,414300,Active,AW2-2025-00132,408200,2025-10-19,110,2025-12-21,2028-12-20
LP-2026-00133,R0088,Lucas Haddad,Early Career,ARC,College of Architecture and Design,S008,Ontario Research Fund,Provincial/State,Fellowship,2026-05-11,2026-05,FY26,122100,Active,AW2-2026-00133,80100,2026-08-25,106,2026-10-08,2027-10-08
LP-2023-00134,R0028,Lucas Haddad,Established,HUM,College of Humanities,S008,Ontario Research Fund,Provincial/State,Fellowship,2023-11-18,2023-11,FY24,147000,Closed,AW2-2023-00134,97100,2024-04-16,150,2024-05-07,2025-05-07
LP-2025-00135,R0002,Jonah Smith,Early Career,ENG,College of Engineering,S001,National Health Research Council,Federal,Equipment,2025-01-16,2025-01,FY25,1205100,Not Funded,,0,2025-07-13,178,,
LP-2024-00136,R0052,Chloe Chen,Senior,HUM,College of Humanities,S008,Ontario Research Fund,Provincial/State,Training Grant,2024-12-13,2024-12,FY25,83300,Active,AW2-2024-00136,67900,2025-05-20,158,2025-06-17,2026-12-09
LP-2024-00137,R0144,Mei Tran,Early Career,ARC,College of Architecture and Design,S017,International Research Consortium,International,Research Project,2024-09-13,2024-09,FY25,191800,Active,AW2-2024-00137,158800,2024-10-27,44,2024-12-12,2026-06-05
LP-2023-00138,R0155,Daniel Walker,Early Career,SOC,College of Social Innovation,S025,Interdisciplinary Catalyst Fund,Internal,Internal Seed,2023-05-31,2023-05,FY23,161900,Closed,AW2-2023-00138,119000,2023-09-26,118,2023-11-24,2024-11-23
LP-2023-00139,R0110,Noah Johnson,Early Career,SCI,College of Science,S005,National Science Foundation,Federal,Research Project,2023-06-13,2023-06,FY23,80000,Not Funded,,0,2023-08-09,57,,
LP-2023-00140,R0135,Leila Martin,Established,HSC,College of Health Sciences,S011,Community Wellbeing Trust,Foundation,Fellowship,2023-02-25,2023-02,FY23,37000,Closed,AW2-2023-00140,30400,2023-07-15,140,2023-08-01,2025-07-31
LP-2025-00141,R0099,Carlos Ito,Senior,SOC,College of Social Innovation,S016,Urban Resilience Network,Nonprofit,Research Project,2025-05-17,2025-05,FY25,304200,Awarded,AW2-2025-00141,297700,2025-11-21,188,2026-01-26,2027-07-20
LP-2024-00142,R0086,Camille Mensah,Established,SCI,College of Science,S014,Biomedical Discovery Foundation,Foundation,Research Project,2024-10-06,2024-10,FY25,224300,Active,AW2-2024-00142,141700,2025-02-04,121,2025-03-09,2026-03-09
LP-2024-00143,R0049,Jia Zhou,Senior,LAW,School of Law and Public Policy,S010,Global Health Foundation,Foundation,Research Project,2024-07-27,2024-07,FY25,367500,Not Funded,,0,2025-01-24,181,,
LP-2024-00144,R0070,Hana Roy,Established,SCI,College of Science,S007,Department of Energy and Climate,Government,Research Project,2024-10-22,2024-10,FY25,481700,Active,AW2-2024-00144,426200,2025-01-27,97,2025-03-30,2026-03-30
LP-2024-00145,R0060,Amina Ahmed,Established,HUM,College of Humanities,S010,Global Health Foundation,Foundation,Research Project,2024-05-13,2024-05,FY24,165000,Active,AW2-2024-00145,115500,2024-09-21,131,2024-12-01,2026-05-25
LP-2024-00146,R0080,Noah Johnson,Established,ARC,College of Architecture and Design,S024,Faculty Seed Grant Program,Internal,Internal Seed,2024-11-27,2024-11,FY25,28200,Closed,AW2-2024-00146,19100,2025-05-14,168,2025-07-08,2026-07-08
LP-2025-00147,R0007,Nadia Nguyen,Established,HSC,College of Health Sciences,S002,Natural Sciences Research Council,Federal,Research Project,2025-06-15,2025-06,FY25,64500,Active,AW2-2025-00147,45800,2025-08-22,68,2025-10-10,2026-10-10
LP-2026-00148,R0140,Noah Johnson,Early Career,HUM,College of Humanities,S007,Department of Energy and Climate,Government,Research Project,2026-04-24,2026-04,FY26,61200,Under Review,,0,,,,
LP-2023-00149,R0082,Chloe Chen,Established,ENG,College of Engineering,S006,Department of Public Health,Government,Fellowship,2023-06-05,2023-06,FY23,252500,Closed,AW2-2023-00149,227200,2023-08-24,80,2023-10-13,2026-10-12
LP-2026-00150,R0087,Grace Williams,Senior,HSC,College of Health Sciences,S019,Apex Biotechnologies,Industry,Research Project,2026-02-28,2026-02,FY26,127900,Active,AW2-2026-00150,90800,2026-07-13,135,2026-09-13,2029-09-12
LP-2025-00151,R0016,Priya Wang,Established,ARC,College of Architecture and Design,S006,Department of Public Health,Government,Research Project,2025-07-16,2025-07,FY26,162900,Active,AW2-2025-00151,127200,2025-11-22,129,2026-01-26,2028-01-26
LP-2026-00152,R0075,Leila Martin,Established,SOC,College of Social Innovation,S011,Community Wellbeing Trust,Foundation,Research Project,2026-07-11,2026-07,FY27,95000,Not Funded,,0,2026-08-31,51,,
LP-2024-00153,R0044,Gabriel Dubois,Established,HUM,College of Humanities,S015,Civic Data Collaborative,Nonprofit,Fellowship,2024-09-04,2024-09,FY25,127100,Not Funded,,0,2025-01-02,120,,
LP-2024-00154,R0031,Fatima Khan,Established,HSC,College of Health Sciences,S025,Interdisciplinary Catalyst Fund,Internal,Equipment,2024-05-17,2024-05,FY24,110900,Withdrawn,,0,2024-08-17,92,,
LP-2026-00155,R0051,Victor Singh,Established,SOC,College of Social Innovation,S007,Department of Energy and Climate,Government,Research Project,2026-01-11,2026-01,FY26,195800,Not Funded,,0,2026-05-20,129,,
LP-2024-00156,R0053,Isabelle Laurent,Early Career,BUS,School of Business,S018,Global Development Partnership,International,Training Grant,2024-03-28,2024-03,FY24,342300,Closed,AW2-2024-00156,271600,2024-07-01,95,2024-08-01,2027-08-01
LP-2026-00157,R0161,Maya Bennett,Established,LAW,School of Law and Public Policy,S005,National Science Foundation,Federal,Equipment,2026-07-11,2026-07,FY27,132500,Awarded,AW2-2026-00157,106800,2026-08-31,51,2026-10-17,2029-10-16
LP-2024-00158,R0101,Maya Bennett,Established,BUS,School of Business,S014,Biomedical Discovery Foundation,Foundation,Research Project,2024-11-17,2024-11,FY25,261500,Active,AW2-2024-00158,177700,2025-04-05,139,2025-05-04,2028-05-03
LP-2025-00159,R0142,Chloe Chen,Established,SCI,College of Science,S002,Natural Sciences Research Council,Federal,Training Grant,2025-11-15,2025-11,FY26,235100,Not Funded,,0,2026-04-28,164,,
LP-2023-00160,R0036,Jamal Garcia,Early Career,HUM,College of Humanities,S016,Urban Resilience Network,Nonprofit,Research Project,2023-01-10,2023-01,FY23,132400,Not Funded,,0,2023-02-27,48,,
LP-2024-00161,R0028,Lucas Haddad,Established,HUM,College of Humanities,S006,Department of Public Health,Government,Research Project,2024-07-07,2024-07,FY25,411700,Closed,AW2-2024-00161,383600,2024-11-18,134,2025-01-10,2026-01-10
LP-2023-00162,R0091,Fatima Khan,Early Career,SOC,College of Social Innovation,S016,Urban Resilience Network,Nonprofit,Research Project,2023-09-19,2023-09,FY24,160700,Not Funded,,0,2024-01-13,116,,
LP-2026-00163,R0121,Fatima Khan,Early Career,LAW,School of Law and Public Policy,S002,Natural Sciences Research Council,Federal,Research Project,2026-01-18,2026-01,FY26,98800,Not Funded,,0,2026-03-18,59,,
LP-2025-00164,R0119,Rafael Reyes,Established,HSC,College of Health Sciences,S002,Natural Sciences Research Council,Federal,Fellowship,2025-05-22,2025-05,FY25,134300,Not Funded,,0,2025-11-15,177,,
LP-2025-00165,R0128,Theo Yamamoto,Established,ARC,College of Architecture and Design,S024,Faculty Seed Grant Program,Internal,Research Project,2025-03-09,2025-03,FY25,357600,Closed,AW2-2025-00165,323100,2025-06-29,112,2025-09-02,2028-09-01
LP-2025-00166,R0169,Jia Zhou,Established,LAW,School of Law and Public Policy,S010,Global Health Foundation,Foundation,Research Project,2025-09-18,2025-09,FY26,252900,Not Funded,,0,2025-10-26,38,,
LP-2023-00167,R0107,Zain Gupta,Early Career,SOC,College of Social Innovation,S024,Faculty Seed Grant Program,Internal,Research Project,2023-04-01,2023-04,FY23,226400,Not Funded,,0,2023-08-24,145,,
LP-2025-00168,R0054,Mei Tran,Established,SCI,College of Science,S009,Massachusetts Innovation Fund,Provincial/State,Internal Seed,2025-09-27,2025-09,FY26,503200,Active,AW2-2025-00168,374800,2026-04-02,187,2026-05-22,2028-05-21
LP-2023-00169,R0124,Yara Lee,Established,HUM,College of Humanities,S014,Biomedical Discovery Foundation,Foundation,Training Grant,2023-12-15,2023-12,FY24,176300,Closed,AW2-2023-00169,143500,2024-02-04,51,2024-04-18,2026-04-18
LP-2023-00170,R0138,Elena Patel,Early Career,ENG,College of Engineering,S014,Biomedical Discovery Foundation,Foundation,Research Project,2023-05-30,2023-05,FY23,35900,Closed,AW2-2023-00170,28800,2023-10-09,132,2023-12-21,2026-12-20
LP-2025-00171,R0073,Arjun Thomas,Early Career,LAW,School of Law and Public Policy,S003,Social Innovation Research Council,Federal,Research Project,2025-01-26,2025-01,FY25,158000,Active,AW2-2025-00171,99100,2025-06-15,140,2025-07-14,2026-07-14
LP-2025-00172,R0124,Yara Lee,Established,HUM,College of Humanities,S008,Ontario Research Fund,Provincial/State,Research Project,2025-09-03,2025-09,FY26,172800,Closed,AW2-2025-00172,120700,2025-10-21,48,2025-12-10,2026-12-10
LP-2025-00173,R0049,Jia Zhou,Senior,LAW,School of Law and Public Policy,S020,Northstar Analytics,Industry,Equipment,2025-08-27,2025-08,FY26,53400,Active,AW2-2025-00173,48100,2026-02-25,182,2026-04-25,2028-04-24
LP-2026-00174,R0118,Lucas Haddad,Senior,SCI,College of Science,S003,Social Innovation Research Council,Federal,Fellowship,2026-06-09,2026-06,FY26,329500,Withdrawn,,0,2026-08-25,77,,
LP-2023-00175,R0064,Yara Lee,Early Career,ARC,College of Architecture and Design,S023,Internal Strategic Research Fund,Internal,Research Project,2023-08-14,2023-08,FY24,83700,Not Funded,,0,2024-02-13,183,,
LP-2025-00176,R0136,Priya Wang,Senior,ARC,College of Architecture and Design,S023,Internal Strategic Research Fund,Internal,Research Project,2025-11-14,2025-11,FY26,656900,Active,AW2-2025-00176,548600,2026-04-28,165,2026-05-15,2028-05-14
LP-2024-00177,R0051,Victor Singh,Established,SOC,College of Social Innovation,S016,Urban Resilience Network,Nonprofit,Internal Seed,2024-11-14,2024-11,FY25,37400,Active,AW2-2024-00177,31100,2025-03-03,109,2025-03-25,2026-09-16
LP-2024-00178,R0030,Amina Ahmed,Established,SCI,College of Science,S023,Internal Strategic Research Fund,Internal,Research Project,2024-05-23,2024-05,FY24,65200,Not Funded,,0,2024-11-04,165,,
LP-2025-00179,R0120,Amina Ahmed,Early Career,ARC,College of Architecture and Design,S019,Apex Biotechnologies,Industry,Research Project,2025-10-18,2025-10,FY26,50600,Active,AW2-2025-00179,49800,2025-12-09,52,2026-01-28,2027-07-22
LP-2023-00180,R0176,Camille Mensah,Early Career,ARC,College of Architecture and Design,S020,Northstar Analytics,Industry,Research Project,2023-07-21,2023-07,FY24,47700,Closed,AW2-2023-00180,40500,2023-10-21,92,2023-12-05,2024-12-04
LP-2023-00181,R0081,Victor Singh,Established,LAW,School of Law and Public Policy,S008,Ontario Research Fund,Provincial/State,Fellowship,2023-09-29,2023-09,FY24,155200,Not Funded,,0,2024-03-19,172,,
LP-2023-00182,R0162,Samira Kim,Established,ENG,College of Engineering,S024,Faculty Seed Grant Program,Internal,Research Project,2023-07-03,2023-07,FY24,101300,Closed,AW2-2023-00182,64100,2023-10-05,94,2023-11-01,2026-10-31
LP-2024-00183,R0065,Daniel Walker,Established,LAW,School of Law and Public Policy,S010,Global Health Foundation,Foundation,Research Project,2024-07-02,2024-07,FY25,83400,Not Funded,,0,2024-09-30,90,,
LP-2023-00184,R0170,Noah Johnson,Established,ENG,College of Engineering,S025,Interdisciplinary Catalyst Fund,Internal,Research Project,2023-03-07,2023-03,FY23,192100,Active,AW2-2023-00184,143400,2023-04-15,39,2023-06-01,2025-05-31
LP-2026-00185,R0047,Zain Gupta,Senior,HSC,College of Health Sciences,S019,Apex Biotechnologies,Industry,Research Project,2026-03-27,2026-03,FY26,301200,Active,AW2-2026-00185,215100,2026-08-30,156,2026-10-25,2029-10-24
LP-2026-00186,R0136,Priya Wang,Senior,ARC,College of Architecture and Design,S006,Department of Public Health,Government,Research Project,2026-02-20,2026-02,FY26,39000,Active,AW2-2026-00186,31400,2026-05-03,72,2026-06-27,2027-12-19
LP-2023-00187,R0128,Theo Yamamoto,Established,ARC,College of Architecture and Design,S009,Massachusetts Innovation Fund,Provincial/State,Research Project,2023-12-17,2023-12,FY24,149300,Closed,AW2-2023-00187,128500,2024-04-18,123,2024-06-17,2027-06-17
LP-2025-00188,R0045,Leila Martin,Early Career,BUS,School of Business,S004,Advanced Technology Agency,Federal,Equipment,2025-01-26,2025-01,FY25,141100,Active,AW2-2025-00188,113700,2025-03-26,59,2025-06-09,2027-06-09
LP-2023-00189,R0083,Isabelle Laurent,Established,SOC,College of Social Innovation,S001,National Health Research Council,Federal,Research Project,2023-08-16,2023-08,FY24,592800,Closed,AW2-2023-00189,458800,2023-12-12,118,2024-01-02,2027-01-01
LP-2025-00190,R0131,Maya Bennett,Established,SOC,College of Social Innovation,S006,Department of Public Health,Government,Research Project,2025-12-17,2025-12,FY26,105200,Closed,AW2-2025-00190,92700,2026-02-24,69,2026-03-11,2029-03-10
LP-2026-00191,R0064,Yara Lee,Early Career,ARC,College of Architecture and Design,S002,Natural Sciences Research Council,Federal,Research Project,2026-03-02,2026-03,FY26,123200,Not Funded,,0,2026-06-11,101,,
LP-2023-00192,R0089,Rafael Reyes,Established,LAW,School of Law and Public Policy,S021,Vertex Mobility Systems,Industry,Research Project,2023-02-12,2023-02,FY23,234100,Active,AW2-2023-00192,222500,2023-07-20,158,2023-08-15,2026-08-14
LP-2025-00193,R0030,Amina Ahmed,Established,SCI,College of Science,S023,Internal Strategic Research Fund,Internal,Research Project,2025-02-19,2025-02,FY25,228000,Active,AW2-2025-00193,227800,2025-08-27,189,2025-11-08,2028-11-07
LP-2026-00194,R0052,Chloe Chen,Senior,HUM,College of Humanities,S008,Ontario Research Fund,Provincial/State,Research Project,2026-04-15,2026-04,FY26,58700,Awarded,AW2-2026-00194,48300,2026-08-31,138,2026-10-19,2029-10-18
LP-2024-00195,R0036,Jamal Garcia,Early Career,HUM,College of Humanities,S001,National Health Research Council,Federal,Research Project,2024-10-21,2024-10,FY25,152400,Awarded,AW2-2024-00195,137600,2025-01-09,80,2025-03-01,2027-03-01
LP-2025-00196,R0156,Jamal Garcia,Established,HUM,College of Humanities,S004,Advanced Technology Agency,Federal,Research Project,2025-04-18,2025-04,FY25,68200,Awarded,AW2-2025-00196,49200,2025-09-11,146,2025-10-26,2027-04-19
LP-2025-00197,R0173,Isabelle Laurent,Established,BUS,School of Business,S007,Department of Energy and Climate,Government,Equipment,2025-04-06,2025-04,FY25,50500,Active,AW2-2025-00197,44100,2025-06-15,70,2025-07-18,2027-07-18
LP-2023-00198,R0085,Sofia Evans,Established,BUS,School of Business,S001,National Health Research Council,Federal,Training Grant,2023-06-27,2023-06,FY23,240900,Closed,AW2-2023-00198,237900,2023-08-21,55,2023-10-27,2026-10-26
LP-2023-00199,R0068,Theo Yamamoto,Established,HUM,College of Humanities,S019,Apex Biotechnologies,Industry,Research Project,2023-04-17,2023-04,FY23,275400,Not Funded,,0,2023-06-13,57,,
LP-2025-00200,R0037,Nadia Nguyen,Early Career,BUS,School of Business,S022,Helix Medical Devices,Industry,Research Project,2025-12-21,2025-12,FY26,86200,Active,AW2-2025-00200,78300,2026-06-26,187,2026-07-12,2028-07-11
LP-2025-00201,R0135,Leila Martin,Established,HSC,College of Health Sciences,S019,Apex Biotechnologies,Industry,Training Grant,2025-10-08,2025-10,FY26,175700,Not Funded,,0,2026-03-23,166,,
LP-2025-00202,R0064,Yara Lee,Early Career,ARC,College of Architecture and Design,S006,Department of Public Health,Government,Research Project,2025-02-21,2025-02,FY25,103800,Active,AW2-2025-00202,91600,2025-05-23,91,2025-06-11,2026-06-11
LP-2025-00203,R0180,Amina Ahmed,Established,HUM,College of Humanities,S016,Urban Resilience Network,Nonprofit,Research Project,2025-01-22,2025-01,FY25,286500,Not Funded,,0,2025-06-16,145,,
LP-2025-00204,R0107,Zain Gupta,Early Career,SOC,College of Social Innovation,S023,Internal Strategic Research Fund,Internal,Research Project,2025-05-07,2025-05,FY25,106400,Not Funded,,0,2025-08-26,111,,
LP-2025-00205,R0110,Noah Johnson,Early Career,SCI,College of Science,S003,Social Innovation Research Council,Federal,Research Project,2025-11-09,2025-11,FY26,79900,Awarded,AW2-2025-00205,57900,2026-02-21,104,2026-04-13,2028-04-12
LP-2026-00206,R0097,Nadia Nguyen,Established,LAW,School of Law and Public Policy,S021,Vertex Mobility Systems,Industry,Fellowship,2026-08-10,2026-08,FY27,30600,Submitted,,0,,,,
LP-2025-00207,R0124,Yara Lee,Established,HUM,College of Humanities,S003,Social Innovation Research Council,Federal,Research Project,2025-07-30,2025-07,FY26,153500,Not Funded,,0,2025-09-25,57,,
LP-2025-00208,R0103,Arjun Thomas,Established,HSC,College of Health Sciences,S015,Civic Data Collaborative,Nonprofit,Research Project,2025-05-11,2025-05,FY25,15000,Active,AW2-2025-00208,12400,2025-06-21,41,2025-08-29,2027-02-20
LP-2026-00209,R0158,Theo Yamamoto,Established,SCI,College of Science,S005,National Science Foundation,Federal,Research Project,2026-04-16,2026-04,FY26,61000,Under Review,,0,,,,
LP-2025-00210,R0082,Chloe Chen,Established,ENG,College of Engineering,S006,Department of Public Health,Government,Research Project,2025-04-04,2025-04,FY25,214400,Not Funded,,0,2025-05-22,48,,
LP-2024-00211,R0107,Zain Gupta,Early Career,SOC,College of Social Innovation,S024,Faculty Seed Grant Program,Internal,Research Project,2024-06-26,2024-06,FY24,86100,Active,AW2-2024-00211,73400,2024-11-03,130,2025-01-14,2028-01-14
LP-2024-00212,R0129,Carlos Ito,Established,LAW,School of Law and Public Policy,S025,Interdisciplinary Catalyst Fund,Internal,Research Project,2024-01-30,2024-01,FY24,16300,Withdrawn,,0,2024-04-06,67,,
LP-2024-00213,R0091,Fatima Khan,Early Career,SOC,College of Social Innovation,S024,Faculty Seed Grant Program,Internal,Research Project,2024-09-16,2024-09,FY25,70700,Closed,AW2-2024-00213,62300,2025-03-23,188,2025-04-08,2026-04-08
LP-2025-00214,R0148,Lucas Haddad,Established,HUM,College of Humanities,S005,National Science Foundation,Federal,Research Project,2025-10-25,2025-10,FY26,142400,Not Funded,,0,2026-04-27,184,,
LP-2023-00215,R0067,Nadia Nguyen,Senior,SOC,College of Social Innovation,S011,Community Wellbeing Trust,Foundation,Research Project,2023-08-15,2023-08,FY24,325400,Closed,AW2-2023-00215,226500,2023-11-27,104,2024-02-10,2025-08-03
LP-2023-00216,R0118,Lucas Haddad,Senior,SCI,College of Science,S005,National Science Foundation,Federal,Training Grant,2023-12-17,2023-12,FY24,389900,Closed,AW2-2023-00216,343800,2024-03-12,86,2024-04-17,2026-04-17
LP-2025-00217,R0092,Jonah Smith,Early Career,HUM,College of Humanities,S023,Internal Strategic Research Fund,Internal,Internal Seed,2025-11-25,2025-11,FY26,195000,Active,AW2-2025-00217,152000,2026-04-07,133,2026-05-29,2027-05-29
LP-2024-00218,R0140,Noah Johnson,Early Career,HUM,College of Humanities,S005,National Science Foundation,Federal,Research Project,2024-12-10,2024-12,FY25,127200,Closed,AW2-2024-00218,125200,2025-04-24,135,2025-06-15,2027-06-15
LP-2023-00219,R0131,Maya Bennett,Established,SOC,College of Social Innovation,S019,Apex Biotechnologies,Industry,Research Project,2023-09-30,2023-09,FY24,167900,Closed,AW2-2023-00219,125200,2023-12-14,75,2023-12-27,2025-12-26
LP-2023-00220,R0040,Hana Roy,Early Career,ARC,College of Architecture and Design,S019,Apex Biotechnologies,Industry,Training Grant,2023-02-02,2023-02,FY23,205600,Closed,AW2-2023-00220,135400,2023-06-19,137,2023-07-05,2025-07-04
LP-2025-00221,R0088,Lucas Haddad,Early Career,ARC,College of Architecture and Design,S013,Education Access Foundation,Foundation,Research Project,2025-06-17,2025-06,FY25,109400,Awarded,AW2-2025-00221,98000,2025-11-21,157,2026-02-03,2027-02-03
LP-2024-00222,R0021,Victor Singh,Established,BUS,School of Business,S006,Department of Public Health,Government,Research Project,2024-01-13,2024-01,FY24,166100,Not Funded,,0,2024-06-13,152,,
LP-2023-00223,R0050,Noah Johnson,Senior,ENG,College of Engineering,S017,International Research Consortium,International,Research Project,2023-06-10,2023-06,FY23,356600,Not Funded,,0,2023-09-10,92,,
LP-2024-00224,R0057,Grace Williams,Established,LAW,School of Law and Public Policy,S023,Internal Strategic Research Fund,Internal,Research Project,2024-11-12,2024-11,FY25,109000,Active,AW2-2024-00224,105900,2025-01-30,79,2025-03-23,2026-03-23
LP-2023-00225,R0034,Yara Lee,Established,ENG,College of Engineering,S002,Natural Sciences Research Council,Federal,Research Project,2023-09-25,2023-09,FY24,65900,Withdrawn,,0,2023-10-31,36,,
LP-2024-00226,R0178,Lucas Haddad,Established,ENG,College of Engineering,S013,Education Access Foundation,Foundation,Research Project,2024-06-19,2024-06,FY24,60900,Not Funded,,0,2024-07-25,36,,
LP-2025-00227,R0166,Priya Wang,Senior,SCI,College of Science,S023,Internal Strategic Research Fund,Internal,Research Project,2025-03-17,2025-03,FY25,438000,Closed,AW2-2025-00227,389600,2025-08-18,154,2025-09-27,2027-03-21
LP-2026-00228,R0133,Arjun Thomas,Early Career,BUS,School of Business,S010,Global Health Foundation,Foundation,Research Project,2026-04-21,2026-04,FY26,86200,Active,AW2-2026-00228,60600,2026-08-31,132,2026-11-08,2028-11-07
LP-2025-00229,R0057,Grace Williams,Established,LAW,School of Law and Public Policy,S014,Biomedical Discovery Foundation,Foundation,Research Project,2025-11-28,2025-11,FY26,106100,Not Funded,,0,2026-05-04,157,,
LP-2024-00230,R0147,Grace Williams,Early Career,SOC,College of Social Innovation,S009,Massachusetts Innovation Fund,Provincial/State,Equipment,2024-09-22,2024-09,FY25,39100,Closed,AW2-2024-00230,38900,2025-03-11,170,2025-05-20,2028-05-19
LP-2023-00231,R0075,Leila Martin,Established,SOC,College of Social Innovation,S001,National Health Research Council,Federal,Research Project,2023-01-10,2023-01,FY23,178300,Closed,AW2-2023-00231,145900,2023-05-20,130,2023-07-05,2025-07-04
LP-2023-00232,R0001,Fatima Khan,Senior,LAW,School of Law and Public Policy,S001,National Health Research Council,Federal,Training Grant,2023-07-01,2023-07,FY24,455500,Not Funded,,0,2023-08-30,60,,
LP-2025-00233,R0048,Elena Patel,Early Career,ARC,College of Architecture and Design,S020,Northstar Analytics,Industry,Research Project,2025-01-03,2025-01,FY25,153500,Not Funded,,0,2025-03-27,83,,
LP-2024-00234,R0155,Daniel Walker,Early Career,SOC,College of Social Innovation,S012,Future Cities Foundation,Foundation,Equipment,2024-11-16,2024-11,FY25,453000,Awarded,AW2-2024-00234,289300,2025-04-03,138,2025-06-11,2026-12-03
LP-2026-00235,R0131,Maya Bennett,Established,SOC,College of Social Innovation,S007,Department of Energy and Climate,Government,Research Project,2026-07-25,2026-07,FY27,366300,Under Review,,0,,,,
LP-2025-00236,R0147,Grace Williams,Early Career,SOC,College of Social Innovation,S001,National Health Research Council,Federal,Research Project,2025-06-21,2025-06,FY25,245600,Awarded,AW2-2025-00236,161100,2025-11-10,142,2026-01-02,2028-01-02
LP-2024-00237,R0131,Maya Bennett,Established,SOC,College of Social Innovation,S011,Community Wellbeing Trust,Foundation,Research Project,2024-11-20,2024-11,FY25,267700,Not Funded,,0,2025-02-19,91,,
LP-2025-00238,R0147,Grace Williams,Early Career,SOC,College of Social Innovation,S003,Social Innovation Research Council,Federal,Research Project,2025-09-03,2025-09,FY26,71800,Awarded,AW2-2025-00238,58800,2025-11-26,84,2026-01-14,2027-01-14
LP-2023-00239,R0109,Jia Zhou,Established,BUS,School of Business,S007,Department of Energy and Climate,Government,Research Project,2023-06-18,2023-06,FY23,76000,Not Funded,,0,2023-11-14,149,,
LP-2024-00240,R0122,Jonah Smith,Established,ENG,College of Engineering,S024,Faculty Seed Grant Program,Internal,Research Project,2024-02-28,2024-02,FY24,133100,Not Funded,,0,2024-04-28,60,,
LP-2025-00241,R0070,Hana Roy,Established,SCI,College of Science,S025,Interdisciplinary Catalyst Fund,Internal,Training Grant,2025-02-27,2025-02,FY25,32800,Not Funded,,0,2025-08-13,167,,
LP-2026-00242,R0109,Jia Zhou,Established,BUS,School of Business,S003,Social Innovation Research Council,Federal,Research Project,2026-01-08,2026-01,FY26,73900,Closed,AW2-2026-00242,49300,2026-04-02,84,2026-04-29,2027-10-21
LP-2025-00243,R0019,Jia Zhou,Early Career,SOC,College of Social Innovation,S002,Natural Sciences Research Council,Federal,Equipment,2025-08-19,2025-08,FY26,140800,Not Funded,,0,2025-12-18,121,,
LP-2024-00244,R0103,Arjun Thomas,Established,HSC,College of Health Sciences,S015,Civic Data Collaborative,Nonprofit,Research Project,2024-05-23,2024-05,FY24,73200,Not Funded,,0,2024-07-01,39,,
LP-2025-00245,R0035,Daniel Walker,Established,SOC,College of Social Innovation,S010,Global Health Foundation,Foundation,Research Project,2025-12-31,2025-12,FY26,111600,Active,AW2-2025-00245,110600,2026-05-15,135,2026-06-27,2029-06-26
LP-2024-00246,R0139,Jia Zhou,Established,SOC,College of Social Innovation,S001,National Health Research Council,Federal,Training Grant,2024-11-28,2024-11,FY25,68900,Not Funded,,0,2025-03-15,107,,
LP-2025-00247,R0152,Jonah Smith,Early Career,ARC,College of Architecture and Design,S003,Social Innovation Research Council,Federal,Research Project,2025-03-18,2025-03,FY25,624900,Not Funded,,0,2025-06-21,95,,
LP-2024-00248,R0049,Jia Zhou,Senior,LAW,School of Law and Public Policy,S010,Global Health Foundation,Foundation,Research Project,2024-06-03,2024-06,FY24,92400,Not Funded,,0,2024-09-17,106,,
LP-2024-00249,R0180,Amina Ahmed,Established,HUM,College of Humanities,S025,Interdisciplinary Catalyst Fund,Internal,Training Grant,2024-07-15,2024-07,FY25,76800,Not Funded,,0,2024-09-26,73,,
LP-2023-00250,R0131,Maya Bennett,Established,SOC,College of Social Innovation,S011,Community Wellbeing Trust,Foundation,Research Project,2023-03-02,2023-03,FY23,230100,Not Funded,,0,2023-05-13,72,,
LP-2023-00251,R0063,Olivia Costa,Early Career,HSC,College of Health Sciences,S004,Advanced Technology Agency,Federal,Research Project,2023-05-04,2023-05,FY23,45600,Closed,AW2-2023-00251,33700,2023-10-13,162,2023-11-03,2024-11-02
LP-2026-00252,R0097,Nadia Nguyen,Established,LAW,School of Law and Public Policy,S004,Advanced Technology Agency,Federal,Training Grant,2026-08-07,2026-08,FY27,157000,Under Review,,0,,,,
LP-2026-00253,R0018,Elena Patel,Established,ENG,College of Engineering,S024,Faculty Seed Grant Program,Internal,Research Project,2026-08-10,2026-08,FY27,201800,Under Review,,0,,,,
LP-2023-00254,R0156,Jamal Garcia,Established,HUM,College of Humanities,S001,National Health Research Council,Federal,Training Grant,2023-07-04,2023-07,FY24,832300,Not Funded,,0,2023-12-02,151,,
LP-2025-00255,R0113,Isabelle Laurent,Established,LAW,School of Law and Public Policy,S004,Advanced Technology Agency,Federal,Research Project,2025-08-31,2025-08,FY26,69500,Not Funded,,0,2025-12-14,105,,
LP-2025-00256,R0158,Theo Yamamoto,Established,SCI,College of Science,S005,National Science Foundation,Federal,Research Project,2025-05-27,2025-05,FY25,154900,Active,AW2-2025-00256,107200,2025-09-04,100,2025-09-14,2027-09-14
LP-2024-00257,R0007,Nadia Nguyen,Established,HSC,College of Health Sciences,S005,National Science Foundation,Federal,Research Project,2024-06-14,2024-06,FY24,633000,Not Funded,,0,2024-09-02,80,,
LP-2025-00258,R0175,Sofia Evans,Early Career,HSC,College of Health Sciences,S012,Future Cities Foundation,Foundation,Research Project,2025-05-17,2025-05,FY25,239700,Not Funded,,0,2025-09-14,120,,
LP-2024-00259,R0009,Carlos Ito,Early Career,LAW,School of Law and Public Policy,S020,Northstar Analytics,Industry,Training Grant,2024-07-01,2024-07,FY25,25000,Not Funded,,0,2024-11-16,138,,
LP-2026-00260,R0083,Isabelle Laurent,Established,SOC,College of Social Innovation,S024,Faculty Seed Grant Program,Internal,Research Project,2026-03-25,2026-03,FY26,70600,Not Funded,,0,2026-04-29,35,,
LP-2024-00261,R0020,Noah Johnson,Senior,HUM,College of Humanities,S008,Ontario Research Fund,Provincial/State,Training Grant,2024-07-12,2024-07,FY25,128000,Closed,AW2-2024-00261,89000,2025-01-08,180,2025-02-16,2026-02-16
LP-2023-00262,R0002,Jonah Smith,Early Career,ENG,College of Engineering,S006,Department of Public Health,Government,Research Project,2023-03-16,2023-03,FY23,269300,Not Funded,,0,2023-09-19,187,,
LP-2023-00263,R0129,Carlos Ito,Established,LAW,School of Law and Public Policy,S009,Massachusetts Innovation Fund,Provincial/State,Internal Seed,2023-02-22,2023-02,FY23,49600,Closed,AW2-2023-00263,44500,2023-06-02,100,2023-06-28,2024-06-27
LP-2023-00264,R0029,Rafael Reyes,Established,BUS,School of Business,S011,Community Wellbeing Trust,Foundation,Research Project,2023-09-01,2023-09,FY24,66300,Closed,AW2-2023-00264,60800,2023-11-01,61,2024-01-03,2026-01-02
LP-2024-00265,R0079,Jia Zhou,Established,HSC,College of Health Sciences,S023,Internal Strategic Research Fund,Internal,Training Grant,2024-12-22,2024-12,FY25,176700,Awarded,AW2-2024-00265,152700,2025-06-05,165,2025-08-16,2026-08-16
LP-2023-00266,R0093,Olivia Costa,Early Career,BUS,School of Business,S005,National Science Foundation,Federal,Research Project,2023-05-04,2023-05,FY23,89300,Closed,AW2-2023-00266,72200,2023-08-23,111,2023-09-10,2025-09-09
LP-2024-00267,R0061,Fatima Khan,Early Career,BUS,School of Business,S022,Helix Medical Devices,Industry,Internal Seed,2024-01-04,2024-01,FY24,54900,Not Funded,,0,2024-03-31,87,,
LP-2024-00268,R0166,Priya Wang,Senior,SCI,College of Science,S016,Urban Resilience Network,Nonprofit,Internal Seed,2024-12-14,2024-12,FY25,161400,Active,AW2-2024-00268,157000,2025-01-28,45,2025-03-28,2027-03-28
LP-2023-00269,R0036,Jamal Garcia,Early Career,HUM,College of Humanities,S023,Internal Strategic Research Fund,Internal,Equipment,2023-09-04,2023-09,FY24,159600,Active,AW2-2023-00269,128900,2024-01-14,132,2024-02-16,2025-02-15
LP-2024-00270,R0165,Leila Martin,Early Career,BUS,School of Business,S011,Community Wellbeing Trust,Foundation,Research Project,2024-03-23,2024-03,FY24,348800,Withdrawn,,0,2024-04-27,35,,
LP-2023-00271,R0036,Jamal Garcia,Early Career,HUM,College of Humanities,S001,National Health Research Council,Federal,Research Project,2023-05-11,2023-05,FY23,124500,Not Funded,,0,2023-09-05,117,,
LP-2025-00272,R0069,Carlos Ito,Established,BUS,School of Business,S002,Natural Sciences Research Council,Federal,Research Project,2025-07-09,2025-07,FY26,68800,Active,AW2-2025-00272,59500,2025-09-20,73,2025-10-13,2028-10-12
LP-2025-00273,R0131,Maya Bennett,Established,SOC,College of Social Innovation,S025,Interdisciplinary Catalyst Fund,Internal,Research Project,2025-03-13,2025-03,FY25,51500,Active,AW2-2025-00273,43800,2025-08-21,161,2025-10-14,2028-10-13
LP-2024-00274,R0038,Theo Yamamoto,Senior,SCI,College of Science,S021,Vertex Mobility Systems,Industry,Internal Seed,2024-12-17,2024-12,FY25,65500,Active,AW2-2024-00274,41900,2025-03-14,87,2025-05-08,2028-05-07
LP-2025-00275,R0048,Elena Patel,Early Career,ARC,College of Architecture and Design,S021,Vertex Mobility Systems,Industry,Training Grant,2025-07-11,2025-07,FY26,134600,Not Funded,,0,2025-11-21,133,,
LP-2026-00276,R0057,Grace Williams,Established,LAW,School of Law and Public Policy,S025,Interdisciplinary Catalyst Fund,Internal,Research Project,2026-08-07,2026-08,FY27,63300,Under Review,,0,,,,
LP-2024-00277,R0156,Jamal Garcia,Established,HUM,College of Humanities,S013,Education Access Foundation,Foundation,Training Grant,2024-06-18,2024-06,FY24,168100,Not Funded,,0,2024-08-14,57,,
LP-2023-00278,R0172,Chloe Chen,Early Career,HUM,College of Humanities,S007,Department of Energy and Climate,Government,Research Project,2023-07-03,2023-07,FY24,484700,Not Funded,,0,2023-08-09,37,,
LP-2025-00279,R0138,Elena Patel,Early Career,ENG,College of Engineering,S016,Urban Resilience Network,Nonprofit,Research Project,2025-12-29,2025-12,FY26,263700,Active,AW2-2025-00279,176200,2026-04-24,116,2026-06-24,2029-06-23
LP-2025-00280,R0124,Yara Lee,Established,HUM,College of Humanities,S001,National Health Research Council,Federal,Research Project,2025-11-04,2025-11,FY26,165300,Not Funded,,0,2026-01-11,68,,
LP-2025-00281,R0057,Grace Williams,Established,LAW,School of Law and Public Policy,S016,Urban Resilience Network,Nonprofit,Research Project,2025-03-05,2025-03,FY25,68700,Not Funded,,0,2025-06-14,101,,
LP-2023-00282,R0143,Isabelle Laurent,Early Career,HSC,College of Health Sciences,S008,Ontario Research Fund,Provincial/State,Equipment,2023-02-13,2023-02,FY23,219000,Closed,AW2-2023-00282,169100,2023-04-07,53,2023-05-08,2024-10-29
LP-2026-00283,R0028,Lucas Haddad,Established,HUM,College of Humanities,S003,Social Innovation Research Council,Federal,Research Project,2026-05-12,2026-05,FY26,197300,Not Funded,,0,2026-07-28,77,,
LP-2023-00284,R0097,Nadia Nguyen,Established,LAW,School of Law and Public Policy,S009,Massachusetts Innovation Fund,Provincial/State,Equipment,2023-04-10,2023-04,FY23,158000,Not Funded,,0,2023-08-14,126,,
LP-2023-00285,R0015,Leila Martin,Early Career,HSC,College of Health Sciences,S024,Faculty Seed Grant Program,Internal,Internal Seed,2023-07-02,2023-07,FY24,75000,Closed,AW2-2023-00285,66000,2023-11-02,123,2023-12-04,2025-05-27
LP-2026-00286,R0006,Jamal Garcia,Established,SCI,College of Science,S013,Education Access Foundation,Foundation,Research Project,2026-06-05,2026-06,FY26,647400,Under Review,,0,,,,
LP-2023-00287,R0058,Lucas Haddad,Early Career,ENG,College of Engineering,S022,Helix Medical Devices,Industry,Internal Seed,2023-03-29,2023-03,FY23,30000,Not Funded,,0,2023-08-22,146,,
LP-2025-00288,R0032,Jonah Smith,Senior,ARC,College of Architecture and Design,S006,Department of Public Health,Government,Research Project,2025-01-07,2025-01,FY25,60900,Active,AW2-2025-00288,42000,2025-07-08,182,2025-07-31,2027-01-22
LP-2023-00289,R0003,Olivia Costa,Established,SOC,College of Social Innovation,S024,Faculty Seed Grant Program,Internal,Research Project,2023-04-03,2023-04,FY23,59400,Withdrawn,,0,2023-07-07,95,,
LP-2024-00290,R0027,Grace Williams,Early Career,SOC,College of Social Innovation,S004,Advanced Technology Agency,Federal,Research Project,2024-01-20,2024-01,FY24,130200,Not Funded,,0,2024-03-23,63,,
LP-2025-00291,R0108,Elena Patel,Established,HUM,College of Humanities,S001,National Health Research Council,Federal,Research Project,2025-10-25,2025-10,FY26,98600,Not Funded,,0,2026-02-20,118,,
LP-2024-00292,R0096,Jamal Garcia,Established,ARC,College of Architecture and Design,S024,Faculty Seed Grant Program,Internal,Internal Seed,2024-07-07,2024-07,FY25,275600,Closed,AW2-2024-00292,209800,2024-09-18,73,2024-11-22,2025-11-22
LP-2026-00293,R0144,Mei Tran,Early Career,ARC,College of Architecture and Design,S018,Global Development Partnership,International,Equipment,2026-05-04,2026-05,FY26,209200,Active,AW2-2026-00293,167200,2026-08-05,93,2026-10-06,2028-03-29
LP-2025-00294,R0068,Theo Yamamoto,Established,HUM,College of Humanities,S019,Apex Biotechnologies,Industry,Research Project,2025-07-21,2025-07,FY26,189300,Not Funded,,0,2025-12-28,160,,
LP-2026-00295,R0137,Zain Gupta,Established,LAW,School of Law and Public Policy,S003,Social Innovation Research Council,Federal,Training Grant,2026-02-09,2026-02,FY26,410000,Not Funded,,0,2026-04-29,79,,
LP-2024-00296,R0014,Gabriel Dubois,Established,SCI,College of Science,S006,Department of Public Health,Government,Training Grant,2024-09-22,2024-09,FY25,169300,Active,AW2-2024-00296,109500,2024-12-23,92,2025-02-01,2026-02-01
LP-2024-00297,R0127,Nadia Nguyen,Senior,HSC,College of Health Sciences,S001,National Health Research Council,Federal,Research Project,2024-12-20,2024-12,FY25,61300,Active,AW2-2024-00297,58400,2025-06-17,179,2025-08-10,2026-08-10
LP-2023-00298,R0131,Maya Bennett,Established,SOC,College of Social Innovation,S002,Natural Sciences Research Council,Federal,Research Project,2023-08-23,2023-08,FY24,130200,Closed,AW2-2023-00298,109100,2023-12-15,114,2024-02-08,2027-02-07
LP-2024-00299,R0146,Camille Mensah,Senior,ENG,College of Engineering,S003,Social Innovation Research Council,Federal,Training Grant,2024-12-11,2024-12,FY25,212100,Active,AW2-2024-00299,187400,2025-02-09,60,2025-04-24,2028-04-23
LP-2024-00300,R0037,Nadia Nguyen,Early Career,BUS,School of Business,S019,Apex Biotechnologies,Industry,Research Project,2024-04-16,2024-04,FY24,255500,Active,AW2-2024-00300,205700,2024-09-02,139,2024-11-10,2026-05-04
LP-2025-00301,R0145,Sofia Evans,Senior,LAW,School of Law and Public Policy,S002,Natural Sciences Research Council,Federal,Research Project,2025-10-25,2025-10,FY26,105500,Active,AW2-2025-00301,82500,2026-03-15,141,2026-05-11,2028-05-10
LP-2024-00302,R0170,Noah Johnson,Established,ENG,College of Engineering,S021,Vertex Mobility Systems,Industry,Research Project,2024-08-12,2024-08,FY25,118700,Withdrawn,,0,2024-10-19,68,,
LP-2023-00303,R0165,Leila Martin,Early Career,BUS,School of Business,S003,Social Innovation Research Council,Federal,Training Grant,2023-11-16,2023-11,FY24,204800,Active,AW2-2023-00303,144000,2024-01-05,50,2024-03-16,2025-03-16
LP-2025-00304,R0155,Daniel Walker,Early Career,SOC,College of Social Innovation,S001,National Health Research Council,Federal,Research Project,2025-02-24,2025-02,FY25,46700,Active,AW2-2025-00304,45400,2025-06-29,125,2025-08-25,2028-08-24
LP-2026-00305,R0009,Carlos Ito,Early Career,LAW,School of Law and Public Policy,S004,Advanced Technology Agency,Federal,Internal Seed,2026-03-16,2026-03,FY26,124400,Active,AW2-2026-00305,122400,2026-08-31,168,2026-10-06,2029-10-05
LP-2025-00306,R0079,Jia Zhou,Established,HSC,College of Health Sciences,S013,Education Access Foundation,Foundation,Research Project,2025-01-17,2025-01,FY25,67600,Active,AW2-2025-00306,44100,2025-03-28,70,2025-04-23,2027-04-23
LP-2025-00307,R0136,Priya Wang,Senior,ARC,College of Architecture and Design,S025,Interdisciplinary Catalyst Fund,Internal,Internal Seed,2025-10-21,2025-10,FY26,62600,Active,AW2-2025-00307,40300,2026-03-20,150,2026-05-08,2029-05-07
LP-2023-00308,R0085,Sofia Evans,Established,BUS,School of Business,S007,Department of Energy and Climate,Government,Fellowship,2023-10-18,2023-10,FY24,119300,Closed,AW2-2023-00308,79100,2024-01-17,91,2024-02-04,2025-07-28
LP-2026-00309,R0145,Sofia Evans,Senior,LAW,School of Law and Public Policy,S001,National Health Research Council,Federal,Training Grant,2026-05-11,2026-05,FY26,18000,Active,AW2-2026-00309,13000,2026-08-31,112,2026-09-18,2027-09-18
LP-2024-00310,R0058,Lucas Haddad,Early Career,ENG,College of Engineering,S005,National Science Foundation,Federal,Research Project,2024-09-13,2024-09,FY25,48200,Active,AW2-2024-00310,39800,2024-11-11,59,2025-01-18,2027-01-18
LP-2023-00311,R0049,Jia Zhou,Senior,LAW,School of Law and Public Policy,S002,Natural Sciences Research Council,Federal,Equipment,2023-04-11,2023-04,FY23,56000,Not Funded,,0,2023-07-21,101,,
LP-2024-00312,R0003,Olivia Costa,Established,SOC,College of Social Innovation,S014,Biomedical Discovery Foundation,Foundation,Research Project,2024-12-19,2024-12,FY25,304300,Not Funded,,0,2025-06-02,165,,
LP-2025-00313,R0005,Daniel Walker,Early Career,BUS,School of Business,S002,Natural Sciences Research Council,Federal,Research Project,2025-07-28,2025-07,FY26,404000,Not Funded,,0,2025-12-12,137,,
LP-2023-00314,R0109,Jia Zhou,Established,BUS,School of Business,S024,Faculty Seed Grant Program,Internal,Research Project,2023-10-28,2023-10,FY24,108300,Closed,AW2-2023-00314,67700,2024-02-14,109,2024-04-06,2025-04-06
LP-2024-00315,R0057,Grace Williams,Established,LAW,School of Law and Public Policy,S018,Global Development Partnership,International,Research Project,2024-07-16,2024-07,FY25,53900,Withdrawn,,0,2025-01-07,175,,
LP-2024-00316,R0094,Yara Lee,Established,SCI,College of Science,S014,Biomedical Discovery Foundation,Foundation,Research Project,2024-12-02,2024-12,FY25,179200,Not Funded,,0,2025-04-11,130,,
LP-2025-00317,R0067,Nadia Nguyen,Senior,SOC,College of Social Innovation,S010,Global Health Foundation,Foundation,Research Project,2025-10-16,2025-10,FY26,66400,Not Funded,,0,2026-03-14,149,,
LP-2023-00318,R0165,Leila Martin,Early Career,BUS,School of Business,S024,Faculty Seed Grant Program,Internal,Equipment,2023-04-18,2023-04,FY23,167000,Not Funded,,0,2023-10-15,180,,
LP-2024-00319,R0169,Jia Zhou,Established,LAW,School of Law and Public Policy,S022,Helix Medical Devices,Industry,Equipment,2024-08-20,2024-08,FY25,23000,Not Funded,,0,2024-12-05,107,,
LP-2024-00320,R0108,Elena Patel,Established,HUM,College of Humanities,S014,Biomedical Discovery Foundation,Foundation,Research Project,2024-11-06,2024-11,FY25,98500,Withdrawn,,0,2025-04-20,165,,
LP-2023-00321,R0084,Mei Tran,Senior,HUM,College of Humanities,S003,Social Innovation Research Council,Federal,Research Project,2023-05-05,2023-05,FY23,117400,Closed,AW2-2023-00321,73700,2023-07-10,66,2023-09-14,2026-09-13
LP-2025-00322,R0045,Leila Martin,Early Career,BUS,School of Business,S019,Apex Biotechnologies,Industry,Research Project,2025-07-20,2025-07,FY26,33300,Active,AW2-2025-00322,31900,2025-12-11,144,2025-12-27,2026-12-27
LP-2023-00323,R0005,Daniel Walker,Early Career,BUS,School of Business,S004,Advanced Technology Agency,Federal,Research Project,2023-08-13,2023-08,FY24,127800,Closed,AW2-2023-00323,105200,2023-11-23,102,2023-12-21,2024-12-20
LP-2024-00324,R0104,Gabriel Dubois,Early Career,ARC,College of Architecture and Design,S014,Biomedical Discovery Foundation,Foundation,Equipment,2024-04-19,2024-04,FY24,42000,Not Funded,,0,2024-07-13,85,,
LP-2023-00325,R0087,Grace Williams,Senior,HSC,College of Health Sciences,S001,National Health Research Council,Federal,Training Grant,2023-04-20,2023-04,FY23,103500,Closed,AW2-2023-00325,90600,2023-10-02,165,2023-11-29,2025-05-22
LP-2023-00326,R0137,Zain Gupta,Established,LAW,School of Law and Public Policy,S009,Massachusetts Innovation Fund,Provincial/State,Research Project,2023-08-09,2023-08,FY24,45200,Closed,AW2-2023-00326,34200,2023-10-18,70,2023-10-30,2025-04-22
LP-2025-00327,R0156,Jamal Garcia,Established,HUM,College of Humanities,S012,Future Cities Foundation,Foundation,Research Project,2025-01-06,2025-01,FY25,171600,Not Funded,,0,2025-02-14,39,,
LP-2024-00328,R0145,Sofia Evans,Senior,LAW,School of Law and Public Policy,S025,Interdisciplinary Catalyst Fund,Internal,Internal Seed,2024-01-31,2024-01,FY24,101900,Not Funded,,0,2024-04-14,74,,
LP-2026-00329,R0005,Daniel Walker,Early Career,BUS,School of Business,S001,National Health Research Council,Federal,Internal Seed,2026-02-14,2026-02,FY26,485200,Not Funded,,0,2026-06-09,115,,
LP-2023-00330,R0043,Arjun Thomas,Early Career,SOC,College of Social Innovation,S001,National Health Research Council,Federal,Equipment,2023-09-03,2023-09,FY24,397100,Active,AW2-2023-00330,381500,2024-01-11,130,2024-01-28,2027-01-27
LP-2024-00331,R0178,Lucas Haddad,Established,ENG,College of Engineering,S014,Biomedical Discovery Foundation,Foundation,Training Grant,2024-05-24,2024-05,FY24,445600,Not Funded,,0,2024-10-17,146,,
LP-2025-00332,R0173,Isabelle Laurent,Established,BUS,School of Business,S005,National Science Foundation,Federal,Equipment,2025-11-28,2025-11,FY26,188100,Active,AW2-2025-00332,120000,2026-02-13,77,2026-03-20,2029-03-19
LP-2025-00333,R0163,Arjun Thomas,Early Career,SOC,College of Social Innovation,S006,Department of Public Health,Government,Internal Seed,2025-06-03,2025-06,FY25,61300,Active,AW2-2025-00333,48900,2025-07-13,40,2025-09-05,2026-09-05
LP-2023-00334,R0143,Isabelle Laurent,Early Career,HSC,College of Health Sciences,S022,Helix Medical Devices,Industry,Training Grant,2023-04-17,2023-04,FY23,532500,Not Funded,,0,2023-06-12,56,,
LP-2025-00335,R0091,Fatima Khan,Early Career,SOC,College of Social Innovation,S010,Global Health Foundation,Foundation,Research Project,2025-05-18,2025-05,FY25,72900,Not Funded,,0,2025-08-24,98,,
LP-2026-00336,R0086,Camille Mensah,Established,SCI,College of Science,S008,Ontario Research Fund,Provincial/State,Research Project,2026-05-26,2026-05,FY26,52900,Not Funded,,0,2026-08-31,97,,
LP-2024-00337,R0110,Noah Johnson,Early Career,SCI,College of Science,S021,Vertex Mobility Systems,Industry,Internal Seed,2024-11-26,2024-11,FY25,132800,Active,AW2-2024-00337,118500,2025-02-05,71,2025-02-15,2026-02-15
LP-2025-00338,R0086,Camille Mensah,Established,SCI,College of Science,S022,Helix Medical Devices,Industry,Equipment,2025-02-18,2025-02,FY25,21700,Not Funded,,0,2025-04-01,42,,
LP-2024-00339,R0054,Mei Tran,Established,SCI,College of Science,S005,National Science Foundation,Federal,Internal Seed,2024-07-15,2024-07,FY25,286200,Not Funded,,0,2024-08-20,36,,
LP-2025-00340,R0001,Fatima Khan,Senior,LAW,School of Law and Public Policy,S010,Global Health Foundation,Foundation,Fellowship,2025-06-03,2025-06,FY25,89900,Closed,AW2-2025-00340,86800,2025-11-26,176,2026-01-03,2027-01-03
LP-2023-00341,R0099,Carlos Ito,Senior,SOC,College of Social Innovation,S023,Internal Strategic Research Fund,Internal,Research Project,2023-08-17,2023-08,FY24,457800,Active,AW2-2023-00341,379800,2024-01-25,161,2024-03-03,2025-03-03
LP-2024-00342,R0008,Theo Yamamoto,Senior,ARC,College of Architecture and Design,S003,Social Innovation Research Council,Federal,Research Project,2024-10-18,2024-10,FY25,186000,Awarded,AW2-2024-00342,173600,2025-02-23,128,2025-04-01,2026-09-23
LP-2025-00343,R0041,Maya Bennett,Established,LAW,School of Law and Public Policy,S013,Education Access Foundation,Foundation,Research Project,2025-04-14,2025-04,FY25,297300,Not Funded,,0,2025-09-16,155,,
LP-2026-00344,R0166,Priya Wang,Senior,SCI,College of Science,S008,Ontario Research Fund,Provincial/State,Research Project,2026-04-14,2026-04,FY26,135600,Awarded,AW2-2026-00344,91200,2026-08-31,139,2026-10-14,2028-10-13
LP-2025-00345,R0047,Zain Gupta,Senior,HSC,College of Health Sciences,S009,Massachusetts Innovation Fund,Provincial/State,Research Project,2025-11-24,2025-11,FY26,114500,Not Funded,,0,2026-05-26,183,,
LP-2025-00346,R0089,Rafael Reyes,Established,LAW,School of Law and Public Policy,S019,Apex Biotechnologies,Industry,Research Project,2025-08-06,2025-08,FY26,126400,Not Funded,,0,2025-11-22,108,,
LP-2023-00347,R0140,Noah Johnson,Early Career,HUM,College of Humanities,S021,Vertex Mobility Systems,Industry,Training Grant,2023-12-14,2023-12,FY24,92600,Not Funded,,0,2024-04-05,113,,
LP-2026-00348,R0178,Lucas Haddad,Established,ENG,College of Engineering,S001,National Health Research Council,Federal,Research Project,2026-07-20,2026-07,FY27,76100,Under Review,,0,,,,
LP-2023-00349,R0176,Camille Mensah,Early Career,ARC,College of Architecture and Design,S002,Natural Sciences Research Council,Federal,Research Project,2023-08-04,2023-08,FY24,171700,Active,AW2-2023-00349,156300,2023-12-23,141,2024-03-01,2025-08-23
LP-2025-00350,R0022,Chloe Chen,Senior,SCI,College of Science,S005,National Science Foundation,Federal,Research Project,2025-09-23,2025-09,FY26,143600,Active,AW2-2025-00350,97900,2025-12-17,85,2026-01-22,2028-01-22
LP-2023-00351,R0149,Rafael Reyes,Early Career,BUS,School of Business,S012,Future Cities Foundation,Foundation,Research Project,2023-01-15,2023-01,FY23,96900,Not Funded,,0,2023-07-18,184,,
LP-2025-00352,R0105,Leila Martin,Established,LAW,School of Law and Public Policy,S009,Massachusetts Innovation Fund,Provincial/State,Research Project,2025-06-10,2025-06,FY25,60200,Active,AW2-2025-00352,42900,2025-08-08,59,2025-09-25,2026-09-25
LP-2024-00353,R0010,Hana Roy,Early Career,ENG,College of Engineering,S005,National Science Foundation,Federal,Research Project,2024-03-06,2024-03,FY24,41200,Closed,AW2-2024-00353,36600,2024-07-22,138,2024-08-26,2027-08-26
LP-2023-00354,R0087,Grace Williams,Senior,HSC,College of Health Sciences,S003,Social Innovation Research Council,Federal,Research Project,2023-10-12,2023-10,FY24,67000,Closed,AW2-2023-00354,66600,2024-03-02,142,2024-03-22,2027-03-22
LP-2026-00355,R0154,Yara Lee,Senior,ENG,College of Engineering,S010,Global Health Foundation,Foundation,Training Grant,2026-02-18,2026-02,FY26,77400,Active,AW2-2026-00355,56800,2026-03-28,38,2026-06-09,2029-06-08
LP-2026-00356,R0114,Mei Tran,Early Career,ENG,College of Engineering,S012,Future Cities Foundation,Foundation,Research Project,2026-06-06,2026-06,FY26,44000,Not Funded,,0,2026-08-11,66,,
LP-2025-00357,R0088,Lucas Haddad,Early Career,ARC,College of Architecture and Design,S008,Ontario Research Fund,Provincial/State,Research Project,2025-02-16,2025-02,FY25,309700,Active,AW2-2025-00357,270900,2025-08-11,176,2025-10-09,2027-04-02
LP-2023-00358,R0174,Mei Tran,Established,SCI,College of Science,S025,Interdisciplinary Catalyst Fund,Internal,Internal Seed,2023-12-19,2023-12,FY24,40100,Closed,AW2-2023-00358,34300,2024-06-12,176,2024-08-15,2026-02-06
LP-2023-00359,R0118,Lucas Haddad,Senior,SCI,College of Science,S006,Department of Public Health,Government,Research Project,2023-05-07,2023-05,FY23,62000,Not Funded,,0,2023-09-06,122,,
LP-2024-00360,R0055,Sofia Evans,Early Career,HSC,College of Health Sciences,S003,Social Innovation Research Council,Federal,Research Project,2024-02-25,2024-02,FY24,71800,Closed,AW2-2024-00360,45800,2024-04-15,50,2024-06-04,2025-11-26
LP-2023-00361,R0034,Yara Lee,Established,ENG,College of Engineering,S018,Global Development Partnership,International,Research Project,2023-03-07,2023-03,FY23,103900,Not Funded,,0,2023-04-26,50,,
LP-2024-00362,R0117,Grace Williams,Established,BUS,School of Business,S013,Education Access Foundation,Foundation,Research Project,2024-02-05,2024-02,FY24,74000,Active,AW2-2024-00362,62600,2024-07-21,167,2024-09-01,2026-09-01
LP-2024-00363,R0052,Chloe Chen,Senior,HUM,College of Humanities,S018,Global Development Partnership,International,Internal Seed,2024-09-01,2024-09,FY25,53800,Closed,AW2-2024-00363,50900,2024-11-01,61,2024-12-01,2026-12-01
LP-2025-00364,R0004,Yara Lee,Established,HUM,College of Humanities,S017,International Research Consortium,International,Research Project,2025-08-29,2025-08,FY26,96200,Active,AW2-2025-00364,71100,2025-10-25,57,2025-12-07,2027-05-31
LP-2026-00365,R0015,Leila Martin,Early Career,HSC,College of Health Sciences,S005,National Science Foundation,Federal,Research Project,2026-01-18,2026-01,FY26,88700,Active,AW2-2026-00365,70900,2026-05-17,119,2026-07-02,2027-12-24
LP-2025-00366,R0085,Sofia Evans,Established,BUS,School of Business,S024,Faculty Seed Grant Program,Internal,Fellowship,2025-11-30,2025-11,FY26,34500,Awarded,AW2-2025-00366,23700,2026-03-31,121,2026-04-28,2027-10-20
LP-2023-00367,R0101,Maya Bennett,Established,BUS,School of Business,S002,Natural Sciences Research Council,Federal,Equipment,2023-01-25,2023-01,FY23,83500,Not Funded,,0,2023-04-15,80,,
LP-2023-00368,R0040,Hana Roy,Early Career,ARC,College of Architecture and Design,S017,International Research Consortium,International,Research Project,2023-01-16,2023-01,FY23,50500,Not Funded,,0,2023-05-14,118,,
LP-2023-00369,R0125,Daniel Walker,Established,BUS,School of Business,S014,Biomedical Discovery Foundation,Foundation,Research Project,2023-05-11,2023-05,FY23,102400,Closed,AW2-2023-00369,97700,2023-09-13,125,2023-11-23,2026-11-22
LP-2025-00370,R0178,Lucas Haddad,Established,ENG,College of Engineering,S008,Ontario Research Fund,Provincial/State,Training Grant,2025-02-20,2025-02,FY25,76100,Not Funded,,0,2025-07-20,150,,
LP-2023-00371,R0018,Elena Patel,Established,ENG,College of Engineering,S002,Natural Sciences Research Council,Federal,Fellowship,2023-11-11,2023-11,FY24,149500,Active,AW2-2023-00371,135100,2024-02-05,86,2024-03-04,2025-03-04
LP-2023-00372,R0095,Daniel Walker,Early Career,HSC,College of Health Sciences,S025,Interdisciplinary Catalyst Fund,Internal,Internal Seed,2023-11-13,2023-11,FY24,33000,Active,AW2-2023-00372,21900,2024-01-05,53,2024-01-24,2026-01-23
LP-2023-00373,R0017,Zain Gupta,Established,LAW,School of Law and Public Policy,S001,National Health Research Council,Federal,Research Project,2023-02-08,2023-02,FY23,594700,Not Funded,,0,2023-06-17,129,,
LP-2023-00374,R0137,Zain Gupta,Established,LAW,School of Law and Public Policy,S004,Advanced Technology Agency,Federal,Fellowship,2023-08-28,2023-08,FY24,87600,Not Funded,,0,2024-02-26,182,,
LP-2025-00375,R0136,Priya Wang,Senior,ARC,College of Architecture and Design,S022,Helix Medical Devices,Industry,Internal Seed,2025-03-15,2025-03,FY25,932200,Active,AW2-2025-00375,747300,2025-06-26,103,2025-07-15,2026-07-15
LP-2026-00376,R0010,Hana Roy,Early Career,ENG,College of Engineering,S021,Vertex Mobility Systems,Industry,Equipment,2026-01-27,2026-01,FY26,61700,Not Funded,,0,2026-07-03,157,,
LP-2026-00377,R0083,Isabelle Laurent,Established,SOC,College of Social Innovation,S024,Faculty Seed Grant Program,Internal,Research Project,2026-01-27,2026-01,FY26,75200,Not Funded,,0,2026-04-22,85,,
LP-2024-00378,R0134,Gabriel Dubois,Early Career,SCI,College of Science,S005,National Science Foundation,Federal,Training Grant,2024-06-10,2024-06,FY24,520100,Not Funded,,0,2024-10-16,128,,
LP-2026-00379,R0138,Elena Patel,Early Career,ENG,College of Engineering,S005,National Science Foundation,Federal,Training Grant,2026-08-07,2026-08,FY27,61400,Under Review,,0,,,,
LP-2025-00380,R0081,Victor Singh,Established,LAW,School of Law and Public Policy,S002,Natural Sciences Research Council,Federal,Training Grant,2025-02-19,2025-02,FY25,76100,Not Funded,,0,2025-04-10,50,,
LP-2023-00381,R0111,Victor Singh,Senior,HSC,College of Health Sciences,S021,Vertex Mobility Systems,Industry,Research Project,2023-04-12,2023-04,FY23,32000,Not Funded,,0,2023-08-08,118,,
LP-2025-00382,R0072,Samira Kim,Established,ARC,College of Architecture and Design,S002,Natural Sciences Research Council,Federal,Research Project,2025-09-18,2025-09,FY26,354300,Not Funded,,0,2025-11-14,57,,
LP-2023-00383,R0140,Noah Johnson,Early Career,HUM,College of Humanities,S011,Community Wellbeing Trust,Foundation,Research Project,2023-05-18,2023-05,FY23,45900,Closed,AW2-2023-00383,45400,2023-10-28,163,2023-12-25,2026-12-24
LP-2024-00384,R0178,Lucas Haddad,Established,ENG,College of Engineering,S021,Vertex Mobility Systems,Industry,Equipment,2024-03-17,2024-03,FY24,201700,Active,AW2-2024-00384,168700,2024-06-02,77,2024-08-13,2025-08-13
LP-2023-00385,R0033,Olivia Costa,Established,LAW,School of Law and Public Policy,S025,Interdisciplinary Catalyst Fund,Internal,Research Project,2023-09-09,2023-09,FY24,132300,Not Funded,,0,2024-01-29,142,,
LP-2024-00386,R0073,Arjun Thomas,Early Career,LAW,School of Law and Public Policy,S024,Faculty Seed Grant Program,Internal,Research Project,2024-11-16,2024-11,FY25,123100,Awarded,AW2-2024-00386,88200,2025-04-26,161,2025-07-05,2027-07-05
LP-2026-00387,R0117,Grace Williams,Established,BUS,School of Business,S008,Ontario Research Fund,Provincial/State,Research Project,2026-07-08,2026-07,FY27,141300,Active,AW2-2026-00387,140900,2026-08-31,54,2026-11-02,2027-11-02
LP-2023-00388,R0170,Noah Johnson,Established,ENG,College of Engineering,S002,Natural Sciences Research Council,Federal,Research Project,2023-12-19,2023-12,FY24,112400,Withdrawn,,0,2024-03-03,75,,
LP-2024-00389,R0144,Mei Tran,Early Career,ARC,College of Architecture and Design,S004,Advanced Technology Agency,Federal,Training Grant,2024-11-25,2024-11,FY25,121900,Not Funded,,0,2025-01-16,52,,
LP-2024-00390,R0042,Samira Kim,Senior,ENG,College of Engineering,S005,National Science Foundation,Federal,Equipment,2024-01-10,2024-01,FY24,36600,Withdrawn,,0,2024-07-04,176,,
LP-2023-00391,R0162,Samira Kim,Established,ENG,College of Engineering,S022,Helix Medical Devices,Industry,Research Project,2023-03-20,2023-03,FY23,68100,Not Funded,,0,2023-05-19,60,,
LP-2025-00392,R0115,Sofia Evans,Early Career,SOC,College of Social Innovation,S021,Vertex Mobility Systems,Industry,Research Project,2025-05-07,2025-05,FY25,180700,Not Funded,,0,2025-09-01,117,,
LP-2023-00393,R0167,Zain Gupta,Established,HSC,College of Health Sciences,S025,Interdisciplinary Catalyst Fund,Internal,Research Project,2023-12-02,2023-12,FY24,48400,Closed,AW2-2023-00393,41800,2024-04-19,139,2024-05-12,2027-05-12
LP-2023-00394,R0161,Maya Bennett,Established,LAW,School of Law and Public Policy,S006,Department of Public Health,Government,Training Grant,2023-05-09,2023-05,FY23,539200,Not Funded,,0,2023-10-05,149,,
LP-2026-00395,R0113,Isabelle Laurent,Established,LAW,School of Law and Public Policy,S018,Global Development Partnership,International,Training Grant,2026-06-07,2026-06,FY26,34700,Under Review,,0,,,,
LP-2023-00396,R0044,Gabriel Dubois,Established,HUM,College of Humanities,S013,Education Access Foundation,Foundation,Research Project,2023-04-08,2023-04,FY23,283600,Not Funded,,0,2023-08-21,135,,
LP-2025-00397,R0103,Arjun Thomas,Established,HSC,College of Health Sciences,S003,Social Innovation Research Council,Federal,Internal Seed,2025-08-06,2025-08,FY26,77300,Closed,AW2-2025-00397,51200,2025-10-04,59,2025-11-18,2027-11-18
LP-2025-00398,R0082,Chloe Chen,Established,ENG,College of Engineering,S008,Ontario Research Fund,Provincial/State,Research Project,2025-07-19,2025-07,FY26,103900,Not Funded,,0,2026-01-08,173,,
LP-2026-00399,R0073,Arjun Thomas,Early Career,LAW,School of Law and Public Policy,S011,Community Wellbeing Trust,Foundation,Research Project,2026-02-28,2026-02,FY26,33400,Not Funded,,0,2026-07-05,127,,
LP-2023-00400,R0142,Chloe Chen,Established,SCI,College of Science,S013,Education Access Foundation,Foundation,Research Project,2023-12-21,2023-12,FY24,141700,Active,AW2-2023-00400,134300,2024-05-05,136,2024-07-14,2025-07-14
LP-2024-00401,R0178,Lucas Haddad,Established,ENG,College of Engineering,S020,Northstar Analytics,Industry,Research Project,2024-09-16,2024-09,FY25,32400,Not Funded,,0,2024-11-11,56,,
LP-2026-00402,R0113,Isabelle Laurent,Established,LAW,School of Law and Public Policy,S001,National Health Research Council,Federal,Research Project,2026-04-19,2026-04,FY26,40200,Active,AW2-2026-00402,31100,2026-07-03,75,2026-09-09,2028-09-08
LP-2023-00403,R0075,Leila Martin,Established,SOC,College of Social Innovation,S003,Social Innovation Research Council,Federal,Training Grant,2023-04-04,2023-04,FY23,82300,Not Funded,,0,2023-07-28,115,,
LP-2024-00404,R0037,Nadia Nguyen,Early Career,BUS,School of Business,S017,International Research Consortium,International,Fellowship,2024-04-22,2024-04,FY24,364300,Active,AW2-2024-00404,329100,2024-07-31,100,2024-10-05,2025-10-05
LP-2025-00405,R0062,Jonah Smith,Senior,SCI,College of Science,S004,Advanced Technology Agency,Federal,Research Project,2025-12-01,2025-12,FY26,147800,Closed,AW2-2025-00405,140000,2026-05-31,181,2026-07-29,2028-01-20
LP-2025-00406,R0031,Fatima Khan,Established,HSC,College of Health Sciences,S011,Community Wellbeing Trust,Foundation,Research Project,2025-12-14,2025-12,FY26,271400,Active,AW2-2025-00406,237200,2026-04-07,114,2026-05-25,2028-05-24
LP-2025-00407,R0158,Theo Yamamoto,Established,SCI,College of Science,S008,Ontario Research Fund,Provincial/State,Research Project,2025-11-25,2025-11,FY26,241700,Closed,AW2-2025-00407,237600,2026-01-09,45,2026-02-07,2028-02-07
LP-2023-00408,R0061,Fatima Khan,Early Career,BUS,School of Business,S008,Ontario Research Fund,Provincial/State,Research Project,2023-12-17,2023-12,FY24,90700,Withdrawn,,0,2024-04-18,123,,
LP-2024-00409,R0082,Chloe Chen,Established,ENG,College of Engineering,S022,Helix Medical Devices,Industry,Research Project,2024-12-01,2024-12,FY25,169700,Not Funded,,0,2025-03-25,114,,
LP-2025-00410,R0062,Jonah Smith,Senior,SCI,College of Science,S008,Ontario Research Fund,Provincial/State,Research Project,2025-03-18,2025-03,FY25,84400,Active,AW2-2025-00410,52900,2025-07-28,132,2025-10-02,2027-03-26
LP-2024-00411,R0124,Yara Lee,Established,HUM,College of Humanities,S017,International Research Consortium,International,Research Project,2024-06-27,2024-06,FY24,170100,Not Funded,,0,2024-11-11,137,,
LP-2023-00412,R0056,Camille Mensah,Established,ARC,College of Architecture and Design,S013,Education Access Foundation,Foundation,Research Project,2023-01-29,2023-01,FY23,361800,Not Funded,,0,2023-07-23,175,,
LP-2024-00413,R0089,Rafael Reyes,Established,LAW,School of Law and Public Policy,S011,Community Wellbeing Trust,Foundation,Research Project,2024-10-20,2024-10,FY25,433400,Active,AW2-2024-00413,310500,2025-04-21,183,2025-06-07,2028-06-06
LP-2026-00414,R0105,Leila Martin,Established,LAW,School of Law and Public Policy,S006,Department of Public Health,Government,Research Project,2026-01-04,2026-01,FY26,65000,Not Funded,,0,2026-06-28,175,,
LP-2024-00415,R0129,Carlos Ito,Established,LAW,School of Law and Public Policy,S019,Apex Biotechnologies,Industry,Training Grant,2024-12-29,2024-12,FY25,48900,Active,AW2-2024-00415,47600,2025-06-10,163,2025-07-11,2026-07-11
LP-2024-00416,R0009,Carlos Ito,Early Career,LAW,School of Law and Public Policy,S023,Internal Strategic Research Fund,Internal,Research Project,2024-06-06,2024-06,FY24,165500,Not Funded,,0,2024-11-21,168,,
LP-2023-00417,R0165,Leila Martin,Early Career,BUS,School of Business,S005,National Science Foundation,Federal,Research Project,2023-03-17,2023-03,FY23,77700,Closed,AW2-2023-00417,56300,2023-06-25,100,2023-07-23,2025-01-13
LP-2025-00418,R0020,Noah Johnson,Senior,HUM,College of Humanities,S010,Global Health Foundation,Foundation,Research Project,2025-05-21,2025-05,FY25,110800,Not Funded,,0,2025-07-26,66,,
LP-2026-00419,R0008,Theo Yamamoto,Senior,ARC,College of Architecture and Design,S002,Natural Sciences Research Council,Federal,Research Project,2026-02-04,2026-02,FY26,69200,Not Funded,,0,2026-04-19,74,,
LP-2025-00420,R0042,Samira Kim,Senior,ENG,College of Engineering,S003,Social Innovation Research Council,Federal,Training Grant,2025-08-28,2025-08,FY26,96800,Closed,AW2-2025-00420,64200,2025-12-20,114,2026-01-24,2029-01-23
LP-2025-00421,R0170,Noah Johnson,Established,ENG,College of Engineering,S012,Future Cities Foundation,Foundation,Research Project,2025-12-04,2025-12,FY26,156300,Not Funded,,0,2026-04-05,122,,
LP-2023-00422,R0045,Leila Martin,Early Career,BUS,School of Business,S012,Future Cities Foundation,Foundation,Training Grant,2023-05-24,2023-05,FY23,229800,Closed,AW2-2023-00422,221800,2023-08-04,72,2023-08-23,2025-02-13
LP-2023-00423,R0062,Jonah Smith,Senior,SCI,College of Science,S003,Social Innovation Research Council,Federal,Research Project,2023-09-09,2023-09,FY24,169400,Not Funded,,0,2024-01-19,132,,
LP-2023-00424,R0084,Mei Tran,Senior,HUM,College of Humanities,S001,National Health Research Council,Federal,Fellowship,2023-10-20,2023-10,FY24,85100,Withdrawn,,0,2024-01-01,73,,
LP-2025-00425,R0069,Carlos Ito,Established,BUS,School of Business,S008,Ontario Research Fund,Provincial/State,Research Project,2025-05-06,2025-05,FY25,86600,Awarded,AW2-2025-00425,58100,2025-08-30,116,2025-10-20,2026-10-20
LP-2024-00426,R0114,Mei Tran,Early Career,ENG,College of Engineering,S008,Ontario Research Fund,Provincial/State,Research Project,2024-08-29,2024-08,FY25,534800,Closed,AW2-2024-00426,430400,2025-01-19,143,2025-02-07,2026-02-07
LP-2024-00427,R0067,Nadia Nguyen,Senior,SOC,College of Social Innovation,S003,Social Innovation Research Council,Federal,Research Project,2024-08-24,2024-08,FY25,149600,Closed,AW2-2024-00427,131900,2025-01-03,132,2025-03-03,2027-03-03
LP-2026-00428,R0090,Amina Ahmed,Established,ENG,College of Engineering,S016,Urban Resilience Network,Nonprofit,Research Project,2026-04-09,2026-04,FY26,83300,Awarded,AW2-2026-00428,52800,2026-08-31,144,2026-09-26,2028-03-19
LP-2025-00429,R0034,Yara Lee,Established,ENG,College of Engineering,S006,Department of Public Health,Government,Research Project,2025-06-13,2025-06,FY25,530900,Not Funded,,0,2025-10-05,114,,
LP-2024-00430,R0101,Maya Bennett,Established,BUS,School of Business,S016,Urban Resilience Network,Nonprofit,Research Project,2024-10-05,2024-10,FY25,326200,Active,AW2-2024-00430,212800,2024-11-20,46,2024-12-28,2027-12-28
LP-2025-00431,R0064,Yara Lee,Early Career,ARC,College of Architecture and Design,S002,Natural Sciences Research Council,Federal,Research Project,2025-10-14,2025-10,FY26,31400,Not Funded,,0,2025-12-01,48,,
LP-2025-00432,R0154,Yara Lee,Senior,ENG,College of Engineering,S001,National Health Research Council,Federal,Fellowship,2025-12-03,2025-12,FY26,38900,Closed,AW2-2025-00432,26900,2026-01-29,57,2026-02-25,2027-02-25
LP-2026-00433,R0035,Daniel Walker,Established,SOC,College of Social Innovation,S018,Global Development Partnership,International,Research Project,2026-06-20,2026-06,FY26,190900,Withdrawn,,0,2026-08-31,72,,
LP-2024-00434,R0028,Lucas Haddad,Established,HUM,College of Humanities,S018,Global Development Partnership,International,Research Project,2024-10-01,2024-10,FY25,225700,Not Funded,,0,2025-01-20,111,,
LP-2023-00435,R0148,Lucas Haddad,Established,HUM,College of Humanities,S003,Social Innovation Research Council,Federal,Training Grant,2023-10-30,2023-10,FY24,320800,Closed,AW2-2023-00435,315400,2023-12-22,53,2024-01-25,2026-01-24
LP-2023-00436,R0053,Isabelle Laurent,Early Career,BUS,School of Business,S003,Social Innovation Research Council,Federal,Research Project,2023-06-28,2023-06,FY23,219200,Not Funded,,0,2023-11-17,142,,
LP-2025-00437,R0141,Victor Singh,Senior,BUS,School of Business,S015,Civic Data Collaborative,Nonprofit,Research Project,2025-04-25,2025-04,FY25,52700,Not Funded,,0,2025-09-29,157,,
LP-2026-00438,R0129,Carlos Ito,Established,LAW,School of Law and Public Policy,S025,Interdisciplinary Catalyst Fund,Internal,Research Project,2026-06-01,2026-06,FY26,88300,Under Review,,0,,,,
LP-2025-00439,R0080,Noah Johnson,Established,ARC,College of Architecture and Design,S011,Community Wellbeing Trust,Foundation,Training Grant,2025-09-22,2025-09,FY26,284300,Active,AW2-2025-00439,205500,2026-01-18,118,2026-02-19,2028-02-19
LP-2024-00440,R0171,Victor Singh,Early Career,SOC,College of Social Innovation,S020,Northstar Analytics,Industry,Training Grant,2024-08-06,2024-08,FY25,323500,Active,AW2-2024-00440,293900,2024-11-12,98,2025-01-06,2027-01-06
LP-2023-00441,R0142,Chloe Chen,Established,SCI,College of Science,S020,Northstar Analytics,Industry,Research Project,2023-03-23,2023-03,FY23,133600,Not Funded,,0,2023-06-01,70,,
LP-2025-00442,R0160,Hana Roy,Established,ARC,College of Architecture and Design,S004,Advanced Technology Agency,Federal,Research Project,2025-02-08,2025-02,FY25,69000,Active,AW2-2025-00442,61100,2025-05-28,109,2025-06-13,2026-12-05
LP-2024-00443,R0083,Isabelle Laurent,Established,SOC,College of Social Innovation,S005,National Science Foundation,Federal,Research Project,2024-08-20,2024-08,FY25,154400,Not Funded,,0,2024-10-01,42,,
LP-2024-00444,R0010,Hana Roy,Early Career,ENG,College of Engineering,S019,Apex Biotechnologies,Industry,Research Project,2024-08-02,2024-08,FY25,137200,Withdrawn,,0,2025-01-12,163,,
LP-2024-00445,R0110,Noah Johnson,Early Career,SCI,College of Science,S012,Future Cities Foundation,Foundation,Research Project,2024-10-17,2024-10,FY25,209500,Not Funded,,0,2025-04-15,180,,
LP-2025-00446,R0040,Hana Roy,Early Career,ARC,College of Architecture and Design,S001,National Health Research Council,Federal,Training Grant,2025-10-26,2025-10,FY26,155000,Active,AW2-2025-00446,125600,2026-03-10,135,2026-03-20,2027-03-20
LP-2024-00447,R0089,Rafael Reyes,Established,LAW,School of Law and Public Policy,S019,Apex Biotechnologies,Industry,Fellowship,2024-03-03,2024-03,FY24,97900,Active,AW2-2024-00447,66800,2024-06-05,94,2024-08-02,2026-08-02
LP-2025-00448,R0117,Grace Williams,Established,BUS,School of Business,S025,Interdisciplinary Catalyst Fund,Internal,Research Project,2025-10-08,2025-10,FY26,90900,Not Funded,,0,2026-01-29,113,,
LP-2025-00449,R0178,Lucas Haddad,Established,ENG,College of Engineering,S010,Global Health Foundation,Foundation,Internal Seed,2025-06-05,2025-06,FY25,83600,Active,AW2-2025-00449,52500,2025-10-30,147,2025-12-20,2028-12-19
LP-2025-00450,R0110,Noah Johnson,Early Career,SCI,College of Science,S012,Future Cities Foundation,Foundation,Equipment,2025-08-24,2025-08,FY26,59400,Closed,AW2-2025-00450,40100,2025-12-25,123,2026-01-19,2029-01-18
LP-2024-00451,R0048,Elena Patel,Early Career,ARC,College of Architecture and Design,S003,Social Innovation Research Council,Federal,Research Project,2024-10-18,2024-10,FY25,74300,Not Funded,,0,2025-01-09,83,,
LP-2026-00452,R0023,Isabelle Laurent,Established,HSC,College of Health Sciences,S022,Helix Medical Devices,Industry,Fellowship,2026-06-14,2026-06,FY26,524900,Under Review,,0,,,,
LP-2025-00453,R0035,Daniel Walker,Established,SOC,College of Social Innovation,S003,Social Innovation Research Council,Federal,Research Project,2025-05-19,2025-05,FY25,467600,Not Funded,,0,2025-08-08,81,,
LP-2026-00454,R0060,Amina Ahmed,Established,HUM,College of Humanities,S017,International Research Consortium,International,Equipment,2026-07-27,2026-07,FY27,292700,Under Review,,0,,,,
LP-2024-00455,R0049,Jia Zhou,Senior,LAW,School of Law and Public Policy,S020,Northstar Analytics,Industry,Research Project,2024-06-26,2024-06,FY24,172000,Closed,AW2-2024-00455,110000,2024-10-17,113,2024-11-04,2025-11-04
LP-2023-00456,R0174,Mei Tran,Established,SCI,College of Science,S023,Internal Strategic Research Fund,Internal,Research Project,2023-03-20,2023-03,FY23,79500,Closed,AW2-2023-00456,73800,2023-06-10,82,2023-07-08,2025-07-07
LP-2025-00457,R0130,Hana Roy,Senior,ENG,College of Engineering,S002,Natural Sciences Research Council,Federal,Research Project,2025-09-26,2025-09,FY26,250000,Withdrawn,,0,2025-12-06,71,,
LP-2026-00458,R0040,Hana Roy,Early Career,ARC,College of Architecture and Design,S025,Interdisciplinary Catalyst Fund,Internal,Research Project,2026-05-23,2026-05,FY26,148600,Not Funded,,0,2026-07-12,50,,
LP-2026-00459,R0031,Fatima Khan,Established,HSC,College of Health Sciences,S015,Civic Data Collaborative,Nonprofit,Training Grant,2026-06-20,2026-06,FY26,85100,Not Funded,,0,2026-08-31,72,,
LP-2023-00460,R0079,Jia Zhou,Established,HSC,College of Health Sciences,S023,Internal Strategic Research Fund,Internal,Training Grant,2023-02-28,2023-02,FY23,524900,Closed,AW2-2023-00460,377100,2023-09-05,189,2023-10-23,2025-04-15
LP-2023-00461,R0155,Daniel Walker,Early Career,SOC,College of Social Innovation,S012,Future Cities Foundation,Foundation,Research Project,2023-09-21,2023-09,FY24,53100,Not Funded,,0,2023-12-02,72,,
LP-2025-00462,R0135,Leila Martin,Established,HSC,College of Health Sciences,S025,Interdisciplinary Catalyst Fund,Internal,Internal Seed,2025-03-30,2025-03,FY25,110000,Not Funded,,0,2025-05-31,62,,
LP-2026-00463,R0180,Amina Ahmed,Established,HUM,College of Humanities,S005,National Science Foundation,Federal,Internal Seed,2026-05-03,2026-05,FY26,70600,Withdrawn,,0,2026-08-26,115,,
LP-2023-00464,R0031,Fatima Khan,Established,HSC,College of Health Sciences,S013,Education Access Foundation,Foundation,Equipment,2023-04-30,2023-04,FY23,157700,Active,AW2-2023-00464,103500,2023-08-24,116,2023-10-26,2025-04-18
LP-2026-00465,R0022,Chloe Chen,Senior,SCI,College of Science,S005,National Science Foundation,Federal,Equipment,2026-01-17,2026-01,FY26,128300,Active,AW2-2026-00465,84900,2026-05-07,110,2026-07-16,2028-07-15
LP-2023-00466,R0074,Gabriel Dubois,Established,ENG,College of Engineering,S025,Interdisciplinary Catalyst Fund,Internal,Internal Seed,2023-03-11,2023-03,FY23,284600,Not Funded,,0,2023-05-08,58,,
LP-2025-00467,R0073,Arjun Thomas,Early Career,LAW,School of Law and Public Policy,S001,National Health Research Council,Federal,Fellowship,2025-10-14,2025-10,FY26,277800,Not Funded,,0,2025-12-08,55,,
LP-2025-00468,R0073,Arjun Thomas,Early Career,LAW,School of Law and Public Policy,S007,Department of Energy and Climate,Government,Equipment,2025-04-09,2025-04,FY25,75800,Awarded,AW2-2025-00468,49500,2025-10-09,183,2025-11-12,2027-05-06
LP-2025-00469,R0014,Gabriel Dubois,Established,SCI,College of Science,S001,National Health Research Council,Federal,Research Project,2025-07-27,2025-07,FY26,83400,Active,AW2-2025-00469,79200,2025-11-01,97,2026-01-14,2027-07-08
LP-2023-00470,R0112,Chloe Chen,Early Career,ARC,College of Architecture and Design,S024,Faculty Seed Grant Program,Internal,Research Project,2023-02-21,2023-02,FY23,35600,Closed,AW2-2023-00470,22400,2023-08-09,169,2023-10-15,2025-10-14
LP-2026-00471,R0121,Fatima Khan,Early Career,LAW,School of Law and Public Policy,S003,Social Innovation Research Council,Federal,Research Project,2026-01-16,2026-01,FY26,58700,Awarded,AW2-2026-00471,48500,2026-02-23,38,2026-04-09,2027-10-01
LP-2026-00472,R0139,Jia Zhou,Established,SOC,College of Social Innovation,S008,Ontario Research Fund,Provincial/State,Research Project,2026-03-27,2026-03,FY26,99700,Not Funded,,0,2026-08-31,157,,
LP-2026-00473,R0039,Carlos Ito,Senior,HSC,College of Health Sciences,S017,International Research Consortium,International,Research Project,2026-03-18,2026-03,FY26,75700,Not Funded,,0,2026-05-23,66,,
LP-2023-00474,R0091,Fatima Khan,Early Career,SOC,College of Social Innovation,S022,Helix Medical Devices,Industry,Research Project,2023-09-24,2023-09,FY24,168800,Closed,AW2-2023-00474,129800,2024-01-19,117,2024-02-23,2027-02-22
LP-2026-00475,R0157,Nadia Nguyen,Early Career,BUS,School of Business,S005,National Science Foundation,Federal,Research Project,2026-06-25,2026-06,FY26,58100,Under Review,,0,,,,
LP-2023-00476,R0027,Grace Williams,Early Career,SOC,College of Social Innovation,S022,Helix Medical Devices,Industry,Research Project,2023-10-30,2023-10,FY24,667400,Not Funded,,0,2024-01-19,81,,
LP-2026-00477,R0006,Jamal Garcia,Established,SCI,College of Science,S020,Northstar Analytics,Industry,Research Project,2026-07-03,2026-07,FY27,68100,Under Review,,0,,,,
LP-2025-00478,R0057,Grace Williams,Established,LAW,School of Law and Public Policy,S010,Global Health Foundation,Foundation,Research Project,2025-08-22,2025-08,FY26,103300,Awarded,AW2-2025-00478,92700,2025-12-21,121,2026-01-16,2027-01-16
LP-2026-00479,R0024,Mei Tran,Established,ARC,College of Architecture and Design,S025,Interdisciplinary Catalyst Fund,Internal,Research Project,2026-06-01,2026-06,FY26,203900,Not Funded,,0,2026-08-31,91,,
LP-2025-00480,R0068,Theo Yamamoto,Established,HUM,College of Humanities,S005,National Science Foundation,Federal,Internal Seed,2025-10-25,2025-10,FY26,178300,Not Funded,,0,2026-04-08,165,,
LP-2025-00481,R0149,Rafael Reyes,Early Career,BUS,School of Business,S022,Helix Medical Devices,Industry,Equipment,2025-01-19,2025-01,FY25,90800,Not Funded,,0,2025-04-15,86,,
LP-2025-00482,R0080,Noah Johnson,Established,ARC,College of Architecture and Design,S002,Natural Sciences Research Council,Federal,Fellowship,2025-04-06,2025-04,FY25,84800,Active,AW2-2025-00482,79400,2025-06-14,69,2025-06-26,2028-06-25
LP-2023-00483,R0134,Gabriel Dubois,Early Career,SCI,College of Science,S009,Massachusetts Innovation Fund,Provincial/State,Research Project,2023-08-12,2023-08,FY24,86900,Not Funded,,0,2023-10-23,72,,
LP-2023-00484,R0023,Isabelle Laurent,Established,HSC,College of Health Sciences,S001,National Health Research Council,Federal,Research Project,2023-04-12,2023-04,FY23,269700,Not Funded,,0,2023-09-21,162,,
LP-2025-00485,R0090,Amina Ahmed,Established,ENG,College of Engineering,S022,Helix Medical Devices,Industry,Research Project,2025-11-09,2025-11,FY26,34800,Awarded,AW2-2025-00485,33900,2025-12-28,49,2026-03-01,2029-02-28
LP-2023-00486,R0173,Isabelle Laurent,Established,BUS,School of Business,S010,Global Health Foundation,Foundation,Research Project,2023-10-30,2023-10,FY24,118100,Closed,AW2-2023-00486,108700,2024-02-08,101,2024-03-07,2027-03-07
LP-2024-00487,R0134,Gabriel Dubois,Early Career,SCI,College of Science,S015,Civic Data Collaborative,Nonprofit,Research Project,2024-01-13,2024-01,FY24,339400,Not Funded,,0,2024-06-01,140,,
LP-2023-00488,R0115,Sofia Evans,Early Career,SOC,College of Social Innovation,S024,Faculty Seed Grant Program,Internal,Research Project,2023-03-28,2023-03,FY23,46200,Withdrawn,,0,2023-06-29,93,,
LP-2023-00489,R0124,Yara Lee,Established,HUM,College of Humanities,S006,Department of Public Health,Government,Research Project,2023-12-21,2023-12,FY24,121500,Closed,AW2-2023-00489,102500,2024-03-17,87,2024-04-26,2026-04-26
LP-2025-00490,R0097,Nadia Nguyen,Established,LAW,School of Law and Public Policy,S011,Community Wellbeing Trust,Foundation,Research Project,2025-01-21,2025-01,FY25,74400,Not Funded,,0,2025-04-17,86,,
LP-2025-00491,R0007,Nadia Nguyen,Established,HSC,College of Health Sciences,S007,Department of Energy and Climate,Government,Internal Seed,2025-03-19,2025-03,FY25,484500,Active,AW2-2025-00491,472200,2025-05-02,44,2025-05-25,2027-05-25
LP-2025-00492,R0132,Samira Kim,Early Career,HUM,College of Humanities,S025,Interdisciplinary Catalyst Fund,Internal,Research Project,2025-01-23,2025-01,FY25,294300,Not Funded,,0,2025-06-06,134,,
LP-2026-00493,R0107,Zain Gupta,Early Career,SOC,College of Social Innovation,S014,Biomedical Discovery Foundation,Foundation,Research Project,2026-04-03,2026-04,FY26,284700,Not Funded,,0,2026-05-25,52,,
LP-2023-00494,R0128,Theo Yamamoto,Established,ARC,College of Architecture and Design,S018,Global Development Partnership,International,Equipment,2023-03-06,2023-03,FY23,154200,Closed,AW2-2023-00494,147000,2023-07-12,128,2023-08-11,2025-02-01
LP-2023-00495,R0029,Rafael Reyes,Established,BUS,School of Business,S008,Ontario Research Fund,Provincial/State,Research Project,2023-12-26,2023-12,FY24,186200,Not Funded,,0,2024-03-30,95,,
LP-2025-00496,R0142,Chloe Chen,Established,SCI,College of Science,S014,Biomedical Discovery Foundation,Foundation,Research Project,2025-02-04,2025-02,FY25,18600,Not Funded,,0,2025-04-24,79,,
LP-2026-00497,R0104,Gabriel Dubois,Early Career,ARC,College of Architecture and Design,S021,Vertex Mobility Systems,Industry,Training Grant,2026-08-13,2026-08,FY27,74800,Under Review,,0,,,,
LP-2024-00498,R0063,Olivia Costa,Early Career,HSC,College of Health Sciences,S024,Faculty Seed Grant Program,Internal,Research Project,2024-02-03,2024-02,FY24,111900,Closed,AW2-2024-00498,72900,2024-04-25,82,2024-06-05,2027-06-05
LP-2026-00499,R0017,Zain Gupta,Established,LAW,School of Law and Public Policy,S022,Helix Medical Devices,Industry,Research Project,2026-06-03,2026-06,FY26,92400,Under Review,,0,,,,
LP-2023-00500,R0135,Leila Martin,Established,HSC,College of Health Sciences,S021,Vertex Mobility Systems,Industry,Internal Seed,2023-03-13,2023-03,FY23,874700,Not Funded,,0,2023-07-16,125,,
LP-2026-00501,R0008,Theo Yamamoto,Senior,ARC,College of Architecture and Design,S006,Department of Public Health,Government,Research Project,2026-02-13,2026-02,FY26,19100,Awarded,AW2-2026-00501,14500,2026-06-13,120,2026-07-22,2029-07-21
LP-2023-00502,R0082,Chloe Chen,Established,ENG,College of Engineering,S007,Department of Energy and Climate,Government,Research Project,2023-11-07,2023-11,FY24,58400,Not Funded,,0,2023-12-30,53,,
LP-2023-00503,R0013,Arjun Thomas,Established,BUS,School of Business,S025,Interdisciplinary Catalyst Fund,Internal,Research Project,2023-05-11,2023-05,FY23,230400,Not Funded,,0,2023-07-04,54,,
LP-2024-00504,R0075,Leila Martin,Established,SOC,College of Social Innovation,S002,Natural Sciences Research Council,Federal,Research Project,2024-09-10,2024-09,FY25,82500,Not Funded,,0,2024-11-13,64,,
LP-2023-00505,R0092,Jonah Smith,Early Career,HUM,College of Humanities,S006,Department of Public Health,Government,Research Project,2023-08-08,2023-08,FY24,164200,Not Funded,,0,2023-10-25,78,,
LP-2023-00506,R0028,Lucas Haddad,Established,HUM,College of Humanities,S021,Vertex Mobility Systems,Industry,Research Project,2023-06-25,2023-06,FY23,304500,Not Funded,,0,2023-10-02,99,,
LP-2026-00507,R0013,Arjun Thomas,Established,BUS,School of Business,S023,Internal Strategic Research Fund,Internal,Fellowship,2026-06-25,2026-06,FY26,406300,Awarded,AW2-2026-00507,272800,2026-08-31,67,2026-11-14,2029-11-13
LP-2026-00508,R0144,Mei Tran,Early Career,ARC,College of Architecture and Design,S020,Northstar Analytics,Industry,Fellowship,2026-04-25,2026-04,FY26,304700,Under Review,,0,,,,
LP-2023-00509,R0145,Sofia Evans,Senior,LAW,School of Law and Public Policy,S016,Urban Resilience Network,Nonprofit,Research Project,2023-08-18,2023-08,FY24,73200,Active,AW2-2023-00509,61300,2024-02-02,168,2024-03-11,2026-03-11
LP-2024-00510,R0156,Jamal Garcia,Established,HUM,College of Humanities,S021,Vertex Mobility Systems,Industry,Training Grant,2024-04-17,2024-04,FY24,276400,Closed,AW2-2024-00510,176800,2024-07-08,82,2024-09-17,2025-09-17
LP-2023-00511,R0072,Samira Kim,Established,ARC,College of Architecture and Design,S006,Department of Public Health,Government,Internal Seed,2023-03-03,2023-03,FY23,116500,Closed,AW2-2023-00511,74000,2023-06-25,114,2023-08-30,2025-08-29
LP-2025-00512,R0136,Priya Wang,Senior,ARC,College of Architecture and Design,S017,International Research Consortium,International,Research Project,2025-02-20,2025-02,FY25,171700,Active,AW2-2025-00512,113200,2025-08-08,169,2025-09-19,2026-09-19
LP-2025-00513,R0119,Rafael Reyes,Established,HSC,College of Health Sciences,S006,Department of Public Health,Government,Research Project,2025-08-06,2025-08,FY26,198900,Active,AW2-2025-00513,188300,2026-02-07,185,2026-03-13,2027-09-04
LP-2026-00514,R0046,Priya Wang,Senior,SCI,College of Science,S017,International Research Consortium,International,Research Project,2026-04-09,2026-04,FY26,27700,Under Review,,0,,,,
LP-2024-00515,R0055,Sofia Evans,Early Career,HSC,College of Health Sciences,S007,Department of Energy and Climate,Government,Research Project,2024-07-31,2024-07,FY25,18700,Not Funded,,0,2025-02-03,187,,
LP-2025-00516,R0080,Noah Johnson,Established,ARC,College of Architecture and Design,S024,Faculty Seed Grant Program,Internal,Internal Seed,2025-11-16,2025-11,FY26,194100,Withdrawn,,0,2026-01-13,58,,
LP-2023-00517,R0103,Arjun Thomas,Established,HSC,College of Health Sciences,S023,Internal Strategic Research Fund,Internal,Research Project,2023-11-12,2023-11,FY24,244000,Not Funded,,0,2024-04-06,146,,
LP-2025-00518,R0081,Victor Singh,Established,LAW,School of Law and Public Policy,S009,Massachusetts Innovation Fund,Provincial/State,Research Project,2025-01-16,2025-01,FY25,198600,Not Funded,,0,2025-07-15,180,,
LP-2025-00519,R0048,Elena Patel,Early Career,ARC,College of Architecture and Design,S012,Future Cities Foundation,Foundation,Training Grant,2025-11-17,2025-11,FY26,65000,Not Funded,,0,2026-05-11,175,,
LP-2024-00520,R0082,Chloe Chen,Established,ENG,College of Engineering,S020,Northstar Analytics,Industry,Research Project,2024-06-03,2024-06,FY24,77400,Closed,AW2-2024-00520,69000,2024-08-22,80,2024-10-14,2025-10-14
LP-2026-00521,R0108,Elena Patel,Established,HUM,College of Humanities,S021,Vertex Mobility Systems,Industry,Research Project,2026-07-14,2026-07,FY27,38700,Withdrawn,,0,2026-08-31,48,,
LP-2026-00522,R0157,Nadia Nguyen,Early Career,BUS,School of Business,S012,Future Cities Foundation,Foundation,Research Project,2026-05-22,2026-05,FY26,56000,Not Funded,,0,2026-08-31,101,,
LP-2026-00523,R0130,Hana Roy,Senior,ENG,College of Engineering,S006,Department of Public Health,Government,Research Project,2026-05-07,2026-05,FY26,122400,Under Review,,0,,,,
LP-2023-00524,R0091,Fatima Khan,Early Career,SOC,College of Social Innovation,S021,Vertex Mobility Systems,Industry,Training Grant,2023-06-21,2023-06,FY23,180500,Not Funded,,0,2023-11-02,134,,
LP-2025-00525,R0113,Isabelle Laurent,Established,LAW,School of Law and Public Policy,S024,Faculty Seed Grant Program,Internal,Training Grant,2025-10-15,2025-10,FY26,15000,Awarded,AW2-2025-00525,9400,2025-12-16,62,2026-01-20,2028-01-20
LP-2023-00526,R0011,Maya Bennett,Early Career,SOC,College of Social Innovation,S010,Global Health Foundation,Foundation,Research Project,2023-03-07,2023-03,FY23,67300,Closed,AW2-2023-00526,60500,2023-04-15,39,2023-06-03,2025-06-02
LP-2025-00527,R0069,Carlos Ito,Established,BUS,School of Business,S011,Community Wellbeing Trust,Foundation,Research Project,2025-10-16,2025-10,FY26,87600,Active,AW2-2025-00527,68600,2026-01-05,81,2026-02-18,2027-08-12
LP-2025-00528,R0078,Elena Patel,Senior,SCI,College of Science,S011,Community Wellbeing Trust,Foundation,Training Grant,2025-09-15,2025-09,FY26,75400,Active,AW2-2025-00528,55700,2026-03-06,172,2026-04-16,2027-10-08
LP-2023-00529,R0013,Arjun Thomas,Established,BUS,School of Business,S011,Community Wellbeing Trust,Foundation,Research Project,2023-11-23,2023-11,FY24,102700,Not Funded,,0,2024-04-20,149,,
LP-2024-00530,R0029,Rafael Reyes,Established,BUS,School of Business,S004,Advanced Technology Agency,Federal,Internal Seed,2024-05-20,2024-05,FY24,313300,Active,AW2-2024-00530,286500,2024-11-15,179,2024-12-21,2027-12-21
LP-2026-00531,R0045,Leila Martin,Early Career,BUS,School of Business,S010,Global Health Foundation,Foundation,Equipment,2026-05-10,2026-05,FY26,210700,Not Funded,,0,2026-06-17,38,,
LP-2023-00532,R0051,Victor Singh,Established,SOC,College of Social Innovation,S020,Northstar Analytics,Industry,Training Grant,2023-10-19,2023-10,FY24,56200,Withdrawn,,0,2023-12-07,49,,
LP-2023-00533,R0026,Camille Mensah,Established,ENG,College of Engineering,S021,Vertex Mobility Systems,Industry,Research Project,2023-12-15,2023-12,FY24,128500,Not Funded,,0,2024-04-23,130,,
LP-2024-00534,R0073,Arjun Thomas,Early Career,LAW,School of Law and Public Policy,S025,Interdisciplinary Catalyst Fund,Internal,Research Project,2024-06-05,2024-06,FY24,550300,Not Funded,,0,2024-07-20,45,,
LP-2024-00535,R0129,Carlos Ito,Established,LAW,School of Law and Public Policy,S002,Natural Sciences Research Council,Federal,Research Project,2024-06-01,2024-06,FY24,52100,Not Funded,,0,2024-09-11,102,,
LP-2023-00536,R0119,Rafael Reyes,Established,HSC,College of Health Sciences,S004,Advanced Technology Agency,Federal,Research Project,2023-10-15,2023-10,FY24,311400,Active,AW2-2023-00536,310900,2024-01-27,104,2024-02-23,2025-02-22
LP-2025-00537,R0132,Samira Kim,Early Career,HUM,College of Humanities,S025,Interdisciplinary Catalyst Fund,Internal,Training Grant,2025-04-06,2025-04,FY25,213400,Active,AW2-2025-00537,201300,2025-06-11,66,2025-07-12,2027-01-03
LP-2024-00538,R0179,Rafael Reyes,Early Career,SOC,College of Social Innovation,S022,Helix Medical Devices,Industry,Internal Seed,2024-02-01,2024-02,FY24,309300,Active,AW2-2024-00538,227700,2024-04-16,75,2024-05-04,2025-10-26
LP-2026-00539,R0178,Lucas Haddad,Established,ENG,College of Engineering,S023,Internal Strategic Research Fund,Internal,Research Project,2026-08-12,2026-08,FY27,165700,Under Review,,0,,,,
LP-2024-00540,R0093,Olivia Costa,Early Career,BUS,School of Business,S020,Northstar Analytics,Industry,Research Project,2024-02-04,2024-02,FY24,74000,Withdrawn,,0,2024-07-04,151,,
LP-2024-00541,R0161,Maya Bennett,Established,LAW,School of Law and Public Policy,S012,Future Cities Foundation,Foundation,Research Project,2024-02-25,2024-02,FY24,154400,Active,AW2-2024-00541,128600,2024-04-23,58,2024-06-01,2025-06-01
LP-2025-00542,R0058,Lucas Haddad,Early Career,ENG,College of Engineering,S006,Department of Public Health,Government,Research Project,2025-01-16,2025-01,FY25,83500,Active,AW2-2025-00542,53700,2025-06-19,154,2025-07-31,2026-07-31
LP-2026-00543,R0068,Theo Yamamoto,Established,HUM,College of Humanities,S006,Department of Public Health,Government,Research Project,2026-07-28,2026-07,FY27,267700,Withdrawn,,0,2026-08-31,34,,
LP-2023-00544,R0009,Carlos Ito,Early Career,LAW,School of Law and Public Policy,S004,Advanced Technology Agency,Federal,Internal Seed,2023-01-20,2023-01,FY23,59600,Closed,AW2-2023-00544,42600,2023-06-22,153,2023-08-16,2026-08-15
LP-2023-00545,R0060,Amina Ahmed,Established,HUM,College of Humanities,S005,National Science Foundation,Federal,Training Grant,2023-04-21,2023-04,FY23,147400,Active,AW2-2023-00545,146800,2023-10-07,169,2023-12-15,2025-12-14
LP-2026-00546,R0129,Carlos Ito,Established,LAW,School of Law and Public Policy,S004,Advanced Technology Agency,Federal,Training Grant,2026-04-21,2026-04,FY26,70000,Active,AW2-2026-00546,46500,2026-08-31,132,2026-10-25,2028-10-24
LP-2026-00547,R0141,Victor Singh,Senior,BUS,School of Business,S006,Department of Public Health,Government,Fellowship,2026-05-28,2026-05,FY26,250600,Not Funded,,0,2026-08-31,95,,
LP-2024-00548,R0077,Zain Gupta,Established,BUS,School of Business,S014,Biomedical Discovery Foundation,Foundation,Research Project,2024-05-02,2024-05,FY24,511300,Not Funded,,0,2024-07-15,74,,
LP-2025-00549,R0067,Nadia Nguyen,Senior,SOC,College of Social Innovation,S020,Northstar Analytics,Industry,Internal Seed,2025-11-22,2025-11,FY26,288200,Not Funded,,0,2026-05-19,178,,
LP-2024-00550,R0085,Sofia Evans,Established,BUS,School of Business,S022,Helix Medical Devices,Industry,Research Project,2024-07-09,2024-07,FY25,233900,Not Funded,,0,2024-11-04,118,,
LP-2026-00551,R0106,Priya Wang,Early Career,ENG,College of Engineering,S004,Advanced Technology Agency,Federal,Equipment,2026-07-26,2026-07,FY27,69700,Under Review,,0,,,,
LP-2024-00552,R0099,Carlos Ito,Senior,SOC,College of Social Innovation,S001,National Health Research Council,Federal,Research Project,2024-04-06,2024-04,FY24,172200,Not Funded,,0,2024-10-03,180,,
LP-2025-00553,R0099,Carlos Ito,Senior,SOC,College of Social Innovation,S020,Northstar Analytics,Industry,Equipment,2025-02-05,2025-02,FY25,329800,Awarded,AW2-2025-00553,207600,2025-07-24,169,2025-09-07,2026-09-07
LP-2025-00554,R0099,Carlos Ito,Senior,SOC,College of Social Innovation,S021,Vertex Mobility Systems,Industry,Research Project,2025-02-07,2025-02,FY25,56700,Not Funded,,0,2025-04-11,63,,
LP-2024-00555,R0123,Olivia Costa,Early Career,SOC,College of Social Innovation,S016,Urban Resilience Network,Nonprofit,Research Project,2024-12-28,2024-12,FY25,35100,Active,AW2-2024-00555,28700,2025-04-12,105,2025-05-03,2028-05-02
LP-2024-00556,R0167,Zain Gupta,Established,HSC,College of Health Sciences,S014,Biomedical Discovery Foundation,Foundation,Internal Seed,2024-07-23,2024-07,FY25,204200,Not Funded,,0,2024-11-30,130,,
LP-2023-00557,R0004,Yara Lee,Established,HUM,College of Humanities,S022,Helix Medical Devices,Industry,Research Project,2023-09-09,2023-09,FY24,157900,Not Funded,,0,2023-11-25,77,,
LP-2026-00558,R0060,Amina Ahmed,Established,HUM,College of Humanities,S007,Department of Energy and Climate,Government,Training Grant,2026-03-30,2026-03,FY26,1514300,Not Funded,,0,2026-07-12,104,,
LP-2025-00559,R0046,Priya Wang,Senior,SCI,College of Science,S025,Interdisciplinary Catalyst Fund,Internal,Internal Seed,2025-09-03,2025-09,FY26,44300,Not Funded,,0,2025-12-11,99,,
LP-2025-00560,R0027,Grace Williams,Early Career,SOC,College of Social Innovation,S010,Global Health Foundation,Foundation,Research Project,2025-05-25,2025-05,FY25,39100,Active,AW2-2025-00560,25700,2025-10-31,159,2025-12-26,2027-12-26
LP-2023-00561,R0146,Camille Mensah,Senior,ENG,College of Engineering,S016,Urban Resilience Network,Nonprofit,Research Project,2023-01-11,2023-01,FY23,295700,Closed,AW2-2023-00561,215400,2023-04-16,95,2023-06-18,2024-12-09
LP-2024-00562,R0084,Mei Tran,Senior,HUM,College of Humanities,S004,Advanced Technology Agency,Federal,Internal Seed,2024-11-22,2024-11,FY25,104600,Not Funded,,0,2025-02-21,91,,
LP-2023-00563,R0104,Gabriel Dubois,Early Career,ARC,College of Architecture and Design,S007,Department of Energy and Climate,Government,Research Project,2023-11-26,2023-11,FY24,80500,Not Funded,,0,2024-05-01,157,,
LP-2024-00564,R0132,Samira Kim,Early Career,HUM,College of Humanities,S008,Ontario Research Fund,Provincial/State,Internal Seed,2024-09-20,2024-09,FY25,225200,Closed,AW2-2024-00564,197500,2024-11-04,45,2025-01-16,2026-01-16
LP-2024-00565,R0095,Daniel Walker,Early Career,HSC,College of Health Sciences,S005,National Science Foundation,Federal,Research Project,2024-09-07,2024-09,FY25,32200,Closed,AW2-2024-00565,23000,2025-02-11,157,2025-03-13,2027-03-13
LP-2025-00566,R0098,Theo Yamamoto,Early Career,ENG,College of Engineering,S011,Community Wellbeing Trust,Foundation,Fellowship,2025-07-02,2025-07,FY26,92600,Awarded,AW2-2025-00566,58300,2025-12-30,181,2026-03-05,2027-03-05
LP-2023-00567,R0080,Noah Johnson,Established,ARC,College of Architecture and Design,S008,Ontario Research Fund,Provincial/State,Research Project,2023-03-02,2023-03,FY23,197600,Active,AW2-2023-00567,123100,2023-05-23,82,2023-07-12,2026-07-11
LP-2024-00568,R0067,Nadia Nguyen,Senior,SOC,College of Social Innovation,S019,Apex Biotechnologies,Industry,Fellowship,2024-01-24,2024-01,FY24,110100,Closed,AW2-2024-00568,80700,2024-06-01,129,2024-08-12,2026-08-12
LP-2025-00569,R0004,Yara Lee,Established,HUM,College of Humanities,S014,Biomedical Discovery Foundation,Foundation,Research Project,2025-06-05,2025-06,FY25,20100,Awarded,AW2-2025-00569,13300,2025-12-11,189,2025-12-30,2027-12-30
LP-2025-00570,R0152,Jonah Smith,Early Career,ARC,College of Architecture and Design,S001,National Health Research Council,Federal,Internal Seed,2025-01-30,2025-01,FY25,469100,Not Funded,,0,2025-05-06,96,,
LP-2023-00571,R0169,Jia Zhou,Established,LAW,School of Law and Public Policy,S014,Biomedical Discovery Foundation,Foundation,Training Grant,2023-12-16,2023-12,FY24,127800,Closed,AW2-2023-00571,86600,2024-06-21,188,2024-08-20,2025-08-20
LP-2024-00572,R0131,Maya Bennett,Established,SOC,College of Social Innovation,S005,National Science Foundation,Federal,Research Project,2024-11-17,2024-11,FY25,283300,Awarded,AW2-2024-00572,213400,2025-03-26,129,2025-06-02,2026-11-24
LP-2023-00573,R0152,Jonah Smith,Early Career,ARC,College of Architecture and Design,S009,Massachusetts Innovation Fund,Provincial/State,Equipment,2023-11-27,2023-11,FY24,40200,Closed,AW2-2023-00573,29700,2024-05-10,165,2024-05-26,2025-11-17
LP-2025-00574,R0118,Lucas Haddad,Senior,SCI,College of Science,S025,Interdisciplinary Catalyst Fund,Internal,Research Project,2025-06-09,2025-06,FY25,116500,Active,AW2-2025-00574,115600,2025-08-16,68,2025-09-25,2027-03-19
LP-2025-00575,R0103,Arjun Thomas,Established,HSC,College of Health Sciences,S004,Advanced Technology Agency,Federal,Training Grant,2025-04-08,2025-04,FY25,256300,Active,AW2-2025-00575,251700,2025-07-10,93,2025-09-20,2027-03-14
LP-2024-00576,R0088,Lucas Haddad,Early Career,ARC,College of Architecture and Design,S002,Natural Sciences Research Council,Federal,Research Project,2024-09-16,2024-09,FY25,199800,Active,AW2-2024-00576,126000,2025-02-06,143,2025-02-19,2027-02-19
LP-2024-00577,R0130,Hana Roy,Senior,ENG,College of Engineering,S012,Future Cities Foundation,Foundation,Research Project,2024-07-31,2024-07,FY25,113700,Not Funded,,0,2024-10-16,77,,
LP-2026-00578,R0110,Noah Johnson,Early Career,SCI,College of Science,S004,Advanced Technology Agency,Federal,Research Project,2026-05-05,2026-05,FY26,86300,Awarded,AW2-2026-00578,82100,2026-08-31,118,2026-10-11,2028-10-10
LP-2024-00579,R0095,Daniel Walker,Early Career,HSC,College of Health Sciences,S003,Social Innovation Research Council,Federal,Research Project,2024-02-13,2024-02,FY24,69000,Active,AW2-2024-00579,47600,2024-06-17,125,2024-08-04,2025-08-04
LP-2026-00580,R0126,Jamal Garcia,Established,SCI,College of Science,S020,Northstar Analytics,Industry,Research Project,2026-02-17,2026-02,FY26,159700,Not Funded,,0,2026-04-13,55,,
LP-2024-00581,R0150,Amina Ahmed,Established,SCI,College of Science,S007,Department of Energy and Climate,Government,Equipment,2024-02-29,2024-02,FY24,167500,Active,AW2-2024-00581,166100,2024-08-07,160,2024-09-03,2026-02-25
LP-2023-00582,R0037,Nadia Nguyen,Early Career,BUS,School of Business,S021,Vertex Mobility Systems,Industry,Research Project,2023-07-12,2023-07,FY24,331900,Closed,AW2-2023-00582,226100,2023-11-19,130,2024-01-03,2025-06-26
LP-2023-00583,R0124,Yara Lee,Established,HUM,College of Humanities,S002,Natural Sciences Research Council,Federal,Equipment,2023-03-03,2023-03,FY23,65100,Withdrawn,,0,2023-06-08,97,,
LP-2024-00584,R0149,Rafael Reyes,Early Career,BUS,School of Business,S011,Community Wellbeing Trust,Foundation,Research Project,2024-01-04,2024-01,FY24,99500,Not Funded,,0,2024-04-22,109,,
LP-2023-00585,R0098,Theo Yamamoto,Early Career,ENG,College of Engineering,S008,Ontario Research Fund,Provincial/State,Training Grant,2023-06-26,2023-06,FY23,221500,Closed,AW2-2023-00585,181300,2023-10-11,107,2023-12-18,2025-12-17
LP-2024-00586,R0022,Chloe Chen,Senior,SCI,College of Science,S001,National Health Research Council,Federal,Equipment,2024-10-07,2024-10,FY25,425000,Active,AW2-2024-00586,385300,2025-04-10,185,2025-04-22,2026-04-22
LP-2023-00587,R0112,Chloe Chen,Early Career,ARC,College of Architecture and Design,S007,Department of Energy and Climate,Government,Research Project,2023-08-21,2023-08,FY24,218100,Closed,AW2-2023-00587,179700,2023-11-06,77,2023-12-16,2025-12-15
LP-2024-00588,R0008,Theo Yamamoto,Senior,ARC,College of Architecture and Design,S007,Department of Energy and Climate,Government,Training Grant,2024-12-30,2024-12,FY25,215300,Not Funded,,0,2025-05-05,126,,
LP-2023-00589,R0132,Samira Kim,Early Career,HUM,College of Humanities,S022,Helix Medical Devices,Industry,Research Project,2023-12-27,2023-12,FY24,57400,Not Funded,,0,2024-04-29,124,,
LP-2025-00590,R0074,Gabriel Dubois,Established,ENG,College of Engineering,S009,Massachusetts Innovation Fund,Provincial/State,Research Project,2025-08-20,2025-08,FY26,48400,Active,AW2-2025-00590,32500,2025-12-21,123,2026-02-14,2028-02-14
LP-2024-00591,R0104,Gabriel Dubois,Early Career,ARC,College of Architecture and Design,S025,Interdisciplinary Catalyst Fund,Internal,Research Project,2024-02-18,2024-02,FY24,66800,Closed,AW2-2024-00591,53300,2024-04-25,67,2024-06-29,2026-06-29
LP-2026-00592,R0035,Daniel Walker,Established,SOC,College of Social Innovation,S012,Future Cities Foundation,Foundation,Training Grant,2026-05-06,2026-05,FY26,358500,Active,AW2-2026-00592,278800,2026-08-22,108,2026-10-09,2027-10-09
LP-2023-00593,R0122,Jonah Smith,Established,ENG,College of Engineering,S017,International Research Consortium,International,Fellowship,2023-09-28,2023-09,FY24,589400,Closed,AW2-2023-00593,413400,2023-12-22,85,2024-01-23,2026-01-22
LP-2024-00594,R0145,Sofia Evans,Senior,LAW,School of Law and Public Policy,S012,Future Cities Foundation,Foundation,Research Project,2024-09-17,2024-09,FY25,181200,Not Funded,,0,2025-03-25,189,,
LP-2025-00595,R0119,Rafael Reyes,Established,HSC,College of Health Sciences,S005,National Science Foundation,Federal,Research Project,2025-04-12,2025-04,FY25,51900,Active,AW2-2025-00595,33700,2025-09-14,155,2025-10-07,2027-10-07
LP-2025-00596,R0051,Victor Singh,Established,SOC,College of Social Innovation,S017,International Research Consortium,International,Fellowship,2025-07-28,2025-07,FY26,301100,Not Funded,,0,2025-09-14,48,,
LP-2023-00597,R0027,Grace Williams,Early Career,SOC,College of Social Innovation,S023,Internal Strategic Research Fund,Internal,Research Project,2023-10-09,2023-10,FY24,164300,Not Funded,,0,2023-12-25,77,,
LP-2023-00598,R0002,Jonah Smith,Early Career,ENG,College of Engineering,S018,Global Development Partnership,International,Research Project,2023-10-07,2023-10,FY24,185500,Closed,AW2-2023-00598,185400,2024-03-24,169,2024-05-20,2027-05-20
LP-2026-00599,R0067,Nadia Nguyen,Senior,SOC,College of Social Innovation,S014,Biomedical Discovery Foundation,Foundation,Research Project,2026-03-10,2026-03,FY26,72300,Not Funded,,0,2026-07-08,120,,
LP-2023-00600,R0010,Hana Roy,Early Career,ENG,College of Engineering,S014,Biomedical Discovery Foundation,Foundation,Training Grant,2023-03-14,2023-03,FY23,32200,Active,AW2-2023-00600,26400,2023-07-26,134,2023-08-12,2024-08-11
LP-2023-00601,R0053,Isabelle Laurent,Early Career,BUS,School of Business,S005,National Science Foundation,Federal,Fellowship,2023-09-15,2023-09,FY24,111900,Closed,AW2-2023-00601,110000,2024-03-04,171,2024-04-23,2026-04-23
LP-2024-00602,R0031,Fatima Khan,Established,HSC,College of Health Sciences,S025,Interdisciplinary Catalyst Fund,Internal,Training Grant,2024-03-22,2024-03,FY24,652400,Closed,AW2-2024-00602,445100,2024-09-17,179,2024-10-08,2027-10-08
LP-2024-00603,R0039,Carlos Ito,Senior,HSC,College of Health Sciences,S006,Department of Public Health,Government,Training Grant,2024-03-03,2024-03,FY24,345400,Not Funded,,0,2024-04-29,57,,
LP-2024-00604,R0159,Carlos Ito,Early Career,HSC,College of Health Sciences,S005,National Science Foundation,Federal,Research Project,2024-11-20,2024-11,FY25,272900,Not Funded,,0,2025-02-22,94,,
LP-2024-00605,R0137,Zain Gupta,Established,LAW,School of Law and Public Policy,S011,Community Wellbeing Trust,Foundation,Fellowship,2024-03-25,2024-03,FY24,98100,Not Funded,,0,2024-06-08,75,,
LP-2023-00606,R0170,Noah Johnson,Established,ENG,College of Engineering,S015,Civic Data Collaborative,Nonprofit,Research Project,2023-01-29,2023-01,FY23,34600,Not Funded,,0,2023-03-30,60,,
LP-2025-00607,R0049,Jia Zhou,Senior,LAW,School of Law and Public Policy,S019,Apex Biotechnologies,Industry,Research Project,2025-02-22,2025-02,FY25,814500,Not Funded,,0,2025-06-17,115,,
LP-2023-00608,R0023,Isabelle Laurent,Established,HSC,College of Health Sciences,S004,Advanced Technology Agency,Federal,Research Project,2023-08-09,2023-08,FY24,87100,Closed,AW2-2023-00608,68100,2024-01-05,149,2024-02-03,2025-07-27
LP-2023-00609,R0102,Samira Kim,Established,SCI,College of Science,S023,Internal Strategic Research Fund,Internal,Research Project,2023-07-14,2023-07,FY24,123800,Closed,AW2-2023-00609,84400,2023-12-30,169,2024-02-12,2026-02-11
LP-2025-00610,R0124,Yara Lee,Established,HUM,College of Humanities,S024,Faculty Seed Grant Program,Internal,Research Project,2025-11-01,2025-11,FY26,249300,Not Funded,,0,2026-01-10,70,,
LP-2023-00611,R0011,Maya Bennett,Early Career,SOC,College of Social Innovation,S002,Natural Sciences Research Council,Federal,Research Project,2023-12-27,2023-12,FY24,144900,Closed,AW2-2023-00611,115700,2024-02-11,46,2024-03-21,2025-03-21
LP-2024-00612,R0133,Arjun Thomas,Early Career,BUS,School of Business,S012,Future Cities Foundation,Foundation,Fellowship,2024-11-03,2024-11,FY25,164400,Not Funded,,0,2025-01-01,59,,
LP-2023-00613,R0164,Gabriel Dubois,Senior,HUM,College of Humanities,S020,Northstar Analytics,Industry,Equipment,2023-02-26,2023-02,FY23,31400,Closed,AW2-2023-00613,26700,2023-06-29,123,2023-08-17,2025-02-07
LP-2023-00614,R0008,Theo Yamamoto,Senior,ARC,College of Architecture and Design,S020,Northstar Analytics,Industry,Fellowship,2023-10-18,2023-10,FY24,34100,Closed,AW2-2023-00614,24600,2023-12-23,66,2024-02-07,2026-02-06
LP-2023-00615,R0098,Theo Yamamoto,Early Career,ENG,College of Engineering,S018,Global Development Partnership,International,Research Project,2023-01-24,2023-01,FY23,50400,Closed,AW2-2023-00615,37300,2023-03-08,43,2023-05-03,2026-05-02
LP-2025-00616,R0151,Fatima Khan,Early Career,HSC,College of Health Sciences,S001,National Health Research Council,Federal,Research Project,2025-08-28,2025-08,FY26,24400,Not Funded,,0,2026-01-19,144,,
LP-2026-00617,R0045,Leila Martin,Early Career,BUS,School of Business,S012,Future Cities Foundation,Foundation,Research Project,2026-07-26,2026-07,FY27,294900,Under Review,,0,,,,
LP-2024-00618,R0107,Zain Gupta,Early Career,SOC,College of Social Innovation,S009,Massachusetts Innovation Fund,Provincial/State,Research Project,2024-05-13,2024-05,FY24,73100,Active,AW2-2024-00618,70000,2024-06-22,40,2024-08-28,2025-08-28
LP-2023-00619,R0170,Noah Johnson,Established,ENG,College of Engineering,S014,Biomedical Discovery Foundation,Foundation,Internal Seed,2023-05-13,2023-05,FY23,73200,Not Funded,,0,2023-11-17,188,,
LP-2025-00620,R0135,Leila Martin,Established,HSC,College of Health Sciences,S024,Faculty Seed Grant Program,Internal,Training Grant,2025-11-26,2025-11,FY26,912400,Active,AW2-2025-00620,688300,2026-05-18,173,2026-07-08,2029-07-07
LP-2026-00621,R0030,Amina Ahmed,Established,SCI,College of Science,S010,Global Health Foundation,Foundation,Research Project,2026-06-12,2026-06,FY26,118000,Active,AW2-2026-00621,105000,2026-08-31,80,2026-09-28,2028-03-21
LP-2024-00622,R0167,Zain Gupta,Established,HSC,College of Health Sciences,S003,Social Innovation Research Council,Federal,Training Grant,2024-12-31,2024-12,FY25,265200,Active,AW2-2024-00622,219200,2025-03-02,61,2025-04-28,2026-04-28
LP-2024-00623,R0083,Isabelle Laurent,Established,SOC,College of Social Innovation,S025,Interdisciplinary Catalyst Fund,Internal,Fellowship,2024-06-08,2024-06,FY24,154600,Not Funded,,0,2024-10-11,125,,
LP-2024-00624,R0030,Amina Ahmed,Established,SCI,College of Science,S004,Advanced Technology Agency,Federal,Research Project,2024-02-22,2024-02,FY24,260000,Closed,AW2-2024-00624,163900,2024-04-19,57,2024-05-23,2025-05-23
LP-2024-00625,R0073,Arjun Thomas,Early Career,LAW,School of Law and Public Policy,S009,Massachusetts Innovation Fund,Provincial/State,Research Project,2024-03-05,2024-03,FY24,74500,Not Funded,,0,2024-09-08,187,,
LP-2023-00626,R0136,Priya Wang,Senior,ARC,College of Architecture and Design,S016,Urban Resilience Network,Nonprofit,Equipment,2023-12-27,2023-12,FY24,120200,Not Funded,,0,2024-06-09,165,,
LP-2024-00627,R0101,Maya Bennett,Established,BUS,School of Business,S001,National Health Research Council,Federal,Fellowship,2024-08-17,2024-08,FY25,122100,Closed,AW2-2024-00627,104500,2025-02-20,187,2025-03-08,2026-08-30
LP-2023-00628,R0013,Arjun Thomas,Established,BUS,School of Business,S015,Civic Data Collaborative,Nonprofit,Research Project,2023-09-14,2023-09,FY24,371500,Active,AW2-2023-00628,347600,2024-03-09,177,2024-05-12,2026-05-12
LP-2025-00629,R0083,Isabelle Laurent,Established,SOC,College of Social Innovation,S002,Natural Sciences Research Council,Federal,Research Project,2025-10-16,2025-10,FY26,109400,Not Funded,,0,2026-03-11,146,,
LP-2026-00630,R0060,Amina Ahmed,Established,HUM,College of Humanities,S001,National Health Research Council,Federal,Research Project,2026-07-15,2026-07,FY27,38300,Not Funded,,0,2026-08-31,47,,
LP-2026-00631,R0084,Mei Tran,Senior,HUM,College of Humanities,S005,National Science Foundation,Federal,Training Grant,2026-03-31,2026-03,FY26,44200,Active,AW2-2026-00631,29800,2026-06-03,64,2026-07-24,2028-01-15
LP-2025-00632,R0068,Theo Yamamoto,Established,HUM,College of Humanities,S019,Apex Biotechnologies,Industry,Research Project,2025-02-10,2025-02,FY25,92500,Active,AW2-2025-00632,80700,2025-06-28,138,2025-08-11,2028-08-10
LP-2023-00633,R0006,Jamal Garcia,Established,SCI,College of Science,S020,Northstar Analytics,Industry,Equipment,2023-09-24,2023-09,FY24,147400,Withdrawn,,0,2024-02-17,146,,
LP-2024-00634,R0006,Jamal Garcia,Established,SCI,College of Science,S005,National Science Foundation,Federal,Research Project,2024-09-07,2024-09,FY25,384700,Closed,AW2-2024-00634,332200,2025-01-28,143,2025-02-19,2027-02-19
LP-2025-00635,R0002,Jonah Smith,Early Career,ENG,College of Engineering,S024,Faculty Seed Grant Program,Internal,Research Project,2025-03-15,2025-03,FY25,350800,Not Funded,,0,2025-05-04,50,,
LP-2023-00636,R0134,Gabriel Dubois,Early Career,SCI,College of Science,S017,International Research Consortium,International,Research Project,2023-12-08,2023-12,FY24,25700,Closed,AW2-2023-00636,24700,2024-04-15,129,2024-06-20,2026-06-20
LP-2026-00637,R0009,Carlos Ito,Early Career,LAW,School of Law and Public Policy,S014,Biomedical Discovery Foundation,Foundation,Research Project,2026-01-24,2026-01,FY26,60900,Awarded,AW2-2026-00637,50700,2026-05-22,118,2026-07-26,2028-01-17
LP-2023-00638,R0051,Victor Singh,Established,SOC,College of Social Innovation,S023,Internal Strategic Research Fund,Internal,Research Project,2023-12-31,2023-12,FY24,26300,Withdrawn,,0,2024-02-20,51,,
LP-2026-00639,R0104,Gabriel Dubois,Early Career,ARC,College of Architecture and Design,S025,Interdisciplinary Catalyst Fund,Internal,Research Project,2026-08-03,2026-08,FY27,107800,Submitted,,0,,,,
LP-2023-00640,R0171,Victor Singh,Early Career,SOC,College of Social Innovation,S006,Department of Public Health,Government,Research Project,2023-05-13,2023-05,FY23,92800,Not Funded,,0,2023-06-28,46,,
LP-2024-00641,R0127,Nadia Nguyen,Senior,HSC,College of Health Sciences,S015,Civic Data Collaborative,Nonprofit,Research Project,2024-09-06,2024-09,FY25,88900,Closed,AW2-2024-00641,78400,2025-02-25,172,2025-04-01,2026-09-23
LP-2026-00642,R0094,Yara Lee,Established,SCI,College of Science,S001,National Health Research Council,Federal,Research Project,2026-07-31,2026-07,FY27,46500,Under Review,,0,,,,
LP-2024-00643,R0132,Samira Kim,Early Career,HUM,College of Humanities,S006,Department of Public Health,Government,Internal Seed,2024-12-03,2024-12,FY25,339000,Not Funded,,0,2025-03-26,113,,
LP-2025-00644,R0111,Victor Singh,Senior,HSC,College of Health Sciences,S020,Northstar Analytics,Industry,Research Project,2025-03-25,2025-03,FY25,113200,Active,AW2-2025-00644,89600,2025-09-02,161,2025-10-13,2027-10-13
LP-2023-00645,R0099,Carlos Ito,Senior,SOC,College of Social Innovation,S006,Department of Public Health,Government,Training Grant,2023-08-17,2023-08,FY24,81100,Not Funded,,0,2024-01-13,149,,
LP-2025-00646,R0055,Sofia Evans,Early Career,HSC,College of Health Sciences,S023,Internal Strategic Research Fund,Internal,Research Project,2025-02-05,2025-02,FY25,222900,Active,AW2-2025-00646,183800,2025-07-28,173,2025-09-28,2026-09-28
LP-2026-00647,R0022,Chloe Chen,Senior,SCI,College of Science,S010,Global Health Foundation,Foundation,Fellowship,2026-06-29,2026-06,FY26,190500,Awarded,AW2-2026-00647,170000,2026-08-31,63,2026-10-21,2028-10-20
LP-2024-00648,R0124,Yara Lee,Established,HUM,College of Humanities,S021,Vertex Mobility Systems,Industry,Fellowship,2024-08-07,2024-08,FY25,143700,Not Funded,,0,2024-10-13,67,,
LP-2023-00649,R0081,Victor Singh,Established,LAW,School of Law and Public Policy,S010,Global Health Foundation,Foundation,Research Project,2023-12-21,2023-12,FY24,117000,Active,AW2-2023-00649,89600,2024-05-12,143,2024-06-03,2025-11-25
LP-2023-00650,R0135,Leila Martin,Established,HSC,College of Health Sciences,S012,Future Cities Foundation,Foundation,Research Project,2023-12-19,2023-12,FY24,270800,Not Funded,,0,2024-04-14,117,,
LP-2025-00651,R0134,Gabriel Dubois,Early Career,SCI,College of Science,S015,Civic Data Collaborative,Nonprofit,Internal Seed,2025-11-04,2025-11,FY26,164700,Not Funded,,0,2026-04-28,175,,
LP-2025-00652,R0154,Yara Lee,Senior,ENG,College of Engineering,S022,Helix Medical Devices,Industry,Research Project,2025-08-11,2025-08,FY26,287800,Withdrawn,,0,2025-10-14,64,,
LP-2024-00653,R0002,Jonah Smith,Early Career,ENG,College of Engineering,S017,International Research Consortium,International,Research Project,2024-04-17,2024-04,FY24,118200,Active,AW2-2024-00653,83700,2024-07-17,91,2024-09-17,2026-09-17
LP-2023-00654,R0021,Victor Singh,Established,BUS,School of Business,S016,Urban Resilience Network,Nonprofit,Research Project,2023-03-03,2023-03,FY23,113100,Not Funded,,0,2023-06-23,112,,
LP-2025-00655,R0131,Maya Bennett,Established,SOC,College of Social Innovation,S011,Community Wellbeing Trust,Foundation,Internal Seed,2025-03-25,2025-03,FY25,106000,Active,AW2-2025-00655,67700,2025-09-18,177,2025-11-18,2027-05-12
LP-2025-00656,R0106,Priya Wang,Early Career,ENG,College of Engineering,S002,Natural Sciences Research Council,Federal,Research Project,2025-03-28,2025-03,FY25,36700,Not Funded,,0,2025-05-02,35,,
LP-2026-00657,R0167,Zain Gupta,Established,HSC,College of Health Sciences,S002,Natural Sciences Research Council,Federal,Equipment,2026-08-10,2026-08,FY27,84400,Submitted,,0,,,,
LP-2024-00658,R0003,Olivia Costa,Established,SOC,College of Social Innovation,S013,Education Access Foundation,Foundation,Research Project,2024-01-21,2024-01,FY24,172700,Closed,AW2-2024-00658,113900,2024-05-29,129,2024-07-05,2027-07-05
LP-2025-00659,R0059,Rafael Reyes,Senior,SOC,College of Social Innovation,S022,Helix Medical Devices,Industry,Training Grant,2025-01-09,2025-01,FY25,272700,Active,AW2-2025-00659,196500,2025-07-06,178,2025-08-17,2027-02-08
LP-2026-00660,R0024,Mei Tran,Established,ARC,College of Architecture and Design,S009,Massachusetts Innovation Fund,Provincial/State,Training Grant,2026-05-21,2026-05,FY26,74700,Not Funded,,0,2026-08-31,102,,
LP-2023-00661,R0119,Rafael Reyes,Established,HSC,College of Health Sciences,S002,Natural Sciences Research Council,Federal,Training Grant,2023-09-13,2023-09,FY24,154300,Active,AW2-2023-00661,125500,2023-11-14,62,2023-12-29,2024-12-28
LP-2024-00662,R0148,Lucas Haddad,Established,HUM,College of Humanities,S018,Global Development Partnership,International,Internal Seed,2024-06-28,2024-06,FY24,76300,Closed,AW2-2024-00662,71200,2025-01-03,189,2025-02-06,2026-07-31
LP-2025-00663,R0105,Leila Martin,Established,LAW,School of Law and Public Policy,S007,Department of Energy and Climate,Government,Research Project,2025-12-10,2025-12,FY26,282300,Closed,AW2-2025-00663,247800,2026-03-22,102,2026-06-05,2028-06-04
LP-2024-00664,R0034,Yara Lee,Established,ENG,College of Engineering,S013,Education Access Foundation,Foundation,Research Project,2024-12-05,2024-12,FY25,563000,Closed,AW2-2024-00664,503200,2025-01-29,55,2025-02-13,2027-02-13
LP-2025-00665,R0158,Theo Yamamoto,Established,SCI,College of Science,S025,Interdisciplinary Catalyst Fund,Internal,Research Project,2025-12-30,2025-12,FY26,129400,Active,AW2-2025-00665,100900,2026-05-30,151,2026-08-09,2027-08-09
LP-2025-00666,R0037,Nadia Nguyen,Early Career,BUS,School of Business,S012,Future Cities Foundation,Foundation,Research Project,2025-02-11,2025-02,FY25,25100,Active,AW2-2025-00666,15800,2025-06-11,120,2025-07-25,2027-07-25
LP-2023-00667,R0081,Victor Singh,Established,LAW,School of Law and Public Policy,S013,Education Access Foundation,Foundation,Internal Seed,2023-04-16,2023-04,FY23,23500,Not Funded,,0,2023-08-22,128,,
LP-2024-00668,R0090,Amina Ahmed,Established,ENG,College of Engineering,S024,Faculty Seed Grant Program,Internal,Research Project,2024-12-07,2024-12,FY25,187800,Not Funded,,0,2025-05-11,155,,
LP-2023-00669,R0120,Amina Ahmed,Early Career,ARC,College of Architecture and Design,S002,Natural Sciences Research Council,Federal,Research Project,2023-09-07,2023-09,FY24,105900,Not Funded,,0,2024-01-20,135,,
LP-2023-00670,R0149,Rafael Reyes,Early Career,BUS,School of Business,S022,Helix Medical Devices,Industry,Research Project,2023-03-21,2023-03,FY23,424200,Not Funded,,0,2023-09-20,183,,
LP-2026-00671,R0078,Elena Patel,Senior,SCI,College of Science,S006,Department of Public Health,Government,Research Project,2026-05-13,2026-05,FY26,143300,Active,AW2-2026-00671,117100,2026-08-26,105,2026-11-05,2029-11-04
LP-2026-00672,R0172,Chloe Chen,Early Career,HUM,College of Humanities,S005,National Science Foundation,Federal,Research Project,2026-02-16,2026-02,FY26,457100,Closed,AW2-2026-00672,406800,2026-07-01,135,2026-08-17,2027-08-17
LP-2024-00673,R0085,Sofia Evans,Established,BUS,School of Business,S025,Interdisciplinary Catalyst Fund,Internal,Research Project,2024-08-30,2024-08,FY25,64500,Not Funded,,0,2024-11-28,90,,
LP-2024-00674,R0115,Sofia Evans,Early Career,SOC,College of Social Innovation,S004,Advanced Technology Agency,Federal,Equipment,2024-10-27,2024-10,FY25,145800,Closed,AW2-2024-00674,93000,2025-03-09,133,2025-05-01,2026-10-23
LP-2025-00675,R0125,Daniel Walker,Established,BUS,School of Business,S011,Community Wellbeing Trust,Foundation,Training Grant,2025-01-28,2025-01,FY25,136700,Active,AW2-2025-00675,118400,2025-03-28,59,2025-04-07,2027-04-07
LP-2026-00676,R0049,Jia Zhou,Senior,LAW,School of Law and Public Policy,S018,Global Development Partnership,International,Research Project,2026-02-08,2026-02,FY26,194700,Not Funded,,0,2026-05-23,104,,
LP-2026-00677,R0077,Zain Gupta,Established,BUS,School of Business,S020,Northstar Analytics,Industry,Research Project,2026-04-17,2026-04,FY26,53200,Awarded,AW2-2026-00677,47900,2026-07-21,95,2026-09-12,2029-09-11
LP-2025-00678,R0148,Lucas Haddad,Established,HUM,College of Humanities,S006,Department of Public Health,Government,Fellowship,2025-01-29,2025-01,FY25,90700,Active,AW2-2025-00678,69000,2025-07-23,175,2025-09-15,2027-03-09
LP-2024-00679,R0041,Maya Bennett,Established,LAW,School of Law and Public Policy,S015,Civic Data Collaborative,Nonprofit,Internal Seed,2024-11-02,2024-11,FY25,96900,Not Funded,,0,2024-12-25,53,,
LP-2025-00680,R0058,Lucas Haddad,Early Career,ENG,College of Engineering,S021,Vertex Mobility Systems,Industry,Equipment,2025-06-13,2025-06,FY25,31600,Active,AW2-2025-00680,26100,2025-08-11,59,2025-10-01,2027-03-25
LP-2024-00681,R0009,Carlos Ito,Early Career,LAW,School of Law and Public Policy,S014,Biomedical Discovery Foundation,Foundation,Research Project,2024-05-31,2024-05,FY24,318900,Not Funded,,0,2024-09-16,108,,
LP-2026-00682,R0149,Rafael Reyes,Early Career,BUS,School of Business,S007,Department of Energy and Climate,Government,Research Project,2026-03-14,2026-03,FY26,75200,Withdrawn,,0,2026-05-15,62,,
LP-2025-00683,R0003,Olivia Costa,Established,SOC,College of Social Innovation,S006,Department of Public Health,Government,Research Project,2025-10-10,2025-10,FY26,142100,Active,AW2-2025-00683,96200,2025-12-10,61,2026-01-09,2027-01-09
LP-2026-00684,R0165,Leila Martin,Early Career,BUS,School of Business,S006,Department of Public Health,Government,Fellowship,2026-05-14,2026-05,FY26,56600,Under Review,,0,,,,
LP-2023-00685,R0180,Amina Ahmed,Established,HUM,College of Humanities,S017,International Research Consortium,International,Research Project,2023-11-21,2023-11,FY24,220400,Closed,AW2-2023-00685,199900,2024-04-04,135,2024-05-29,2026-05-29
LP-2024-00686,R0089,Rafael Reyes,Established,LAW,School of Law and Public Policy,S005,National Science Foundation,Federal,Research Project,2024-05-26,2024-05,FY24,77000,Not Funded,,0,2024-10-11,138,,
LP-2025-00687,R0104,Gabriel Dubois,Early Career,ARC,College of Architecture and Design,S006,Department of Public Health,Government,Fellowship,2025-12-22,2025-12,FY26,144100,Active,AW2-2025-00687,142800,2026-04-04,103,2026-04-21,2027-10-13
LP-2026-00688,R0063,Olivia Costa,Early Career,HSC,College of Health Sciences,S010,Global Health Foundation,Foundation,Training Grant,2026-02-26,2026-02,FY26,88100,Not Funded,,0,2026-07-27,151,,
LP-2025-00689,R0041,Maya Bennett,Established,LAW,School of Law and Public Policy,S003,Social Innovation Research Council,Federal,Training Grant,2025-06-22,2025-06,FY25,46000,Active,AW2-2025-00689,40700,2025-08-25,64,2025-10-31,2028-10-30
LP-2026-00690,R0173,Isabelle Laurent,Established,BUS,School of Business,S019,Apex Biotechnologies,Industry,Training Grant,2026-05-12,2026-05,FY26,31100,Withdrawn,,0,2026-07-13,62,,
LP-2025-00691,R0167,Zain Gupta,Established,HSC,College of Health Sciences,S023,Internal Strategic Research Fund,Internal,Research Project,2025-09-05,2025-09,FY26,195900,Not Funded,,0,2025-11-08,64,,
LP-2026-00692,R0148,Lucas Haddad,Established,HUM,College of Humanities,S007,Department of Energy and Climate,Government,Fellowship,2026-07-17,2026-07,FY27,185500,Active,AW2-2026-00692,154500,2026-08-31,45,2026-09-24,2028-03-17
LP-2026-00693,R0051,Victor Singh,Established,SOC,College of Social Innovation,S023,Internal Strategic Research Fund,Internal,Research Project,2026-06-27,2026-06,FY26,167000,Not Funded,,0,2026-08-31,65,,
LP-2023-00694,R0133,Arjun Thomas,Early Career,BUS,School of Business,S022,Helix Medical Devices,Industry,Research Project,2023-10-17,2023-10,FY24,41900,Active,AW2-2023-00694,34200,2024-02-24,130,2024-04-09,2025-04-09
LP-2025-00695,R0138,Elena Patel,Early Career,ENG,College of Engineering,S018,Global Development Partnership,International,Research Project,2025-06-24,2025-06,FY25,182400,Active,AW2-2025-00695,129700,2025-10-07,105,2025-12-17,2027-06-10
LP-2026-00696,R0108,Elena Patel,Established,HUM,College of Humanities,S025,Interdisciplinary Catalyst Fund,Internal,Research Project,2026-02-09,2026-02,FY26,469900,Not Funded,,0,2026-05-19,99,,
LP-2026-00697,R0063,Olivia Costa,Early Career,HSC,College of Health Sciences,S020,Northstar Analytics,Industry,Research Project,2026-02-27,2026-02,FY26,138000,Not Funded,,0,2026-04-26,58,,
LP-2024-00698,R0053,Isabelle Laurent,Early Career,BUS,School of Business,S025,Interdisciplinary Catalyst Fund,Internal,Internal Seed,2024-12-12,2024-12,FY25,293900,Awarded,AW2-2024-00698,242200,2025-04-05,114,2025-04-25,2028-04-24
LP-2023-00699,R0080,Noah Johnson,Established,ARC,College of Architecture and Design,S006,Department of Public Health,Government,Fellowship,2023-05-26,2023-05,FY23,202600,Active,AW2-2023-00699,172900,2023-09-13,110,2023-11-02,2025-04-25
LP-2024-00700,R0103,Arjun Thomas,Established,HSC,College of Health Sciences,S010,Global Health Foundation,Foundation,Research Project,2024-03-02,2024-03,FY24,739200,Not Funded,,0,2024-04-27,56,,
LP-2024-00701,R0131,Maya Bennett,Established,SOC,College of Social Innovation,S001,National Health Research Council,Federal,Research Project,2024-05-02,2024-05,FY24,90200,Not Funded,,0,2024-08-16,106,,
LP-2025-00702,R0021,Victor Singh,Established,BUS,School of Business,S021,Vertex Mobility Systems,Industry,Research Project,2025-12-28,2025-12,FY26,48600,Active,AW2-2025-00702,41700,2026-06-25,179,2026-08-19,2028-08-18
LP-2026-00703,R0108,Elena Patel,Established,HUM,College of Humanities,S005,National Science Foundation,Federal,Research Project,2026-03-06,2026-03,FY26,62600,Closed,AW2-2026-00703,61900,2026-07-27,143,2026-08-31,2028-02-22
LP-2025-00704,R0161,Maya Bennett,Established,LAW,School of Law and Public Policy,S022,Helix Medical Devices,Industry,Research Project,2025-07-25,2025-07,FY26,106500,Awarded,AW2-2025-00704,105300,2025-10-29,96,2025-11-24,2028-11-23
LP-2024-00705,R0152,Jonah Smith,Early Career,ARC,College of Architecture and Design,S004,Advanced Technology Agency,Federal,Research Project,2024-02-03,2024-02,FY24,88400,Not Funded,,0,2024-04-22,79,,
LP-2026-00706,R0121,Fatima Khan,Early Career,LAW,School of Law and Public Policy,S003,Social Innovation Research Council,Federal,Research Project,2026-05-07,2026-05,FY26,43400,Awarded,AW2-2026-00706,31500,2026-08-18,103,2026-10-09,2027-10-09
LP-2023-00707,R0148,Lucas Haddad,Established,HUM,College of Humanities,S023,Internal Strategic Research Fund,Internal,Fellowship,2023-11-19,2023-11,FY24,33300,Active,AW2-2023-00707,27400,2024-03-02,104,2024-04-27,2025-10-19
LP-2024-00708,R0165,Leila Martin,Early Career,BUS,School of Business,S016,Urban Resilience Network,Nonprofit,Research Project,2024-12-20,2024-12,FY25,410800,Active,AW2-2024-00708,295200,2025-05-10,141,2025-07-24,2026-07-24
LP-2026-00709,R0133,Arjun Thomas,Early Career,BUS,School of Business,S005,National Science Foundation,Federal,Fellowship,2026-05-02,2026-05,FY26,69600,Under Review,,0,,,,
LP-2024-00710,R0046,Priya Wang,Senior,SCI,College of Science,S024,Faculty Seed Grant Program,Internal,Research Project,2024-03-07,2024-03,FY24,168200,Not Funded,,0,2024-07-15,130,,
LP-2024-00711,R0142,Chloe Chen,Established,SCI,College of Science,S005,National Science Foundation,Federal,Research Project,2024-08-10,2024-08,FY25,250500,Not Funded,,0,2025-01-13,156,,
LP-2024-00712,R0076,Priya Wang,Early Career,HUM,College of Humanities,S011,Community Wellbeing Trust,Foundation,Research Project,2024-11-05,2024-11,FY25,150600,Not Funded,,0,2024-12-20,45,,
LP-2023-00713,R0147,Grace Williams,Early Career,SOC,College of Social Innovation,S010,Global Health Foundation,Foundation,Research Project,2023-10-21,2023-10,FY24,146900,Closed,AW2-2023-00713,144100,2023-12-31,71,2024-02-19,2025-02-18
LP-2025-00714,R0130,Hana Roy,Senior,ENG,College of Engineering,S018,Global Development Partnership,International,Research Project,2025-04-30,2025-04,FY25,40100,Active,AW2-2025-00714,36500,2025-06-15,46,2025-08-10,2028-08-09
LP-2024-00715,R0098,Theo Yamamoto,Early Career,ENG,College of Engineering,S012,Future Cities Foundation,Foundation,Equipment,2024-11-26,2024-11,FY25,97500,Awarded,AW2-2024-00715,86300,2025-02-28,94,2025-04-13,2026-04-13
LP-2023-00716,R0105,Leila Martin,Established,LAW,School of Law and Public Policy,S010,Global Health Foundation,Foundation,Internal Seed,2023-07-09,2023-07,FY24,210800,Active,AW2-2023-00716,140000,2023-12-13,157,2024-01-06,2025-01-05
LP-2023-00717,R0020,Noah Johnson,Senior,HUM,College of Humanities,S003,Social Innovation Research Council,Federal,Research Project,2023-11-09,2023-11,FY24,55200,Not Funded,,0,2024-03-25,137,,
LP-2024-00718,R0028,Lucas Haddad,Established,HUM,College of Humanities,S005,National Science Foundation,Federal,Research Project,2024-07-27,2024-07,FY25,535100,Not Funded,,0,2025-01-27,184,,
LP-2025-00719,R0040,Hana Roy,Early Career,ARC,College of Architecture and Design,S020,Northstar Analytics,Industry,Internal Seed,2025-06-06,2025-06,FY25,77700,Not Funded,,0,2025-09-16,102,,
LP-2026-00720,R0018,Elena Patel,Established,ENG,College of Engineering,S019,Apex Biotechnologies,Industry,Training Grant,2026-07-13,2026-07,FY27,81600,Under Review,,0,,,,
LP-2024-00721,R0148,Lucas Haddad,Established,HUM,College of Humanities,S003,Social Innovation Research Council,Federal,Research Project,2024-02-08,2024-02,FY24,54300,Not Funded,,0,2024-08-11,185,,
LP-2024-00722,R0064,Yara Lee,Early Career,ARC,College of Architecture and Design,S011,Community Wellbeing Trust,Foundation,Research Project,2024-10-20,2024-10,FY25,215900,Awarded,AW2-2024-00722,180500,2025-02-17,120,2025-03-03,2028-03-02
LP-2023-00723,R0054,Mei Tran,Established,SCI,College of Science,S022,Helix Medical Devices,Industry,Research Project,2023-12-06,2023-12,FY24,34100,Closed,AW2-2023-00723,26000,2024-03-11,96,2024-03-30,2025-03-30
LP-2023-00724,R0126,Jamal Garcia,Established,SCI,College of Science,S016,Urban Resilience Network,Nonprofit,Internal Seed,2023-10-15,2023-10,FY24,75600,Not Funded,,0,2024-04-22,190,,
LP-2025-00725,R0167,Zain Gupta,Established,HSC,College of Health Sciences,S007,Department of Energy and Climate,Government,Research Project,2025-02-25,2025-02,FY25,149200,Not Funded,,0,2025-05-08,72,,
LP-2023-00726,R0161,Maya Bennett,Established,LAW,School of Law and Public Policy,S021,Vertex Mobility Systems,Industry,Research Project,2023-05-27,2023-05,FY23,52900,Not Funded,,0,2023-11-19,176,,
LP-2026-00727,R0130,Hana Roy,Senior,ENG,College of Engineering,S013,Education Access Foundation,Foundation,Research Project,2026-07-11,2026-07,FY27,327400,Awarded,AW2-2026-00727,309600,2026-08-28,48,2026-09-22,2028-09-21
LP-2023-00728,R0038,Theo Yamamoto,Senior,SCI,College of Science,S004,Advanced Technology Agency,Federal,Research Project,2023-07-21,2023-07,FY24,27400,Closed,AW2-2023-00728,26400,2024-01-03,166,2024-02-25,2025-08-18
LP-2024-00729,R0145,Sofia Evans,Senior,LAW,School of Law and Public Policy,S003,Social Innovation Research Council,Federal,Research Project,2024-03-10,2024-03,FY24,252800,Closed,AW2-2024-00729,174100,2024-07-11,123,2024-09-08,2025-09-08
LP-2023-00730,R0095,Daniel Walker,Early Career,HSC,College of Health Sciences,S014,Biomedical Discovery Foundation,Foundation,Research Project,2023-07-31,2023-07,FY24,202000,Active,AW2-2023-00730,185300,2023-09-22,53,2023-10-18,2025-10-17
LP-2026-00731,R0007,Nadia Nguyen,Established,HSC,College of Health Sciences,S002,Natural Sciences Research Council,Federal,Research Project,2026-04-27,2026-04,FY26,1339700,Active,AW2-2026-00731,943100,2026-08-22,117,2026-10-23,2027-10-23
LP-2023-00732,R0137,Zain Gupta,Established,LAW,School of Law and Public Policy,S001,National Health Research Council,Federal,Training Grant,2023-08-24,2023-08,FY24,63100,Active,AW2-2023-00732,54600,2023-09-30,37,2023-11-23,2024-11-22
LP-2026-00733,R0133,Arjun Thomas,Early Career,BUS,School of Business,S002,Natural Sciences Research Council,Federal,Training Grant,2026-01-05,2026-01,FY26,61300,Not Funded,,0,2026-06-06,152,,
LP-2025-00734,R0082,Chloe Chen,Established,ENG,College of Engineering,S024,Faculty Seed Grant Program,Internal,Fellowship,2025-03-27,2025-03,FY25,55100,Active,AW2-2025-00734,46200,2025-09-02,159,2025-10-25,2027-04-18
LP-2024-00735,R0034,Yara Lee,Established,ENG,College of Engineering,S015,Civic Data Collaborative,Nonprofit,Research Project,2024-10-21,2024-10,FY25,214000,Closed,AW2-2024-00735,192300,2025-04-14,175,2025-05-20,2028-05-19
LP-2023-00736,R0057,Grace Williams,Established,LAW,School of Law and Public Policy,S010,Global Health Foundation,Foundation,Research Project,2023-09-14,2023-09,FY24,52500,Active,AW2-2023-00736,49800,2023-12-07,84,2024-01-17,2025-01-16
LP-2024-00737,R0137,Zain Gupta,Established,LAW,School of Law and Public Policy,S005,National Science Foundation,Federal,Internal Seed,2024-09-15,2024-09,FY25,103300,Not Funded,,0,2025-01-31,138,,
LP-2025-00738,R0068,Theo Yamamoto,Established,HUM,College of Humanities,S020,Northstar Analytics,Industry,Internal Seed,2025-12-01,2025-12,FY26,65600,Not Funded,,0,2026-05-26,176,,
LP-2026-00739,R0001,Fatima Khan,Senior,LAW,School of Law and Public Policy,S002,Natural Sciences Research Council,Federal,Research Project,2026-02-22,2026-02,FY26,161500,Not Funded,,0,2026-08-05,164,,
LP-2024-00740,R0110,Noah Johnson,Early Career,SCI,College of Science,S002,Natural Sciences Research Council,Federal,Research Project,2024-08-13,2024-08,FY25,247100,Withdrawn,,0,2024-09-21,39,,
LP-2025-00741,R0129,Carlos Ito,Established,LAW,School of Law and Public Policy,S017,International Research Consortium,International,Research Project,2025-02-14,2025-02,FY25,38100,Active,AW2-2025-00741,24600,2025-06-11,117,2025-07-13,2027-01-04
LP-2026-00742,R0120,Amina Ahmed,Early Career,ARC,College of Architecture and Design,S019,Apex Biotechnologies,Industry,Training Grant,2026-04-10,2026-04,FY26,22700,Active,AW2-2026-00742,17700,2026-06-05,56,2026-07-05,2027-07-05
LP-2023-00743,R0107,Zain Gupta,Early Career,SOC,College of Social Innovation,S024,Faculty Seed Grant Program,Internal,Research Project,2023-02-10,2023-02,FY23,129100,Not Funded,,0,2023-06-12,122,,
LP-2023-00744,R0153,Olivia Costa,Senior,LAW,School of Law and Public Policy,S025,Interdisciplinary Catalyst Fund,Internal,Equipment,2023-12-08,2023-12,FY24,57900,Closed,AW2-2023-00744,40400,2024-01-17,40,2024-03-02,2025-08-24
LP-2025-00745,R0166,Priya Wang,Senior,SCI,College of Science,S006,Department of Public Health,Government,Research Project,2025-12-25,2025-12,FY26,162900,Active,AW2-2025-00745,151300,2026-03-09,74,2026-04-20,2028-04-19
LP-2026-00746,R0013,Arjun Thomas,Established,BUS,School of Business,S001,National Health Research Council,Federal,Research Project,2026-04-06,2026-04,FY26,210200,Not Funded,,0,2026-08-19,135,,
LP-2023-00747,R0144,Mei Tran,Early Career,ARC,College of Architecture and Design,S014,Biomedical Discovery Foundation,Foundation,Research Project,2023-11-15,2023-11,FY24,1439300,Not Funded,,0,2023-12-23,38,,
LP-2024-00748,R0096,Jamal Garcia,Established,ARC,College of Architecture and Design,S010,Global Health Foundation,Foundation,Training Grant,2024-06-02,2024-06,FY24,53200,Not Funded,,0,2024-07-23,51,,
LP-2026-00749,R0106,Priya Wang,Early Career,ENG,College of Engineering,S025,Interdisciplinary Catalyst Fund,Internal,Training Grant,2026-02-06,2026-02,FY26,136900,Closed,AW2-2026-00749,109100,2026-08-12,187,2026-10-22,2028-10-21
LP-2025-00750,R0087,Grace Williams,Senior,HSC,College of Health Sciences,S023,Internal Strategic Research Fund,Internal,Fellowship,2025-06-28,2025-06,FY25,290100,Closed,AW2-2025-00750,220500,2025-09-12,76,2025-10-26,2027-10-26
LP-2023-00751,R0060,Amina Ahmed,Established,HUM,College of Humanities,S013,Education Access Foundation,Foundation,Internal Seed,2023-11-18,2023-11,FY24,160900,Not Funded,,0,2024-01-14,57,,
LP-2024-00752,R0039,Carlos Ito,Senior,HSC,College of Health Sciences,S001,National Health Research Council,Federal,Research Project,2024-10-04,2024-10,FY25,197100,Active,AW2-2024-00752,176100,2025-01-12,100,2025-02-01,2026-07-26
LP-2025-00753,R0098,Theo Yamamoto,Early Career,ENG,College of Engineering,S010,Global Health Foundation,Foundation,Internal Seed,2025-09-20,2025-09,FY26,48200,Withdrawn,,0,2026-01-11,113,,
LP-2023-00754,R0117,Grace Williams,Established,BUS,School of Business,S008,Ontario Research Fund,Provincial/State,Research Project,2023-10-16,2023-10,FY24,157900,Closed,AW2-2023-00754,123200,2024-02-28,135,2024-04-23,2025-04-23
LP-2024-00755,R0150,Amina Ahmed,Established,SCI,College of Science,S020,Northstar Analytics,Industry,Research Project,2024-05-13,2024-05,FY24,59300,Active,AW2-2024-00755,54000,2024-09-15,125,2024-10-16,2026-04-09
LP-2026-00756,R0116,Camille Mensah,Early Career,HUM,College of Humanities,S006,Department of Public Health,Government,Training Grant,2026-01-24,2026-01,FY26,113900,Not Funded,,0,2026-03-25,60,,
LP-2024-00757,R0172,Chloe Chen,Early Career,HUM,College of Humanities,S014,Biomedical Discovery Foundation,Foundation,Research Project,2024-01-11,2024-01,FY24,244600,Closed,AW2-2024-00757,240500,2024-03-27,76,2024-04-15,2025-10-07
LP-2024-00758,R0126,Jamal Garcia,Established,SCI,College of Science,S021,Vertex Mobility Systems,Industry,Research Project,2024-07-14,2024-07,FY25,78400,Not Funded,,0,2024-12-09,148,,
LP-2026-00759,R0151,Fatima Khan,Early Career,HSC,College of Health Sciences,S001,National Health Research Council,Federal,Fellowship,2026-05-03,2026-05,FY26,29600,Under Review,,0,,,,
LP-2025-00760,R0035,Daniel Walker,Established,SOC,College of Social Innovation,S002,Natural Sciences Research Council,Federal,Internal Seed,2025-02-18,2025-02,FY25,126800,Awarded,AW2-2025-00760,96700,2025-04-21,62,2025-06-21,2028-06-20
LP-2026-00761,R0177,Grace Williams,Established,LAW,School of Law and Public Policy,S007,Department of Energy and Climate,Government,Research Project,2026-07-06,2026-07,FY27,869100,Awarded,AW2-2026-00761,767300,2026-08-31,56,2026-10-30,2028-10-29
LP-2026-00762,R0145,Sofia Evans,Senior,LAW,School of Law and Public Policy,S024,Faculty Seed Grant Program,Internal,Equipment,2026-06-14,2026-06,FY26,84400,Not Funded,,0,2026-08-31,78,,
LP-2024-00763,R0083,Isabelle Laurent,Established,SOC,College of Social Innovation,S002,Natural Sciences Research Council,Federal,Research Project,2024-07-18,2024-07,FY25,62100,Not Funded,,0,2024-09-06,50,,
LP-2024-00764,R0048,Elena Patel,Early Career,ARC,College of Architecture and Design,S004,Advanced Technology Agency,Federal,Equipment,2024-12-27,2024-12,FY25,220800,Closed,AW2-2024-00764,162400,2025-02-15,50,2025-02-25,2026-02-25
LP-2026-00765,R0014,Gabriel Dubois,Established,SCI,College of Science,S024,Faculty Seed Grant Program,Internal,Research Project,2026-02-18,2026-02,FY26,38600,Awarded,AW2-2026-00765,34800,2026-07-17,149,2026-09-12,2029-09-11
LP-2024-00766,R0004,Yara Lee,Established,HUM,College of Humanities,S002,Natural Sciences Research Council,Federal,Research Project,2024-11-03,2024-11,FY25,249400,Active,AW2-2024-00766,178700,2024-12-08,35,2025-01-14,2027-01-14
LP-2024-00767,R0099,Carlos Ito,Senior,SOC,College of Social Innovation,S013,Education Access Foundation,Foundation,Internal Seed,2024-05-21,2024-05,FY24,250400,Closed,AW2-2024-00767,231200,2024-10-11,143,2024-11-25,2025-11-25
LP-2023-00768,R0139,Jia Zhou,Established,SOC,College of Social Innovation,S006,Department of Public Health,Government,Research Project,2023-07-27,2023-07,FY24,53800,Active,AW2-2023-00768,53100,2023-09-26,61,2023-11-05,2024-11-04
LP-2023-00769,R0178,Lucas Haddad,Established,ENG,College of Engineering,S007,Department of Energy and Climate,Government,Research Project,2023-07-13,2023-07,FY24,63600,Active,AW2-2023-00769,43000,2023-09-14,63,2023-11-20,2026-11-19
LP-2024-00770,R0071,Maya Bennett,Early Career,HSC,College of Health Sciences,S020,Northstar Analytics,Industry,Research Project,2024-11-12,2024-11,FY25,444000,Active,AW2-2024-00770,288300,2025-01-15,64,2025-02-11,2026-08-05
LP-2023-00771,R0093,Olivia Costa,Early Career,BUS,School of Business,S010,Global Health Foundation,Foundation,Research Project,2023-01-26,2023-01,FY23,494100,Closed,AW2-2023-00771,334600,2023-07-07,162,2023-08-11,2026-08-10
LP-2023-00772,R0170,Noah Johnson,Established,ENG,College of Engineering,S024,Faculty Seed Grant Program,Internal,Equipment,2023-04-21,2023-04,FY23,85400,Not Funded,,0,2023-06-07,47,,
LP-2024-00773,R0120,Amina Ahmed,Early Career,ARC,College of Architecture and Design,S018,Global Development Partnership,International,Fellowship,2024-01-24,2024-01,FY24,52900,Active,AW2-2024-00773,42500,2024-03-25,61,2024-05-13,2026-05-13
LP-2025-00774,R0180,Amina Ahmed,Established,HUM,College of Humanities,S006,Department of Public Health,Government,Research Project,2025-01-25,2025-01,FY25,112700,Active,AW2-2025-00774,95200,2025-03-16,50,2025-04-09,2026-04-09
LP-2024-00775,R0151,Fatima Khan,Early Career,HSC,College of Health Sciences,S022,Helix Medical Devices,Industry,Research Project,2024-09-19,2024-09,FY25,76400,Withdrawn,,0,2024-12-29,101,,
LP-2026-00776,R0038,Theo Yamamoto,Senior,SCI,College of Science,S022,Helix Medical Devices,Industry,Research Project,2026-07-14,2026-07,FY27,50600,Awarded,AW2-2026-00776,46900,2026-08-31,48,2026-11-01,2028-10-31
LP-2025-00777,R0037,Nadia Nguyen,Early Career,BUS,School of Business,S008,Ontario Research Fund,Provincial/State,Fellowship,2025-03-25,2025-03,FY25,214400,Not Funded,,0,2025-06-24,91,,
LP-2023-00778,R0093,Olivia Costa,Early Career,BUS,School of Business,S023,Internal Strategic Research Fund,Internal,Training Grant,2023-12-16,2023-12,FY24,145200,Not Funded,,0,2024-04-17,123,,
LP-2023-00779,R0135,Leila Martin,Established,HSC,College of Health Sciences,S024,Faculty Seed Grant Program,Internal,Research Project,2023-10-25,2023-10,FY24,82800,Active,AW2-2023-00779,80000,2024-02-13,111,2024-04-16,2026-04-16
LP-2024-00780,R0045,Leila Martin,Early Career,BUS,School of Business,S020,Northstar Analytics,Industry,Training Grant,2024-12-29,2024-12,FY25,27400,Closed,AW2-2024-00780,25500,2025-02-27,60,2025-05-12,2028-05-11
LP-2026-00781,R0061,Fatima Khan,Early Career,BUS,School of Business,S008,Ontario Research Fund,Provincial/State,Fellowship,2026-02-16,2026-02,FY26,81100,Not Funded,,0,2026-07-04,138,,
LP-2026-00782,R0172,Chloe Chen,Early Career,HUM,College of Humanities,S021,Vertex Mobility Systems,Industry,Research Project,2026-08-10,2026-08,FY27,108000,Submitted,,0,,,,
LP-2025-00783,R0137,Zain Gupta,Established,LAW,School of Law and Public Policy,S006,Department of Public Health,Government,Research Project,2025-10-26,2025-10,FY26,156300,Not Funded,,0,2025-12-02,37,,
LP-2025-00784,R0020,Noah Johnson,Senior,HUM,College of Humanities,S021,Vertex Mobility Systems,Industry,Research Project,2025-12-12,2025-12,FY26,63300,Active,AW2-2025-00784,46100,2026-03-15,93,2026-05-06,2027-10-28
LP-2025-00785,R0166,Priya Wang,Senior,SCI,College of Science,S006,Department of Public Health,Government,Research Project,2025-02-14,2025-02,FY25,164500,Withdrawn,,0,2025-06-04,110,,
LP-2025-00786,R0067,Nadia Nguyen,Senior,SOC,College of Social Innovation,S001,National Health Research Council,Federal,Research Project,2025-10-26,2025-10,FY26,15000,Not Funded,,0,2026-01-13,79,,
LP-2024-00787,R0025,Sofia Evans,Early Career,LAW,School of Law and Public Policy,S012,Future Cities Foundation,Foundation,Research Project,2024-03-31,2024-03,FY24,207400,Not Funded,,0,2024-07-02,93,,
LP-2025-00788,R0158,Theo Yamamoto,Established,SCI,College of Science,S002,Natural Sciences Research Council,Federal,Training Grant,2025-09-29,2025-09,FY26,56300,Not Funded,,0,2026-04-03,186,,
LP-2026-00789,R0027,Grace Williams,Early Career,SOC,College of Social Innovation,S014,Biomedical Discovery Foundation,Foundation,Research Project,2026-05-23,2026-05,FY26,42900,Active,AW2-2026-00789,35900,2026-08-31,100,2026-11-09,2028-05-02
LP-2025-00790,R0055,Sofia Evans,Early Career,HSC,College of Health Sciences,S011,Community Wellbeing Trust,Foundation,Research Project,2025-08-28,2025-08,FY26,48800,Not Funded,,0,2025-12-16,110,,
LP-2025-00791,R0145,Sofia Evans,Senior,LAW,School of Law and Public Policy,S025,Interdisciplinary Catalyst Fund,Internal,Research Project,2025-08-21,2025-08,FY26,58300,Active,AW2-2025-00791,49500,2025-11-06,77,2026-01-09,2029-01-08
LP-2024-00792,R0079,Jia Zhou,Established,HSC,College of Health Sciences,S016,Urban Resilience Network,Nonprofit,Equipment,2024-09-22,2024-09,FY25,214700,Not Funded,,0,2024-11-18,57,,
LP-2023-00793,R0106,Priya Wang,Early Career,ENG,College of Engineering,S005,National Science Foundation,Federal,Research Project,2023-09-21,2023-09,FY24,81500,Closed,AW2-2023-00793,58300,2024-01-31,132,2024-02-15,2025-08-08
LP-2025-00794,R0034,Yara Lee,Established,ENG,College of Engineering,S024,Faculty Seed Grant Program,Internal,Fellowship,2025-05-12,2025-05,FY25,180700,Withdrawn,,0,2025-09-22,133,,
LP-2023-00795,R0087,Grace Williams,Senior,HSC,College of Health Sciences,S013,Education Access Foundation,Foundation,Research Project,2023-03-24,2023-03,FY23,194800,Not Funded,,0,2023-07-16,114,,
LP-2023-00796,R0051,Victor Singh,Established,SOC,College of Social Innovation,S023,Internal Strategic Research Fund,Internal,Training Grant,2023-12-06,2023-12,FY24,251300,Not Funded,,0,2024-05-06,152,,
LP-2026-00797,R0057,Grace Williams,Established,LAW,School of Law and Public Policy,S014,Biomedical Discovery Foundation,Foundation,Training Grant,2026-05-02,2026-05,FY26,143700,Active,AW2-2026-00797,137600,2026-06-29,58,2026-09-11,2029-09-10
LP-2025-00798,R0095,Daniel Walker,Early Career,HSC,College of Health Sciences,S006,Department of Public Health,Government,Research Project,2025-04-16,2025-04,FY25,78100,Not Funded,,0,2025-09-02,139,,
LP-2024-00799,R0136,Priya Wang,Senior,ARC,College of Architecture and Design,S006,Department of Public Health,Government,Research Project,2024-08-19,2024-08,FY25,41600,Closed,AW2-2024-00799,28900,2024-12-16,119,2025-02-18,2028-02-18
LP-2024-00800,R0017,Zain Gupta,Established,LAW,School of Law and Public Policy,S022,Helix Medical Devices,Industry,Training Grant,2024-10-01,2024-10,FY25,205600,Awarded,AW2-2024-00800,153100,2025-01-21,112,2025-03-02,2026-08-24
LP-2025-00801,R0143,Isabelle Laurent,Early Career,HSC,College of Health Sciences,S015,Civic Data Collaborative,Nonprofit,Research Project,2025-05-03,2025-05,FY25,158600,Active,AW2-2025-00801,131600,2025-09-14,134,2025-10-05,2027-03-29
LP-2023-00802,R0053,Isabelle Laurent,Early Career,BUS,School of Business,S021,Vertex Mobility Systems,Industry,Equipment,2023-05-20,2023-05,FY23,97300,Active,AW2-2023-00802,77500,2023-11-04,168,2023-12-22,2025-06-14
LP-2023-00803,R0117,Grace Williams,Established,BUS,School of Business,S022,Helix Medical Devices,Industry,Research Project,2023-10-02,2023-10,FY24,40200,Not Funded,,0,2023-11-15,44,,
LP-2024-00804,R0002,Jonah Smith,Early Career,ENG,College of Engineering,S002,Natural Sciences Research Council,Federal,Research Project,2024-01-06,2024-01,FY24,132100,Not Funded,,0,2024-04-16,101,,
LP-2024-00805,R0061,Fatima Khan,Early Career,BUS,School of Business,S024,Faculty Seed Grant Program,Internal,Research Project,2024-12-08,2024-12,FY25,175000,Not Funded,,0,2025-01-14,37,,
LP-2026-00806,R0176,Camille Mensah,Early Career,ARC,College of Architecture and Design,S007,Department of Energy and Climate,Government,Internal Seed,2026-06-15,2026-06,FY26,82600,Active,AW2-2026-00806,69800,2026-07-25,40,2026-09-01,2029-08-31
LP-2025-00807,R0087,Grace Williams,Senior,HSC,College of Health Sciences,S024,Faculty Seed Grant Program,Internal,Research Project,2025-07-13,2025-07,FY26,325200,Not Funded,,0,2025-09-27,76,,
LP-2026-00808,R0045,Leila Martin,Early Career,BUS,School of Business,S001,National Health Research Council,Federal,Research Project,2026-03-26,2026-03,FY26,124200,Active,AW2-2026-00808,91400,2026-06-06,72,2026-08-05,2028-08-04
LP-2025-00809,R0019,Jia Zhou,Early Career,SOC,College of Social Innovation,S014,Biomedical Discovery Foundation,Foundation,Research Project,2025-06-25,2025-06,FY25,89200,Not Funded,,0,2025-12-05,163,,
LP-2023-00810,R0125,Daniel Walker,Established,BUS,School of Business,S002,Natural Sciences Research Council,Federal,Internal Seed,2023-01-25,2023-01,FY23,49500,Not Funded,,0,2023-05-31,126,,
LP-2023-00811,R0152,Jonah Smith,Early Career,ARC,College of Architecture and Design,S004,Advanced Technology Agency,Federal,Training Grant,2023-07-22,2023-07,FY24,118400,Not Funded,,0,2023-10-05,75,,
LP-2023-00812,R0172,Chloe Chen,Early Career,HUM,College of Humanities,S005,National Science Foundation,Federal,Training Grant,2023-04-07,2023-04,FY23,98600,Closed,AW2-2023-00812,71900,2023-09-30,176,2023-11-22,2026-11-21
LP-2025-00813,R0157,Nadia Nguyen,Early Career,BUS,School of Business,S010,Global Health Foundation,Foundation,Training Grant,2025-01-27,2025-01,FY25,220900,Active,AW2-2025-00813,190900,2025-07-11,165,2025-08-31,2028-08-30
LP-2023-00814,R0024,Mei Tran,Established,ARC,College of Architecture and Design,S014,Biomedical Discovery Foundation,Foundation,Research Project,2023-10-10,2023-10,FY24,250800,Closed,AW2-2023-00814,176800,2024-04-13,186,2024-06-21,2025-06-21
LP-2025-00815,R0131,Maya Bennett,Established,SOC,College of Social Innovation,S002,Natural Sciences Research Council,Federal,Fellowship,2025-07-08,2025-07,FY26,210000,Withdrawn,,0,2025-10-08,92,,
LP-2023-00816,R0045,Leila Martin,Early Career,BUS,School of Business,S020,Northstar Analytics,Industry,Fellowship,2023-08-25,2023-08,FY24,100300,Not Funded,,0,2023-11-15,82,,
LP-2023-00817,R0143,Isabelle Laurent,Early Career,HSC,College of Health Sciences,S006,Department of Public Health,Government,Research Project,2023-11-10,2023-11,FY24,186100,Not Funded,,0,2024-03-18,129,,
LP-2024-00818,R0129,Carlos Ito,Established,LAW,School of Law and Public Policy,S002,Natural Sciences Research Council,Federal,Research Project,2024-09-21,2024-09,FY25,48500,Not Funded,,0,2024-10-30,39,,
LP-2024-00819,R0178,Lucas Haddad,Established,ENG,College of Engineering,S014,Biomedical Discovery Foundation,Foundation,Research Project,2024-09-24,2024-09,FY25,240200,Closed,AW2-2024-00819,218300,2025-02-18,147,2025-04-13,2027-04-13
LP-2025-00820,R0052,Chloe Chen,Senior,HUM,College of Humanities,S016,Urban Resilience Network,Nonprofit,Internal Seed,2025-01-23,2025-01,FY25,155400,Active,AW2-2025-00820,136100,2025-05-10,107,2025-07-18,2027-07-18
LP-2023-00821,R0014,Gabriel Dubois,Established,SCI,College of Science,S001,National Health Research Council,Federal,Equipment,2023-03-10,2023-03,FY23,125900,Not Funded,,0,2023-07-11,123,,
LP-2026-00822,R0157,Nadia Nguyen,Early Career,BUS,School of Business,S005,National Science Foundation,Federal,Training Grant,2026-05-09,2026-05,FY26,185900,Active,AW2-2026-00822,151300,2026-08-31,114,2026-09-26,2028-09-25
LP-2023-00823,R0017,Zain Gupta,Established,LAW,School of Law and Public Policy,S001,National Health Research Council,Federal,Research Project,2023-02-08,2023-02,FY23,29400,Closed,AW2-2023-00823,28800,2023-06-09,121,2023-07-13,2026-07-12
LP-2026-00824,R0040,Hana Roy,Early Career,ARC,College of Architecture and Design,S003,Social Innovation Research Council,Federal,Research Project,2026-02-27,2026-02,FY26,223700,Not Funded,,0,2026-07-07,130,,
LP-2025-00825,R0138,Elena Patel,Early Career,ENG,College of Engineering,S020,Northstar Analytics,Industry,Research Project,2025-10-13,2025-10,FY26,95800,Active,AW2-2025-00825,76700,2026-01-01,80,2026-01-17,2027-07-11
LP-2025-00826,R0016,Priya Wang,Established,ARC,College of Architecture and Design,S011,Community Wellbeing Trust,Foundation,Training Grant,2025-11-07,2025-11,FY26,213900,Not Funded,,0,2026-02-20,105,,
LP-2024-00827,R0126,Jamal Garcia,Established,SCI,College of Science,S002,Natural Sciences Research Council,Federal,Training Grant,2024-09-07,2024-09,FY25,178000,Closed,AW2-2024-00827,120900,2024-11-02,56,2024-11-30,2027-11-30
LP-2023-00828,R0164,Gabriel Dubois,Senior,HUM,College of Humanities,S004,Advanced Technology Agency,Federal,Training Grant,2023-03-04,2023-03,FY23,93000,Active,AW2-2023-00828,82400,2023-06-03,91,2023-07-01,2024-12-22
LP-2025-00829,R0129,Carlos Ito,Established,LAW,School of Law and Public Policy,S005,National Science Foundation,Federal,Fellowship,2025-03-13,2025-03,FY25,90500,Active,AW2-2025-00829,69500,2025-05-09,57,2025-05-31,2028-05-30
LP-2025-00830,R0057,Grace Williams,Established,LAW,School of Law and Public Policy,S025,Interdisciplinary Catalyst Fund,Internal,Research Project,2025-04-22,2025-04,FY25,48000,Active,AW2-2025-00830,41700,2025-07-01,70,2025-08-29,2026-08-29
LP-2026-00831,R0180,Amina Ahmed,Established,HUM,College of Humanities,S019,Apex Biotechnologies,Industry,Research Project,2026-08-11,2026-08,FY27,48300,Under Review,,0,,,,
LP-2023-00832,R0079,Jia Zhou,Established,HSC,College of Health Sciences,S020,Northstar Analytics,Industry,Research Project,2023-11-18,2023-11,FY24,291300,Not Funded,,0,2024-03-12,115,,
LP-2025-00833,R0140,Noah Johnson,Early Career,HUM,College of Humanities,S019,Apex Biotechnologies,Industry,Training Grant,2025-01-15,2025-01,FY25,163800,Not Funded,,0,2025-03-13,57,,
LP-2024-00834,R0078,Elena Patel,Senior,SCI,College of Science,S010,Global Health Foundation,Foundation,Research Project,2024-05-28,2024-05,FY24,125000,Not Funded,,0,2024-09-07,102,,
LP-2026-00835,R0175,Sofia Evans,Early Career,HSC,College of Health Sciences,S011,Community Wellbeing Trust,Foundation,Research Project,2026-01-20,2026-01,FY26,116200,Not Funded,,0,2026-04-25,95,,
LP-2026-00836,R0062,Jonah Smith,Senior,SCI,College of Science,S010,Global Health Foundation,Foundation,Training Grant,2026-01-10,2026-01,FY26,239400,Active,AW2-2026-00836,230100,2026-07-07,178,2026-09-12,2027-09-12
LP-2024-00837,R0006,Jamal Garcia,Established,SCI,College of Science,S018,Global Development Partnership,International,Research Project,2024-01-23,2024-01,FY24,184200,Not Funded,,0,2024-07-03,162,,
LP-2025-00838,R0015,Leila Martin,Early Career,HSC,College of Health Sciences,S014,Biomedical Discovery Foundation,Foundation,Research Project,2025-06-06,2025-06,FY25,290900,Not Funded,,0,2025-11-24,171,,
LP-2026-00839,R0088,Lucas Haddad,Early Career,ARC,College of Architecture and Design,S025,Interdisciplinary Catalyst Fund,Internal,Internal Seed,2026-05-16,2026-05,FY26,140700,Active,AW2-2026-00839,111300,2026-07-15,60,2026-09-07,2028-09-06
LP-2025-00840,R0039,Carlos Ito,Senior,HSC,College of Health Sciences,S011,Community Wellbeing Trust,Foundation,Research Project,2025-07-02,2025-07,FY26,226900,Not Funded,,0,2025-11-11,132,,
LP-2026-00841,R0123,Olivia Costa,Early Career,SOC,College of Social Innovation,S022,Helix Medical Devices,Industry,Training Grant,2026-05-22,2026-05,FY26,138800,Active,AW2-2026-00841,121200,2026-08-30,100,2026-09-15,2029-09-14
LP-2024-00842,R0126,Jamal Garcia,Established,SCI,College of Science,S025,Interdisciplinary Catalyst Fund,Internal,Equipment,2024-10-20,2024-10,FY25,68200,Not Funded,,0,2024-12-24,65,,
LP-2024-00843,R0125,Daniel Walker,Established,BUS,School of Business,S007,Department of Energy and Climate,Government,Research Project,2024-12-29,2024-12,FY25,100900,Not Funded,,0,2025-05-10,132,,
LP-2024-00844,R0167,Zain Gupta,Established,HSC,College of Health Sciences,S011,Community Wellbeing Trust,Foundation,Training Grant,2024-07-05,2024-07,FY25,77400,Active,AW2-2024-00844,48300,2024-10-22,109,2024-12-08,2026-12-08
LP-2023-00845,R0108,Elena Patel,Established,HUM,College of Humanities,S013,Education Access Foundation,Foundation,Research Project,2023-12-22,2023-12,FY24,73600,Not Funded,,0,2024-04-09,109,,
LP-2023-00846,R0067,Nadia Nguyen,Senior,SOC,College of Social Innovation,S017,International Research Consortium,International,Research Project,2023-03-02,2023-03,FY23,64800,Not Funded,,0,2023-09-06,188,,
LP-2023-00847,R0138,Elena Patel,Early Career,ENG,College of Engineering,S017,International Research Consortium,International,Equipment,2023-10-21,2023-10,FY24,52900,Closed,AW2-2023-00847,34400,2024-02-29,131,2024-05-03,2026-05-03
LP-2026-00848,R0136,Priya Wang,Senior,ARC,College of Architecture and Design,S001,National Health Research Council,Federal,Research Project,2026-03-02,2026-03,FY26,165700,Closed,AW2-2026-00848,152500,2026-08-05,156,2026-08-30,2028-02-21
LP-2023-00849,R0041,Maya Bennett,Established,LAW,School of Law and Public Policy,S012,Future Cities Foundation,Foundation,Equipment,2023-12-17,2023-12,FY24,169200,Active,AW2-2023-00849,144600,2024-03-08,82,2024-03-19,2026-03-19
LP-2024-00850,R0050,Noah Johnson,Senior,ENG,College of Engineering,S014,Biomedical Discovery Foundation,Foundation,Equipment,2024-05-09,2024-05,FY24,81800,Not Funded,,0,2024-07-01,53,,
LP-2023-00851,R0031,Fatima Khan,Established,HSC,College of Health Sciences,S001,National Health Research Council,Federal,Internal Seed,2023-05-01,2023-05,FY23,47900,Active,AW2-2023-00851,34600,2023-06-29,59,2023-08-07,2025-08-06
LP-2026-00852,R0116,Camille Mensah,Early Career,HUM,College of Humanities,S011,Community Wellbeing Trust,Foundation,Training Grant,2026-03-24,2026-03,FY26,247800,Closed,AW2-2026-00852,164000,2026-05-06,43,2026-05-25,2027-05-25
LP-2026-00853,R0179,Rafael Reyes,Early Career,SOC,College of Social Innovation,S006,Department of Public Health,Government,Research Project,2026-04-08,2026-04,FY26,103300,Under Review,,0,,,,
LP-2026-00854,R0178,Lucas Haddad,Established,ENG,College of Engineering,S002,Natural Sciences Research Council,Federal,Research Project,2026-01-15,2026-01,FY26,242300,Active,AW2-2026-00854,209000,2026-03-12,56,2026-03-23,2028-03-22
LP-2023-00855,R0039,Carlos Ito,Senior,HSC,College of Health Sciences,S025,Interdisciplinary Catalyst Fund,Internal,Research Project,2023-11-10,2023-11,FY24,79300,Closed,AW2-2023-00855,52900,2024-03-01,112,2024-03-27,2027-03-27
LP-2025-00856,R0029,Rafael Reyes,Established,BUS,School of Business,S002,Natural Sciences Research Council,Federal,Equipment,2025-08-13,2025-08,FY26,61300,Not Funded,,0,2026-02-18,189,,
LP-2025-00857,R0023,Isabelle Laurent,Established,HSC,College of Health Sciences,S005,National Science Foundation,Federal,Equipment,2025-05-22,2025-05,FY25,42200,Active,AW2-2025-00857,39300,2025-09-11,112,2025-10-20,2027-04-13
LP-2026-00858,R0156,Jamal Garcia,Established,HUM,College of Humanities,S006,Department of Public Health,Government,Research Project,2026-07-02,2026-07,FY27,109300,Active,AW2-2026-00858,99900,2026-08-31,60,2026-10-03,2028-10-02
LP-2025-00859,R0084,Mei Tran,Senior,HUM,College of Humanities,S014,Biomedical Discovery Foundation,Foundation,Training Grant,2025-12-25,2025-12,FY26,358600,Active,AW2-2025-00859,325200,2026-02-25,62,2026-04-22,2029-04-21
LP-2023-00860,R0023,Isabelle Laurent,Established,HSC,College of Health Sciences,S017,International Research Consortium,International,Training Grant,2023-12-19,2023-12,FY24,27700,Not Funded,,0,2024-04-06,109,,
LP-2025-00861,R0043,Arjun Thomas,Early Career,SOC,College of Social Innovation,S014,Biomedical Discovery Foundation,Foundation,Research Project,2025-06-06,2025-06,FY25,147500,Awarded,AW2-2025-00861,99000,2025-09-16,102,2025-11-03,2027-04-27
LP-2025-00862,R0026,Camille Mensah,Established,ENG,College of Engineering,S001,National Health Research Council,Federal,Research Project,2025-07-08,2025-07,FY26,76900,Not Funded,,0,2025-10-20,104,,
LP-2024-00863,R0112,Chloe Chen,Early Career,ARC,College of Architecture and Design,S017,International Research Consortium,International,Training Grant,2024-09-15,2024-09,FY25,128800,Not Funded,,0,2025-01-14,121,,
LP-2024-00864,R0145,Sofia Evans,Senior,LAW,School of Law and Public Policy,S013,Education Access Foundation,Foundation,Fellowship,2024-08-24,2024-08,FY25,78100,Not Funded,,0,2025-01-10,139,,
LP-2024-00865,R0066,Jamal Garcia,Established,ENG,College of Engineering,S025,Interdisciplinary Catalyst Fund,Internal,Research Project,2024-08-15,2024-08,FY25,241100,Not Funded,,0,2024-11-07,84,,
LP-2025-00866,R0073,Arjun Thomas,Early Career,LAW,School of Law and Public Policy,S011,Community Wellbeing Trust,Foundation,Research Project,2025-09-30,2025-09,FY26,344200,Active,AW2-2025-00866,226700,2026-01-09,101,2026-03-18,2027-03-18
LP-2023-00867,R0014,Gabriel Dubois,Established,SCI,College of Science,S019,Apex Biotechnologies,Industry,Research Project,2023-09-24,2023-09,FY24,422200,Closed,AW2-2023-00867,378200,2024-02-12,141,2024-04-02,2027-04-02
LP-2024-00868,R0132,Samira Kim,Early Career,HUM,College of Humanities,S005,National Science Foundation,Federal,Equipment,2024-10-28,2024-10,FY25,156200,Not Funded,,0,2025-04-10,164,,
LP-2023-00869,R0006,Jamal Garcia,Established,SCI,College of Science,S022,Helix Medical Devices,Industry,Fellowship,2023-07-01,2023-07,FY24,47700,Closed,AW2-2023-00869,39600,2023-11-02,124,2023-12-22,2026-12-21
LP-2026-00870,R0091,Fatima Khan,Early Career,SOC,College of Social Innovation,S014,Biomedical Discovery Foundation,Foundation,Training Grant,2026-07-27,2026-07,FY27,236500,Submitted,,0,,,,
LP-2025-00871,R0080,Noah Johnson,Established,ARC,College of Architecture and Design,S003,Social Innovation Research Council,Federal,Research Project,2025-08-22,2025-08,FY26,91900,Not Funded,,0,2025-11-03,73,,
LP-2025-00872,R0103,Arjun Thomas,Established,HSC,College of Health Sciences,S025,Interdisciplinary Catalyst Fund,Internal,Research Project,2025-02-21,2025-02,FY25,331800,Active,AW2-2025-00872,321600,2025-06-06,105,2025-07-23,2027-01-14
LP-2023-00873,R0011,Maya Bennett,Early Career,SOC,College of Social Innovation,S008,Ontario Research Fund,Provincial/State,Research Project,2023-06-06,2023-06,FY23,89500,Active,AW2-2023-00873,62500,2023-11-06,153,2023-12-25,2025-06-17
LP-2024-00874,R0046,Priya Wang,Senior,SCI,College of Science,S004,Advanced Technology Agency,Federal,Research Project,2024-04-06,2024-04,FY24,181300,Not Funded,,0,2024-09-28,175,,
LP-2024-00875,R0111,Victor Singh,Senior,HSC,College of Health Sciences,S019,Apex Biotechnologies,Industry,Research Project,2024-06-01,2024-06,FY24,16700,Not Funded,,0,2024-08-26,86,,
LP-2024-00876,R0085,Sofia Evans,Established,BUS,School of Business,S004,Advanced Technology Agency,Federal,Research Project,2024-03-22,2024-03,FY24,41400,Closed,AW2-2024-00876,37400,2024-05-19,58,2024-06-12,2027-06-12
LP-2023-00877,R0180,Amina Ahmed,Established,HUM,College of Humanities,S012,Future Cities Foundation,Foundation,Training Grant,2023-04-05,2023-04,FY23,617000,Not Funded,,0,2023-05-15,40,,
LP-2025-00878,R0103,Arjun Thomas,Established,HSC,College of Health Sciences,S011,Community Wellbeing Trust,Foundation,Fellowship,2025-03-24,2025-03,FY25,192800,Not Funded,,0,2025-06-19,87,,
LP-2023-00879,R0138,Elena Patel,Early Career,ENG,College of Engineering,S003,Social Innovation Research Council,Federal,Research Project,2023-12-05,2023-12,FY24,65900,Not Funded,,0,2024-05-05,152,,
LP-2025-00880,R0069,Carlos Ito,Established,BUS,School of Business,S002,Natural Sciences Research Council,Federal,Research Project,2025-10-07,2025-10,FY26,272500,Awarded,AW2-2025-00880,251100,2026-02-26,142,2026-04-06,2027-04-06
LP-2025-00881,R0087,Grace Williams,Senior,HSC,College of Health Sciences,S025,Interdisciplinary Catalyst Fund,Internal,Training Grant,2025-10-18,2025-10,FY26,124400,Active,AW2-2025-00881,106400,2026-03-23,156,2026-04-24,2028-04-23
LP-2026-00882,R0047,Zain Gupta,Senior,HSC,College of Health Sciences,S019,Apex Biotechnologies,Industry,Research Project,2026-08-04,2026-08,FY27,115100,Submitted,,0,,,,
LP-2025-00883,R0091,Fatima Khan,Early Career,SOC,College of Social Innovation,S013,Education Access Foundation,Foundation,Internal Seed,2025-11-09,2025-11,FY26,98000,Not Funded,,0,2026-05-10,182,,
LP-2024-00884,R0045,Leila Martin,Early Career,BUS,School of Business,S019,Apex Biotechnologies,Industry,Training Grant,2024-02-07,2024-02,FY24,248900,Not Funded,,0,2024-04-04,57,,
LP-2025-00885,R0129,Carlos Ito,Established,LAW,School of Law and Public Policy,S001,National Health Research Council,Federal,Research Project,2025-10-03,2025-10,FY26,328200,Not Funded,,0,2026-02-06,126,,
LP-2025-00886,R0103,Arjun Thomas,Established,HSC,College of Health Sciences,S006,Department of Public Health,Government,Fellowship,2025-03-29,2025-03,FY25,713800,Closed,AW2-2025-00886,453000,2025-09-10,165,2025-11-11,2027-11-11
LP-2024-00887,R0074,Gabriel Dubois,Established,ENG,College of Engineering,S003,Social Innovation Research Council,Federal,Research Project,2024-01-02,2024-01,FY24,317800,Not Funded,,0,2024-03-14,72,,
LP-2025-00888,R0058,Lucas Haddad,Early Career,ENG,College of Engineering,S004,Advanced Technology Agency,Federal,Research Project,2025-11-12,2025-11,FY26,78400,Active,AW2-2025-00888,54100,2026-02-18,98,2026-03-21,2029-03-20
LP-2024-00889,R0089,Rafael Reyes,Established,LAW,School of Law and Public Policy,S018,Global Development Partnership,International,Research Project,2024-07-15,2024-07,FY25,121800,Not Funded,,0,2024-08-28,44,,
LP-2023-00890,R0037,Nadia Nguyen,Early Career,BUS,School of Business,S022,Helix Medical Devices,Industry,Research Project,2023-12-22,2023-12,FY24,222700,Withdrawn,,0,2024-05-08,138,,
LP-2024-00891,R0179,Rafael Reyes,Early Career,SOC,College of Social Innovation,S007,Department of Energy and Climate,Government,Research Project,2024-04-03,2024-04,FY24,436200,Not Funded,,0,2024-06-21,79,,
LP-2026-00892,R0066,Jamal Garcia,Established,ENG,College of Engineering,S025,Interdisciplinary Catalyst Fund,Internal,Training Grant,2026-03-13,2026-03,FY26,76300,Closed,AW2-2026-00892,53800,2026-05-12,60,2026-07-20,2027-07-20
LP-2024-00893,R0105,Leila Martin,Established,LAW,School of Law and Public Policy,S025,Interdisciplinary Catalyst Fund,Internal,Fellowship,2024-04-16,2024-04,FY24,82500,Closed,AW2-2024-00893,78700,2024-07-25,100,2024-08-27,2026-02-18
LP-2026-00894,R0005,Daniel Walker,Early Career,BUS,School of Business,S014,Biomedical Discovery Foundation,Foundation,Internal Seed,2026-05-28,2026-05,FY26,68600,Active,AW2-2026-00894,56000,2026-08-31,95,2026-10-04,2028-10-03
LP-2025-00895,R0153,Olivia Costa,Senior,LAW,School of Law and Public Policy,S023,Internal Strategic Research Fund,Internal,Research Project,2025-05-22,2025-05,FY25,57900,Not Funded,,0,2025-09-01,102,,
LP-2025-00896,R0119,Rafael Reyes,Established,HSC,College of Health Sciences,S008,Ontario Research Fund,Provincial/State,Equipment,2025-02-13,2025-02,FY25,93300,Active,AW2-2025-00896,76700,2025-08-02,170,2025-09-11,2026-09-11
LP-2023-00897,R0010,Hana Roy,Early Career,ENG,College of Engineering,S006,Department of Public Health,Government,Research Project,2023-06-18,2023-06,FY23,59800,Active,AW2-2023-00897,56700,2023-12-16,181,2024-01-31,2027-01-30
LP-2025-00898,R0158,Theo Yamamoto,Established,SCI,College of Science,S023,Internal Strategic Research Fund,Internal,Research Project,2025-08-23,2025-08,FY26,290300,Withdrawn,,0,2026-02-07,168,,
LP-2024-00899,R0025,Sofia Evans,Early Career,LAW,School of Law and Public Policy,S022,Helix Medical Devices,Industry,Research Project,2024-01-04,2024-01,FY24,26700,Not Funded,,0,2024-02-16,43,,
LP-2025-00900,R0077,Zain Gupta,Established,BUS,School of Business,S009,Massachusetts Innovation Fund,Provincial/State,Fellowship,2025-09-20,2025-09,FY26,126900,Active,AW2-2025-00900,105300,2025-11-17,58,2025-12-10,2026-12-10
LP-2026-00901,R0069,Carlos Ito,Established,BUS,School of Business,S007,Department of Energy and Climate,Government,Research Project,2026-01-11,2026-01,FY26,62100,Active,AW2-2026-00901,57200,2026-06-18,158,2026-07-16,2028-01-07
LP-2024-00902,R0022,Chloe Chen,Senior,SCI,College of Science,S014,Biomedical Discovery Foundation,Foundation,Research Project,2024-05-21,2024-05,FY24,33800,Not Funded,,0,2024-11-19,182,,
LP-2026-00903,R0121,Fatima Khan,Early Career,LAW,School of Law and Public Policy,S020,Northstar Analytics,Industry,Fellowship,2026-03-08,2026-03,FY26,35700,Active,AW2-2026-00903,32200,2026-07-09,123,2026-07-24,2028-01-15
LP-2025-00904,R0137,Zain Gupta,Established,LAW,School of Law and Public Policy,S008,Ontario Research Fund,Provincial/State,Training Grant,2025-09-27,2025-09,FY26,107500,Withdrawn,,0,2025-12-14,78,,
LP-2024-00905,R0122,Jonah Smith,Established,ENG,College of Engineering,S015,Civic Data Collaborative,Nonprofit,Fellowship,2024-04-11,2024-04,FY24,192800,Not Funded,,0,2024-08-25,136,,
LP-2023-00906,R0041,Maya Bennett,Established,LAW,School of Law and Public Policy,S025,Interdisciplinary Catalyst Fund,Internal,Research Project,2023-02-27,2023-02,FY23,75100,Not Funded,,0,2023-04-09,41,,
LP-2023-00907,R0087,Grace Williams,Senior,HSC,College of Health Sciences,S008,Ontario Research Fund,Provincial/State,Research Project,2023-02-02,2023-02,FY23,54400,Closed,AW2-2023-00907,52800,2023-04-04,61,2023-06-06,2025-06-05
LP-2025-00908,R0047,Zain Gupta,Senior,HSC,College of Health Sciences,S014,Biomedical Discovery Foundation,Foundation,Research Project,2025-04-09,2025-04,FY25,353900,Active,AW2-2025-00908,227200,2025-08-16,129,2025-09-29,2027-03-23
LP-2024-00909,R0041,Maya Bennett,Established,LAW,School of Law and Public Policy,S012,Future Cities Foundation,Foundation,Training Grant,2024-04-26,2024-04,FY24,147300,Not Funded,,0,2024-10-01,158,,
LP-2026-00910,R0114,Mei Tran,Early Career,ENG,College of Engineering,S007,Department of Energy and Climate,Government,Research Project,2026-07-09,2026-07,FY27,282300,Under Review,,0,,,,
LP-2023-00911,R0144,Mei Tran,Early Career,ARC,College of Architecture and Design,S003,Social Innovation Research Council,Federal,Research Project,2023-10-27,2023-10,FY24,130500,Not Funded,,0,2024-01-08,73,,
LP-2023-00912,R0105,Leila Martin,Established,LAW,School of Law and Public Policy,S002,Natural Sciences Research Council,Federal,Research Project,2023-12-12,2023-12,FY24,84300,Closed,AW2-2023-00912,69200,2024-06-04,175,2024-06-19,2026-06-19
LP-2025-00913,R0141,Victor Singh,Senior,BUS,School of Business,S007,Department of Energy and Climate,Government,Equipment,2025-11-16,2025-11,FY26,124400,Not Funded,,0,2026-02-25,101,,
LP-2025-00914,R0003,Olivia Costa,Established,SOC,College of Social Innovation,S002,Natural Sciences Research Council,Federal,Research Project,2025-02-23,2025-02,FY25,148600,Not Funded,,0,2025-05-11,77,,
LP-2026-00915,R0083,Isabelle Laurent,Established,SOC,College of Social Innovation,S021,Vertex Mobility Systems,Industry,Training Grant,2026-04-28,2026-04,FY26,544300,Under Review,,0,,,,
LP-2025-00916,R0100,Hana Roy,Early Career,HUM,College of Humanities,S022,Helix Medical Devices,Industry,Equipment,2025-04-16,2025-04,FY25,133900,Active,AW2-2025-00916,130100,2025-10-17,184,2025-11-03,2028-11-02
LP-2023-00917,R0064,Yara Lee,Early Career,ARC,College of Architecture and Design,S004,Advanced Technology Agency,Federal,Research Project,2023-06-17,2023-06,FY23,121400,Not Funded,,0,2023-11-22,158,,
LP-2026-00918,R0083,Isabelle Laurent,Established,SOC,College of Social Innovation,S002,Natural Sciences Research Council,Federal,Research Project,2026-03-17,2026-03,FY26,71700,Active,AW2-2026-00918,57000,2026-08-31,167,2026-10-23,2028-10-22
LP-2023-00919,R0064,Yara Lee,Early Career,ARC,College of Architecture and Design,S024,Faculty Seed Grant Program,Internal,Equipment,2023-04-22,2023-04,FY23,273100,Not Funded,,0,2023-08-03,103,,
LP-2025-00920,R0067,Nadia Nguyen,Senior,SOC,College of Social Innovation,S001,National Health Research Council,Federal,Research Project,2025-01-18,2025-01,FY25,95800,Active,AW2-2025-00920,71700,2025-05-14,116,2025-07-03,2027-07-03
LP-2024-00921,R0171,Victor Singh,Early Career,SOC,College of Social Innovation,S023,Internal Strategic Research Fund,Internal,Research Project,2024-08-17,2024-08,FY25,368100,Closed,AW2-2024-00921,360800,2025-02-14,181,2025-04-29,2028-04-28
LP-2025-00922,R0036,Jamal Garcia,Early Career,HUM,College of Humanities,S008,Ontario Research Fund,Provincial/State,Training Grant,2025-04-11,2025-04,FY25,24400,Active,AW2-2025-00922,15800,2025-06-28,78,2025-07-26,2028-07-25
LP-2024-00923,R0015,Leila Martin,Early Career,HSC,College of Health Sciences,S006,Department of Public Health,Government,Training Grant,2024-03-14,2024-03,FY24,198100,Active,AW2-2024-00923,134800,2024-04-27,44,2024-06-08,2026-06-08
LP-2024-00924,R0149,Rafael Reyes,Early Career,BUS,School of Business,S016,Urban Resilience Network,Nonprofit,Fellowship,2024-11-18,2024-11,FY25,44000,Closed,AW2-2024-00924,34100,2025-04-24,157,2025-05-15,2026-11-06
LP-2024-00925,R0155,Daniel Walker,Early Career,SOC,College of Social Innovation,S001,National Health Research Council,Federal,Research Project,2024-06-11,2024-06,FY24,210800,Not Funded,,0,2024-12-09,181,,
LP-2023-00926,R0065,Daniel Walker,Established,LAW,School of Law and Public Policy,S008,Ontario Research Fund,Provincial/State,Equipment,2023-05-02,2023-05,FY23,83000,Not Funded,,0,2023-06-15,44,,
LP-2025-00927,R0147,Grace Williams,Early Career,SOC,College of Social Innovation,S007,Department of Energy and Climate,Government,Fellowship,2025-10-07,2025-10,FY26,52600,Not Funded,,0,2026-01-24,109,,
LP-2025-00928,R0108,Elena Patel,Established,HUM,College of Humanities,S012,Future Cities Foundation,Foundation,Research Project,2025-01-16,2025-01,FY25,60200,Active,AW2-2025-00928,39600,2025-07-17,182,2025-08-31,2028-08-30
LP-2025-00929,R0148,Lucas Haddad,Established,HUM,College of Humanities,S010,Global Health Foundation,Foundation,Training Grant,2025-06-11,2025-06,FY25,122300,Not Funded,,0,2025-10-20,131,,
LP-2024-00930,R0170,Noah Johnson,Established,ENG,College of Engineering,S017,International Research Consortium,International,Training Grant,2024-11-27,2024-11,FY25,349700,Active,AW2-2024-00930,327500,2025-02-28,93,2025-03-13,2027-03-13
LP-2024-00931,R0144,Mei Tran,Early Career,ARC,College of Architecture and Design,S025,Interdisciplinary Catalyst Fund,Internal,Research Project,2024-08-23,2024-08,FY25,53900,Active,AW2-2024-00931,50500,2024-10-20,58,2024-11-11,2026-11-11
LP-2024-00932,R0063,Olivia Costa,Early Career,HSC,College of Health Sciences,S025,Interdisciplinary Catalyst Fund,Internal,Research Project,2024-12-08,2024-12,FY25,122400,Closed,AW2-2024-00932,116700,2025-06-05,179,2025-08-08,2027-08-08
LP-2024-00933,R0146,Camille Mensah,Senior,ENG,College of Engineering,S001,National Health Research Council,Federal,Research Project,2024-12-23,2024-12,FY25,105000,Active,AW2-2024-00933,82400,2025-05-12,140,2025-07-18,2026-07-18
LP-2023-00934,R0040,Hana Roy,Early Career,ARC,College of Architecture and Design,S002,Natural Sciences Research Council,Federal,Fellowship,2023-09-08,2023-09,FY24,107900,Closed,AW2-2023-00934,80500,2024-02-29,174,2024-04-18,2027-04-18
LP-2024-00935,R0108,Elena Patel,Established,HUM,College of Humanities,S010,Global Health Foundation,Foundation,Research Project,2024-07-22,2024-07,FY25,199800,Closed,AW2-2024-00935,142700,2024-09-07,47,2024-11-01,2026-04-25
LP-2024-00936,R0140,Noah Johnson,Early Career,HUM,College of Humanities,S005,National Science Foundation,Federal,Fellowship,2024-01-26,2024-01,FY24,32600,Withdrawn,,0,2024-05-05,100,,
LP-2024-00937,R0149,Rafael Reyes,Early Career,BUS,School of Business,S004,Advanced Technology Agency,Federal,Fellowship,2024-07-09,2024-07,FY25,277500,Not Funded,,0,2024-11-17,131,,
LP-2025-00938,R0056,Camille Mensah,Established,ARC,College of Architecture and Design,S007,Department of Energy and Climate,Government,Internal Seed,2025-02-12,2025-02,FY25,332300,Not Funded,,0,2025-05-01,78,,
LP-2024-00939,R0092,Jonah Smith,Early Career,HUM,College of Humanities,S005,National Science Foundation,Federal,Training Grant,2024-06-28,2024-06,FY24,55200,Closed,AW2-2024-00939,39400,2024-08-28,61,2024-10-27,2026-04-20
LP-2025-00940,R0013,Arjun Thomas,Established,BUS,School of Business,S002,Natural Sciences Research Council,Federal,Research Project,2025-07-27,2025-07,FY26,60500,Awarded,AW2-2025-00940,60400,2025-10-23,88,2026-01-02,2027-01-02
LP-2026-00941,R0047,Zain Gupta,Senior,HSC,College of Health Sciences,S001,National Health Research Council,Federal,Research Project,2026-07-18,2026-07,FY27,100800,Under Review,,0,,,,
LP-2023-00942,R0134,Gabriel Dubois,Early Career,SCI,College of Science,S019,Apex Biotechnologies,Industry,Equipment,2023-10-29,2023-10,FY24,280700,Not Funded,,0,2024-02-21,115,,
LP-2026-00943,R0090,Amina Ahmed,Established,ENG,College of Engineering,S019,Apex Biotechnologies,Industry,Research Project,2026-03-28,2026-03,FY26,129400,Not Funded,,0,2026-05-19,52,,
LP-2024-00944,R0129,Carlos Ito,Established,LAW,School of Law and Public Policy,S008,Ontario Research Fund,Provincial/State,Internal Seed,2024-01-28,2024-01,FY24,46600,Withdrawn,,0,2024-04-02,65,,
LP-2023-00945,R0045,Leila Martin,Early Career,BUS,School of Business,S008,Ontario Research Fund,Provincial/State,Equipment,2023-06-26,2023-06,FY23,80500,Closed,AW2-2023-00945,50600,2023-08-27,62,2023-10-02,2024-10-01
LP-2026-00946,R0038,Theo Yamamoto,Senior,SCI,College of Science,S021,Vertex Mobility Systems,Industry,Research Project,2026-03-22,2026-03,FY26,46500,Awarded,AW2-2026-00946,29300,2026-08-29,160,2026-10-15,2029-10-14
LP-2026-00947,R0094,Yara Lee,Established,SCI,College of Science,S023,Internal Strategic Research Fund,Internal,Research Project,2026-05-02,2026-05,FY26,83800,Not Funded,,0,2026-08-31,121,,
LP-2023-00948,R0019,Jia Zhou,Early Career,SOC,College of Social Innovation,S010,Global Health Foundation,Foundation,Equipment,2023-01-12,2023-01,FY23,81300,Withdrawn,,0,2023-03-12,59,,
LP-2026-00949,R0155,Daniel Walker,Early Career,SOC,College of Social Innovation,S004,Advanced Technology Agency,Federal,Research Project,2026-03-06,2026-03,FY26,159700,Closed,AW2-2026-00949,126700,2026-08-16,163,2026-10-02,2028-10-01
LP-2024-00950,R0179,Rafael Reyes,Early Career,SOC,College of Social Innovation,S025,Interdisciplinary Catalyst Fund,Internal,Internal Seed,2024-04-13,2024-04,FY24,80600,Closed,AW2-2024-00950,61100,2024-07-17,95,2024-08-17,2026-08-17
LP-2026-00951,R0058,Lucas Haddad,Early Career,ENG,College of Engineering,S013,Education Access Foundation,Foundation,Research Project,2026-07-30,2026-07,FY27,257300,Submitted,,0,,,,
LP-2025-00952,R0176,Camille Mensah,Early Career,ARC,College of Architecture and Design,S013,Education Access Foundation,Foundation,Research Project,2025-07-05,2025-07,FY26,80800,Active,AW2-2025-00952,75200,2025-12-27,175,2026-01-26,2028-01-26
LP-2023-00953,R0109,Jia Zhou,Established,BUS,School of Business,S003,Social Innovation Research Council,Federal,Fellowship,2023-03-26,2023-03,FY23,65200,Not Funded,,0,2023-07-19,115,,
LP-2026-00954,R0029,Rafael Reyes,Established,BUS,School of Business,S006,Department of Public Health,Government,Research Project,2026-01-16,2026-01,FY26,104800,Not Funded,,0,2026-03-20,63,,
LP-2023-00955,R0142,Chloe Chen,Established,SCI,College of Science,S002,Natural Sciences Research Council,Federal,Research Project,2023-10-08,2023-10,FY24,92200,Not Funded,,0,2024-04-08,183,,
LP-2025-00956,R0122,Jonah Smith,Established,ENG,College of Engineering,S010,Global Health Foundation,Foundation,Fellowship,2025-04-03,2025-04,FY25,155900,Not Funded,,0,2025-07-18,106,,
LP-2026-00957,R0091,Fatima Khan,Early Career,SOC,College of Social Innovation,S015,Civic Data Collaborative,Nonprofit,Research Project,2026-08-11,2026-08,FY27,66600,Under Review,,0,,,,
LP-2025-00958,R0053,Isabelle Laurent,Early Career,BUS,School of Business,S003,Social Innovation Research Council,Federal,Fellowship,2025-02-18,2025-02,FY25,212100,Awarded,AW2-2025-00958,190400,2025-06-23,125,2025-09-03,2028-09-02
LP-2025-00959,R0131,Maya Bennett,Established,SOC,College of Social Innovation,S023,Internal Strategic Research Fund,Internal,Research Project,2025-03-30,2025-03,FY25,96700,Closed,AW2-2025-00959,73600,2025-07-13,105,2025-09-23,2026-09-23
LP-2023-00960,R0138,Elena Patel,Early Career,ENG,College of Engineering,S004,Advanced Technology Agency,Federal,Equipment,2023-11-27,2023-11,FY24,129500,Active,AW2-2023-00960,117700,2024-04-15,140,2024-06-27,2025-06-27
LP-2025-00961,R0034,Yara Lee,Established,ENG,College of Engineering,S001,National Health Research Council,Federal,Research Project,2025-02-27,2025-02,FY25,218100,Awarded,AW2-2025-00961,178500,2025-07-24,147,2025-08-16,2026-08-16
LP-2025-00962,R0166,Priya Wang,Senior,SCI,College of Science,S001,National Health Research Council,Federal,Equipment,2025-07-22,2025-07,FY26,55200,Not Funded,,0,2025-10-15,85,,
LP-2026-00963,R0169,Jia Zhou,Established,LAW,School of Law and Public Policy,S011,Community Wellbeing Trust,Foundation,Research Project,2026-02-27,2026-02,FY26,31500,Not Funded,,0,2026-06-25,118,,
LP-2024-00964,R0155,Daniel Walker,Early Career,SOC,College of Social Innovation,S021,Vertex Mobility Systems,Industry,Internal Seed,2024-05-21,2024-05,FY24,45800,Closed,AW2-2024-00964,36000,2024-08-08,79,2024-10-10,2026-10-10
LP-2024-00965,R0078,Elena Patel,Senior,SCI,College of Science,S016,Urban Resilience Network,Nonprofit,Research Project,2024-01-10,2024-01,FY24,15000,Closed,AW2-2024-00965,14200,2024-04-22,103,2024-07-05,2025-07-05
LP-2023-00966,R0077,Zain Gupta,Established,BUS,School of Business,S025,Interdisciplinary Catalyst Fund,Internal,Research Project,2023-02-26,2023-02,FY23,78700,Active,AW2-2023-00966,71800,2023-06-28,122,2023-09-11,2025-09-10
LP-2024-00967,R0076,Priya Wang,Early Career,HUM,College of Humanities,S006,Department of Public Health,Government,Research Project,2024-02-07,2024-02,FY24,418200,Not Funded,,0,2024-06-21,135,,
LP-2026-00968,R0071,Maya Bennett,Early Career,HSC,College of Health Sciences,S021,Vertex Mobility Systems,Industry,Research Project,2026-03-01,2026-03,FY26,425700,Not Funded,,0,2026-05-06,66,,
LP-2025-00969,R0027,Grace Williams,Early Career,SOC,College of Social Innovation,S003,Social Innovation Research Council,Federal,Training Grant,2025-12-08,2025-12,FY26,337900,Active,AW2-2025-00969,303300,2026-04-04,117,2026-05-08,2028-05-07
LP-2026-00970,R0128,Theo Yamamoto,Established,ARC,College of Architecture and Design,S016,Urban Resilience Network,Nonprofit,Training Grant,2026-03-29,2026-03,FY26,745900,Not Funded,,0,2026-07-05,98,,
LP-2024-00971,R0030,Amina Ahmed,Established,SCI,College of Science,S013,Education Access Foundation,Foundation,Research Project,2024-02-16,2024-02,FY24,92200,Not Funded,,0,2024-04-09,53,,
LP-2024-00972,R0083,Isabelle Laurent,Established,SOC,College of Social Innovation,S010,Global Health Foundation,Foundation,Research Project,2024-04-16,2024-04,FY24,124200,Active,AW2-2024-00972,110000,2024-06-14,59,2024-07-12,2027-07-12
LP-2024-00973,R0164,Gabriel Dubois,Senior,HUM,College of Humanities,S025,Interdisciplinary Catalyst Fund,Internal,Research Project,2024-03-05,2024-03,FY24,218200,Active,AW2-2024-00973,141400,2024-04-19,45,2024-06-18,2025-06-18
LP-2024-00974,R0110,Noah Johnson,Early Career,SCI,College of Science,S011,Community Wellbeing Trust,Foundation,Internal Seed,2024-09-12,2024-09,FY25,405100,Not Funded,,0,2025-02-17,158,,
LP-2025-00975,R0151,Fatima Khan,Early Career,HSC,College of Health Sciences,S005,National Science Foundation,Federal,Internal Seed,2025-01-02,2025-01,FY25,98600,Closed,AW2-2025-00975,75500,2025-02-20,49,2025-03-05,2026-08-27
LP-2026-00976,R0015,Leila Martin,Early Career,HSC,College of Health Sciences,S006,Department of Public Health,Government,Research Project,2026-07-22,2026-07,FY27,94800,Under Review,,0,,,,
LP-2025-00977,R0147,Grace Williams,Early Career,SOC,College of Social Innovation,S008,Ontario Research Fund,Provincial/State,Internal Seed,2025-09-05,2025-09,FY26,129300,Active,AW2-2025-00977,102300,2026-02-17,165,2026-04-01,2029-03-31
LP-2026-00978,R0148,Lucas Haddad,Established,HUM,College of Humanities,S001,National Health Research Council,Federal,Equipment,2026-04-05,2026-04,FY26,204800,Not Funded,,0,2026-08-06,123,,
LP-2026-00979,R0176,Camille Mensah,Early Career,ARC,College of Architecture and Design,S023,Internal Strategic Research Fund,Internal,Research Project,2026-06-29,2026-06,FY26,143000,Withdrawn,,0,2026-08-11,43,,
LP-2025-00980,R0036,Jamal Garcia,Early Career,HUM,College of Humanities,S001,National Health Research Council,Federal,Fellowship,2025-03-08,2025-03,FY25,52900,Closed,AW2-2025-00980,38800,2025-07-04,118,2025-07-19,2026-07-19
LP-2025-00981,R0078,Elena Patel,Senior,SCI,College of Science,S011,Community Wellbeing Trust,Foundation,Fellowship,2025-01-04,2025-01,FY25,79000,Active,AW2-2025-00981,77900,2025-02-11,38,2025-04-23,2027-04-23
LP-2024-00982,R0100,Hana Roy,Early Career,HUM,College of Humanities,S021,Vertex Mobility Systems,Industry,Research Project,2024-11-10,2024-11,FY25,305400,Active,AW2-2024-00982,245000,2025-01-18,69,2025-02-18,2027-02-18
LP-2026-00983,R0029,Rafael Reyes,Established,BUS,School of Business,S003,Social Innovation Research Council,Federal,Research Project,2026-01-17,2026-01,FY26,396000,Active,AW2-2026-00983,304300,2026-05-19,122,2026-05-30,2027-05-30
LP-2026-00984,R0038,Theo Yamamoto,Senior,SCI,College of Science,S014,Biomedical Discovery Foundation,Foundation,Internal Seed,2026-02-21,2026-02,FY26,15000,Active,AW2-2026-00984,13100,2026-07-19,148,2026-09-05,2027-09-05
LP-2025-00985,R0117,Grace Williams,Established,BUS,School of Business,S011,Community Wellbeing Trust,Foundation,Research Project,2025-06-16,2025-06,FY25,101100,Active,AW2-2025-00985,84500,2025-11-02,139,2026-01-05,2029-01-04
LP-2023-00986,R0101,Maya Bennett,Established,BUS,School of Business,S002,Natural Sciences Research Council,Federal,Research Project,2023-04-21,2023-04,FY23,125800,Active,AW2-2023-00986,107400,2023-09-24,156,2023-11-20,2025-05-13
LP-2024-00987,R0095,Daniel Walker,Early Career,HSC,College of Health Sciences,S005,National Science Foundation,Federal,Research Project,2024-06-18,2024-06,FY24,47100,Not Funded,,0,2024-09-16,90,,
LP-2024-00988,R0151,Fatima Khan,Early Career,HSC,College of Health Sciences,S010,Global Health Foundation,Foundation,Research Project,2024-12-01,2024-12,FY25,51700,Not Funded,,0,2025-05-03,153,,
LP-2026-00989,R0171,Victor Singh,Early Career,SOC,College of Social Innovation,S004,Advanced Technology Agency,Federal,Research Project,2026-02-16,2026-02,FY26,271000,Not Funded,,0,2026-07-17,151,,
LP-2024-00990,R0083,Isabelle Laurent,Established,SOC,College of Social Innovation,S011,Community Wellbeing Trust,Foundation,Training Grant,2024-04-05,2024-04,FY24,277500,Closed,AW2-2024-00990,238100,2024-08-24,141,2024-09-16,2026-09-16
LP-2024-00991,R0117,Grace Williams,Established,BUS,School of Business,S024,Faculty Seed Grant Program,Internal,Research Project,2024-06-17,2024-06,FY24,316100,Not Funded,,0,2024-10-14,119,,
LP-2023-00992,R0086,Camille Mensah,Established,SCI,College of Science,S002,Natural Sciences Research Council,Federal,Research Project,2023-11-30,2023-11,FY24,35300,Closed,AW2-2023-00992,28700,2024-02-02,64,2024-03-19,2025-03-19
LP-2023-00993,R0108,Elena Patel,Established,HUM,College of Humanities,S021,Vertex Mobility Systems,Industry,Internal Seed,2023-02-25,2023-02,FY23,294600,Not Funded,,0,2023-05-30,94,,
LP-2024-00994,R0133,Arjun Thomas,Early Career,BUS,School of Business,S001,National Health Research Council,Federal,Research Project,2024-01-13,2024-01,FY24,30800,Closed,AW2-2024-00994,26400,2024-07-03,172,2024-07-28,2025-07-28
LP-2025-00995,R0083,Isabelle Laurent,Established,SOC,College of Social Innovation,S016,Urban Resilience Network,Nonprofit,Research Project,2025-12-12,2025-12,FY26,105300,Closed,AW2-2025-00995,75400,2026-03-16,94,2026-05-30,2027-11-21
LP-2026-00996,R0117,Grace Williams,Established,BUS,School of Business,S004,Advanced Technology Agency,Federal,Training Grant,2026-03-17,2026-03,FY26,191000,Not Funded,,0,2026-05-03,47,,
LP-2025-00997,R0085,Sofia Evans,Established,BUS,School of Business,S013,Education Access Foundation,Foundation,Fellowship,2025-04-19,2025-04,FY25,25600,Awarded,AW2-2025-00997,23900,2025-07-02,74,2025-09-15,2026-09-15
LP-2023-00998,R0076,Priya Wang,Early Career,HUM,College of Humanities,S019,Apex Biotechnologies,Industry,Research Project,2023-07-19,2023-07,FY24,207500,Closed,AW2-2023-00998,177200,2023-11-03,107,2023-12-14,2026-12-13
LP-2023-00999,R0061,Fatima Khan,Early Career,BUS,School of Business,S010,Global Health Foundation,Foundation,Research Project,2023-10-25,2023-10,FY24,35100,Not Funded,,0,2024-04-05,163,,
LP-2026-01000,R0147,Grace Williams,Early Career,SOC,College of Social Innovation,S016,Urban Resilience Network,Nonprofit,Research Project,2026-07-03,2026-07,FY27,92400,Active,AW2-2026-01000,78300,2026-08-30,58,2026-10-27,2028-10-26
LP-2024-01001,R0051,Victor Singh,Established,SOC,College of Social Innovation,S013,Education Access Foundation,Foundation,Training Grant,2024-03-14,2024-03,FY24,106100,Active,AW2-2024-01001,81500,2024-07-22,130,2024-09-04,2025-09-04
LP-2023-01002,R0171,Victor Singh,Early Career,SOC,College of Social Innovation,S014,Biomedical Discovery Foundation,Foundation,Internal Seed,2023-04-09,2023-04,FY23,86200,Not Funded,,0,2023-08-26,139,,
LP-2026-01003,R0066,Jamal Garcia,Established,ENG,College of Engineering,S017,International Research Consortium,International,Internal Seed,2026-07-31,2026-07,FY27,155400,Under Review,,0,,,,
LP-2026-01004,R0085,Sofia Evans,Established,BUS,School of Business,S001,National Health Research Council,Federal,Research Project,2026-02-01,2026-02,FY26,40400,Active,AW2-2026-01004,26100,2026-07-16,165,2026-09-23,2029-09-22
LP-2024-01005,R0161,Maya Bennett,Established,LAW,School of Law and Public Policy,S003,Social Innovation Research Council,Federal,Research Project,2024-01-19,2024-01,FY24,17900,Not Funded,,0,2024-06-19,152,,
LP-2025-01006,R0008,Theo Yamamoto,Senior,ARC,College of Architecture and Design,S023,Internal Strategic Research Fund,Internal,Research Project,2025-10-23,2025-10,FY26,456500,Awarded,AW2-2025-01006,343900,2026-01-12,81,2026-03-24,2027-03-24
LP-2026-01007,R0155,Daniel Walker,Early Career,SOC,College of Social Innovation,S001,National Health Research Council,Federal,Research Project,2026-05-01,2026-05,FY26,153700,Not Funded,,0,2026-07-14,74,,
LP-2025-01008,R0135,Leila Martin,Established,HSC,College of Health Sciences,S012,Future Cities Foundation,Foundation,Research Project,2025-04-03,2025-04,FY25,900600,Not Funded,,0,2025-06-18,76,,
LP-2026-01009,R0164,Gabriel Dubois,Senior,HUM,College of Humanities,S002,Natural Sciences Research Council,Federal,Research Project,2026-02-02,2026-02,FY26,308400,Not Funded,,0,2026-04-02,59,,
LP-2024-01010,R0074,Gabriel Dubois,Established,ENG,College of Engineering,S013,Education Access Foundation,Foundation,Equipment,2024-04-12,2024-04,FY24,112900,Not Funded,,0,2024-05-17,35,,
LP-2026-01011,R0097,Nadia Nguyen,Established,LAW,School of Law and Public Policy,S018,Global Development Partnership,International,Research Project,2026-02-06,2026-02,FY26,173400,Awarded,AW2-2026-01011,142300,2026-06-29,143,2026-08-26,2028-02-17
LP-2026-01012,R0044,Gabriel Dubois,Established,HUM,College of Humanities,S001,National Health Research Council,Federal,Research Project,2026-05-12,2026-05,FY26,141100,Active,AW2-2026-01012,87500,2026-08-31,111,2026-10-09,2027-10-09
LP-2025-01013,R0101,Maya Bennett,Established,BUS,School of Business,S006,Department of Public Health,Government,Research Project,2025-12-18,2025-12,FY26,30400,Not Funded,,0,2026-04-12,115,,
LP-2023-01014,R0158,Theo Yamamoto,Established,SCI,College of Science,S019,Apex Biotechnologies,Industry,Fellowship,2023-09-12,2023-09,FY24,443400,Not Funded,,0,2024-03-11,181,,
LP-2025-01015,R0109,Jia Zhou,Established,BUS,School of Business,S021,Vertex Mobility Systems,Industry,Research Project,2025-09-05,2025-09,FY26,73600,Not Funded,,0,2025-11-20,76,,
LP-2024-01016,R0046,Priya Wang,Senior,SCI,College of Science,S004,Advanced Technology Agency,Federal,Research Project,2024-06-17,2024-06,FY24,74000,Closed,AW2-2024-01016,60600,2024-10-02,107,2024-11-20,2026-05-14
LP-2023-01017,R0125,Daniel Walker,Established,BUS,School of Business,S001,National Health Research Council,Federal,Research Project,2023-03-10,2023-03,FY23,362000,Active,AW2-2023-01017,359200,2023-08-29,172,2023-11-04,2026-11-03
LP-2026-01018,R0173,Isabelle Laurent,Established,BUS,School of Business,S005,National Science Foundation,Federal,Training Grant,2026-08-14,2026-08,FY27,96600,Submitted,,0,,,,
LP-2024-01019,R0107,Zain Gupta,Early Career,SOC,College of Social Innovation,S010,Global Health Foundation,Foundation,Research Project,2024-05-29,2024-05,FY24,296400,Closed,AW2-2024-01019,196600,2024-09-27,121,2024-12-10,2026-12-10
LP-2025-01020,R0065,Daniel Walker,Established,LAW,School of Law and Public Policy,S019,Apex Biotechnologies,Industry,Research Project,2025-07-13,2025-07,FY26,394800,Active,AW2-2025-01020,322500,2025-09-07,56,2025-10-10,2028-10-09
LP-2024-01021,R0150,Amina Ahmed,Established,SCI,College of Science,S015,Civic Data Collaborative,Nonprofit,Internal Seed,2024-03-16,2024-03,FY24,126300,Not Funded,,0,2024-07-27,133,,
LP-2025-01022,R0115,Sofia Evans,Early Career,SOC,College of Social Innovation,S022,Helix Medical Devices,Industry,Research Project,2025-12-27,2025-12,FY26,29000,Not Funded,,0,2026-06-06,161,,
LP-2023-01023,R0166,Priya Wang,Senior,SCI,College of Science,S024,Faculty Seed Grant Program,Internal,Training Grant,2023-04-20,2023-04,FY23,171800,Withdrawn,,0,2023-07-22,93,,
LP-2026-01024,R0044,Gabriel Dubois,Established,HUM,College of Humanities,S011,Community Wellbeing Trust,Foundation,Research Project,2026-02-01,2026-02,FY26,351400,Not Funded,,0,2026-05-05,93,,
LP-2026-01025,R0048,Elena Patel,Early Career,ARC,College of Architecture and Design,S025,Interdisciplinary Catalyst Fund,Internal,Research Project,2026-06-27,2026-06,FY26,105000,Not Funded,,0,2026-08-25,59,,
LP-2026-01026,R0052,Chloe Chen,Senior,HUM,College of Humanities,S004,Advanced Technology Agency,Federal,Research Project,2026-07-02,2026-07,FY27,159800,Not Funded,,0,2026-08-31,60,,
LP-2026-01027,R0071,Maya Bennett,Early Career,HSC,College of Health Sciences,S006,Department of Public Health,Government,Research Project,2026-02-09,2026-02,FY26,38200,Active,AW2-2026-01027,25500,2026-04-16,66,2026-05-10,2029-05-09
LP-2024-01028,R0089,Rafael Reyes,Established,LAW,School of Law and Public Policy,S021,Vertex Mobility Systems,Industry,Equipment,2024-10-03,2024-10,FY25,156500,Awarded,AW2-2024-01028,144800,2025-02-28,148,2025-04-27,2026-10-19
LP-2025-01029,R0152,Jonah Smith,Early Career,ARC,College of Architecture and Design,S015,Civic Data Collaborative,Nonprofit,Research Project,2025-01-19,2025-01,FY25,57700,Not Funded,,0,2025-06-20,152,,
LP-2025-01030,R0124,Yara Lee,Established,HUM,College of Humanities,S003,Social Innovation Research Council,Federal,Training Grant,2025-10-15,2025-10,FY26,49900,Active,AW2-2025-01030,46800,2025-12-16,62,2026-03-01,2029-02-28
LP-2025-01031,R0117,Grace Williams,Established,BUS,School of Business,S019,Apex Biotechnologies,Industry,Research Project,2025-09-08,2025-09,FY26,76800,Active,AW2-2025-01031,56000,2026-02-06,151,2026-03-30,2029-03-29
LP-2024-01032,R0178,Lucas Haddad,Established,ENG,College of Engineering,S014,Biomedical Discovery Foundation,Foundation,Fellowship,2024-06-12,2024-06,FY24,298900,Not Funded,,0,2024-08-08,57,,
LP-2026-01033,R0053,Isabelle Laurent,Early Career,BUS,School of Business,S013,Education Access Foundation,Foundation,Research Project,2026-03-27,2026-03,FY26,53200,Active,AW2-2026-01033,49200,2026-05-01,35,2026-06-05,2027-11-27
LP-2023-01034,R0039,Carlos Ito,Senior,HSC,College of Health Sciences,S013,Education Access Foundation,Foundation,Training Grant,2023-12-11,2023-12,FY24,50900,Closed,AW2-2023-01034,41500,2024-02-25,76,2024-05-01,2025-05-01
LP-2024-01035,R0002,Jonah Smith,Early Career,ENG,College of Engineering,S015,Civic Data Collaborative,Nonprofit,Equipment,2024-07-20,2024-07,FY25,277400,Active,AW2-2024-01035,225200,2024-09-11,53,2024-11-20,2027-11-20
LP-2025-01036,R0060,Amina Ahmed,Established,HUM,College of Humanities,S022,Helix Medical Devices,Industry,Fellowship,2025-12-18,2025-12,FY26,188500,Not Funded,,0,2026-06-01,165,,
LP-2026-01037,R0129,Carlos Ito,Established,LAW,School of Law and Public Policy,S008,Ontario Research Fund,Provincial/State,Internal Seed,2026-02-16,2026-02,FY26,32600,Awarded,AW2-2026-01037,26100,2026-04-05,48,2026-05-09,2029-05-08
LP-2025-01038,R0053,Isabelle Laurent,Early Career,BUS,School of Business,S011,Community Wellbeing Trust,Foundation,Internal Seed,2025-05-14,2025-05,FY25,124000,Awarded,AW2-2025-01038,87900,2025-06-21,38,2025-07-05,2026-12-27
LP-2025-01039,R0046,Priya Wang,Senior,SCI,College of Science,S005,National Science Foundation,Federal,Research Project,2025-02-26,2025-02,FY25,132600,Active,AW2-2025-01039,86000,2025-04-12,45,2025-06-01,2026-06-01
LP-2026-01040,R0057,Grace Williams,Established,LAW,School of Law and Public Policy,S004,Advanced Technology Agency,Federal,Research Project,2026-01-26,2026-01,FY26,295400,Not Funded,,0,2026-04-16,80,,
LP-2024-01041,R0075,Leila Martin,Established,SOC,College of Social Innovation,S021,Vertex Mobility Systems,Industry,Research Project,2024-03-11,2024-03,FY24,116500,Closed,AW2-2024-01041,100000,2024-07-27,138,2024-10-10,2026-10-10
LP-2024-01042,R0095,Daniel Walker,Early Career,HSC,College of Health Sciences,S011,Community Wellbeing Trust,Foundation,Research Project,2024-11-12,2024-11,FY25,1693800,Closed,AW2-2024-01042,1480000,2025-04-15,154,2025-05-05,2027-05-05
LP-2025-01043,R0096,Jamal Garcia,Established,ARC,College of Architecture and Design,S023,Internal Strategic Research Fund,Internal,Fellowship,2025-08-13,2025-08,FY26,20300,Active,AW2-2025-01043,12600,2025-09-17,35,2025-10-08,2027-10-08
LP-2024-01044,R0072,Samira Kim,Established,ARC,College of Architecture and Design,S005,National Science Foundation,Federal,Research Project,2024-07-07,2024-07,FY25,60200,Not Funded,,0,2024-09-30,85,,
LP-2025-01045,R0091,Fatima Khan,Early Career,SOC,College of Social Innovation,S001,National Health Research Council,Federal,Research Project,2025-03-24,2025-03,FY25,76900,Awarded,AW2-2025-01045,64700,2025-08-14,143,2025-10-14,2026-10-14
LP-2026-01046,R0084,Mei Tran,Senior,HUM,College of Humanities,S025,Interdisciplinary Catalyst Fund,Internal,Research Project,2026-03-30,2026-03,FY26,17500,Active,AW2-2026-01046,14400,2026-07-09,101,2026-07-24,2028-07-23
LP-2023-01047,R0142,Chloe Chen,Established,SCI,College of Science,S001,National Health Research Council,Federal,Research Project,2023-05-11,2023-05,FY23,615400,Closed,AW2-2023-01047,400900,2023-11-06,179,2023-11-27,2024-11-26
LP-2024-01048,R0072,Samira Kim,Established,ARC,College of Architecture and Design,S019,Apex Biotechnologies,Industry,Research Project,2024-02-01,2024-02,FY24,54800,Closed,AW2-2024-01048,53200,2024-06-06,126,2024-06-16,2026-06-16
LP-2025-01049,R0017,Zain Gupta,Established,LAW,School of Law and Public Policy,S022,Helix Medical Devices,Industry,Equipment,2025-04-03,2025-04,FY25,84700,Closed,AW2-2025-01049,73900,2025-06-03,61,2025-08-02,2027-08-02
LP-2025-01050,R0018,Elena Patel,Established,ENG,College of Engineering,S023,Internal Strategic Research Fund,Internal,Research Project,2025-10-28,2025-10,FY26,95700,Not Funded,,0,2026-02-05,100,,
LP-2023-01051,R0099,Carlos Ito,Senior,SOC,College of Social Innovation,S022,Helix Medical Devices,Industry,Research Project,2023-12-13,2023-12,FY24,30500,Not Funded,,0,2024-04-23,132,,
LP-2024-01052,R0088,Lucas Haddad,Early Career,ARC,College of Architecture and Design,S019,Apex Biotechnologies,Industry,Research Project,2024-11-04,2024-11,FY25,234500,Active,AW2-2024-01052,171200,2025-01-20,77,2025-02-12,2028-02-12
LP-2025-01053,R0120,Amina Ahmed,Early Career,ARC,College of Architecture and Design,S001,National Health Research Council,Federal,Equipment,2025-11-01,2025-11,FY26,28300,Not Funded,,0,2026-01-28,88,,
LP-2025-01054,R0171,Victor Singh,Early Career,SOC,College of Social Innovation,S016,Urban Resilience Network,Nonprofit,Research Project,2025-10-03,2025-10,FY26,64600,Not Funded,,0,2026-03-17,165,,
LP-2023-01055,R0056,Camille Mensah,Established,ARC,College of Architecture and Design,S005,National Science Foundation,Federal,Research Project,2023-11-19,2023-11,FY24,79100,Not Funded,,0,2024-05-14,177,,
LP-2025-01056,R0070,Hana Roy,Established,SCI,College of Science,S006,Department of Public Health,Government,Research Project,2025-12-15,2025-12,FY26,127000,Active,AW2-2025-01056,105700,2026-02-08,55,2026-03-10,2027-03-10
LP-2023-01057,R0066,Jamal Garcia,Established,ENG,College of Engineering,S001,National Health Research Council,Federal,Research Project,2023-09-06,2023-09,FY24,74800,Not Funded,,0,2023-12-27,112,,
LP-2025-01058,R0166,Priya Wang,Senior,SCI,College of Science,S016,Urban Resilience Network,Nonprofit,Research Project,2025-01-28,2025-01,FY25,77500,Active,AW2-2025-01058,48300,2025-05-10,102,2025-06-14,2028-06-13
LP-2023-01059,R0078,Elena Patel,Senior,SCI,College of Science,S007,Department of Energy and Climate,Government,Research Project,2023-02-19,2023-02,FY23,47200,Active,AW2-2023-01059,43300,2023-04-26,66,2023-06-09,2024-06-08
LP-2026-01060,R0073,Arjun Thomas,Early Career,LAW,School of Law and Public Policy,S012,Future Cities Foundation,Foundation,Research Project,2026-04-24,2026-04,FY26,321700,Not Funded,,0,2026-08-31,129,,
LP-2024-01061,R0174,Mei Tran,Established,SCI,College of Science,S005,National Science Foundation,Federal,Fellowship,2024-05-03,2024-05,FY24,360000,Closed,AW2-2024-01061,237300,2024-10-10,160,2024-12-17,2026-06-10
LP-2024-01062,R0090,Amina Ahmed,Established,ENG,College of Engineering,S005,National Science Foundation,Federal,Internal Seed,2024-03-15,2024-03,FY24,78800,Withdrawn,,0,2024-05-06,52,,
LP-2025-01063,R0131,Maya Bennett,Established,SOC,College of Social Innovation,S003,Social Innovation Research Council,Federal,Internal Seed,2025-02-16,2025-02,FY25,580300,Active,AW2-2025-01063,395200,2025-05-05,78,2025-05-25,2026-05-25
LP-2023-01064,R0132,Samira Kim,Early Career,HUM,College of Humanities,S022,Helix Medical Devices,Industry,Training Grant,2023-02-18,2023-02,FY23,714300,Closed,AW2-2023-01064,613700,2023-05-09,80,2023-07-09,2024-12-30
LP-2023-01065,R0017,Zain Gupta,Established,LAW,School of Law and Public Policy,S023,Internal Strategic Research Fund,Internal,Training Grant,2023-11-09,2023-11,FY24,154700,Closed,AW2-2023-01065,102900,2024-05-02,175,2024-07-09,2025-07-09
LP-2023-01066,R0154,Yara Lee,Senior,ENG,College of Engineering,S001,National Health Research Council,Federal,Research Project,2023-10-20,2023-10,FY24,120000,Not Funded,,0,2023-12-31,72,,
LP-2024-01067,R0102,Samira Kim,Established,SCI,College of Science,S019,Apex Biotechnologies,Industry,Equipment,2024-07-27,2024-07,FY25,221400,Active,AW2-2024-01067,148200,2025-01-26,183,2025-02-10,2027-02-10
LP-2023-01068,R0067,Nadia Nguyen,Senior,SOC,College of Social Innovation,S022,Helix Medical Devices,Industry,Internal Seed,2023-02-09,2023-02,FY23,49100,Active,AW2-2023-01068,39500,2023-05-16,96,2023-05-27,2024-05-26
LP-2024-01069,R0060,Amina Ahmed,Established,HUM,College of Humanities,S019,Apex Biotechnologies,Industry,Research Project,2024-08-07,2024-08,FY25,406000,Closed,AW2-2024-01069,333100,2024-12-11,126,2025-01-25,2027-01-25
LP-2026-01070,R0023,Isabelle Laurent,Established,HSC,College of Health Sciences,S002,Natural Sciences Research Council,Federal,Research Project,2026-06-23,2026-06,FY26,150300,Under Review,,0,,,,
LP-2025-01071,R0097,Nadia Nguyen,Established,LAW,School of Law and Public Policy,S002,Natural Sciences Research Council,Federal,Research Project,2025-04-02,2025-04,FY25,206900,Active,AW2-2025-01071,130000,2025-10-01,182,2025-11-13,2027-11-13
LP-2024-01072,R0008,Theo Yamamoto,Senior,ARC,College of Architecture and Design,S011,Community Wellbeing Trust,Foundation,Internal Seed,2024-04-21,2024-04,FY24,132900,Closed,AW2-2024-01072,94100,2024-08-16,117,2024-09-02,2026-02-24
LP-2026-01073,R0173,Isabelle Laurent,Established,BUS,School of Business,S015,Civic Data Collaborative,Nonprofit,Research Project,2026-06-11,2026-06,FY26,315700,Under Review,,0,,,,
LP-2025-01074,R0101,Maya Bennett,Established,BUS,School of Business,S014,Biomedical Discovery Foundation,Foundation,Research Project,2025-02-02,2025-02,FY25,188700,Closed,AW2-2025-01074,152900,2025-03-16,42,2025-04-24,2026-10-16
LP-2023-01075,R0095,Daniel Walker,Early Career,HSC,College of Health Sciences,S006,Department of Public Health,Government,Equipment,2023-08-29,2023-08,FY24,281300,Closed,AW2-2023-01075,180700,2023-10-09,41,2023-10-20,2025-04-12
LP-2025-01076,R0010,Hana Roy,Early Career,ENG,College of Engineering,S020,Northstar Analytics,Industry,Research Project,2025-08-08,2025-08,FY26,351300,Active,AW2-2025-01076,301300,2026-02-09,185,2026-03-24,2027-03-24
LP-2025-01077,R0159,Carlos Ito,Early Career,HSC,College of Health Sciences,S022,Helix Medical Devices,Industry,Research Project,2025-06-19,2025-06,FY25,86500,Not Funded,,0,2025-12-01,165,,
LP-2026-01078,R0030,Amina Ahmed,Established,SCI,College of Science,S009,Massachusetts Innovation Fund,Provincial/State,Research Project,2026-07-07,2026-07,FY27,58500,Under Review,,0,,,,
LP-2024-01079,R0107,Zain Gupta,Early Career,SOC,College of Social Innovation,S013,Education Access Foundation,Foundation,Internal Seed,2024-04-23,2024-04,FY24,20700,Not Funded,,0,2024-09-22,152,,
LP-2023-01080,R0103,Arjun Thomas,Established,HSC,College of Health Sciences,S004,Advanced Technology Agency,Federal,Training Grant,2023-09-21,2023-09,FY24,22200,Closed,AW2-2023-01080,14600,2023-12-26,96,2024-03-10,2026-03-10
LP-2025-01081,R0023,Isabelle Laurent,Established,HSC,College of Health Sciences,S014,Biomedical Discovery Foundation,Foundation,Research Project,2025-03-31,2025-03,FY25,36300,Not Funded,,0,2025-07-01,92,,
LP-2023-01082,R0077,Zain Gupta,Established,BUS,School of Business,S022,Helix Medical Devices,Industry,Research Project,2023-09-28,2023-09,FY24,78800,Closed,AW2-2023-01082,59400,2023-11-09,42,2023-11-23,2026-11-22
LP-2024-01083,R0168,Elena Patel,Early Career,ARC,College of Architecture and Design,S016,Urban Resilience Network,Nonprofit,Research Project,2024-03-01,2024-03,FY24,73400,Active,AW2-2024-01083,54300,2024-06-18,109,2024-06-29,2025-06-29
LP-2026-01084,R0167,Zain Gupta,Established,HSC,College of Health Sciences,S006,Department of Public Health,Government,Research Project,2026-06-29,2026-06,FY26,242000,Awarded,AW2-2026-01084,191100,2026-08-30,62,2026-10-14,2029-10-13
LP-2024-01085,R0004,Yara Lee,Established,HUM,College of Humanities,S020,Northstar Analytics,Industry,Research Project,2024-07-28,2024-07,FY25,18200,Closed,AW2-2024-01085,15200,2024-12-19,144,2025-02-14,2027-02-14
LP-2023-01086,R0103,Arjun Thomas,Established,HSC,College of Health Sciences,S005,National Science Foundation,Federal,Equipment,2023-11-09,2023-11,FY24,198200,Not Funded,,0,2024-03-12,124,,
LP-2025-01087,R0165,Leila Martin,Early Career,BUS,School of Business,S025,Interdisciplinary Catalyst Fund,Internal,Equipment,2025-07-25,2025-07,FY26,110100,Not Funded,,0,2026-01-25,184,,
LP-2023-01088,R0168,Elena Patel,Early Career,ARC,College of Architecture and Design,S007,Department of Energy and Climate,Government,Research Project,2023-04-13,2023-04,FY23,44500,Not Funded,,0,2023-07-19,97,,
LP-2025-01089,R0075,Leila Martin,Established,SOC,College of Social Innovation,S024,Faculty Seed Grant Program,Internal,Research Project,2025-05-25,2025-05,FY25,278200,Closed,AW2-2025-01089,248200,2025-07-08,44,2025-08-11,2027-08-11
LP-2023-01090,R0156,Jamal Garcia,Established,HUM,College of Humanities,S023,Internal Strategic Research Fund,Internal,Research Project,2023-08-13,2023-08,FY24,53300,Not Funded,,0,2023-10-25,73,,
LP-2024-01091,R0098,Theo Yamamoto,Early Career,ENG,College of Engineering,S006,Department of Public Health,Government,Research Project,2024-05-19,2024-05,FY24,73500,Not Funded,,0,2024-07-15,57,,
LP-2025-01092,R0131,Maya Bennett,Established,SOC,College of Social Innovation,S010,Global Health Foundation,Foundation,Research Project,2025-06-27,2025-06,FY25,103100,Active,AW2-2025-01092,84900,2025-09-17,82,2025-10-31,2027-10-31
LP-2025-01093,R0126,Jamal Garcia,Established,SCI,College of Science,S019,Apex Biotechnologies,Industry,Fellowship,2025-11-29,2025-11,FY26,137000,Not Funded,,0,2026-05-16,168,,
LP-2023-01094,R0103,Arjun Thomas,Established,HSC,College of Health Sciences,S013,Education Access Foundation,Foundation,Research Project,2023-07-27,2023-07,FY24,60900,Active,AW2-2023-01094,49100,2023-12-20,146,2024-02-07,2025-07-31
LP-2025-01095,R0145,Sofia Evans,Senior,LAW,School of Law and Public Policy,S022,Helix Medical Devices,Industry,Research Project,2025-12-04,2025-12,FY26,81200,Not Funded,,0,2026-06-02,180,,
LP-2023-01096,R0156,Jamal Garcia,Established,HUM,College of Humanities,S009,Massachusetts Innovation Fund,Provincial/State,Internal Seed,2023-10-18,2023-10,FY24,190200,Not Funded,,0,2024-01-26,100,,
LP-2023-01097,R0116,Camille Mensah,Early Career,HUM,College of Humanities,S003,Social Innovation Research Council,Federal,Research Project,2023-03-11,2023-03,FY23,238900,Active,AW2-2023-01097,203600,2023-08-16,158,2023-09-18,2025-09-17
LP-2025-01098,R0089,Rafael Reyes,Established,LAW,School of Law and Public Policy,S017,International Research Consortium,International,Fellowship,2025-09-15,2025-09,FY26,130900,Not Funded,,0,2026-03-09,175,,
LP-2025-01099,R0046,Priya Wang,Senior,SCI,College of Science,S022,Helix Medical Devices,Industry,Internal Seed,2025-11-28,2025-11,FY26,82100,Closed,AW2-2025-01099,70400,2026-02-26,90,2026-03-31,2028-03-30
LP-2026-01100,R0020,Noah Johnson,Senior,HUM,College of Humanities,S019,Apex Biotechnologies,Industry,Research Project,2026-07-23,2026-07,FY27,77300,Submitted,,0,,,,
LP-2024-01101,R0112,Chloe Chen,Early Career,ARC,College of Architecture and Design,S006,Department of Public Health,Government,Research Project,2024-05-29,2024-05,FY24,129300,Closed,AW2-2024-01101,102400,2024-11-18,173,2025-01-16,2026-01-16
LP-2023-01102,R0133,Arjun Thomas,Early Career,BUS,School of Business,S013,Education Access Foundation,Foundation,Research Project,2023-09-21,2023-09,FY24,130700,Closed,AW2-2023-01102,117900,2024-01-10,111,2024-02-02,2025-07-26
LP-2024-01103,R0157,Nadia Nguyen,Early Career,BUS,School of Business,S012,Future Cities Foundation,Foundation,Research Project,2024-09-03,2024-09,FY25,80700,Not Funded,,0,2024-12-04,92,,
LP-2023-01104,R0033,Olivia Costa,Established,LAW,School of Law and Public Policy,S001,National Health Research Council,Federal,Training Grant,2023-06-30,2023-06,FY23,630200,Not Funded,,0,2023-08-23,54,,
LP-2024-01105,R0046,Priya Wang,Senior,SCI,College of Science,S001,National Health Research Council,Federal,Research Project,2024-06-22,2024-06,FY24,27600,Not Funded,,0,2024-08-19,58,,
LP-2024-01106,R0090,Amina Ahmed,Established,ENG,College of Engineering,S021,Vertex Mobility Systems,Industry,Fellowship,2024-07-31,2024-07,FY25,112500,Closed,AW2-2024-01106,91900,2024-12-21,143,2025-01-08,2027-01-08
LP-2026-01107,R0101,Maya Bennett,Established,BUS,School of Business,S021,Vertex Mobility Systems,Industry,Research Project,2026-05-10,2026-05,FY26,299300,Under Review,,0,,,,
LP-2023-01108,R0053,Isabelle Laurent,Early Career,BUS,School of Business,S013,Education Access Foundation,Foundation,Equipment,2023-10-31,2023-10,FY24,209100,Closed,AW2-2023-01108,187900,2024-03-23,144,2024-05-15,2027-05-15
LP-2026-01109,R0166,Priya Wang,Senior,SCI,College of Science,S002,Natural Sciences Research Council,Federal,Research Project,2026-06-10,2026-06,FY26,87000,Active,AW2-2026-01109,59700,2026-08-31,82,2026-09-16,2029-09-15
LP-2026-01110,R0167,Zain Gupta,Established,HSC,College of Health Sciences,S021,Vertex Mobility Systems,Industry,Equipment,2026-05-09,2026-05,FY26,21500,Under Review,,0,,,,
LP-2026-01111,R0029,Rafael Reyes,Established,BUS,School of Business,S008,Ontario Research Fund,Provincial/State,Research Project,2026-05-05,2026-05,FY26,175000,Active,AW2-2026-01111,170900,2026-07-08,64,2026-08-15,2028-08-14
LP-2025-01112,R0157,Nadia Nguyen,Early Career,BUS,School of Business,S002,Natural Sciences Research Council,Federal,Equipment,2025-05-14,2025-05,FY25,295800,Not Funded,,0,2025-08-27,105,,
LP-2024-01113,R0087,Grace Williams,Senior,HSC,College of Health Sciences,S025,Interdisciplinary Catalyst Fund,Internal,Research Project,2024-09-10,2024-09,FY25,119400,Closed,AW2-2024-01113,92700,2025-02-03,146,2025-03-06,2028-03-05
LP-2023-01114,R0055,Sofia Evans,Early Career,HSC,College of Health Sciences,S012,Future Cities Foundation,Foundation,Research Project,2023-08-13,2023-08,FY24,113500,Closed,AW2-2023-01114,78700,2024-02-13,184,2024-04-02,2026-04-02
LP-2024-01115,R0074,Gabriel Dubois,Established,ENG,College of Engineering,S020,Northstar Analytics,Industry,Research Project,2024-02-16,2024-02,FY24,677000,Closed,AW2-2024-01115,589700,2024-08-03,169,2024-08-22,2027-08-22
LP-2026-01116,R0086,Camille Mensah,Established,SCI,College of Science,S002,Natural Sciences Research Council,Federal,Fellowship,2026-03-24,2026-03,FY26,193700,Active,AW2-2026-01116,167100,2026-07-23,121,2026-08-13,2029-08-12
LP-2025-01117,R0013,Arjun Thomas,Established,BUS,School of Business,S014,Biomedical Discovery Foundation,Foundation,Research Project,2025-12-13,2025-12,FY26,51900,Awarded,AW2-2025-01117,49800,2026-04-26,134,2026-06-06,2029-06-05
LP-2025-01118,R0100,Hana Roy,Early Career,HUM,College of Humanities,S011,Community Wellbeing Trust,Foundation,Research Project,2025-06-07,2025-06,FY25,107400,Withdrawn,,0,2025-10-28,143,,
LP-2025-01119,R0081,Victor Singh,Established,LAW,School of Law and Public Policy,S025,Interdisciplinary Catalyst Fund,Internal,Research Project,2025-06-21,2025-06,FY25,137000,Active,AW2-2025-01119,88000,2025-11-18,150,2026-01-16,2028-01-16
LP-2025-01120,R0134,Gabriel Dubois,Early Career,SCI,College of Science,S010,Global Health Foundation,Foundation,Internal Seed,2025-03-05,2025-03,FY25,75200,Not Funded,,0,2025-08-22,170,,
LP-2023-01121,R0096,Jamal Garcia,Established,ARC,College of Architecture and Design,S012,Future Cities Foundation,Foundation,Fellowship,2023-02-01,2023-02,FY23,138800,Closed,AW2-2023-01121,117600,2023-06-11,130,2023-08-14,2025-08-13
LP-2023-01122,R0024,Mei Tran,Established,ARC,College of Architecture and Design,S008,Ontario Research Fund,Provincial/State,Internal Seed,2023-03-19,2023-03,FY23,74400,Closed,AW2-2023-01122,56000,2023-07-20,123,2023-09-17,2025-09-16
LP-2024-01123,R0095,Daniel Walker,Early Career,HSC,College of Health Sciences,S013,Education Access Foundation,Foundation,Research Project,2024-07-31,2024-07,FY25,151900,Closed,AW2-2024-01123,104300,2025-01-10,163,2025-02-18,2028-02-18
LP-2023-01124,R0114,Mei Tran,Early Career,ENG,College of Engineering,S006,Department of Public Health,Government,Training Grant,2023-10-10,2023-10,FY24,618800,Closed,AW2-2023-01124,615500,2024-02-08,121,2024-04-11,2026-04-11
LP-2023-01125,R0019,Jia Zhou,Early Career,SOC,College of Social Innovation,S011,Community Wellbeing Trust,Foundation,Research Project,2023-11-07,2023-11,FY24,39000,Closed,AW2-2023-01125,33000,2024-03-24,138,2024-04-17,2025-04-17
LP-2026-01126,R0024,Mei Tran,Established,ARC,College of Architecture and Design,S002,Natural Sciences Research Council,Federal,Research Project,2026-08-06,2026-08,FY27,379200,Under Review,,0,,,,
LP-2023-01127,R0129,Carlos Ito,Established,LAW,School of Law and Public Policy,S001,National Health Research Council,Federal,Training Grant,2023-07-27,2023-07,FY24,680000,Not Funded,,0,2023-09-16,51,,
LP-2026-01128,R0025,Sofia Evans,Early Career,LAW,School of Law and Public Policy,S002,Natural Sciences Research Council,Federal,Research Project,2026-06-08,2026-06,FY26,125300,Awarded,AW2-2026-01128,102800,2026-08-31,84,2026-10-05,2028-03-28
LP-2024-01129,R0059,Rafael Reyes,Senior,SOC,College of Social Innovation,S016,Urban Resilience Network,Nonprofit,Internal Seed,2024-05-19,2024-05,FY24,28200,Withdrawn,,0,2024-07-29,71,,
LP-2023-01130,R0057,Grace Williams,Established,LAW,School of Law and Public Policy,S003,Social Innovation Research Council,Federal,Research Project,2023-03-22,2023-03,FY23,73500,Active,AW2-2023-01130,58500,2023-07-04,104,2023-08-18,2025-08-17
LP-2024-01131,R0060,Amina Ahmed,Established,HUM,College of Humanities,S016,Urban Resilience Network,Nonprofit,Research Project,2024-03-11,2024-03,FY24,306800,Active,AW2-2024-01131,276100,2024-09-05,178,2024-11-14,2027-11-14
LP-2025-01132,R0043,Arjun Thomas,Early Career,SOC,College of Social Innovation,S006,Department of Public Health,Government,Research Project,2025-12-15,2025-12,FY26,116900,Not Funded,,0,2026-03-22,97,,
LP-2025-01133,R0077,Zain Gupta,Established,BUS,School of Business,S002,Natural Sciences Research Council,Federal,Research Project,2025-04-05,2025-04,FY25,431300,Active,AW2-2025-01133,429200,2025-08-04,121,2025-10-12,2027-10-12
LP-2024-01134,R0043,Arjun Thomas,Early Career,SOC,College of Social Innovation,S022,Helix Medical Devices,Industry,Research Project,2024-05-31,2024-05,FY24,38000,Not Funded,,0,2024-10-08,130,,
LP-2024-01135,R0029,Rafael Reyes,Established,BUS,School of Business,S005,National Science Foundation,Federal,Research Project,2024-07-23,2024-07,FY25,371300,Not Funded,,0,2024-10-05,74,,
LP-2023-01136,R0044,Gabriel Dubois,Established,HUM,College of Humanities,S003,Social Innovation Research Council,Federal,Training Grant,2023-03-07,2023-03,FY23,109500,Closed,AW2-2023-01136,68600,2023-05-25,79,2023-08-06,2024-08-05
LP-2025-01137,R0140,Noah Johnson,Early Career,HUM,College of Humanities,S010,Global Health Foundation,Foundation,Equipment,2025-02-12,2025-02,FY25,126000,Not Funded,,0,2025-03-29,45,,
LP-2024-01138,R0092,Jonah Smith,Early Career,HUM,College of Humanities,S018,Global Development Partnership,International,Research Project,2024-01-20,2024-01,FY24,192900,Withdrawn,,0,2024-03-13,53,,
LP-2026-01139,R0090,Amina Ahmed,Established,ENG,College of Engineering,S005,National Science Foundation,Federal,Research Project,2026-03-30,2026-03,FY26,24000,Active,AW2-2026-01139,20300,2026-06-18,80,2026-07-13,2028-07-12
LP-2024-01140,R0076,Priya Wang,Early Career,HUM,College of Humanities,S006,Department of Public Health,Government,Research Project,2024-04-05,2024-04,FY24,138300,Not Funded,,0,2024-07-25,111,,
LP-2024-01141,R0171,Victor Singh,Early Career,SOC,College of Social Innovation,S011,Community Wellbeing Trust,Foundation,Research Project,2024-12-01,2024-12,FY25,54100,Not Funded,,0,2025-01-11,41,,
LP-2023-01142,R0089,Rafael Reyes,Established,LAW,School of Law and Public Policy,S022,Helix Medical Devices,Industry,Research Project,2023-03-24,2023-03,FY23,455500,Not Funded,,0,2023-05-28,65,,
LP-2024-01143,R0091,Fatima Khan,Early Career,SOC,College of Social Innovation,S007,Department of Energy and Climate,Government,Research Project,2024-02-16,2024-02,FY24,110000,Not Funded,,0,2024-04-23,67,,
LP-2025-01144,R0050,Noah Johnson,Senior,ENG,College of Engineering,S007,Department of Energy and Climate,Government,Research Project,2025-02-28,2025-02,FY25,304700,Closed,AW2-2025-01144,231900,2025-05-15,76,2025-07-11,2026-07-11
LP-2023-01145,R0059,Rafael Reyes,Senior,SOC,College of Social Innovation,S001,National Health Research Council,Federal,Fellowship,2023-06-17,2023-06,FY23,81600,Active,AW2-2023-01145,66500,2023-08-24,68,2023-10-07,2024-10-06
LP-2024-01146,R0062,Jonah Smith,Senior,SCI,College of Science,S012,Future Cities Foundation,Foundation,Research Project,2024-04-14,2024-04,FY24,98900,Not Funded,,0,2024-07-14,91,,
LP-2024-01147,R0156,Jamal Garcia,Established,HUM,College of Humanities,S001,National Health Research Council,Federal,Research Project,2024-09-13,2024-09,FY25,399200,Withdrawn,,0,2024-12-22,100,,
LP-2024-01148,R0017,Zain Gupta,Established,LAW,School of Law and Public Policy,S024,Faculty Seed Grant Program,Internal,Research Project,2024-10-19,2024-10,FY25,40600,Active,AW2-2024-01148,25700,2025-02-13,117,2025-03-17,2026-09-08
LP-2023-01149,R0113,Isabelle Laurent,Established,LAW,School of Law and Public Policy,S006,Department of Public Health,Government,Research Project,2023-03-17,2023-03,FY23,191500,Closed,AW2-2023-01149,184700,2023-08-29,165,2023-11-10,2025-11-09
LP-2023-01150,R0171,Victor Singh,Early Career,SOC,College of Social Innovation,S006,Department of Public Health,Government,Research Project,2023-03-27,2023-03,FY23,74400,Not Funded,,0,2023-05-30,64,,
LP-2025-01151,R0061,Fatima Khan,Early Career,BUS,School of Business,S008,Ontario Research Fund,Provincial/State,Research Project,2025-12-04,2025-12,FY26,254700,Not Funded,,0,2026-01-16,43,,
LP-2023-01152,R0041,Maya Bennett,Established,LAW,School of Law and Public Policy,S024,Faculty Seed Grant Program,Internal,Research Project,2023-11-14,2023-11,FY24,264700,Closed,AW2-2023-01152,176500,2024-03-05,112,2024-05-15,2025-05-15
LP-2025-01153,R0147,Grace Williams,Early Career,SOC,College of Social Innovation,S025,Interdisciplinary Catalyst Fund,Internal,Research Project,2025-06-20,2025-06,FY25,228800,Closed,AW2-2025-01153,181100,2025-08-28,69,2025-10-13,2028-10-12
LP-2024-01154,R0099,Carlos Ito,Senior,SOC,College of Social Innovation,S012,Future Cities Foundation,Foundation,Research Project,2024-08-02,2024-08,FY25,138900,Active,AW2-2024-01154,103000,2024-11-03,93,2024-12-22,2025-12-22
LP-2023-01155,R0080,Noah Johnson,Established,ARC,College of Architecture and Design,S007,Department of Energy and Climate,Government,Research Project,2023-09-25,2023-09,FY24,75100,Not Funded,,0,2024-03-30,187,,
LP-2026-01156,R0056,Camille Mensah,Established,ARC,College of Architecture and Design,S002,Natural Sciences Research Council,Federal,Research Project,2026-07-20,2026-07,FY27,176100,Submitted,,0,,,,
LP-2025-01157,R0073,Arjun Thomas,Early Career,LAW,School of Law and Public Policy,S004,Advanced Technology Agency,Federal,Research Project,2025-08-13,2025-08,FY26,99000,Not Funded,,0,2025-10-16,64,,
LP-2024-01158,R0145,Sofia Evans,Senior,LAW,School of Law and Public Policy,S013,Education Access Foundation,Foundation,Research Project,2024-09-03,2024-09,FY25,71200,Closed,AW2-2024-01158,67800,2025-01-29,148,2025-04-14,2028-04-13
LP-2026-01159,R0173,Isabelle Laurent,Established,BUS,School of Business,S011,Community Wellbeing Trust,Foundation,Training Grant,2026-01-19,2026-01,FY26,124500,Not Funded,,0,2026-05-28,129,,
LP-2024-01160,R0100,Hana Roy,Early Career,HUM,College of Humanities,S022,Helix Medical Devices,Industry,Research Project,2024-01-31,2024-01,FY24,68800,Closed,AW2-2024-01160,63100,2024-03-15,44,2024-04-06,2025-09-28
LP-2025-01161,R0113,Isabelle Laurent,Established,LAW,School of Law and Public Policy,S017,International Research Consortium,International,Internal Seed,2025-04-23,2025-04,FY25,577900,Closed,AW2-2025-01161,533300,2025-09-27,157,2025-11-28,2027-11-28
LP-2025-01162,R0071,Maya Bennett,Early Career,HSC,College of Health Sciences,S012,Future Cities Foundation,Foundation,Internal Seed,2025-07-27,2025-07,FY26,114600,Active,AW2-2025-01162,110100,2025-11-12,108,2026-01-18,2027-01-18
LP-2023-01163,R0060,Amina Ahmed,Established,HUM,College of Humanities,S011,Community Wellbeing Trust,Foundation,Training Grant,2023-02-24,2023-02,FY23,220000,Closed,AW2-2023-01163,140500,2023-07-01,127,2023-08-04,2024-08-03
LP-2025-01164,R0015,Leila Martin,Early Career,HSC,College of Health Sciences,S014,Biomedical Discovery Foundation,Foundation,Research Project,2025-05-13,2025-05,FY25,102300,Not Funded,,0,2025-08-28,107,,
LP-2025-01165,R0031,Fatima Khan,Established,HSC,College of Health Sciences,S021,Vertex Mobility Systems,Industry,Training Grant,2025-11-11,2025-11,FY26,107600,Active,AW2-2025-01165,106600,2025-12-26,45,2026-02-12,2027-02-12
LP-2024-01166,R0052,Chloe Chen,Senior,HUM,College of Humanities,S012,Future Cities Foundation,Foundation,Research Project,2024-09-26,2024-09,FY25,15000,Not Funded,,0,2025-02-23,150,,
LP-2025-01167,R0059,Rafael Reyes,Senior,SOC,College of Social Innovation,S007,Department of Energy and Climate,Government,Equipment,2025-06-11,2025-06,FY25,40600,Active,AW2-2025-01167,31300,2025-07-16,35,2025-09-23,2028-09-22
LP-2024-01168,R0108,Elena Patel,Established,HUM,College of Humanities,S018,Global Development Partnership,International,Research Project,2024-12-20,2024-12,FY25,149900,Closed,AW2-2024-01168,132600,2025-05-25,156,2025-06-10,2028-06-09
LP-2023-01169,R0017,Zain Gupta,Established,LAW,School of Law and Public Policy,S020,Northstar Analytics,Industry,Training Grant,2023-06-02,2023-06,FY23,20300,Closed,AW2-2023-01169,14100,2023-10-05,125,2023-11-01,2025-04-24
LP-2025-01170,R0128,Theo Yamamoto,Established,ARC,College of Architecture and Design,S010,Global Health Foundation,Foundation,Training Grant,2025-07-11,2025-07,FY26,270300,Not Funded,,0,2025-12-23,165,,
LP-2024-01171,R0127,Nadia Nguyen,Senior,HSC,College of Health Sciences,S024,Faculty Seed Grant Program,Internal,Internal Seed,2024-07-02,2024-07,FY25,559200,Not Funded,,0,2025-01-08,190,,
LP-2025-01172,R0167,Zain Gupta,Established,HSC,College of Health Sciences,S003,Social Innovation Research Council,Federal,Research Project,2025-07-17,2025-07,FY26,122800,Not Funded,,0,2025-12-11,147,,
LP-2025-01173,R0080,Noah Johnson,Established,ARC,College of Architecture and Design,S003,Social Innovation Research Council,Federal,Equipment,2025-12-07,2025-12,FY26,112300,Not Funded,,0,2026-05-12,156,,
LP-2024-01174,R0084,Mei Tran,Senior,HUM,College of Humanities,S016,Urban Resilience Network,Nonprofit,Research Project,2024-08-25,2024-08,FY25,105900,Closed,AW2-2024-01174,71100,2025-02-26,185,2025-04-26,2027-04-26
LP-2024-01175,R0056,Camille Mensah,Established,ARC,College of Architecture and Design,S023,Internal Strategic Research Fund,Internal,Training Grant,2024-06-03,2024-06,FY24,99000,Closed,AW2-2024-01175,96400,2024-07-10,37,2024-09-07,2026-03-01
LP-2024-01176,R0085,Sofia Evans,Established,BUS,School of Business,S023,Internal Strategic Research Fund,Internal,Research Project,2024-02-08,2024-02,FY24,96100,Closed,AW2-2024-01176,80100,2024-06-19,132,2024-07-17,2027-07-17
LP-2025-01177,R0042,Samira Kim,Senior,ENG,College of Engineering,S013,Education Access Foundation,Foundation,Research Project,2025-04-01,2025-04,FY25,236000,Not Funded,,0,2025-06-16,76,,
LP-2025-01178,R0057,Grace Williams,Established,LAW,School of Law and Public Policy,S017,International Research Consortium,International,Research Project,2025-03-07,2025-03,FY25,201600,Withdrawn,,0,2025-08-17,163,,
LP-2025-01179,R0072,Samira Kim,Established,ARC,College of Architecture and Design,S015,Civic Data Collaborative,Nonprofit,Training Grant,2025-02-05,2025-02,FY25,23100,Active,AW2-2025-01179,15600,2025-03-21,44,2025-04-20,2026-04-20
LP-2025-01180,R0163,Arjun Thomas,Early Career,SOC,College of Social Innovation,S010,Global Health Foundation,Foundation,Research Project,2025-03-06,2025-03,FY25,50200,Closed,AW2-2025-01180,38300,2025-04-10,35,2025-05-05,2028-05-04
LP-2026-01181,R0176,Camille Mensah,Early Career,ARC,College of Architecture and Design,S006,Department of Public Health,Government,Research Project,2026-07-07,2026-07,FY27,87500,Awarded,AW2-2026-01181,73000,2026-08-31,55,2026-09-22,2028-09-21
LP-2024-01182,R0061,Fatima Khan,Early Career,BUS,School of Business,S002,Natural Sciences Research Council,Federal,Fellowship,2024-07-30,2024-07,FY25,54200,Not Funded,,0,2024-09-23,55,,
LP-2023-01183,R0141,Victor Singh,Senior,BUS,School of Business,S011,Community Wellbeing Trust,Foundation,Research Project,2023-02-19,2023-02,FY23,124700,Closed,AW2-2023-01183,113300,2023-07-07,138,2023-09-07,2026-09-06
LP-2026-01184,R0021,Victor Singh,Established,BUS,School of Business,S013,Education Access Foundation,Foundation,Research Project,2026-04-10,2026-04,FY26,103700,Awarded,AW2-2026-01184,89300,2026-06-20,71,2026-08-18,2029-08-17
LP-2023-01185,R0010,Hana Roy,Early Career,ENG,College of Engineering,S019,Apex Biotechnologies,Industry,Research Project,2023-07-17,2023-07,FY24,69000,Closed,AW2-2023-01185,44800,2024-01-20,187,2024-02-20,2027-02-19
LP-2026-01186,R0139,Jia Zhou,Established,SOC,College of Social Innovation,S012,Future Cities Foundation,Foundation,Training Grant,2026-02-10,2026-02,FY26,120000,Not Funded,,0,2026-07-16,156,,
LP-2024-01187,R0066,Jamal Garcia,Established,ENG,College of Engineering,S025,Interdisciplinary Catalyst Fund,Internal,Training Grant,2024-06-27,2024-06,FY24,203700,Closed,AW2-2024-01187,196900,2024-11-20,146,2025-01-19,2026-07-13
LP-2026-01188,R0119,Rafael Reyes,Established,HSC,College of Health Sciences,S017,International Research Consortium,International,Research Project,2026-01-10,2026-01,FY26,341200,Not Funded,,0,2026-04-06,86,,
LP-2024-01189,R0160,Hana Roy,Established,ARC,College of Architecture and Design,S001,National Health Research Council,Federal,Research Project,2024-09-22,2024-09,FY25,162500,Not Funded,,0,2025-02-27,158,,
LP-2025-01190,R0029,Rafael Reyes,Established,BUS,School of Business,S005,National Science Foundation,Federal,Equipment,2025-08-20,2025-08,FY26,235000,Awarded,AW2-2025-01190,219000,2025-10-23,64,2025-12-24,2027-06-17
LP-2024-01191,R0158,Theo Yamamoto,Established,SCI,College of Science,S004,Advanced Technology Agency,Federal,Equipment,2024-04-10,2024-04,FY24,332000,Active,AW2-2024-01191,279900,2024-05-31,51,2024-06-26,2025-12-18
LP-2023-01192,R0026,Camille Mensah,Established,ENG,College of Engineering,S001,National Health Research Council,Federal,Internal Seed,2023-10-14,2023-10,FY24,215300,Withdrawn,,0,2024-04-20,189,,
LP-2025-01193,R0064,Yara Lee,Early Career,ARC,College of Architecture and Design,S006,Department of Public Health,Government,Research Project,2025-01-23,2025-01,FY25,358200,Not Funded,,0,2025-06-16,144,,
LP-2024-01194,R0113,Isabelle Laurent,Established,LAW,School of Law and Public Policy,S025,Interdisciplinary Catalyst Fund,Internal,Equipment,2024-11-08,2024-11,FY25,486300,Not Funded,,0,2025-04-27,170,,
LP-2026-01195,R0083,Isabelle Laurent,Established,SOC,College of Social Innovation,S002,Natural Sciences Research Council,Federal,Research Project,2026-01-15,2026-01,FY26,51600,Active,AW2-2026-01195,35000,2026-04-18,93,2026-06-06,2028-06-05
LP-2024-01196,R0066,Jamal Garcia,Established,ENG,College of Engineering,S014,Biomedical Discovery Foundation,Foundation,Internal Seed,2024-11-19,2024-11,FY25,101100,Active,AW2-2024-01196,94200,2025-05-13,175,2025-05-23,2026-11-14
LP-2023-01197,R0021,Victor Singh,Established,BUS,School of Business,S015,Civic Data Collaborative,Nonprofit,Research Project,2023-10-01,2023-10,FY24,222700,Not Funded,,0,2024-01-07,98,,
LP-2023-01198,R0176,Camille Mensah,Early Career,ARC,College of Architecture and Design,S015,Civic Data Collaborative,Nonprofit,Research Project,2023-02-13,2023-02,FY23,106600,Closed,AW2-2023-01198,103500,2023-07-22,159,2023-09-09,2026-09-08
LP-2025-01199,R0168,Elena Patel,Early Career,ARC,College of Architecture and Design,S019,Apex Biotechnologies,Industry,Equipment,2025-11-15,2025-11,FY26,57900,Active,AW2-2025-01199,41500,2026-01-09,55,2026-02-20,2027-08-14
LP-2024-01200,R0128,Theo Yamamoto,Established,ARC,College of Architecture and Design,S008,Ontario Research Fund,Provincial/State,Training Grant,2024-07-27,2024-07,FY25,348500,Not Funded,,0,2024-11-23,119,,
LP-2023-01201,R0129,Carlos Ito,Established,LAW,School of Law and Public Policy,S010,Global Health Foundation,Foundation,Research Project,2023-07-26,2023-07,FY24,36800,Not Funded,,0,2023-10-30,96,,
LP-2024-01202,R0013,Arjun Thomas,Established,BUS,School of Business,S021,Vertex Mobility Systems,Industry,Fellowship,2024-08-17,2024-08,FY25,258600,Not Funded,,0,2024-09-27,41,,
LP-2024-01203,R0112,Chloe Chen,Early Career,ARC,College of Architecture and Design,S016,Urban Resilience Network,Nonprofit,Equipment,2024-06-07,2024-06,FY24,132800,Closed,AW2-2024-01203,109100,2024-12-12,188,2025-02-12,2027-02-12
LP-2026-01204,R0017,Zain Gupta,Established,LAW,School of Law and Public Policy,S001,National Health Research Council,Federal,Equipment,2026-01-12,2026-01,FY26,156800,Awarded,AW2-2026-01204,124300,2026-03-18,65,2026-04-29,2027-04-29
LP-2025-01205,R0126,Jamal Garcia,Established,SCI,College of Science,S018,Global Development Partnership,International,Training Grant,2025-06-17,2025-06,FY25,146200,Closed,AW2-2025-01205,135000,2025-08-03,47,2025-09-11,2028-09-10
LP-2023-01206,R0160,Hana Roy,Established,ARC,College of Architecture and Design,S003,Social Innovation Research Council,Federal,Research Project,2023-05-02,2023-05,FY23,313400,Not Funded,,0,2023-06-17,46,,
LP-2025-01207,R0134,Gabriel Dubois,Early Career,SCI,College of Science,S010,Global Health Foundation,Foundation,Research Project,2025-12-14,2025-12,FY26,796700,Not Funded,,0,2026-03-09,85,,
LP-2023-01208,R0133,Arjun Thomas,Early Career,BUS,School of Business,S009,Massachusetts Innovation Fund,Provincial/State,Research Project,2023-08-17,2023-08,FY24,179700,Closed,AW2-2023-01208,134200,2024-02-07,174,2024-03-31,2027-03-31
LP-2025-01209,R0176,Camille Mensah,Early Career,ARC,College of Architecture and Design,S023,Internal Strategic Research Fund,Internal,Training Grant,2025-07-29,2025-07,FY26,82500,Awarded,AW2-2025-01209,70500,2026-01-31,186,2026-02-12,2029-02-11
LP-2024-01210,R0130,Hana Roy,Senior,ENG,College of Engineering,S001,National Health Research Council,Federal,Research Project,2024-11-18,2024-11,FY25,145100,Awarded,AW2-2024-01210,99000,2025-03-09,111,2025-04-05,2026-09-27
LP-2025-01211,R0163,Arjun Thomas,Early Career,SOC,College of Social Innovation,S002,Natural Sciences Research Council,Federal,Training Grant,2025-02-08,2025-02,FY25,86700,Not Funded,,0,2025-08-11,184,,
LP-2026-01212,R0065,Daniel Walker,Established,LAW,School of Law and Public Policy,S023,Internal Strategic Research Fund,Internal,Research Project,2026-03-30,2026-03,FY26,114900,Not Funded,,0,2026-07-12,104,,
LP-2023-01213,R0102,Samira Kim,Established,SCI,College of Science,S024,Faculty Seed Grant Program,Internal,Research Project,2023-11-15,2023-11,FY24,30400,Closed,AW2-2023-01213,25200,2024-05-15,182,2024-06-08,2027-06-08
LP-2023-01214,R0075,Leila Martin,Established,SOC,College of Social Innovation,S001,National Health Research Council,Federal,Research Project,2023-06-09,2023-06,FY23,96000,Closed,AW2-2023-01214,85800,2023-12-12,186,2024-01-15,2026-01-14
LP-2023-01215,R0179,Rafael Reyes,Early Career,SOC,College of Social Innovation,S005,National Science Foundation,Federal,Research Project,2023-12-25,2023-12,FY24,226100,Active,AW2-2023-01215,178200,2024-03-21,87,2024-04-19,2025-04-19
LP-2023-01216,R0051,Victor Singh,Established,SOC,College of Social Innovation,S002,Natural Sciences Research Council,Federal,Research Project,2023-05-26,2023-05,FY23,110300,Closed,AW2-2023-01216,109200,2023-10-23,150,2023-11-14,2025-11-13
LP-2024-01217,R0176,Camille Mensah,Early Career,ARC,College of Architecture and Design,S001,National Health Research Council,Federal,Equipment,2024-09-12,2024-09,FY25,139000,Closed,AW2-2024-01217,121800,2025-02-10,151,2025-03-06,2026-08-28
LP-2023-01218,R0121,Fatima Khan,Early Career,LAW,School of Law and Public Policy,S003,Social Innovation Research Council,Federal,Research Project,2023-06-06,2023-06,FY23,109800,Closed,AW2-2023-01218,71200,2023-07-26,50,2023-10-03,2026-10-02
LP-2026-01219,R0073,Arjun Thomas,Early Career,LAW,School of Law and Public Policy,S011,Community Wellbeing Trust,Foundation,Fellowship,2026-05-04,2026-05,FY26,140400,Not Funded,,0,2026-08-31,119,,
LP-2025-01220,R0162,Samira Kim,Established,ENG,College of Engineering,S011,Community Wellbeing Trust,Foundation,Internal Seed,2025-08-02,2025-08,FY26,33200,Active,AW2-2025-01220,30600,2025-10-14,73,2025-12-06,2027-05-30
LP-2026-01221,R0164,Gabriel Dubois,Senior,HUM,College of Humanities,S012,Future Cities Foundation,Foundation,Research Project,2026-01-25,2026-01,FY26,149600,Active,AW2-2026-01221,128200,2026-05-02,97,2026-06-06,2028-06-05
LP-2023-01222,R0067,Nadia Nguyen,Senior,SOC,College of Social Innovation,S012,Future Cities Foundation,Foundation,Research Project,2023-08-02,2023-08,FY24,75900,Active,AW2-2023-01222,49900,2024-02-04,186,2024-03-26,2025-09-17
LP-2024-01223,R0018,Elena Patel,Established,ENG,College of Engineering,S023,Internal Strategic Research Fund,Internal,Research Project,2024-06-17,2024-06,FY24,90700,Closed,AW2-2024-01223,85900,2024-09-09,84,2024-11-15,2025-11-15
LP-2025-01224,R0113,Isabelle Laurent,Established,LAW,School of Law and Public Policy,S007,Department of Energy and Climate,Government,Training Grant,2025-07-05,2025-07,FY26,160900,Not Funded,,0,2026-01-11,190,,
LP-2023-01225,R0112,Chloe Chen,Early Career,ARC,College of Architecture and Design,S015,Civic Data Collaborative,Nonprofit,Training Grant,2023-07-08,2023-07,FY24,386100,Closed,AW2-2023-01225,267400,2023-12-17,162,2023-12-29,2024-12-28
LP-2023-01226,R0148,Lucas Haddad,Established,HUM,College of Humanities,S002,Natural Sciences Research Council,Federal,Research Project,2023-05-17,2023-05,FY23,179300,Closed,AW2-2023-01226,114400,2023-09-10,116,2023-11-20,2025-05-13
LP-2024-01227,R0006,Jamal Garcia,Established,SCI,College of Science,S022,Helix Medical Devices,Industry,Research Project,2024-09-07,2024-09,FY25,115900,Not Funded,,0,2025-03-14,188,,
LP-2024-01228,R0012,Samira Kim,Early Career,HUM,College of Humanities,S004,Advanced Technology Agency,Federal,Fellowship,2024-12-28,2024-12,FY25,30900,Not Funded,,0,2025-02-19,53,,
LP-2026-01229,R0047,Zain Gupta,Senior,HSC,College of Health Sciences,S001,National Health Research Council,Federal,Research Project,2026-02-01,2026-02,FY26,15000,Active,AW2-2026-01229,14600,2026-04-06,64,2026-05-01,2027-05-01
LP-2023-01230,R0119,Rafael Reyes,Established,HSC,College of Health Sciences,S018,Global Development Partnership,International,Internal Seed,2023-04-09,2023-04,FY23,975500,Withdrawn,,0,2023-06-04,56,,
LP-2026-01231,R0025,Sofia Evans,Early Career,LAW,School of Law and Public Policy,S018,Global Development Partnership,International,Internal Seed,2026-06-11,2026-06,FY26,180600,Active,AW2-2026-01231,141500,2026-08-31,81,2026-10-06,2028-03-29
LP-2024-01232,R0168,Elena Patel,Early Career,ARC,College of Architecture and Design,S003,Social Innovation Research Council,Federal,Research Project,2024-07-18,2024-07,FY25,93900,Not Funded,,0,2024-12-14,149,,
LP-2024-01233,R0099,Carlos Ito,Senior,SOC,College of Social Innovation,S007,Department of Energy and Climate,Government,Research Project,2024-06-04,2024-06,FY24,112000,Closed,AW2-2024-01233,73700,2024-09-09,97,2024-10-03,2026-10-03
LP-2023-01234,R0046,Priya Wang,Senior,SCI,College of Science,S020,Northstar Analytics,Industry,Research Project,2023-04-01,2023-04,FY23,80100,Not Funded,,0,2023-09-26,178,,
LP-2023-01235,R0041,Maya Bennett,Established,LAW,School of Law and Public Policy,S011,Community Wellbeing Trust,Foundation,Training Grant,2023-07-10,2023-07,FY24,66100,Closed,AW2-2023-01235,63500,2023-10-06,88,2023-12-12,2025-12-11
LP-2023-01236,R0080,Noah Johnson,Established,ARC,College of Architecture and Design,S007,Department of Energy and Climate,Government,Research Project,2023-06-07,2023-06,FY23,63300,Active,AW2-2023-01236,40500,2023-08-25,79,2023-10-08,2024-10-07
LP-2024-01237,R0142,Chloe Chen,Established,SCI,College of Science,S004,Advanced Technology Agency,Federal,Research Project,2024-05-26,2024-05,FY24,42400,Not Funded,,0,2024-09-10,107,,
LP-2026-01238,R0087,Grace Williams,Senior,HSC,College of Health Sciences,S010,Global Health Foundation,Foundation,Training Grant,2026-06-13,2026-06,FY26,50500,Not Funded,,0,2026-07-25,42,,
LP-2023-01239,R0055,Sofia Evans,Early Career,HSC,College of Health Sciences,S008,Ontario Research Fund,Provincial/State,Research Project,2023-10-24,2023-10,FY24,20200,Active,AW2-2023-01239,17600,2024-03-16,144,2024-03-29,2025-03-29
LP-2024-01240,R0073,Arjun Thomas,Early Career,LAW,School of Law and Public Policy,S005,National Science Foundation,Federal,Research Project,2024-03-04,2024-03,FY24,76500,Not Funded,,0,2024-05-11,68,,
LP-2025-01241,R0099,Carlos Ito,Senior,SOC,College of Social Innovation,S002,Natural Sciences Research Council,Federal,Internal Seed,2025-04-25,2025-04,FY25,112000,Not Funded,,0,2025-05-31,36,,
LP-2025-01242,R0024,Mei Tran,Established,ARC,College of Architecture and Design,S013,Education Access Foundation,Foundation,Research Project,2025-11-19,2025-11,FY26,46600,Active,AW2-2025-01242,31800,2026-05-25,187,2026-06-28,2027-06-28
LP-2023-01243,R0048,Elena Patel,Early Career,ARC,College of Architecture and Design,S015,Civic Data Collaborative,Nonprofit,Research Project,2023-01-27,2023-01,FY23,233400,Not Funded,,0,2023-06-20,144,,
LP-2024-01244,R0129,Carlos Ito,Established,LAW,School of Law and Public Policy,S005,National Science Foundation,Federal,Research Project,2024-05-02,2024-05,FY24,152100,Not Funded,,0,2024-09-13,134,,
LP-2023-01245,R0108,Elena Patel,Established,HUM,College of Humanities,S020,Northstar Analytics,Industry,Training Grant,2023-09-24,2023-09,FY24,296400,Not Funded,,0,2024-03-12,170,,
LP-2025-01246,R0083,Isabelle Laurent,Established,SOC,College of Social Innovation,S003,Social Innovation Research Council,Federal,Training Grant,2025-01-06,2025-01,FY25,188400,Awarded,AW2-2025-01246,117100,2025-06-12,157,2025-08-22,2027-02-13
LP-2025-01247,R0095,Daniel Walker,Early Career,HSC,College of Health Sciences,S023,Internal Strategic Research Fund,Internal,Research Project,2025-08-22,2025-08,FY26,103600,Active,AW2-2025-01247,88600,2025-11-21,91,2026-01-11,2028-01-11
LP-2024-01248,R0113,Isabelle Laurent,Established,LAW,School of Law and Public Policy,S003,Social Innovation Research Council,Federal,Research Project,2024-03-17,2024-03,FY24,365400,Not Funded,,0,2024-06-08,83,,
LP-2024-01249,R0128,Theo Yamamoto,Established,ARC,College of Architecture and Design,S002,Natural Sciences Research Council,Federal,Research Project,2024-03-13,2024-03,FY24,95400,Withdrawn,,0,2024-05-09,57,,
LP-2024-01250,R0020,Noah Johnson,Senior,HUM,College of Humanities,S025,Interdisciplinary Catalyst Fund,Internal,Research Project,2024-04-04,2024-04,FY24,205700,Closed,AW2-2024-01250,202800,2024-09-01,150,2024-11-14,2025-11-14
LP-2023-01251,R0087,Grace Williams,Senior,HSC,College of Health Sciences,S004,Advanced Technology Agency,Federal,Equipment,2023-01-26,2023-01,FY23,98900,Not Funded,,0,2023-03-14,47,,
LP-2023-01252,R0022,Chloe Chen,Senior,SCI,College of Science,S008,Ontario Research Fund,Provincial/State,Research Project,2023-09-08,2023-09,FY24,433100,Closed,AW2-2023-01252,353200,2023-11-10,63,2023-12-12,2025-06-04
LP-2023-01253,R0164,Gabriel Dubois,Senior,HUM,College of Humanities,S002,Natural Sciences Research Council,Federal,Research Project,2023-11-16,2023-11,FY24,295600,Closed,AW2-2023-01253,226800,2024-01-15,60,2024-02-14,2025-08-07
LP-2026-01254,R0050,Noah Johnson,Senior,ENG,College of Engineering,S004,Advanced Technology Agency,Federal,Research Project,2026-06-09,2026-06,FY26,120700,Awarded,AW2-2026-01254,113400,2026-08-31,83,2026-10-26,2028-04-18
LP-2023-01255,R0169,Jia Zhou,Established,LAW,School of Law and Public Policy,S017,International Research Consortium,International,Equipment,2023-06-01,2023-06,FY23,57400,Withdrawn,,0,2023-11-23,175,,
LP-2025-01256,R0122,Jonah Smith,Established,ENG,College of Engineering,S019,Apex Biotechnologies,Industry,Training Grant,2025-03-24,2025-03,FY25,257000,Not Funded,,0,2025-08-27,156,,
LP-2025-01257,R0053,Isabelle Laurent,Early Career,BUS,School of Business,S001,National Health Research Council,Federal,Research Project,2025-07-03,2025-07,FY26,325600,Awarded,AW2-2025-01257,321900,2025-12-12,162,2026-02-11,2028-02-11
LP-2023-01258,R0089,Rafael Reyes,Established,LAW,School of Law and Public Policy,S025,Interdisciplinary Catalyst Fund,Internal,Training Grant,2023-04-14,2023-04,FY23,230200,Not Funded,,0,2023-08-21,129,,
LP-2023-01259,R0172,Chloe Chen,Early Career,HUM,College of Humanities,S013,Education Access Foundation,Foundation,Research Project,2023-04-26,2023-04,FY23,145600,Active,AW2-2023-01259,138900,2023-08-26,122,2023-11-05,2024-11-04
LP-2024-01260,R0043,Arjun Thomas,Early Career,SOC,College of Social Innovation,S012,Future Cities Foundation,Foundation,Research Project,2024-01-06,2024-01,FY24,84100,Not Funded,,0,2024-05-28,143,,
LP-2024-01261,R0046,Priya Wang,Senior,SCI,College of Science,S007,Department of Energy and Climate,Government,Internal Seed,2024-03-29,2024-03,FY24,57300,Closed,AW2-2024-01261,51300,2024-07-21,114,2024-09-21,2026-03-15
LP-2024-01262,R0001,Fatima Khan,Senior,LAW,School of Law and Public Policy,S011,Community Wellbeing Trust,Foundation,Research Project,2024-04-18,2024-04,FY24,64300,Not Funded,,0,2024-07-23,96,,
LP-2023-01263,R0009,Carlos Ito,Early Career,LAW,School of Law and Public Policy,S017,International Research Consortium,International,Research Project,2023-08-28,2023-08,FY24,287400,Active,AW2-2023-01263,225500,2023-11-25,89,2023-12-26,2025-12-25
LP-2026-01264,R0132,Samira Kim,Early Career,HUM,College of Humanities,S016,Urban Resilience Network,Nonprofit,Training Grant,2026-06-29,2026-06,FY26,124100,Not Funded,,0,2026-08-31,63,,
LP-2025-01265,R0165,Leila Martin,Early Career,BUS,School of Business,S013,Education Access Foundation,Foundation,Research Project,2025-03-06,2025-03,FY25,160600,Awarded,AW2-2025-01265,104000,2025-08-13,160,2025-09-29,2027-09-29
LP-2025-01266,R0142,Chloe Chen,Established,SCI,College of Science,S023,Internal Strategic Research Fund,Internal,Research Project,2025-12-05,2025-12,FY26,136400,Awarded,AW2-2025-01266,108800,2026-04-28,144,2026-06-25,2029-06-24
LP-2023-01267,R0070,Hana Roy,Established,SCI,College of Science,S007,Department of Energy and Climate,Government,Equipment,2023-04-23,2023-04,FY23,104600,Not Funded,,0,2023-08-13,112,,
LP-2025-01268,R0069,Carlos Ito,Established,BUS,School of Business,S012,Future Cities Foundation,Foundation,Research Project,2025-10-20,2025-10,FY26,159000,Withdrawn,,0,2025-12-28,69,,
LP-2024-01269,R0172,Chloe Chen,Early Career,HUM,College of Humanities,S001,National Health Research Council,Federal,Research Project,2024-02-12,2024-02,FY24,82800,Closed,AW2-2024-01269,65600,2024-08-13,183,2024-09-04,2027-09-04
LP-2023-01270,R0036,Jamal Garcia,Early Career,HUM,College of Humanities,S023,Internal Strategic Research Fund,Internal,Research Project,2023-04-22,2023-04,FY23,66900,Closed,AW2-2023-01270,41900,2023-06-11,50,2023-07-15,2026-07-14
LP-2025-01271,R0113,Isabelle Laurent,Established,LAW,School of Law and Public Policy,S007,Department of Energy and Climate,Government,Research Project,2025-09-14,2025-09,FY26,154900,Active,AW2-2025-01271,148500,2025-11-07,54,2026-01-16,2027-01-16
LP-2024-01272,R0059,Rafael Reyes,Senior,SOC,College of Social Innovation,S015,Civic Data Collaborative,Nonprofit,Research Project,2024-12-25,2024-12,FY25,716000,Not Funded,,0,2025-06-09,166,,
LP-2026-01273,R0129,Carlos Ito,Established,LAW,School of Law and Public Policy,S025,Interdisciplinary Catalyst Fund,Internal,Internal Seed,2026-07-04,2026-07,FY27,87200,Under Review,,0,,,,
LP-2026-01274,R0154,Yara Lee,Senior,ENG,College of Engineering,S014,Biomedical Discovery Foundation,Foundation,Research Project,2026-05-07,2026-05,FY26,348200,Awarded,AW2-2026-01274,338000,2026-08-31,116,2026-09-20,2029-09-19
LP-2026-01275,R0033,Olivia Costa,Established,LAW,School of Law and Public Policy,S009,Massachusetts Innovation Fund,Provincial/State,Internal Seed,2026-08-08,2026-08,FY27,47800,Under Review,,0,,,,
LP-2026-01276,R0137,Zain Gupta,Established,LAW,School of Law and Public Policy,S023,Internal Strategic Research Fund,Internal,Research Project,2026-06-16,2026-06,FY26,26600,Not Funded,,0,2026-08-31,76,,
LP-2023-01277,R0065,Daniel Walker,Established,LAW,School of Law and Public Policy,S005,National Science Foundation,Federal,Research Project,2023-04-08,2023-04,FY23,549900,Not Funded,,0,2023-05-28,50,,
LP-2026-01278,R0112,Chloe Chen,Early Career,ARC,College of Architecture and Design,S024,Faculty Seed Grant Program,Internal,Internal Seed,2026-06-09,2026-06,FY26,442500,Active,AW2-2026-01278,343300,2026-08-31,83,2026-11-02,2027-11-02
LP-2024-01279,R0094,Yara Lee,Established,SCI,College of Science,S020,Northstar Analytics,Industry,Training Grant,2024-02-23,2024-02,FY24,78000,Active,AW2-2024-01279,73300,2024-06-01,99,2024-08-11,2026-08-11
LP-2023-01280,R0177,Grace Williams,Established,LAW,School of Law and Public Policy,S025,Interdisciplinary Catalyst Fund,Internal,Internal Seed,2023-08-27,2023-08,FY24,306100,Not Funded,,0,2024-03-02,188,,
LP-2025-01281,R0056,Camille Mensah,Established,ARC,College of Architecture and Design,S013,Education Access Foundation,Foundation,Research Project,2025-09-06,2025-09,FY26,99000,Active,AW2-2025-01281,92300,2025-12-01,86,2026-02-05,2029-02-04
LP-2025-01282,R0059,Rafael Reyes,Senior,SOC,College of Social Innovation,S024,Faculty Seed Grant Program,Internal,Research Project,2025-02-03,2025-02,FY25,70700,Not Funded,,0,2025-03-27,52,,
LP-2026-01283,R0025,Sofia Evans,Early Career,LAW,School of Law and Public Policy,S023,Internal Strategic Research Fund,Internal,Research Project,2026-02-22,2026-02,FY26,238300,Not Funded,,0,2026-05-19,86,,
LP-2025-01284,R0123,Olivia Costa,Early Career,SOC,College of Social Innovation,S008,Ontario Research Fund,Provincial/State,Research Project,2025-01-27,2025-01,FY25,265500,Active,AW2-2025-01284,214200,2025-05-07,100,2025-06-06,2026-11-28
LP-2024-01285,R0061,Fatima Khan,Early Career,BUS,School of Business,S014,Biomedical Discovery Foundation,Foundation,Training Grant,2024-09-02,2024-09,FY25,90400,Active,AW2-2024-01285,89600,2025-02-25,176,2025-04-23,2027-04-23
LP-2024-01286,R0034,Yara Lee,Established,ENG,College of Engineering,S025,Interdisciplinary Catalyst Fund,Internal,Research Project,2024-01-10,2024-01,FY24,83100,Active,AW2-2024-01286,80200,2024-06-15,157,2024-08-17,2025-08-17
LP-2025-01287,R0015,Leila Martin,Early Career,HSC,College of Health Sciences,S001,National Health Research Council,Federal,Research Project,2025-04-12,2025-04,FY25,567100,Not Funded,,0,2025-07-15,94,,
LP-2025-01288,R0083,Isabelle Laurent,Established,SOC,College of Social Innovation,S018,Global Development Partnership,International,Research Project,2025-06-19,2025-06,FY25,52500,Not Funded,,0,2025-10-22,125,,
LP-2026-01289,R0170,Noah Johnson,Established,ENG,College of Engineering,S001,National Health Research Council,Federal,Research Project,2026-01-15,2026-01,FY26,347000,Not Funded,,0,2026-06-19,155,,
LP-2023-01290,R0113,Isabelle Laurent,Established,LAW,School of Law and Public Policy,S003,Social Innovation Research Council,Federal,Research Project,2023-01-16,2023-01,FY23,123300,Active,AW2-2023-01290,98300,2023-05-18,122,2023-06-11,2024-12-02
LP-2024-01291,R0102,Samira Kim,Established,SCI,College of Science,S023,Internal Strategic Research Fund,Internal,Research Project,2024-01-04,2024-01,FY24,46500,Withdrawn,,0,2024-03-24,80,,
LP-2025-01292,R0066,Jamal Garcia,Established,ENG,College of Engineering,S008,Ontario Research Fund,Provincial/State,Research Project,2025-03-14,2025-03,FY25,60500,Not Funded,,0,2025-05-18,65,,
LP-2024-01293,R0164,Gabriel Dubois,Senior,HUM,College of Humanities,S005,National Science Foundation,Federal,Research Project,2024-09-27,2024-09,FY25,197000,Not Funded,,0,2025-01-08,103,,
LP-2025-01294,R0092,Jonah Smith,Early Career,HUM,College of Humanities,S004,Advanced Technology Agency,Federal,Equipment,2025-10-05,2025-10,FY26,255300,Withdrawn,,0,2026-03-10,156,,
LP-2026-01295,R0146,Camille Mensah,Senior,ENG,College of Engineering,S001,National Health Research Council,Federal,Training Grant,2026-02-19,2026-02,FY26,124900,Not Funded,,0,2026-06-13,114,,
LP-2023-01296,R0164,Gabriel Dubois,Senior,HUM,College of Humanities,S025,Interdisciplinary Catalyst Fund,Internal,Research Project,2023-11-24,2023-11,FY24,37700,Closed,AW2-2023-01296,32900,2024-02-02,70,2024-04-13,2025-10-05
LP-2025-01297,R0034,Yara Lee,Established,ENG,College of Engineering,S014,Biomedical Discovery Foundation,Foundation,Internal Seed,2025-06-14,2025-06,FY25,70900,Not Funded,,0,2025-11-02,141,,
LP-2026-01298,R0097,Nadia Nguyen,Established,LAW,School of Law and Public Policy,S002,Natural Sciences Research Council,Federal,Equipment,2026-01-06,2026-01,FY26,173900,Not Funded,,0,2026-06-28,173,,
LP-2023-01299,R0025,Sofia Evans,Early Career,LAW,School of Law and Public Policy,S002,Natural Sciences Research Council,Federal,Research Project,2023-02-07,2023-02,FY23,31900,Not Funded,,0,2023-04-18,70,,
LP-2023-01300,R0033,Olivia Costa,Established,LAW,School of Law and Public Policy,S011,Community Wellbeing Trust,Foundation,Research Project,2023-04-23,2023-04,FY23,113800,Not Funded,,0,2023-08-30,129,,
LP-2025-01301,R0049,Jia Zhou,Senior,LAW,School of Law and Public Policy,S001,National Health Research Council,Federal,Research Project,2025-03-19,2025-03,FY25,59500,Not Funded,,0,2025-05-19,61,,
LP-2025-01302,R0160,Hana Roy,Established,ARC,College of Architecture and Design,S024,Faculty Seed Grant Program,Internal,Research Project,2025-06-20,2025-06,FY25,27700,Closed,AW2-2025-01302,26600,2025-07-28,38,2025-09-08,2028-09-07
LP-2025-01303,R0048,Elena Patel,Early Career,ARC,College of Architecture and Design,S014,Biomedical Discovery Foundation,Foundation,Internal Seed,2025-06-13,2025-06,FY25,35800,Awarded,AW2-2025-01303,35500,2025-08-13,61,2025-08-30,2027-02-21
LP-2023-01304,R0033,Olivia Costa,Established,LAW,School of Law and Public Policy,S024,Faculty Seed Grant Program,Internal,Research Project,2023-02-26,2023-02,FY23,83700,Active,AW2-2023-01304,52800,2023-04-05,38,2023-05-29,2026-05-28
LP-2026-01305,R0128,Theo Yamamoto,Established,ARC,College of Architecture and Design,S020,Northstar Analytics,Industry,Internal Seed,2026-01-17,2026-01,FY26,67600,Active,AW2-2026-01305,47700,2026-03-03,45,2026-03-18,2029-03-17
LP-2024-01306,R0042,Samira Kim,Senior,ENG,College of Engineering,S002,Natural Sciences Research Council,Federal,Research Project,2024-06-13,2024-06,FY24,76000,Active,AW2-2024-01306,48000,2024-10-23,132,2024-12-01,2026-12-01
LP-2025-01307,R0016,Priya Wang,Established,ARC,College of Architecture and Design,S004,Advanced Technology Agency,Federal,Research Project,2025-09-17,2025-09,FY26,320900,Active,AW2-2025-01307,240700,2026-01-03,108,2026-03-16,2027-09-07
LP-2023-01308,R0090,Amina Ahmed,Established,ENG,College of Engineering,S021,Vertex Mobility Systems,Industry,Fellowship,2023-03-09,2023-03,FY23,334600,Not Funded,,0,2023-04-28,50,,
LP-2023-01309,R0007,Nadia Nguyen,Established,HSC,College of Health Sciences,S012,Future Cities Foundation,Foundation,Training Grant,2023-01-01,2023-01,FY23,40200,Active,AW2-2023-01309,26200,2023-03-19,77,2023-05-19,2025-05-18
LP-2025-01310,R0022,Chloe Chen,Senior,SCI,College of Science,S015,Civic Data Collaborative,Nonprofit,Fellowship,2025-01-18,2025-01,FY25,176000,Not Funded,,0,2025-03-30,71,,
LP-2023-01311,R0155,Daniel Walker,Early Career,SOC,College of Social Innovation,S008,Ontario Research Fund,Provincial/State,Training Grant,2023-10-20,2023-10,FY24,70400,Closed,AW2-2023-01311,44300,2023-12-29,70,2024-02-18,2027-02-17
LP-2025-01312,R0051,Victor Singh,Established,SOC,College of Social Innovation,S022,Helix Medical Devices,Industry,Research Project,2025-11-21,2025-11,FY26,166200,Not Funded,,0,2026-03-26,125,,
LP-2024-01313,R0166,Priya Wang,Senior,SCI,College of Science,S003,Social Innovation Research Council,Federal,Research Project,2024-11-01,2024-11,FY25,128200,Active,AW2-2024-01313,115400,2025-01-22,82,2025-02-12,2026-02-12
LP-2025-01314,R0034,Yara Lee,Established,ENG,College of Engineering,S001,National Health Research Council,Federal,Research Project,2025-06-24,2025-06,FY25,51500,Active,AW2-2025-01314,38500,2025-08-17,54,2025-10-18,2026-10-18
LP-2025-01315,R0092,Jonah Smith,Early Career,HUM,College of Humanities,S004,Advanced Technology Agency,Federal,Research Project,2025-08-21,2025-08,FY26,481800,Not Funded,,0,2025-10-08,48,,
LP-2025-01316,R0098,Theo Yamamoto,Early Career,ENG,College of Engineering,S003,Social Innovation Research Council,Federal,Equipment,2025-08-19,2025-08,FY26,98400,Active,AW2-2025-01316,65700,2025-12-10,113,2026-01-17,2027-07-11
LP-2024-01317,R0137,Zain Gupta,Established,LAW,School of Law and Public Policy,S010,Global Health Foundation,Foundation,Fellowship,2024-04-02,2024-04,FY24,97700,Closed,AW2-2024-01317,89600,2024-06-25,84,2024-08-28,2027-08-28
LP-2023-01318,R0079,Jia Zhou,Established,HSC,College of Health Sciences,S001,National Health Research Council,Federal,Internal Seed,2023-08-02,2023-08,FY24,332000,Closed,AW2-2023-01318,308400,2023-11-12,102,2024-01-20,2025-01-19
LP-2024-01319,R0164,Gabriel Dubois,Senior,HUM,College of Humanities,S010,Global Health Foundation,Foundation,Research Project,2024-08-16,2024-08,FY25,40800,Not Funded,,0,2024-11-20,96,,
LP-2023-01320,R0038,Theo Yamamoto,Senior,SCI,College of Science,S016,Urban Resilience Network,Nonprofit,Research Project,2023-01-09,2023-01,FY23,113900,Not Funded,,0,2023-06-21,163,,
LP-2023-01321,R0174,Mei Tran,Established,SCI,College of Science,S010,Global Health Foundation,Foundation,Research Project,2023-03-18,2023-03,FY23,295900,Closed,AW2-2023-01321,238900,2023-06-01,75,2023-08-02,2026-08-01
LP-2024-01322,R0076,Priya Wang,Early Career,HUM,College of Humanities,S018,Global Development Partnership,International,Internal Seed,2024-08-22,2024-08,FY25,118900,Not Funded,,0,2024-09-30,39,,
LP-2025-01323,R0059,Rafael Reyes,Senior,SOC,College of Social Innovation,S011,Community Wellbeing Trust,Foundation,Research Project,2025-08-08,2025-08,FY26,108500,Active,AW2-2025-01323,95200,2025-11-12,96,2026-01-16,2027-01-16
LP-2025-01324,R0102,Samira Kim,Established,SCI,College of Science,S022,Helix Medical Devices,Industry,Research Project,2025-11-25,2025-11,FY26,320400,Not Funded,,0,2026-04-18,144,,
LP-2025-01325,R0027,Grace Williams,Early Career,SOC,College of Social Innovation,S001,National Health Research Council,Federal,Research Project,2025-04-22,2025-04,FY25,224800,Active,AW2-2025-01325,188400,2025-05-29,37,2025-07-10,2026-07-10
LP-2024-01326,R0086,Camille Mensah,Established,SCI,College of Science,S010,Global Health Foundation,Foundation,Research Project,2024-02-17,2024-02,FY24,47600,Closed,AW2-2024-01326,44500,2024-04-08,51,2024-04-26,2025-10-18
LP-2024-01327,R0052,Chloe Chen,Senior,HUM,College of Humanities,S005,National Science Foundation,Federal,Research Project,2024-01-30,2024-01,FY24,100200,Closed,AW2-2024-01327,72600,2024-03-31,61,2024-05-23,2025-11-14
LP-2025-01328,R0135,Leila Martin,Established,HSC,College of Health Sciences,S002,Natural Sciences Research Council,Federal,Training Grant,2025-12-25,2025-12,FY26,55900,Closed,AW2-2025-01328,45100,2026-06-07,164,2026-07-24,2028-01-15
LP-2025-01329,R0174,Mei Tran,Established,SCI,College of Science,S022,Helix Medical Devices,Industry,Training Grant,2025-03-15,2025-03,FY25,495400,Closed,AW2-2025-01329,445800,2025-04-24,40,2025-06-22,2026-12-14
LP-2026-01330,R0155,Daniel Walker,Early Career,SOC,College of Social Innovation,S012,Future Cities Foundation,Foundation,Fellowship,2026-02-23,2026-02,FY26,382100,Not Funded,,0,2026-08-20,178,,
LP-2025-01331,R0039,Carlos Ito,Senior,HSC,College of Health Sciences,S018,Global Development Partnership,International,Equipment,2025-05-12,2025-05,FY25,61900,Active,AW2-2025-01331,61100,2025-10-27,168,2025-12-07,2028-12-06
LP-2024-01332,R0125,Daniel Walker,Established,BUS,School of Business,S024,Faculty Seed Grant Program,Internal,Internal Seed,2024-07-02,2024-07,FY25,230700,Active,AW2-2024-01332,224400,2024-09-29,89,2024-10-25,2025-10-25
LP-2025-01333,R0116,Camille Mensah,Early Career,HUM,College of Humanities,S007,Department of Energy and Climate,Government,Research Project,2025-11-26,2025-11,FY26,276200,Not Funded,,0,2026-05-29,184,,
LP-2023-01334,R0026,Camille Mensah,Established,ENG,College of Engineering,S024,Faculty Seed Grant Program,Internal,Training Grant,2023-06-11,2023-06,FY23,92300,Active,AW2-2023-01334,63700,2023-10-01,112,2023-12-09,2026-12-08
LP-2025-01335,R0043,Arjun Thomas,Early Career,SOC,College of Social Innovation,S025,Interdisciplinary Catalyst Fund,Internal,Fellowship,2025-10-31,2025-10,FY26,428700,Not Funded,,0,2026-03-22,142,,
LP-2024-01336,R0122,Jonah Smith,Established,ENG,College of Engineering,S014,Biomedical Discovery Foundation,Foundation,Internal Seed,2024-11-16,2024-11,FY25,78900,Withdrawn,,0,2025-01-11,56,,
LP-2024-01337,R0135,Leila Martin,Established,HSC,College of Health Sciences,S014,Biomedical Discovery Foundation,Foundation,Research Project,2024-11-30,2024-11,FY25,66300,Active,AW2-2024-01337,64000,2025-06-02,184,2025-08-13,2027-02-04
LP-2025-01338,R0155,Daniel Walker,Early Career,SOC,College of Social Innovation,S006,Department of Public Health,Government,Research Project,2025-11-18,2025-11,FY26,41400,Not Funded,,0,2026-02-12,86,,
LP-2023-01339,R0019,Jia Zhou,Early Career,SOC,College of Social Innovation,S007,Department of Energy and Climate,Government,Equipment,2023-07-01,2023-07,FY24,89500,Not Funded,,0,2023-12-15,167,,
LP-2023-01340,R0042,Samira Kim,Senior,ENG,College of Engineering,S017,International Research Consortium,International,Research Project,2023-05-27,2023-05,FY23,386300,Not Funded,,0,2023-07-07,41,,
LP-2023-01341,R0155,Daniel Walker,Early Career,SOC,College of Social Innovation,S006,Department of Public Health,Government,Research Project,2023-06-05,2023-06,FY23,122400,Not Funded,,0,2023-09-08,95,,
LP-2023-01342,R0028,Lucas Haddad,Established,HUM,College of Humanities,S002,Natural Sciences Research Council,Federal,Research Project,2023-06-18,2023-06,FY23,66700,Not Funded,,0,2023-10-01,105,,
LP-2026-01343,R0108,Elena Patel,Established,HUM,College of Humanities,S001,National Health Research Council,Federal,Research Project,2026-05-14,2026-05,FY26,412900,Under Review,,0,,,,
LP-2026-01344,R0047,Zain Gupta,Senior,HSC,College of Health Sciences,S018,Global Development Partnership,International,Equipment,2026-01-07,2026-01,FY26,146700,Active,AW2-2026-01344,122800,2026-06-10,154,2026-06-21,2027-06-21
LP-2025-01345,R0171,Victor Singh,Early Career,SOC,College of Social Innovation,S023,Internal Strategic Research Fund,Internal,Research Project,2025-12-10,2025-12,FY26,295900,Closed,AW2-2025-01345,206200,2026-06-05,177,2026-07-17,2029-07-16
LP-2024-01346,R0171,Victor Singh,Early Career,SOC,College of Social Innovation,S001,National Health Research Council,Federal,Research Project,2024-07-01,2024-07,FY25,127200,Not Funded,,0,2024-08-24,54,,
LP-2023-01347,R0056,Camille Mensah,Established,ARC,College of Architecture and Design,S023,Internal Strategic Research Fund,Internal,Research Project,2023-08-31,2023-08,FY24,465100,Closed,AW2-2023-01347,442700,2024-02-07,160,2024-04-03,2025-04-03
LP-2024-01348,R0049,Jia Zhou,Senior,LAW,School of Law and Public Policy,S002,Natural Sciences Research Council,Federal,Internal Seed,2024-09-16,2024-09,FY25,662300,Active,AW2-2024-01348,444300,2024-12-01,76,2025-02-07,2026-08-01
LP-2024-01349,R0062,Jonah Smith,Senior,SCI,College of Science,S006,Department of Public Health,Government,Training Grant,2024-12-10,2024-12,FY25,203100,Active,AW2-2024-01349,154000,2025-01-25,46,2025-03-26,2028-03-25
LP-2024-01350,R0154,Yara Lee,Senior,ENG,College of Engineering,S005,National Science Foundation,Federal,Research Project,2024-09-15,2024-09,FY25,185600,Not Funded,,0,2025-01-06,113,,
LP-2023-01351,R0172,Chloe Chen,Early Career,HUM,College of Humanities,S024,Faculty Seed Grant Program,Internal,Research Project,2023-10-30,2023-10,FY24,90100,Not Funded,,0,2024-02-28,121,,
LP-2026-01352,R0105,Leila Martin,Established,LAW,School of Law and Public Policy,S014,Biomedical Discovery Foundation,Foundation,Research Project,2026-07-18,2026-07,FY27,66500,Under Review,,0,,,,
LP-2023-01353,R0017,Zain Gupta,Established,LAW,School of Law and Public Policy,S015,Civic Data Collaborative,Nonprofit,Equipment,2023-05-20,2023-05,FY23,368900,Closed,AW2-2023-01353,327500,2023-08-08,80,2023-08-21,2024-08-20
LP-2025-01354,R0005,Daniel Walker,Early Career,BUS,School of Business,S014,Biomedical Discovery Foundation,Foundation,Research Project,2025-09-27,2025-09,FY26,128200,Active,AW2-2025-01354,92000,2025-12-02,66,2026-01-03,2027-06-27
LP-2023-01355,R0116,Camille Mensah,Early Career,HUM,College of Humanities,S005,National Science Foundation,Federal,Research Project,2023-04-07,2023-04,FY23,98200,Closed,AW2-2023-01355,86800,2023-09-28,174,2023-11-18,2025-11-17
LP-2026-01356,R0006,Jamal Garcia,Established,SCI,College of Science,S018,Global Development Partnership,International,Internal Seed,2026-01-03,2026-01,FY26,148700,Active,AW2-2026-01356,131800,2026-06-27,175,2026-07-26,2027-07-26
LP-2023-01357,R0093,Olivia Costa,Early Career,BUS,School of Business,S018,Global Development Partnership,International,Equipment,2023-04-13,2023-04,FY23,122400,Closed,AW2-2023-01357,88000,2023-08-21,130,2023-10-19,2025-10-18
LP-2025-01358,R0155,Daniel Walker,Early Career,SOC,College of Social Innovation,S003,Social Innovation Research Council,Federal,Research Project,2025-05-06,2025-05,FY25,323200,Active,AW2-2025-01358,235100,2025-09-05,122,2025-11-07,2027-11-07
LP-2026-01359,R0068,Theo Yamamoto,Established,HUM,College of Humanities,S003,Social Innovation Research Council,Federal,Internal Seed,2026-01-01,2026-01,FY26,560500,Active,AW2-2026-01359,355300,2026-05-03,122,2026-05-13,2029-05-12
LP-2025-01360,R0061,Fatima Khan,Early Career,BUS,School of Business,S020,Northstar Analytics,Industry,Research Project,2025-01-16,2025-01,FY25,108700,Active,AW2-2025-01360,70300,2025-05-12,116,2025-06-02,2026-11-24
LP-2025-01361,R0067,Nadia Nguyen,Senior,SOC,College of Social Innovation,S016,Urban Resilience Network,Nonprofit,Research Project,2025-11-02,2025-11,FY26,133700,Active,AW2-2025-01361,104900,2026-03-17,135,2026-04-25,2027-10-17
LP-2025-01362,R0046,Priya Wang,Senior,SCI,College of Science,S023,Internal Strategic Research Fund,Internal,Research Project,2025-07-25,2025-07,FY26,57900,Withdrawn,,0,2025-11-25,123,,
LP-2026-01363,R0131,Maya Bennett,Established,SOC,College of Social Innovation,S013,Education Access Foundation,Foundation,Research Project,2026-07-06,2026-07,FY27,78500,Active,AW2-2026-01363,74000,2026-08-31,56,2026-09-23,2027-09-23
LP-2025-01364,R0043,Arjun Thomas,Early Career,SOC,College of Social Innovation,S007,Department of Energy and Climate,Government,Research Project,2025-07-31,2025-07,FY26,86100,Not Funded,,0,2026-01-08,161,,
LP-2026-01365,R0065,Daniel Walker,Established,LAW,School of Law and Public Policy,S007,Department of Energy and Climate,Government,Internal Seed,2026-06-28,2026-06,FY26,180100,Active,AW2-2026-01365,167500,2026-08-31,64,2026-09-11,2027-09-11
LP-2024-01366,R0005,Daniel Walker,Early Career,BUS,School of Business,S001,National Health Research Council,Federal,Fellowship,2024-09-30,2024-09,FY25,22300,Not Funded,,0,2025-04-05,187,,
LP-2023-01367,R0040,Hana Roy,Early Career,ARC,College of Architecture and Design,S003,Social Innovation Research Council,Federal,Research Project,2023-07-12,2023-07,FY24,132900,Not Funded,,0,2023-12-11,152,,
LP-2026-01368,R0049,Jia Zhou,Senior,LAW,School of Law and Public Policy,S002,Natural Sciences Research Council,Federal,Research Project,2026-08-02,2026-08,FY27,89600,Under Review,,0,,,,
LP-2024-01369,R0158,Theo Yamamoto,Established,SCI,College of Science,S001,National Health Research Council,Federal,Equipment,2024-12-16,2024-12,FY25,1400900,Awarded,AW2-2024-01369,1296100,2025-06-20,186,2025-08-05,2026-08-05
LP-2024-01370,R0009,Carlos Ito,Early Career,LAW,School of Law and Public Policy,S001,National Health Research Council,Federal,Research Project,2024-10-23,2024-10,FY25,333800,Not Funded,,0,2025-02-12,112,,
LP-2023-01371,R0074,Gabriel Dubois,Established,ENG,College of Engineering,S004,Advanced Technology Agency,Federal,Research Project,2023-12-19,2023-12,FY24,203600,Closed,AW2-2023-01371,150100,2024-03-16,88,2024-04-28,2025-04-28
LP-2026-01372,R0164,Gabriel Dubois,Senior,HUM,College of Humanities,S007,Department of Energy and Climate,Government,Fellowship,2026-08-13,2026-08,FY27,17000,Submitted,,0,,,,
LP-2023-01373,R0118,Lucas Haddad,Senior,SCI,College of Science,S009,Massachusetts Innovation Fund,Provincial/State,Internal Seed,2023-03-11,2023-03,FY23,72900,Not Funded,,0,2023-06-26,107,,
LP-2024-01374,R0022,Chloe Chen,Senior,SCI,College of Science,S022,Helix Medical Devices,Industry,Research Project,2024-10-01,2024-10,FY25,104600,Active,AW2-2024-01374,77200,2025-03-20,170,2025-05-07,2026-05-07
LP-2023-01375,R0148,Lucas Haddad,Established,HUM,College of Humanities,S019,Apex Biotechnologies,Industry,Research Project,2023-05-31,2023-05,FY23,47600,Closed,AW2-2023-01375,37100,2023-10-12,134,2023-11-26,2025-11-25
LP-2024-01376,R0031,Fatima Khan,Established,HSC,College of Health Sciences,S023,Internal Strategic Research Fund,Internal,Equipment,2024-05-21,2024-05,FY24,1156900,Closed,AW2-2024-01376,853800,2024-11-19,182,2025-01-10,2028-01-10
LP-2026-01377,R0041,Maya Bennett,Established,LAW,School of Law and Public Policy,S005,National Science Foundation,Federal,Internal Seed,2026-07-22,2026-07,FY27,49600,Submitted,,0,,,,
LP-2026-01378,R0175,Sofia Evans,Early Career,HSC,College of Health Sciences,S020,Northstar Analytics,Industry,Research Project,2026-03-01,2026-03,FY26,219400,Not Funded,,0,2026-07-21,142,,
LP-2023-01379,R0114,Mei Tran,Early Career,ENG,College of Engineering,S013,Education Access Foundation,Foundation,Equipment,2023-10-27,2023-10,FY24,109700,Not Funded,,0,2024-01-25,90,,
LP-2026-01380,R0180,Amina Ahmed,Established,HUM,College of Humanities,S013,Education Access Foundation,Foundation,Research Project,2026-04-06,2026-04,FY26,96800,Under Review,,0,,,,
LP-2026-01381,R0008,Theo Yamamoto,Senior,ARC,College of Architecture and Design,S021,Vertex Mobility Systems,Industry,Research Project,2026-01-02,2026-01,FY26,233200,Active,AW2-2026-01381,221100,2026-05-09,127,2026-06-23,2029-06-22
LP-2023-01382,R0161,Maya Bennett,Established,LAW,School of Law and Public Policy,S002,Natural Sciences Research Council,Federal,Research Project,2023-07-22,2023-07,FY24,51700,Closed,AW2-2023-01382,42200,2023-11-05,106,2024-01-03,2025-06-26
LP-2023-01383,R0126,Jamal Garcia,Established,SCI,College of Science,S023,Internal Strategic Research Fund,Internal,Research Project,2023-10-17,2023-10,FY24,93100,Not Funded,,0,2023-12-06,50,,
LP-2025-01384,R0033,Olivia Costa,Established,LAW,School of Law and Public Policy,S020,Northstar Analytics,Industry,Internal Seed,2025-02-19,2025-02,FY25,268400,Active,AW2-2025-01384,248600,2025-05-07,77,2025-06-21,2027-06-21
LP-2024-01385,R0104,Gabriel Dubois,Early Career,ARC,College of Architecture and Design,S012,Future Cities Foundation,Foundation,Fellowship,2024-10-31,2024-10,FY25,187500,Active,AW2-2024-01385,152000,2025-04-07,158,2025-06-03,2028-06-02
LP-2023-01386,R0050,Noah Johnson,Senior,ENG,College of Engineering,S001,National Health Research Council,Federal,Equipment,2023-07-16,2023-07,FY24,99000,Closed,AW2-2023-01386,83900,2024-01-16,184,2024-02-26,2025-02-25
LP-2025-01387,R0164,Gabriel Dubois,Senior,HUM,College of Humanities,S003,Social Innovation Research Council,Federal,Internal Seed,2025-02-01,2025-02,FY25,146000,Active,AW2-2025-01387,105400,2025-05-02,90,2025-05-23,2026-11-14
LP-2023-01388,R0130,Hana Roy,Senior,ENG,College of Engineering,S014,Biomedical Discovery Foundation,Foundation,Research Project,2023-03-27,2023-03,FY23,595000,Closed,AW2-2023-01388,539900,2023-05-14,48,2023-06-14,2026-06-13
LP-2023-01389,R0034,Yara Lee,Established,ENG,College of Engineering,S023,Internal Strategic Research Fund,Internal,Research Project,2023-08-25,2023-08,FY24,230200,Closed,AW2-2023-01389,203800,2023-12-04,101,2024-01-07,2025-06-30
LP-2025-01390,R0046,Priya Wang,Senior,SCI,College of Science,S018,Global Development Partnership,International,Research Project,2025-03-06,2025-03,FY25,51800,Not Funded,,0,2025-04-26,51,,
LP-2025-01391,R0165,Leila Martin,Early Career,BUS,School of Business,S001,National Health Research Council,Federal,Equipment,2025-11-03,2025-11,FY26,266500,Not Funded,,0,2026-04-04,152,,
LP-2025-01392,R0123,Olivia Costa,Early Career,SOC,College of Social Innovation,S010,Global Health Foundation,Foundation,Research Project,2025-02-23,2025-02,FY25,30300,Awarded,AW2-2025-01392,21800,2025-07-25,152,2025-08-16,2026-08-16
LP-2024-01393,R0113,Isabelle Laurent,Established,LAW,School of Law and Public Policy,S012,Future Cities Foundation,Foundation,Research Project,2024-11-15,2024-11,FY25,242500,Not Funded,,0,2025-01-01,47,,
LP-2025-01394,R0042,Samira Kim,Senior,ENG,College of Engineering,S019,Apex Biotechnologies,Industry,Research Project,2025-08-04,2025-08,FY26,126100,Not Funded,,0,2025-10-18,75,,
LP-2023-01395,R0126,Jamal Garcia,Established,SCI,College of Science,S018,Global Development Partnership,International,Research Project,2023-09-24,2023-09,FY24,191100,Closed,AW2-2023-01395,164700,2024-01-19,117,2024-02-03,2025-07-27
LP-2023-01396,R0098,Theo Yamamoto,Early Career,ENG,College of Engineering,S013,Education Access Foundation,Foundation,Research Project,2023-06-18,2023-06,FY23,454500,Not Funded,,0,2023-11-20,155,,
LP-2026-01397,R0161,Maya Bennett,Established,LAW,School of Law and Public Policy,S009,Massachusetts Innovation Fund,Provincial/State,Research Project,2026-05-29,2026-05,FY26,178100,Not Funded,,0,2026-07-24,56,,
LP-2024-01398,R0080,Noah Johnson,Established,ARC,College of Architecture and Design,S016,Urban Resilience Network,Nonprofit,Internal Seed,2024-11-04,2024-11,FY25,34200,Active,AW2-2024-01398,32800,2025-01-01,58,2025-02-12,2026-02-12
LP-2025-01399,R0003,Olivia Costa,Established,SOC,College of Social Innovation,S020,Northstar Analytics,Industry,Fellowship,2025-01-14,2025-01,FY25,64000,Active,AW2-2025-01399,59300,2025-04-22,98,2025-06-28,2026-12-20
LP-2024-01400,R0037,Nadia Nguyen,Early Career,BUS,School of Business,S022,Helix Medical Devices,Industry,Fellowship,2024-08-29,2024-08,FY25,247200,Closed,AW2-2024-01400,229500,2025-02-20,175,2025-03-21,2027-03-21
LP-2024-01401,R0063,Olivia Costa,Early Career,HSC,College of Health Sciences,S007,Department of Energy and Climate,Government,Research Project,2024-10-12,2024-10,FY25,982500,Closed,AW2-2024-01401,893000,2025-02-19,130,2025-04-24,2026-04-24
LP-2025-01402,R0084,Mei Tran,Senior,HUM,College of Humanities,S023,Internal Strategic Research Fund,Internal,Training Grant,2025-06-22,2025-06,FY25,256000,Active,AW2-2025-01402,212900,2025-10-05,105,2025-11-29,2027-05-23
LP-2024-01403,R0095,Daniel Walker,Early Career,HSC,College of Health Sciences,S024,Faculty Seed Grant Program,Internal,Research Project,2024-04-11,2024-04,FY24,137400,Not Funded,,0,2024-09-10,152,,
LP-2023-01404,R0082,Chloe Chen,Established,ENG,College of Engineering,S003,Social Innovation Research Council,Federal,Training Grant,2023-04-02,2023-04,FY23,173600,Active,AW2-2023-01404,126100,2023-08-18,138,2023-09-30,2025-03-23
LP-2023-01405,R0074,Gabriel Dubois,Established,ENG,College of Engineering,S003,Social Innovation Research Council,Federal,Research Project,2023-01-02,2023-01,FY23,83900,Closed,AW2-2023-01405,74500,2023-04-21,109,2023-05-08,2025-05-07
LP-2023-01406,R0124,Yara Lee,Established,HUM,College of Humanities,S023,Internal Strategic Research Fund,Internal,Fellowship,2023-01-12,2023-01,FY23,95100,Withdrawn,,0,2023-06-29,168,,
LP-2023-01407,R0034,Yara Lee,Established,ENG,College of Engineering,S012,Future Cities Foundation,Foundation,Research Project,2023-09-23,2023-09,FY24,31900,Active,AW2-2023-01407,29900,2024-01-15,114,2024-03-27,2025-03-27
LP-2023-01408,R0076,Priya Wang,Early Career,HUM,College of Humanities,S023,Internal Strategic Research Fund,Internal,Research Project,2023-02-21,2023-02,FY23,196600,Closed,AW2-2023-01408,174300,2023-05-12,80,2023-07-17,2025-01-07
LP-2026-01409,R0072,Samira Kim,Established,ARC,College of Architecture and Design,S022,Helix Medical Devices,Industry,Research Project,2026-08-08,2026-08,FY27,18100,Submitted,,0,,,,
LP-2024-01410,R0116,Camille Mensah,Early Career,HUM,College of Humanities,S016,Urban Resilience Network,Nonprofit,Internal Seed,2024-05-11,2024-05,FY24,31900,Not Funded,,0,2024-07-04,54,,
LP-2026-01411,R0155,Daniel Walker,Early Career,SOC,College of Social Innovation,S023,Internal Strategic Research Fund,Internal,Research Project,2026-03-14,2026-03,FY26,110700,Not Funded,,0,2026-08-31,170,,
LP-2023-01412,R0143,Isabelle Laurent,Early Career,HSC,College of Health Sciences,S002,Natural Sciences Research Council,Federal,Research Project,2023-12-12,2023-12,FY24,228900,Not Funded,,0,2024-05-08,148,,
LP-2025-01413,R0059,Rafael Reyes,Senior,SOC,College of Social Innovation,S009,Massachusetts Innovation Fund,Provincial/State,Research Project,2025-03-30,2025-03,FY25,118500,Active,AW2-2025-01413,76800,2025-07-13,105,2025-09-18,2027-03-12
LP-2024-01414,R0080,Noah Johnson,Established,ARC,College of Architecture and Design,S003,Social Innovation Research Council,Federal,Equipment,2024-07-30,2024-07,FY25,15000,Closed,AW2-2024-01414,14100,2024-10-28,90,2024-11-28,2027-11-28
LP-2023-01415,R0120,Amina Ahmed,Early Career,ARC,College of Architecture and Design,S002,Natural Sciences Research Council,Federal,Research Project,2023-11-05,2023-11,FY24,330300,Not Funded,,0,2024-02-25,112,,
LP-2026-01416,R0147,Grace Williams,Early Career,SOC,College of Social Innovation,S007,Department of Energy and Climate,Government,Research Project,2026-05-12,2026-05,FY26,87400,Withdrawn,,0,2026-08-31,111,,
LP-2026-01417,R0163,Arjun Thomas,Early Career,SOC,College of Social Innovation,S004,Advanced Technology Agency,Federal,Training Grant,2026-03-21,2026-03,FY26,114600,Active,AW2-2026-01417,79400,2026-08-31,163,2026-10-03,2028-03-26
LP-2024-01418,R0145,Sofia Evans,Senior,LAW,School of Law and Public Policy,S008,Ontario Research Fund,Provincial/State,Research Project,2024-07-28,2024-07,FY25,195500,Closed,AW2-2024-01418,166900,2024-10-23,87,2025-01-04,2027-01-04
LP-2023-01419,R0148,Lucas Haddad,Established,HUM,College of Humanities,S002,Natural Sciences Research Council,Federal,Training Grant,2023-05-19,2023-05,FY23,89900,Not Funded,,0,2023-08-14,87,,
LP-2025-01420,R0071,Maya Bennett,Early Career,HSC,College of Health Sciences,S002,Natural Sciences Research Council,Federal,Fellowship,2025-03-09,2025-03,FY25,163400,Not Funded,,0,2025-05-18,70,,
LP-2024-01421,R0076,Priya Wang,Early Career,HUM,College of Humanities,S025,Interdisciplinary Catalyst Fund,Internal,Research Project,2024-07-15,2024-07,FY25,184000,Not Funded,,0,2024-10-18,95,,
LP-2024-01422,R0091,Fatima Khan,Early Career,SOC,College of Social Innovation,S005,National Science Foundation,Federal,Research Project,2024-03-25,2024-03,FY24,120400,Active,AW2-2024-01422,114500,2024-05-24,60,2024-06-20,2025-06-20
LP-2025-01423,R0092,Jonah Smith,Early Career,HUM,College of Humanities,S002,Natural Sciences Research Council,Federal,Research Project,2025-08-15,2025-08,FY26,63000,Closed,AW2-2025-01423,53000,2026-01-06,144,2026-03-15,2029-03-14
LP-2024-01424,R0068,Theo Yamamoto,Established,HUM,College of Humanities,S025,Interdisciplinary Catalyst Fund,Internal,Research Project,2024-02-25,2024-02,FY24,150000,Not Funded,,0,2024-05-24,89,,
LP-2025-01425,R0030,Amina Ahmed,Established,SCI,College of Science,S008,Ontario Research Fund,Provincial/State,Research Project,2025-11-04,2025-11,FY26,78200,Active,AW2-2025-01425,63400,2026-05-12,189,2026-05-25,2028-05-24
LP-2024-01426,R0015,Leila Martin,Early Career,HSC,College of Health Sciences,S005,National Science Foundation,Federal,Research Project,2024-11-29,2024-11,FY25,95700,Active,AW2-2024-01426,90800,2025-01-18,50,2025-02-16,2027-02-16
LP-2024-01427,R0016,Priya Wang,Established,ARC,College of Architecture and Design,S021,Vertex Mobility Systems,Industry,Fellowship,2024-04-28,2024-04,FY24,66500,Not Funded,,0,2024-09-23,148,,
LP-2026-01428,R0035,Daniel Walker,Established,SOC,College of Social Innovation,S016,Urban Resilience Network,Nonprofit,Research Project,2026-04-17,2026-04,FY26,146700,Withdrawn,,0,2026-08-31,136,,
LP-2025-01429,R0037,Nadia Nguyen,Early Career,BUS,School of Business,S006,Department of Public Health,Government,Research Project,2025-11-06,2025-11,FY26,407700,Closed,AW2-2025-01429,346900,2026-04-24,169,2026-07-01,2029-06-30
LP-2025-01430,R0116,Camille Mensah,Early Career,HUM,College of Humanities,S002,Natural Sciences Research Council,Federal,Fellowship,2025-04-26,2025-04,FY25,60600,Awarded,AW2-2025-01430,44100,2025-06-13,48,2025-07-08,2026-07-08
LP-2025-01431,R0180,Amina Ahmed,Established,HUM,College of Humanities,S012,Future Cities Foundation,Foundation,Internal Seed,2025-10-08,2025-10,FY26,57200,Active,AW2-2025-01431,54900,2025-12-26,79,2026-02-03,2028-02-03
LP-2023-01432,R0002,Jonah Smith,Early Career,ENG,College of Engineering,S008,Ontario Research Fund,Provincial/State,Internal Seed,2023-10-30,2023-10,FY24,356600,Not Funded,,0,2024-02-19,112,,
LP-2023-01433,R0016,Priya Wang,Established,ARC,College of Architecture and Design,S020,Northstar Analytics,Industry,Research Project,2023-06-20,2023-06,FY23,312500,Closed,AW2-2023-01433,194800,2023-11-21,154,2024-01-06,2027-01-05
LP-2025-01434,R0037,Nadia Nguyen,Early Career,BUS,School of Business,S020,Northstar Analytics,Industry,Research Project,2025-11-02,2025-11,FY26,324400,Not Funded,,0,2026-02-02,92,,
LP-2023-01435,R0131,Maya Bennett,Established,SOC,College of Social Innovation,S023,Internal Strategic Research Fund,Internal,Internal Seed,2023-06-10,2023-06,FY23,108200,Closed,AW2-2023-01435,97800,2023-10-15,127,2023-11-23,2025-11-22
LP-2025-01436,R0096,Jamal Garcia,Established,ARC,College of Architecture and Design,S006,Department of Public Health,Government,Research Project,2025-01-01,2025-01,FY25,167300,Not Funded,,0,2025-03-06,64,,
LP-2024-01437,R0040,Hana Roy,Early Career,ARC,College of Architecture and Design,S013,Education Access Foundation,Foundation,Research Project,2024-12-13,2024-12,FY25,58300,Not Funded,,0,2025-05-15,153,,
LP-2026-01438,R0008,Theo Yamamoto,Senior,ARC,College of Architecture and Design,S021,Vertex Mobility Systems,Industry,Training Grant,2026-03-05,2026-03,FY26,203500,Active,AW2-2026-01438,162200,2026-05-21,77,2026-07-24,2029-07-23
LP-2024-01439,R0017,Zain Gupta,Established,LAW,School of Law and Public Policy,S019,Apex Biotechnologies,Industry,Fellowship,2024-09-23,2024-09,FY25,199500,Not Funded,,0,2024-11-19,57,,
LP-2026-01440,R0141,Victor Singh,Senior,BUS,School of Business,S003,Social Innovation Research Council,Federal,Research Project,2026-03-11,2026-03,FY26,72700,Active,AW2-2026-01440,54200,2026-06-20,101,2026-07-17,2028-01-08
LP-2024-01441,R0082,Chloe Chen,Established,ENG,College of Engineering,S016,Urban Resilience Network,Nonprofit,Research Project,2024-05-29,2024-05,FY24,34900,Not Funded,,0,2024-07-31,63,,
LP-2025-01442,R0166,Priya Wang,Senior,SCI,College of Science,S010,Global Health Foundation,Foundation,Research Project,2025-09-26,2025-09,FY26,106400,Not Funded,,0,2025-11-28,63,,
LP-2023-01443,R0173,Isabelle Laurent,Established,BUS,School of Business,S017,International Research Consortium,International,Research Project,2023-02-25,2023-02,FY23,86000,Not Funded,,0,2023-05-09,73,,
LP-2026-01444,R0050,Noah Johnson,Senior,ENG,College of Engineering,S005,National Science Foundation,Federal,Training Grant,2026-06-25,2026-06,FY26,73000,Active,AW2-2026-01444,46900,2026-08-31,67,2026-09-18,2029-09-17
LP-2024-01445,R0033,Olivia Costa,Established,LAW,School of Law and Public Policy,S001,National Health Research Council,Federal,Equipment,2024-08-17,2024-08,FY25,45700,Closed,AW2-2024-01445,32500,2024-10-12,56,2024-11-17,2025-11-17
LP-2023-01446,R0002,Jonah Smith,Early Career,ENG,College of Engineering,S019,Apex Biotechnologies,Industry,Training Grant,2023-05-06,2023-05,FY23,99500,Not Funded,,0,2023-06-24,49,,
LP-2025-01447,R0081,Victor Singh,Established,LAW,School of Law and Public Policy,S003,Social Innovation Research Council,Federal,Training Grant,2025-10-03,2025-10,FY26,236400,Not Funded,,0,2025-11-15,43,,
LP-2026-01448,R0155,Daniel Walker,Early Career,SOC,College of Social Innovation,S016,Urban Resilience Network,Nonprofit,Equipment,2026-03-30,2026-03,FY26,178200,Closed,AW2-2026-01448,148000,2026-08-13,136,2026-09-01,2028-02-23
LP-2025-01449,R0035,Daniel Walker,Established,SOC,College of Social Innovation,S001,National Health Research Council,Federal,Research Project,2025-08-22,2025-08,FY26,184300,Not Funded,,0,2026-01-07,138,,
LP-2023-01450,R0053,Isabelle Laurent,Early Career,BUS,School of Business,S008,Ontario Research Fund,Provincial/State,Research Project,2023-02-01,2023-02,FY23,36700,Active,AW2-2023-01450,30700,2023-05-12,100,2023-05-29,2024-05-28
LP-2025-01451,R0096,Jamal Garcia,Established,ARC,College of Architecture and Design,S014,Biomedical Discovery Foundation,Foundation,Research Project,2025-12-18,2025-12,FY26,217900,Awarded,AW2-2025-01451,146100,2026-03-16,88,2026-04-20,2028-04-19
LP-2025-01452,R0047,Zain Gupta,Senior,HSC,College of Health Sciences,S015,Civic Data Collaborative,Nonprofit,Training Grant,2025-01-28,2025-01,FY25,38700,Active,AW2-2025-01452,28400,2025-04-24,86,2025-06-17,2027-06-17
LP-2025-01453,R0162,Samira Kim,Established,ENG,College of Engineering,S006,Department of Public Health,Government,Internal Seed,2025-07-07,2025-07,FY26,296800,Not Funded,,0,2025-12-03,149,,
LP-2024-01454,R0134,Gabriel Dubois,Early Career,SCI,College of Science,S002,Natural Sciences Research Council,Federal,Research Project,2024-05-02,2024-05,FY24,259900,Not Funded,,0,2024-11-07,189,,
LP-2025-01455,R0161,Maya Bennett,Established,LAW,School of Law and Public Policy,S001,National Health Research Council,Federal,Research Project,2025-01-31,2025-01,FY25,163700,Active,AW2-2025-01455,138300,2025-07-15,165,2025-08-13,2027-08-13
LP-2025-01456,R0143,Isabelle Laurent,Early Career,HSC,College of Health Sciences,S006,Department of Public Health,Government,Research Project,2025-01-09,2025-01,FY25,155900,Awarded,AW2-2025-01456,131400,2025-06-27,169,2025-08-17,2026-08-17
LP-2024-01457,R0029,Rafael Reyes,Established,BUS,School of Business,S005,National Science Foundation,Federal,Research Project,2024-01-31,2024-01,FY24,124700,Closed,AW2-2024-01457,89000,2024-04-17,77,2024-05-08,2025-10-30
LP-2024-01458,R0134,Gabriel Dubois,Early Career,SCI,College of Science,S001,National Health Research Council,Federal,Training Grant,2024-07-07,2024-07,FY25,52700,Not Funded,,0,2024-09-22,77,,
LP-2023-01459,R0042,Samira Kim,Senior,ENG,College of Engineering,S014,Biomedical Discovery Foundation,Foundation,Fellowship,2023-09-10,2023-09,FY24,126300,Closed,AW2-2023-01459,89700,2024-01-12,124,2024-03-01,2025-03-01
LP-2025-01460,R0051,Victor Singh,Established,SOC,College of Social Innovation,S018,Global Development Partnership,International,Fellowship,2025-11-11,2025-11,FY26,95300,Active,AW2-2025-01460,70200,2026-04-17,157,2026-05-19,2028-05-18
LP-2024-01461,R0137,Zain Gupta,Established,LAW,School of Law and Public Policy,S006,Department of Public Health,Government,Equipment,2024-01-25,2024-01,FY24,118800,Active,AW2-2024-01461,76500,2024-07-09,166,2024-08-08,2027-08-08
LP-2023-01462,R0146,Camille Mensah,Senior,ENG,College of Engineering,S006,Department of Public Health,Government,Training Grant,2023-04-03,2023-04,FY23,92500,Not Funded,,0,2023-06-12,70,,
LP-2025-01463,R0115,Sofia Evans,Early Career,SOC,College of Social Innovation,S002,Natural Sciences Research Council,Federal,Research Project,2025-03-20,2025-03,FY25,378500,Active,AW2-2025-01463,325700,2025-05-07,48,2025-07-19,2027-07-19
LP-2024-01464,R0159,Carlos Ito,Early Career,HSC,College of Health Sciences,S003,Social Innovation Research Council,Federal,Research Project,2024-11-11,2024-11,FY25,58000,Not Funded,,0,2025-04-13,153,,
LP-2025-01465,R0148,Lucas Haddad,Established,HUM,College of Humanities,S004,Advanced Technology Agency,Federal,Research Project,2025-03-10,2025-03,FY25,181700,Active,AW2-2025-01465,115000,2025-08-13,156,2025-10-20,2028-10-19
LP-2025-01466,R0129,Carlos Ito,Established,LAW,School of Law and Public Policy,S007,Department of Energy and Climate,Government,Research Project,2025-08-01,2025-08,FY26,180700,Active,AW2-2025-01466,159900,2026-01-03,155,2026-02-09,2028-02-09
LP-2025-01467,R0157,Nadia Nguyen,Early Career,BUS,School of Business,S011,Community Wellbeing Trust,Foundation,Research Project,2025-05-31,2025-05,FY25,36000,Active,AW2-2025-01467,28600,2025-08-31,92,2025-09-30,2027-09-30
LP-2024-01468,R0036,Jamal Garcia,Early Career,HUM,College of Humanities,S024,Faculty Seed Grant Program,Internal,Research Project,2024-03-18,2024-03,FY24,42300,Closed,AW2-2024-01468,39400,2024-08-29,164,2024-09-30,2025-09-30
LP-2024-01469,R0159,Carlos Ito,Early Career,HSC,College of Health Sciences,S016,Urban Resilience Network,Nonprofit,Research Project,2024-01-02,2024-01,FY24,617500,Not Funded,,0,2024-05-16,135,,
LP-2023-01470,R0119,Rafael Reyes,Established,HSC,College of Health Sciences,S022,Helix Medical Devices,Industry,Research Project,2023-10-19,2023-10,FY24,94700,Closed,AW2-2023-01470,82600,2023-12-27,69,2024-03-11,2025-09-02
LP-2023-01471,R0026,Camille Mensah,Established,ENG,College of Engineering,S010,Global Health Foundation,Foundation,Research Project,2023-07-04,2023-07,FY24,45800,Withdrawn,,0,2023-12-15,164,,
LP-2025-01472,R0154,Yara Lee,Senior,ENG,College of Engineering,S005,National Science Foundation,Federal,Fellowship,2025-11-18,2025-11,FY26,308900,Not Funded,,0,2026-05-01,164,,
LP-2023-01473,R0035,Daniel Walker,Established,SOC,College of Social Innovation,S003,Social Innovation Research Council,Federal,Fellowship,2023-11-02,2023-11,FY24,33800,Withdrawn,,0,2023-12-12,40,,
LP-2023-01474,R0029,Rafael Reyes,Established,BUS,School of Business,S014,Biomedical Discovery Foundation,Foundation,Equipment,2023-09-08,2023-09,FY24,113000,Active,AW2-2023-01474,74000,2023-12-22,105,2024-01-25,2027-01-24
LP-2023-01475,R0064,Yara Lee,Early Career,ARC,College of Architecture and Design,S008,Ontario Research Fund,Provincial/State,Research Project,2023-07-01,2023-07,FY24,78900,Closed,AW2-2023-01475,56000,2024-01-04,187,2024-02-21,2025-02-20
LP-2025-01476,R0129,Carlos Ito,Established,LAW,School of Law and Public Policy,S024,Faculty Seed Grant Program,Internal,Research Project,2025-01-27,2025-01,FY25,987900,Not Funded,,0,2025-06-12,136,,
LP-2025-01477,R0095,Daniel Walker,Early Career,HSC,College of Health Sciences,S024,Faculty Seed Grant Program,Internal,Research Project,2025-06-23,2025-06,FY25,122500,Not Funded,,0,2025-07-29,36,,
LP-2024-01478,R0039,Carlos Ito,Senior,HSC,College of Health Sciences,S020,Northstar Analytics,Industry,Research Project,2024-04-08,2024-04,FY24,28500,Not Funded,,0,2024-09-21,166,,
LP-2025-01479,R0017,Zain Gupta,Established,LAW,School of Law and Public Policy,S008,Ontario Research Fund,Provincial/State,Research Project,2025-01-14,2025-01,FY25,103000,Awarded,AW2-2025-01479,84900,2025-06-05,142,2025-07-19,2027-07-19
LP-2024-01480,R0152,Jonah Smith,Early Career,ARC,College of Architecture and Design,S003,Social Innovation Research Council,Federal,Fellowship,2024-08-22,2024-08,FY25,814400,Closed,AW2-2024-01480,600300,2025-01-06,137,2025-02-10,2028-02-10
LP-2024-01481,R0010,Hana Roy,Early Career,ENG,College of Engineering,S023,Internal Strategic Research Fund,Internal,Research Project,2024-08-31,2024-08,FY25,170000,Active,AW2-2024-01481,137100,2024-11-16,77,2024-12-17,2026-12-17
LP-2023-01482,R0158,Theo Yamamoto,Established,SCI,College of Science,S023,Internal Strategic Research Fund,Internal,Research Project,2023-07-28,2023-07,FY24,170900,Active,AW2-2023-01482,140400,2023-10-02,66,2023-11-27,2024-11-26
LP-2026-01483,R0139,Jia Zhou,Established,SOC,College of Social Innovation,S019,Apex Biotechnologies,Industry,Research Project,2026-07-15,2026-07,FY27,126900,Awarded,AW2-2026-01483,122800,2026-08-31,47,2026-10-10,2028-04-02
LP-2026-01484,R0170,Noah Johnson,Established,ENG,College of Engineering,S021,Vertex Mobility Systems,Industry,Research Project,2026-02-09,2026-02,FY26,114400,Active,AW2-2026-01484,100700,2026-08-14,186,2026-09-19,2029-09-18
LP-2026-01485,R0047,Zain Gupta,Senior,HSC,College of Health Sciences,S002,Natural Sciences Research Council,Federal,Research Project,2026-07-28,2026-07,FY27,198600,Submitted,,0,,,,
LP-2024-01486,R0088,Lucas Haddad,Early Career,ARC,College of Architecture and Design,S023,Internal Strategic Research Fund,Internal,Research Project,2024-04-01,2024-04,FY24,104900,Withdrawn,,0,2024-08-15,136,,
LP-2024-01487,R0040,Hana Roy,Early Career,ARC,College of Architecture and Design,S023,Internal Strategic Research Fund,Internal,Research Project,2024-08-10,2024-08,FY25,974800,Closed,AW2-2024-01487,703000,2025-01-05,148,2025-02-09,2026-02-09
LP-2024-01488,R0023,Isabelle Laurent,Established,HSC,College of Health Sciences,S015,Civic Data Collaborative,Nonprofit,Research Project,2024-03-25,2024-03,FY24,317200,Withdrawn,,0,2024-08-02,130,,
LP-2024-01489,R0072,Samira Kim,Established,ARC,College of Architecture and Design,S010,Global Health Foundation,Foundation,Equipment,2024-06-07,2024-06,FY24,41200,Active,AW2-2024-01489,34900,2024-08-31,85,2024-10-15,2025-10-15
LP-2026-01490,R0143,Isabelle Laurent,Early Career,HSC,College of Health Sciences,S006,Department of Public Health,Government,Fellowship,2026-03-06,2026-03,FY26,430200,Active,AW2-2026-01490,386200,2026-07-31,147,2026-08-16,2029-08-15
LP-2025-01491,R0098,Theo Yamamoto,Early Career,ENG,College of Engineering,S005,National Science Foundation,Federal,Fellowship,2025-12-03,2025-12,FY26,127700,Active,AW2-2025-01491,115700,2026-04-17,135,2026-06-15,2027-06-15
LP-2025-01492,R0066,Jamal Garcia,Established,ENG,College of Engineering,S008,Ontario Research Fund,Provincial/State,Fellowship,2025-10-23,2025-10,FY26,92600,Closed,AW2-2025-01492,69000,2026-04-24,183,2026-06-06,2028-06-05
LP-2026-01493,R0015,Leila Martin,Early Career,HSC,College of Health Sciences,S021,Vertex Mobility Systems,Industry,Internal Seed,2026-06-25,2026-06,FY26,139200,Under Review,,0,,,,
LP-2024-01494,R0110,Noah Johnson,Early Career,SCI,College of Science,S003,Social Innovation Research Council,Federal,Internal Seed,2024-08-03,2024-08,FY25,65300,Active,AW2-2024-01494,58500,2025-02-04,185,2025-03-10,2028-03-09
LP-2024-01495,R0121,Fatima Khan,Early Career,LAW,School of Law and Public Policy,S012,Future Cities Foundation,Foundation,Research Project,2024-03-15,2024-03,FY24,166500,Active,AW2-2024-01495,157900,2024-09-01,170,2024-10-12,2027-10-12
LP-2025-01496,R0064,Yara Lee,Early Career,ARC,College of Architecture and Design,S010,Global Health Foundation,Foundation,Fellowship,2025-08-07,2025-08,FY26,190900,Not Funded,,0,2025-11-19,104,,
LP-2023-01497,R0028,Lucas Haddad,Established,HUM,College of Humanities,S014,Biomedical Discovery Foundation,Foundation,Research Project,2023-12-10,2023-12,FY24,28800,Not Funded,,0,2024-06-11,184,,
LP-2023-01498,R0042,Samira Kim,Senior,ENG,College of Engineering,S005,National Science Foundation,Federal,Research Project,2023-08-12,2023-08,FY24,22900,Not Funded,,0,2024-02-01,173,,
LP-2025-01499,R0073,Arjun Thomas,Early Career,LAW,School of Law and Public Policy,S009,Massachusetts Innovation Fund,Provincial/State,Internal Seed,2025-06-29,2025-06,FY25,164500,Not Funded,,0,2025-09-05,68,,
LP-2026-01500,R0110,Noah Johnson,Early Career,SCI,College of Science,S020,Northstar Analytics,Industry,Fellowship,2026-07-05,2026-07,FY27,45700,Under Review,,0,,,,
LP-2025-01501,R0097,Nadia Nguyen,Established,LAW,School of Law and Public Policy,S014,Biomedical Discovery Foundation,Foundation,Training Grant,2025-05-29,2025-05,FY25,50700,Active,AW2-2025-01501,33300,2025-10-08,132,2025-12-02,2027-05-26
LP-2025-01502,R0098,Theo Yamamoto,Early Career,ENG,College of Engineering,S010,Global Health Foundation,Foundation,Research Project,2025-11-03,2025-11,FY26,96900,Not Funded,,0,2026-02-15,104,,
LP-2023-01503,R0052,Chloe Chen,Senior,HUM,College of Humanities,S013,Education Access Foundation,Foundation,Research Project,2023-05-17,2023-05,FY23,332000,Active,AW2-2023-01503,269100,2023-07-23,67,2023-10-02,2024-10-01
LP-2024-01504,R0137,Zain Gupta,Established,LAW,School of Law and Public Policy,S007,Department of Energy and Climate,Government,Equipment,2024-09-06,2024-09,FY25,97700,Not Funded,,0,2025-01-31,147,,
LP-2026-01505,R0153,Olivia Costa,Senior,LAW,School of Law and Public Policy,S005,National Science Foundation,Federal,Equipment,2026-01-27,2026-01,FY26,99500,Active,AW2-2026-01505,94600,2026-07-25,179,2026-10-04,2028-03-27
LP-2023-01506,R0013,Arjun Thomas,Established,BUS,School of Business,S010,Global Health Foundation,Foundation,Equipment,2023-01-08,2023-01,FY23,188600,Not Funded,,0,2023-05-14,126,,
LP-2025-01507,R0173,Isabelle Laurent,Established,BUS,School of Business,S022,Helix Medical Devices,Industry,Training Grant,2025-12-28,2025-12,FY26,101100,Awarded,AW2-2025-01507,92100,2026-03-28,90,2026-05-29,2029-05-28
LP-2024-01508,R0152,Jonah Smith,Early Career,ARC,College of Architecture and Design,S008,Ontario Research Fund,Provincial/State,Research Project,2024-07-20,2024-07,FY25,59700,Not Funded,,0,2024-12-24,157,,
LP-2024-01509,R0077,Zain Gupta,Established,BUS,School of Business,S001,National Health Research Council,Federal,Research Project,2024-03-14,2024-03,FY24,169100,Closed,AW2-2024-01509,150100,2024-07-13,121,2024-08-05,2025-08-05
LP-2023-01510,R0041,Maya Bennett,Established,LAW,School of Law and Public Policy,S008,Ontario Research Fund,Provincial/State,Research Project,2023-09-09,2023-09,FY24,149300,Not Funded,,0,2023-11-25,77,,
LP-2025-01511,R0070,Hana Roy,Established,SCI,College of Science,S016,Urban Resilience Network,Nonprofit,Research Project,2025-05-03,2025-05,FY25,196500,Awarded,AW2-2025-01511,145800,2025-09-09,129,2025-10-13,2028-10-12
LP-2024-01512,R0017,Zain Gupta,Established,LAW,School of Law and Public Policy,S020,Northstar Analytics,Industry,Training Grant,2024-05-22,2024-05,FY24,78700,Not Funded,,0,2024-10-13,144,,
LP-2026-01513,R0132,Samira Kim,Early Career,HUM,College of Humanities,S003,Social Innovation Research Council,Federal,Research Project,2026-03-06,2026-03,FY26,49000,Awarded,AW2-2026-01513,32500,2026-05-04,59,2026-06-09,2027-12-01
LP-2024-01514,R0123,Olivia Costa,Early Career,SOC,College of Social Innovation,S019,Apex Biotechnologies,Industry,Research Project,2024-12-28,2024-12,FY25,199000,Awarded,AW2-2024-01514,152000,2025-02-22,56,2025-04-07,2028-04-06
LP-2024-01515,R0071,Maya Bennett,Early Career,HSC,College of Health Sciences,S012,Future Cities Foundation,Foundation,Research Project,2024-09-27,2024-09,FY25,124800,Closed,AW2-2024-01515,93600,2025-02-16,142,2025-03-09,2026-03-09
LP-2025-01516,R0176,Camille Mensah,Early Career,ARC,College of Architecture and Design,S024,Faculty Seed Grant Program,Internal,Internal Seed,2025-03-24,2025-03,FY25,39600,Awarded,AW2-2025-01516,29300,2025-06-12,80,2025-07-25,2026-07-25
LP-2023-01517,R0134,Gabriel Dubois,Early Career,SCI,College of Science,S005,National Science Foundation,Federal,Research Project,2023-12-16,2023-12,FY24,180500,Closed,AW2-2023-01517,142500,2024-02-28,74,2024-05-08,2025-10-30
LP-2025-01518,R0030,Amina Ahmed,Established,SCI,College of Science,S002,Natural Sciences Research Council,Federal,Research Project,2025-09-02,2025-09,FY26,91300,Not Funded,,0,2025-12-07,96,,
LP-2023-01519,R0109,Jia Zhou,Established,BUS,School of Business,S025,Interdisciplinary Catalyst Fund,Internal,Internal Seed,2023-06-30,2023-06,FY23,58800,Not Funded,,0,2023-09-08,70,,
LP-2023-01520,R0084,Mei Tran,Senior,HUM,College of Humanities,S008,Ontario Research Fund,Provincial/State,Research Project,2023-08-06,2023-08,FY24,314800,Not Funded,,0,2023-12-20,136,,
LP-2025-01521,R0055,Sofia Evans,Early Career,HSC,College of Health Sciences,S014,Biomedical Discovery Foundation,Foundation,Research Project,2025-10-18,2025-10,FY26,602100,Not Funded,,0,2026-02-12,117,,
LP-2024-01522,R0065,Daniel Walker,Established,LAW,School of Law and Public Policy,S017,International Research Consortium,International,Research Project,2024-12-01,2024-12,FY25,164700,Awarded,AW2-2024-01522,148900,2025-01-07,37,2025-03-10,2026-03-10
LP-2026-01523,R0118,Lucas Haddad,Senior,SCI,College of Science,S001,National Health Research Council,Federal,Internal Seed,2026-01-25,2026-01,FY26,350800,Active,AW2-2026-01523,287200,2026-04-09,74,2026-04-19,2028-04-18
LP-2025-01524,R0066,Jamal Garcia,Established,ENG,College of Engineering,S002,Natural Sciences Research Council,Federal,Research Project,2025-06-24,2025-06,FY25,41700,Active,AW2-2025-01524,35400,2025-12-09,168,2025-12-25,2028-12-24
LP-2023-01525,R0165,Leila Martin,Early Career,BUS,School of Business,S015,Civic Data Collaborative,Nonprofit,Internal Seed,2023-05-01,2023-05,FY23,243200,Not Funded,,0,2023-09-06,128,,
LP-2024-01526,R0003,Olivia Costa,Established,SOC,College of Social Innovation,S005,National Science Foundation,Federal,Research Project,2024-03-24,2024-03,FY24,167700,Not Funded,,0,2024-08-12,141,,
LP-2025-01527,R0110,Noah Johnson,Early Career,SCI,College of Science,S021,Vertex Mobility Systems,Industry,Training Grant,2025-10-14,2025-10,FY26,59800,Not Funded,,0,2025-12-06,53,,
LP-2026-01528,R0014,Gabriel Dubois,Established,SCI,College of Science,S005,National Science Foundation,Federal,Research Project,2026-07-04,2026-07,FY27,68400,Not Funded,,0,2026-08-31,58,,
LP-2025-01529,R0057,Grace Williams,Established,LAW,School of Law and Public Policy,S025,Interdisciplinary Catalyst Fund,Internal,Research Project,2025-06-15,2025-06,FY25,378300,Not Funded,,0,2025-11-05,143,,
LP-2023-01530,R0063,Olivia Costa,Early Career,HSC,College of Health Sciences,S021,Vertex Mobility Systems,Industry,Equipment,2023-01-18,2023-01,FY23,28600,Active,AW2-2023-01530,25200,2023-07-04,167,2023-08-25,2025-08-24
LP-2026-01531,R0134,Gabriel Dubois,Early Career,SCI,College of Science,S008,Ontario Research Fund,Provincial/State,Research Project,2026-07-27,2026-07,FY27,80400,Under Review,,0,,,,
LP-2026-01532,R0067,Nadia Nguyen,Senior,SOC,College of Social Innovation,S025,Interdisciplinary Catalyst Fund,Internal,Fellowship,2026-05-03,2026-05,FY26,98800,Active,AW2-2026-01532,65400,2026-08-07,96,2026-08-21,2027-08-21
LP-2026-01533,R0081,Victor Singh,Established,LAW,School of Law and Public Policy,S002,Natural Sciences Research Council,Federal,Training Grant,2026-08-08,2026-08,FY27,115500,Under Review,,0,,,,
LP-2025-01534,R0072,Samira Kim,Established,ARC,College of Architecture and Design,S022,Helix Medical Devices,Industry,Research Project,2025-10-21,2025-10,FY26,63000,Awarded,AW2-2025-01534,59900,2026-04-29,190,2026-06-14,2027-06-14
LP-2023-01535,R0146,Camille Mensah,Senior,ENG,College of Engineering,S019,Apex Biotechnologies,Industry,Research Project,2023-02-01,2023-02,FY23,37800,Closed,AW2-2023-01535,30300,2023-03-23,50,2023-05-21,2026-05-20
LP-2023-01536,R0120,Amina Ahmed,Early Career,ARC,College of Architecture and Design,S008,Ontario Research Fund,Provincial/State,Research Project,2023-08-12,2023-08,FY24,59900,Not Funded,,0,2023-12-10,120,,
LP-2025-01537,R0137,Zain Gupta,Established,LAW,School of Law and Public Policy,S002,Natural Sciences Research Council,Federal,Training Grant,2025-09-06,2025-09,FY26,218500,Closed,AW2-2025-01537,137300,2026-01-13,129,2026-02-22,2029-02-21
LP-2024-01538,R0142,Chloe Chen,Established,SCI,College of Science,S011,Community Wellbeing Trust,Foundation,Equipment,2024-03-25,2024-03,FY24,554500,Not Funded,,0,2024-09-26,185,,
LP-2025-01539,R0112,Chloe Chen,Early Career,ARC,College of Architecture and Design,S003,Social Innovation Research Council,Federal,Fellowship,2025-07-01,2025-07,FY26,376800,Active,AW2-2025-01539,258700,2025-11-25,147,2025-12-29,2027-12-29
LP-2024-01540,R0093,Olivia Costa,Early Career,BUS,School of Business,S003,Social Innovation Research Council,Federal,Research Project,2024-05-04,2024-05,FY24,79900,Not Funded,,0,2024-06-08,35,,
LP-2025-01541,R0126,Jamal Garcia,Established,SCI,College of Science,S006,Department of Public Health,Government,Equipment,2025-05-16,2025-05,FY25,84600,Not Funded,,0,2025-09-28,135,,
LP-2025-01542,R0105,Leila Martin,Established,LAW,School of Law and Public Policy,S005,National Science Foundation,Federal,Fellowship,2025-11-11,2025-11,FY26,302700,Closed,AW2-2025-01542,265100,2026-04-13,153,2026-04-24,2029-04-23
LP-2025-01543,R0004,Yara Lee,Established,HUM,College of Humanities,S023,Internal Strategic Research Fund,Internal,Research Project,2025-04-16,2025-04,FY25,47400,Withdrawn,,0,2025-05-24,38,,
LP-2023-01544,R0111,Victor Singh,Senior,HSC,College of Health Sciences,S005,National Science Foundation,Federal,Research Project,2023-08-12,2023-08,FY24,125100,Not Funded,,0,2023-09-16,35,,
LP-2025-01545,R0007,Nadia Nguyen,Established,HSC,College of Health Sciences,S005,National Science Foundation,Federal,Research Project,2025-06-16,2025-06,FY25,183800,Not Funded,,0,2025-11-27,164,,
LP-2023-01546,R0077,Zain Gupta,Established,BUS,School of Business,S001,National Health Research Council,Federal,Research Project,2023-10-12,2023-10,FY24,45400,Withdrawn,,0,2024-02-26,137,,
LP-2024-01547,R0176,Camille Mensah,Early Career,ARC,College of Architecture and Design,S013,Education Access Foundation,Foundation,Equipment,2024-08-27,2024-08,FY25,39500,Active,AW2-2024-01547,24800,2024-10-27,61,2024-11-15,2025-11-15
LP-2025-01548,R0093,Olivia Costa,Early Career,BUS,School of Business,S004,Advanced Technology Agency,Federal,Research Project,2025-08-17,2025-08,FY26,114200,Active,AW2-2025-01548,112900,2025-12-10,115,2026-02-03,2027-07-28
LP-2024-01549,R0042,Samira Kim,Senior,ENG,College of Engineering,S020,Northstar Analytics,Industry,Research Project,2024-01-18,2024-01,FY24,83800,Not Funded,,0,2024-05-11,114,,
LP-2024-01550,R0114,Mei Tran,Early Career,ENG,College of Engineering,S013,Education Access Foundation,Foundation,Fellowship,2024-01-16,2024-01,FY24,121600,Not Funded,,0,2024-03-24,68,,
LP-2025-01551,R0170,Noah Johnson,Established,ENG,College of Engineering,S019,Apex Biotechnologies,Industry,Research Project,2025-12-09,2025-12,FY26,43100,Withdrawn,,0,2026-01-22,44,,
LP-2024-01552,R0013,Arjun Thomas,Established,BUS,School of Business,S017,International Research Consortium,International,Research Project,2024-07-07,2024-07,FY25,35300,Withdrawn,,0,2024-12-04,150,,
LP-2024-01553,R0176,Camille Mensah,Early Career,ARC,College of Architecture and Design,S024,Faculty Seed Grant Program,Internal,Research Project,2024-03-19,2024-03,FY24,63800,Active,AW2-2024-01553,55800,2024-05-13,55,2024-06-11,2025-06-11
LP-2026-01554,R0046,Priya Wang,Senior,SCI,College of Science,S025,Interdisciplinary Catalyst Fund,Internal,Equipment,2026-05-07,2026-05,FY26,84800,Active,AW2-2026-01554,70500,2026-07-02,56,2026-09-04,2027-09-04
LP-2023-01555,R0007,Nadia Nguyen,Established,HSC,College of Health Sciences,S020,Northstar Analytics,Industry,Research Project,2023-10-10,2023-10,FY24,132900,Active,AW2-2023-01555,82800,2024-04-11,184,2024-05-19,2025-11-10
LP-2024-01556,R0031,Fatima Khan,Established,HSC,College of Health Sciences,S010,Global Health Foundation,Foundation,Research Project,2024-09-03,2024-09,FY25,27800,Closed,AW2-2024-01556,18900,2025-01-01,120,2025-01-23,2027-01-23
LP-2026-01557,R0033,Olivia Costa,Established,LAW,School of Law and Public Policy,S003,Social Innovation Research Council,Federal,Research Project,2026-04-04,2026-04,FY26,57200,Awarded,AW2-2026-01557,45900,2026-08-27,145,2026-09-08,2029-09-07
LP-2026-01558,R0171,Victor Singh,Early Career,SOC,College of Social Innovation,S018,Global Development Partnership,International,Research Project,2026-07-21,2026-07,FY27,31600,Submitted,,0,,,,
LP-2025-01559,R0080,Noah Johnson,Established,ARC,College of Architecture and Design,S021,Vertex Mobility Systems,Industry,Research Project,2025-05-29,2025-05,FY25,49200,Active,AW2-2025-01559,40600,2025-10-28,152,2025-12-28,2028-12-27
LP-2024-01560,R0034,Yara Lee,Established,ENG,College of Engineering,S023,Internal Strategic Research Fund,Internal,Internal Seed,2024-06-10,2024-06,FY24,44600,Not Funded,,0,2024-11-15,158,,
LP-2023-01561,R0173,Isabelle Laurent,Established,BUS,School of Business,S002,Natural Sciences Research Council,Federal,Research Project,2023-07-23,2023-07,FY24,269900,Closed,AW2-2023-01561,226300,2023-10-20,89,2023-11-15,2025-05-08
LP-2023-01562,R0170,Noah Johnson,Established,ENG,College of Engineering,S002,Natural Sciences Research Council,Federal,Research Project,2023-03-20,2023-03,FY23,192700,Withdrawn,,0,2023-09-07,171,,
LP-2026-01563,R0079,Jia Zhou,Established,HSC,College of Health Sciences,S025,Interdisciplinary Catalyst Fund,Internal,Fellowship,2026-06-04,2026-06,FY26,117000,Under Review,,0,,,,
LP-2026-01564,R0159,Carlos Ito,Early Career,HSC,College of Health Sciences,S014,Biomedical Discovery Foundation,Foundation,Research Project,2026-03-01,2026-03,FY26,52200,Not Funded,,0,2026-06-21,112,,
LP-2023-01565,R0157,Nadia Nguyen,Early Career,BUS,School of Business,S006,Department of Public Health,Government,Research Project,2023-03-26,2023-03,FY23,125000,Closed,AW2-2023-01565,124900,2023-09-01,159,2023-09-21,2024-09-20
LP-2023-01566,R0043,Arjun Thomas,Early Career,SOC,College of Social Innovation,S025,Interdisciplinary Catalyst Fund,Internal,Fellowship,2023-06-23,2023-06,FY23,1011500,Active,AW2-2023-01566,720300,2023-12-19,179,2024-01-25,2025-07-18
LP-2026-01567,R0101,Maya Bennett,Established,BUS,School of Business,S025,Interdisciplinary Catalyst Fund,Internal,Research Project,2026-05-17,2026-05,FY26,43400,Not Funded,,0,2026-08-31,106,,
LP-2024-01568,R0141,Victor Singh,Senior,BUS,School of Business,S017,International Research Consortium,International,Research Project,2024-12-05,2024-12,FY25,244100,Not Funded,,0,2025-02-22,79,,
LP-2023-01569,R0060,Amina Ahmed,Established,HUM,College of Humanities,S025,Interdisciplinary Catalyst Fund,Internal,Research Project,2023-06-28,2023-06,FY23,122600,Not Funded,,0,2023-09-10,74,,
LP-2026-01570,R0106,Priya Wang,Early Career,ENG,College of Engineering,S002,Natural Sciences Research Council,Federal,Training Grant,2026-04-20,2026-04,FY26,52900,Active,AW2-2026-01570,36100,2026-06-11,52,2026-07-04,2029-07-03
LP-2023-01571,R0108,Elena Patel,Established,HUM,College of Humanities,S005,National Science Foundation,Federal,Research Project,2023-08-05,2023-08,FY24,34900,Active,AW2-2023-01571,33200,2023-11-06,93,2024-01-13,2025-07-06
LP-2024-01572,R0042,Samira Kim,Senior,ENG,College of Engineering,S015,Civic Data Collaborative,Nonprofit,Research Project,2024-04-23,2024-04,FY24,54100,Not Funded,,0,2024-09-01,131,,
LP-2025-01573,R0012,Samira Kim,Early Career,HUM,College of Humanities,S005,National Science Foundation,Federal,Internal Seed,2025-04-28,2025-04,FY25,241600,Not Funded,,0,2025-09-24,149,,
LP-2023-01574,R0066,Jamal Garcia,Established,ENG,College of Engineering,S016,Urban Resilience Network,Nonprofit,Equipment,2023-10-29,2023-10,FY24,95400,Closed,AW2-2023-01574,69500,2024-02-26,120,2024-04-09,2027-04-09
LP-2023-01575,R0038,Theo Yamamoto,Senior,SCI,College of Science,S002,Natural Sciences Research Council,Federal,Research Project,2023-03-02,2023-03,FY23,234100,Active,AW2-2023-01575,212300,2023-06-17,107,2023-07-29,2025-01-19
LP-2023-01576,R0088,Lucas Haddad,Early Career,ARC,College of Architecture and Design,S014,Biomedical Discovery Foundation,Foundation,Internal Seed,2023-06-14,2023-06,FY23,100100,Closed,AW2-2023-01576,100100,2023-10-22,130,2023-12-02,2024-12-01
LP-2024-01577,R0133,Arjun Thomas,Early Career,BUS,School of Business,S003,Social Innovation Research Council,Federal,Training Grant,2024-03-29,2024-03,FY24,175400,Active,AW2-2024-01577,139500,2024-05-05,37,2024-05-28,2025-11-19
LP-2026-01578,R0104,Gabriel Dubois,Early Career,ARC,College of Architecture and Design,S005,National Science Foundation,Federal,Research Project,2026-02-09,2026-02,FY26,172300,Active,AW2-2026-01578,148900,2026-06-12,123,2026-08-22,2028-02-13
LP-2026-01579,R0119,Rafael Reyes,Established,HSC,College of Health Sciences,S025,Interdisciplinary Catalyst Fund,Internal,Research Project,2026-07-22,2026-07,FY27,1127300,Under Review,,0,,,,
LP-2023-01580,R0138,Elena Patel,Early Career,ENG,College of Engineering,S013,Education Access Foundation,Foundation,Equipment,2023-01-11,2023-01,FY23,57000,Active,AW2-2023-01580,47600,2023-07-04,174,2023-07-17,2026-07-16
LP-2025-01581,R0064,Yara Lee,Early Career,ARC,College of Architecture and Design,S007,Department of Energy and Climate,Government,Research Project,2025-03-29,2025-03,FY25,67700,Not Funded,,0,2025-09-29,184,,
LP-2026-01582,R0162,Samira Kim,Established,ENG,College of Engineering,S019,Apex Biotechnologies,Industry,Equipment,2026-06-12,2026-06,FY26,199900,Active,AW2-2026-01582,149700,2026-08-31,80,2026-10-09,2029-10-08
LP-2025-01583,R0071,Maya Bennett,Early Career,HSC,College of Health Sciences,S009,Massachusetts Innovation Fund,Provincial/State,Research Project,2025-04-05,2025-04,FY25,120100,Active,AW2-2025-01583,117300,2025-06-14,70,2025-08-12,2026-08-12
LP-2025-01584,R0044,Gabriel Dubois,Established,HUM,College of Humanities,S013,Education Access Foundation,Foundation,Research Project,2025-11-26,2025-11,FY26,197100,Active,AW2-2025-01584,137900,2026-02-23,89,2026-03-27,2027-09-18
LP-2025-01585,R0089,Rafael Reyes,Established,LAW,School of Law and Public Policy,S024,Faculty Seed Grant Program,Internal,Research Project,2025-06-27,2025-06,FY25,133600,Closed,AW2-2025-01585,88800,2025-09-07,72,2025-09-27,2027-03-21
LP-2024-01586,R0161,Maya Bennett,Established,LAW,School of Law and Public Policy,S020,Northstar Analytics,Industry,Research Project,2024-09-11,2024-09,FY25,234100,Not Funded,,0,2024-11-13,63,,
LP-2024-01587,R0118,Lucas Haddad,Senior,SCI,College of Science,S003,Social Innovation Research Council,Federal,Research Project,2024-04-30,2024-04,FY24,177900,Not Funded,,0,2024-08-06,98,,
LP-2023-01588,R0157,Nadia Nguyen,Early Career,BUS,School of Business,S018,Global Development Partnership,International,Equipment,2023-07-13,2023-07,FY24,229700,Closed,AW2-2023-01588,154800,2024-01-18,189,2024-03-12,2025-03-12
LP-2026-01589,R0117,Grace Williams,Established,BUS,School of Business,S020,Northstar Analytics,Industry,Equipment,2026-01-20,2026-01,FY26,103300,Not Funded,,0,2026-06-10,141,,
LP-2024-01590,R0032,Jonah Smith,Senior,ARC,College of Architecture and Design,S005,National Science Foundation,Federal,Training Grant,2024-01-23,2024-01,FY24,198200,Not Funded,,0,2024-04-13,81,,
LP-2025-01591,R0119,Rafael Reyes,Established,HSC,College of Health Sciences,S021,Vertex Mobility Systems,Industry,Internal Seed,2025-06-12,2025-06,FY25,249400,Active,AW2-2025-01591,214900,2025-09-27,107,2025-11-19,2027-05-13
LP-2025-01592,R0165,Leila Martin,Early Career,BUS,School of Business,S022,Helix Medical Devices,Industry,Training Grant,2025-12-23,2025-12,FY26,487500,Awarded,AW2-2025-01592,376000,2026-02-13,52,2026-03-01,2027-08-23
LP-2024-01593,R0034,Yara Lee,Established,ENG,College of Engineering,S008,Ontario Research Fund,Provincial/State,Research Project,2024-03-26,2024-03,FY24,110600,Active,AW2-2024-01593,91300,2024-07-14,110,2024-08-03,2026-01-25
LP-2024-01594,R0026,Camille Mensah,Established,ENG,College of Engineering,S020,Northstar Analytics,Industry,Internal Seed,2024-12-21,2024-12,FY25,146100,Not Funded,,0,2025-03-14,83,,
LP-2025-01595,R0065,Daniel Walker,Established,LAW,School of Law and Public Policy,S018,Global Development Partnership,International,Research Project,2025-03-29,2025-03,FY25,456400,Not Funded,,0,2025-08-30,154,,
LP-2024-01596,R0069,Carlos Ito,Established,BUS,School of Business,S023,Internal Strategic Research Fund,Internal,Research Project,2024-12-10,2024-12,FY25,25300,Active,AW2-2024-01596,16700,2025-04-26,137,2025-05-27,2026-05-27
LP-2024-01597,R0053,Isabelle Laurent,Early Career,BUS,School of Business,S002,Natural Sciences Research Council,Federal,Research Project,2024-12-18,2024-12,FY25,209800,Closed,AW2-2024-01597,138500,2025-06-03,167,2025-06-17,2028-06-16
LP-2023-01598,R0165,Leila Martin,Early Career,BUS,School of Business,S002,Natural Sciences Research Council,Federal,Fellowship,2023-12-31,2023-12,FY24,87100,Not Funded,,0,2024-05-08,129,,
LP-2024-01599,R0082,Chloe Chen,Established,ENG,College of Engineering,S003,Social Innovation Research Council,Federal,Research Project,2024-11-02,2024-11,FY25,24100,Not Funded,,0,2024-12-07,35,,
LP-2026-01600,R0007,Nadia Nguyen,Established,HSC,College of Health Sciences,S010,Global Health Foundation,Foundation,Training Grant,2026-03-27,2026-03,FY26,331100,Active,AW2-2026-01600,330700,2026-06-02,67,2026-06-20,2028-06-19
LP-2025-01601,R0102,Samira Kim,Established,SCI,College of Science,S021,Vertex Mobility Systems,Industry,Research Project,2025-07-23,2025-07,FY26,124300,Not Funded,,0,2025-12-19,149,,
LP-2023-01602,R0112,Chloe Chen,Early Career,ARC,College of Architecture and Design,S003,Social Innovation Research Council,Federal,Fellowship,2023-01-13,2023-01,FY23,56200,Not Funded,,0,2023-05-17,124,,
LP-2024-01603,R0017,Zain Gupta,Established,LAW,School of Law and Public Policy,S011,Community Wellbeing Trust,Foundation,Research Project,2024-01-05,2024-01,FY24,453800,Closed,AW2-2024-01603,318300,2024-05-09,125,2024-05-30,2026-05-30
LP-2026-01604,R0012,Samira Kim,Early Career,HUM,College of Humanities,S003,Social Innovation Research Council,Federal,Research Project,2026-05-20,2026-05,FY26,124100,Under Review,,0,,,,
LP-2026-01605,R0079,Jia Zhou,Established,HSC,College of Health Sciences,S003,Social Innovation Research Council,Federal,Equipment,2026-04-18,2026-04,FY26,70600,Awarded,AW2-2026-01605,57300,2026-06-19,62,2026-08-12,2028-08-11
LP-2025-01606,R0102,Samira Kim,Established,SCI,College of Science,S019,Apex Biotechnologies,Industry,Internal Seed,2025-11-18,2025-11,FY26,118200,Not Funded,,0,2026-03-28,130,,
LP-2024-01607,R0085,Sofia Evans,Established,BUS,School of Business,S006,Department of Public Health,Government,Research Project,2024-09-17,2024-09,FY25,119500,Active,AW2-2024-01607,115100,2025-03-18,182,2025-05-09,2026-10-31
LP-2023-01608,R0173,Isabelle Laurent,Established,BUS,School of Business,S025,Interdisciplinary Catalyst Fund,Internal,Equipment,2023-10-23,2023-10,FY24,114700,Not Funded,,0,2024-03-02,131,,
LP-2026-01609,R0004,Yara Lee,Established,HUM,College of Humanities,S012,Future Cities Foundation,Foundation,Research Project,2026-03-12,2026-03,FY26,58600,Not Funded,,0,2026-08-17,158,,
LP-2024-01610,R0178,Lucas Haddad,Established,ENG,College of Engineering,S002,Natural Sciences Research Council,Federal,Research Project,2024-03-03,2024-03,FY24,135200,Closed,AW2-2024-01610,115300,2024-06-30,119,2024-09-01,2025-09-01
LP-2026-01611,R0044,Gabriel Dubois,Established,HUM,College of Humanities,S007,Department of Energy and Climate,Government,Research Project,2026-02-13,2026-02,FY26,125500,Active,AW2-2026-01611,83900,2026-04-09,55,2026-04-24,2029-04-23
LP-2025-01612,R0164,Gabriel Dubois,Senior,HUM,College of Humanities,S020,Northstar Analytics,Industry,Training Grant,2025-11-07,2025-11,FY26,691200,Active,AW2-2025-01612,576100,2026-05-14,188,2026-07-28,2029-07-27
LP-2025-01613,R0028,Lucas Haddad,Established,HUM,College of Humanities,S013,Education Access Foundation,Foundation,Training Grant,2025-07-22,2025-07,FY26,200600,Not Funded,,0,2025-10-10,80,,
LP-2025-01614,R0107,Zain Gupta,Early Career,SOC,College of Social Innovation,S005,National Science Foundation,Federal,Research Project,2025-04-04,2025-04,FY25,66600,Not Funded,,0,2025-09-09,158,,
LP-2026-01615,R0026,Camille Mensah,Established,ENG,College of Engineering,S011,Community Wellbeing Trust,Foundation,Internal Seed,2026-03-08,2026-03,FY26,189600,Not Funded,,0,2026-08-31,176,,
LP-2024-01616,R0158,Theo Yamamoto,Established,SCI,College of Science,S023,Internal Strategic Research Fund,Internal,Training Grant,2024-01-27,2024-01,FY24,95000,Active,AW2-2024-01616,80700,2024-07-07,162,2024-09-20,2025-09-20
LP-2024-01617,R0039,Carlos Ito,Senior,HSC,College of Health Sciences,S025,Interdisciplinary Catalyst Fund,Internal,Equipment,2024-09-10,2024-09,FY25,15000,Not Funded,,0,2025-01-24,136,,
LP-2025-01618,R0058,Lucas Haddad,Early Career,ENG,College of Engineering,S025,Interdisciplinary Catalyst Fund,Internal,Fellowship,2025-05-18,2025-05,FY25,67700,Not Funded,,0,2025-09-24,129,,
LP-2024-01619,R0103,Arjun Thomas,Established,HSC,College of Health Sciences,S005,National Science Foundation,Federal,Equipment,2024-01-26,2024-01,FY24,33000,Closed,AW2-2024-01619,31100,2024-05-16,111,2024-07-01,2026-07-01
LP-2024-01620,R0072,Samira Kim,Established,ARC,College of Architecture and Design,S011,Community Wellbeing Trust,Foundation,Research Project,2024-10-28,2024-10,FY25,555500,Not Funded,,0,2025-02-07,102,,
LP-2026-01621,R0092,Jonah Smith,Early Career,HUM,College of Humanities,S002,Natural Sciences Research Council,Federal,Research Project,2026-05-30,2026-05,FY26,38000,Not Funded,,0,2026-08-31,93,,
LP-2023-01622,R0096,Jamal Garcia,Established,ARC,College of Architecture and Design,S002,Natural Sciences Research Council,Federal,Research Project,2023-11-28,2023-11,FY24,106800,Closed,AW2-2023-01622,90700,2024-01-31,64,2024-02-20,2027-02-19
LP-2025-01623,R0050,Noah Johnson,Senior,ENG,College of Engineering,S005,National Science Foundation,Federal,Training Grant,2025-01-09,2025-01,FY25,785100,Active,AW2-2025-01623,513600,2025-02-28,50,2025-05-04,2026-10-26
LP-2024-01624,R0025,Sofia Evans,Early Career,LAW,School of Law and Public Policy,S022,Helix Medical Devices,Industry,Research Project,2024-11-25,2024-11,FY25,46400,Closed,AW2-2024-01624,33200,2025-02-06,73,2025-03-09,2027-03-09
LP-2024-01625,R0077,Zain Gupta,Established,BUS,School of Business,S002,Natural Sciences Research Council,Federal,Training Grant,2024-08-01,2024-08,FY25,242000,Closed,AW2-2024-01625,163900,2024-09-27,57,2024-10-23,2026-10-23
LP-2026-01626,R0067,Nadia Nguyen,Senior,SOC,College of Social Innovation,S011,Community Wellbeing Trust,Foundation,Research Project,2026-01-01,2026-01,FY26,59300,Withdrawn,,0,2026-04-03,92,,
LP-2023-01627,R0030,Amina Ahmed,Established,SCI,College of Science,S022,Helix Medical Devices,Industry,Internal Seed,2023-12-15,2023-12,FY24,159500,Closed,AW2-2023-01627,147600,2024-04-16,123,2024-05-06,2025-05-06
LP-2025-01628,R0089,Rafael Reyes,Established,LAW,School of Law and Public Policy,S024,Faculty Seed Grant Program,Internal,Research Project,2025-12-28,2025-12,FY26,63600,Not Funded,,0,2026-05-20,143,,
LP-2023-01629,R0075,Leila Martin,Established,SOC,College of Social Innovation,S021,Vertex Mobility Systems,Industry,Research Project,2023-02-03,2023-02,FY23,174800,Closed,AW2-2023-01629,142300,2023-06-05,122,2023-07-08,2025-07-07
LP-2026-01630,R0122,Jonah Smith,Established,ENG,College of Engineering,S020,Northstar Analytics,Industry,Research Project,2026-05-27,2026-05,FY26,103300,Under Review,,0,,,,
LP-2023-01631,R0159,Carlos Ito,Early Career,HSC,College of Health Sciences,S017,International Research Consortium,International,Fellowship,2023-12-10,2023-12,FY24,7216200,Closed,AW2-2023-01631,5383600,2024-03-02,83,2024-03-19,2026-03-19
LP-2025-01632,R0005,Daniel Walker,Early Career,BUS,School of Business,S005,National Science Foundation,Federal,Fellowship,2025-09-02,2025-09,FY26,244400,Active,AW2-2025-01632,209600,2025-12-05,94,2025-12-30,2026-12-30
LP-2024-01633,R0097,Nadia Nguyen,Established,LAW,School of Law and Public Policy,S018,Global Development Partnership,International,Training Grant,2024-03-15,2024-03,FY24,212200,Withdrawn,,0,2024-06-02,79,,
LP-2026-01634,R0036,Jamal Garcia,Early Career,HUM,College of Humanities,S001,National Health Research Council,Federal,Research Project,2026-06-22,2026-06,FY26,45300,Not Funded,,0,2026-08-22,61,,
LP-2023-01635,R0005,Daniel Walker,Early Career,BUS,School of Business,S006,Department of Public Health,Government,Research Project,2023-12-16,2023-12,FY24,89100,Withdrawn,,0,2024-04-07,113,,
LP-2023-01636,R0108,Elena Patel,Established,HUM,College of Humanities,S025,Interdisciplinary Catalyst Fund,Internal,Research Project,2023-08-12,2023-08,FY24,82500,Closed,AW2-2023-01636,75700,2024-01-18,159,2024-04-02,2026-04-02
LP-2025-01637,R0080,Noah Johnson,Established,ARC,College of Architecture and Design,S011,Community Wellbeing Trust,Foundation,Training Grant,2025-05-26,2025-05,FY25,115500,Awarded,AW2-2025-01637,84600,2025-10-25,152,2026-01-04,2028-01-04
LP-2023-01638,R0041,Maya Bennett,Established,LAW,School of Law and Public Policy,S002,Natural Sciences Research Council,Federal,Fellowship,2023-02-23,2023-02,FY23,20100,Closed,AW2-2023-01638,15300,2023-04-21,57,2023-06-03,2025-06-02
LP-2024-01639,R0074,Gabriel Dubois,Established,ENG,College of Engineering,S002,Natural Sciences Research Council,Federal,Training Grant,2024-03-21,2024-03,FY24,104000,Not Funded,,0,2024-08-19,151,,
LP-2025-01640,R0029,Rafael Reyes,Established,BUS,School of Business,S002,Natural Sciences Research Council,Federal,Equipment,2025-06-29,2025-06,FY25,101200,Not Funded,,0,2025-11-20,144,,
LP-2024-01641,R0009,Carlos Ito,Early Career,LAW,School of Law and Public Policy,S015,Civic Data Collaborative,Nonprofit,Research Project,2024-10-25,2024-10,FY25,931500,Active,AW2-2024-01641,864500,2025-04-08,165,2025-05-14,2027-05-14
LP-2025-01642,R0118,Lucas Haddad,Senior,SCI,College of Science,S023,Internal Strategic Research Fund,Internal,Research Project,2025-09-26,2025-09,FY26,74400,Active,AW2-2025-01642,72200,2026-02-28,155,2026-04-25,2027-10-17
LP-2025-01643,R0060,Amina Ahmed,Established,HUM,College of Humanities,S024,Faculty Seed Grant Program,Internal,Research Project,2025-07-25,2025-07,FY26,412000,Withdrawn,,0,2025-11-09,107,,
LP-2026-01644,R0065,Daniel Walker,Established,LAW,School of Law and Public Policy,S024,Faculty Seed Grant Program,Internal,Internal Seed,2026-01-24,2026-01,FY26,428400,Not Funded,,0,2026-07-29,186,,
LP-2024-01645,R0002,Jonah Smith,Early Career,ENG,College of Engineering,S009,Massachusetts Innovation Fund,Provincial/State,Research Project,2024-08-22,2024-08,FY25,142700,Not Funded,,0,2024-12-19,119,,
LP-2025-01646,R0166,Priya Wang,Senior,SCI,College of Science,S023,Internal Strategic Research Fund,Internal,Research Project,2025-12-02,2025-12,FY26,53400,Active,AW2-2025-01646,46100,2026-04-25,144,2026-06-29,2027-12-21
LP-2023-01647,R0050,Noah Johnson,Senior,ENG,College of Engineering,S001,National Health Research Council,Federal,Research Project,2023-05-17,2023-05,FY23,114800,Active,AW2-2023-01647,73700,2023-08-13,88,2023-10-15,2025-04-07
LP-2023-01648,R0100,Hana Roy,Early Career,HUM,College of Humanities,S010,Global Health Foundation,Foundation,Research Project,2023-07-18,2023-07,FY24,55500,Closed,AW2-2023-01648,41000,2023-11-08,113,2023-11-27,2025-11-26
LP-2025-01649,R0047,Zain Gupta,Senior,HSC,College of Health Sciences,S011,Community Wellbeing Trust,Foundation,Research Project,2025-05-31,2025-05,FY25,78300,Active,AW2-2025-01649,58900,2025-11-30,183,2026-02-06,2027-07-31
LP-2023-01650,R0041,Maya Bennett,Established,LAW,School of Law and Public Policy,S007,Department of Energy and Climate,Government,Research Project,2023-04-07,2023-04,FY23,109900,Active,AW2-2023-01650,80800,2023-09-14,160,2023-10-12,2025-10-11
LP-2023-01651,R0071,Maya Bennett,Early Career,HSC,College of Health Sciences,S023,Internal Strategic Research Fund,Internal,Equipment,2023-11-19,2023-11,FY24,457900,Closed,AW2-2023-01651,304000,2024-05-08,171,2024-06-07,2025-11-29
LP-2025-01652,R0147,Grace Williams,Early Career,SOC,College of Social Innovation,S014,Biomedical Discovery Foundation,Foundation,Internal Seed,2025-01-18,2025-01,FY25,80000,Active,AW2-2025-01652,68800,2025-07-16,179,2025-09-08,2026-09-08
LP-2025-01653,R0014,Gabriel Dubois,Established,SCI,College of Science,S002,Natural Sciences Research Council,Federal,Research Project,2025-06-20,2025-06,FY25,58300,Not Funded,,0,2025-08-02,43,,
LP-2024-01654,R0162,Samira Kim,Established,ENG,College of Engineering,S001,National Health Research Council,Federal,Research Project,2024-12-07,2024-12,FY25,87300,Not Funded,,0,2025-03-25,108,,
LP-2024-01655,R0150,Amina Ahmed,Established,SCI,College of Science,S011,Community Wellbeing Trust,Foundation,Research Project,2024-02-16,2024-02,FY24,85800,Withdrawn,,0,2024-07-16,151,,
LP-2024-01656,R0157,Nadia Nguyen,Early Career,BUS,School of Business,S007,Department of Energy and Climate,Government,Research Project,2024-06-25,2024-06,FY24,177100,Closed,AW2-2024-01656,159900,2024-09-04,71,2024-10-16,2026-04-09
LP-2025-01657,R0128,Theo Yamamoto,Established,ARC,College of Architecture and Design,S001,National Health Research Council,Federal,Research Project,2025-04-22,2025-04,FY25,283800,Active,AW2-2025-01657,261800,2025-09-06,137,2025-11-15,2028-11-14
LP-2024-01658,R0113,Isabelle Laurent,Established,LAW,School of Law and Public Policy,S024,Faculty Seed Grant Program,Internal,Internal Seed,2024-07-15,2024-07,FY25,172600,Withdrawn,,0,2024-12-30,168,,
LP-2023-01659,R0136,Priya Wang,Senior,ARC,College of Architecture and Design,S021,Vertex Mobility Systems,Industry,Research Project,2023-03-22,2023-03,FY23,299700,Active,AW2-2023-01659,202300,2023-07-03,103,2023-08-24,2025-02-14
LP-2024-01660,R0003,Olivia Costa,Established,SOC,College of Social Innovation,S025,Interdisciplinary Catalyst Fund,Internal,Research Project,2024-02-03,2024-02,FY24,120000,Withdrawn,,0,2024-07-24,172,,
LP-2023-01661,R0006,Jamal Garcia,Established,SCI,College of Science,S024,Faculty Seed Grant Program,Internal,Internal Seed,2023-11-24,2023-11,FY24,209100,Active,AW2-2023-01661,150900,2024-03-25,122,2024-04-20,2025-10-12
LP-2023-01662,R0126,Jamal Garcia,Established,SCI,College of Science,S004,Advanced Technology Agency,Federal,Research Project,2023-09-02,2023-09,FY24,106900,Not Funded,,0,2023-12-03,92,,
LP-2024-01663,R0001,Fatima Khan,Senior,LAW,School of Law and Public Policy,S010,Global Health Foundation,Foundation,Research Project,2024-09-02,2024-09,FY25,82200,Active,AW2-2024-01663,69400,2025-01-01,121,2025-02-11,2028-02-11
LP-2024-01664,R0098,Theo Yamamoto,Early Career,ENG,College of Engineering,S002,Natural Sciences Research Council,Federal,Research Project,2024-07-22,2024-07,FY25,96600,Not Funded,,0,2025-01-10,172,,
LP-2026-01665,R0023,Isabelle Laurent,Established,HSC,College of Health Sciences,S008,Ontario Research Fund,Provincial/State,Internal Seed,2026-03-24,2026-03,FY26,188000,Active,AW2-2026-01665,152300,2026-05-01,38,2026-06-01,2027-06-01
LP-2024-01666,R0118,Lucas Haddad,Senior,SCI,College of Science,S005,National Science Foundation,Federal,Equipment,2024-06-02,2024-06,FY24,37300,Not Funded,,0,2024-07-13,41,,
LP-2024-01667,R0159,Carlos Ito,Early Career,HSC,College of Health Sciences,S004,Advanced Technology Agency,Federal,Research Project,2024-11-09,2024-11,FY25,187400,Active,AW2-2024-01667,177900,2024-12-22,43,2025-01-29,2027-01-29
LP-2024-01668,R0068,Theo Yamamoto,Established,HUM,College of Humanities,S003,Social Innovation Research Council,Federal,Research Project,2024-05-22,2024-05,FY24,90800,Withdrawn,,0,2024-11-04,166,,
LP-2025-01669,R0026,Camille Mensah,Established,ENG,College of Engineering,S010,Global Health Foundation,Foundation,Research Project,2025-11-11,2025-11,FY26,112700,Withdrawn,,0,2026-04-28,168,,
LP-2023-01670,R0055,Sofia Evans,Early Career,HSC,College of Health Sciences,S017,International Research Consortium,International,Research Project,2023-06-21,2023-06,FY23,333300,Closed,AW2-2023-01670,321000,2023-11-11,143,2024-01-08,2026-01-07
LP-2024-01671,R0111,Victor Singh,Senior,HSC,College of Health Sciences,S021,Vertex Mobility Systems,Industry,Research Project,2024-05-15,2024-05,FY24,360100,Not Funded,,0,2024-08-02,79,,
LP-2025-01672,R0126,Jamal Garcia,Established,SCI,College of Science,S020,Northstar Analytics,Industry,Research Project,2025-12-28,2025-12,FY26,132800,Closed,AW2-2025-01672,127500,2026-07-03,187,2026-09-03,2027-09-03
LP-2024-01673,R0114,Mei Tran,Early Career,ENG,College of Engineering,S018,Global Development Partnership,International,Research Project,2024-04-13,2024-04,FY24,451600,Closed,AW2-2024-01673,359700,2024-06-26,74,2024-07-17,2027-07-17
LP-2025-01674,R0057,Grace Williams,Established,LAW,School of Law and Public Policy,S005,National Science Foundation,Federal,Research Project,2025-07-24,2025-07,FY26,62100,Not Funded,,0,2025-09-22,60,,
LP-2024-01675,R0112,Chloe Chen,Early Career,ARC,College of Architecture and Design,S017,International Research Consortium,International,Research Project,2024-06-05,2024-06,FY24,94100,Not Funded,,0,2024-10-11,128,,
LP-2025-01676,R0011,Maya Bennett,Early Career,SOC,College of Social Innovation,S021,Vertex Mobility Systems,Industry,Research Project,2025-05-05,2025-05,FY25,306300,Not Funded,,0,2025-09-25,143,,
LP-2025-01677,R0075,Leila Martin,Established,SOC,College of Social Innovation,S017,International Research Consortium,International,Equipment,2025-09-16,2025-09,FY26,250100,Active,AW2-2025-01677,226000,2026-01-03,109,2026-02-03,2027-07-28
LP-2025-01678,R0080,Noah Johnson,Established,ARC,College of Architecture and Design,S018,Global Development Partnership,International,Research Project,2025-11-10,2025-11,FY26,389400,Not Funded,,0,2026-02-23,105,,
LP-2024-01679,R0133,Arjun Thomas,Early Career,BUS,School of Business,S001,National Health Research Council,Federal,Internal Seed,2024-08-11,2024-08,FY25,105300,Closed,AW2-2024-01679,83500,2025-01-26,168,2025-02-06,2027-02-06
LP-2025-01680,R0024,Mei Tran,Established,ARC,College of Architecture and Design,S025,Interdisciplinary Catalyst Fund,Internal,Training Grant,2025-02-25,2025-02,FY25,124500,Active,AW2-2025-01680,83600,2025-05-29,93,2025-08-01,2027-01-23
LP-2025-01681,R0034,Yara Lee,Established,ENG,College of Engineering,S014,Biomedical Discovery Foundation,Foundation,Research Project,2025-07-17,2025-07,FY26,66300,Awarded,AW2-2025-01681,57900,2025-11-30,136,2026-01-20,2027-01-20
LP-2024-01682,R0159,Carlos Ito,Early Career,HSC,College of Health Sciences,S020,Northstar Analytics,Industry,Internal Seed,2024-08-16,2024-08,FY25,212000,Closed,AW2-2024-01682,137300,2024-12-31,137,2025-02-13,2026-08-07
LP-2025-01683,R0147,Grace Williams,Early Career,SOC,College of Social Innovation,S021,Vertex Mobility Systems,Industry,Research Project,2025-05-05,2025-05,FY25,170300,Not Funded,,0,2025-07-29,85,,
LP-2024-01684,R0129,Carlos Ito,Established,LAW,School of Law and Public Policy,S002,Natural Sciences Research Council,Federal,Research Project,2024-05-11,2024-05,FY24,115300,Not Funded,,0,2024-10-30,172,,
LP-2025-01685,R0014,Gabriel Dubois,Established,SCI,College of Science,S023,Internal Strategic Research Fund,Internal,Research Project,2025-01-26,2025-01,FY25,230600,Not Funded,,0,2025-07-23,178,,
LP-2025-01686,R0074,Gabriel Dubois,Established,ENG,College of Engineering,S003,Social Innovation Research Council,Federal,Internal Seed,2025-06-25,2025-06,FY25,154900,Active,AW2-2025-01686,109900,2025-10-04,101,2025-12-06,2028-12-05
LP-2026-01687,R0033,Olivia Costa,Established,LAW,School of Law and Public Policy,S018,Global Development Partnership,International,Training Grant,2026-08-11,2026-08,FY27,243000,Under Review,,0,,,,
LP-2023-01688,R0165,Leila Martin,Early Career,BUS,School of Business,S025,Interdisciplinary Catalyst Fund,Internal,Research Project,2023-07-17,2023-07,FY24,183300,Not Funded,,0,2024-01-12,179,,
LP-2023-01689,R0125,Daniel Walker,Established,BUS,School of Business,S001,National Health Research Council,Federal,Training Grant,2023-07-03,2023-07,FY24,15000,Closed,AW2-2023-01689,11900,2023-08-20,48,2023-10-21,2025-10-20
LP-2023-01690,R0017,Zain Gupta,Established,LAW,School of Law and Public Policy,S018,Global Development Partnership,International,Equipment,2023-02-22,2023-02,FY23,350700,Not Funded,,0,2023-06-02,100,,
LP-2025-01691,R0004,Yara Lee,Established,HUM,College of Humanities,S004,Advanced Technology Agency,Federal,Research Project,2025-11-30,2025-11,FY26,164700,Active,AW2-2025-01691,151200,2026-05-14,165,2026-06-27,2028-06-26
LP-2025-01692,R0097,Nadia Nguyen,Established,LAW,School of Law and Public Policy,S004,Advanced Technology Agency,Federal,Internal Seed,2025-08-13,2025-08,FY26,48800,Not Funded,,0,2025-11-19,98,,
LP-2025-01693,R0119,Rafael Reyes,Established,HSC,College of Health Sciences,S002,Natural Sciences Research Council,Federal,Research Project,2025-11-10,2025-11,FY26,37100,Not Funded,,0,2026-02-17,99,,
LP-2024-01694,R0035,Daniel Walker,Established,SOC,College of Social Innovation,S006,Department of Public Health,Government,Fellowship,2024-08-16,2024-08,FY25,504300,Withdrawn,,0,2025-01-04,141,,
LP-2023-01695,R0051,Victor Singh,Established,SOC,College of Social Innovation,S010,Global Health Foundation,Foundation,Research Project,2023-07-14,2023-07,FY24,368000,Not Funded,,0,2023-12-20,159,,
LP-2023-01696,R0127,Nadia Nguyen,Senior,HSC,College of Health Sciences,S004,Advanced Technology Agency,Federal,Research Project,2023-10-30,2023-10,FY24,62700,Not Funded,,0,2023-12-10,41,,
LP-2025-01697,R0011,Maya Bennett,Early Career,SOC,College of Social Innovation,S008,Ontario Research Fund,Provincial/State,Training Grant,2025-02-04,2025-02,FY25,45300,Active,AW2-2025-01697,43400,2025-06-29,145,2025-08-08,2027-08-08
LP-2025-01698,R0180,Amina Ahmed,Established,HUM,College of Humanities,S019,Apex Biotechnologies,Industry,Equipment,2025-07-27,2025-07,FY26,72500,Active,AW2-2025-01698,71500,2025-12-31,157,2026-01-21,2027-01-21
LP-2026-01699,R0044,Gabriel Dubois,Established,HUM,College of Humanities,S006,Department of Public Health,Government,Internal Seed,2026-06-30,2026-06,FY26,401700,Active,AW2-2026-01699,383100,2026-08-31,62,2026-10-11,2028-04-03
LP-2026-01700,R0062,Jonah Smith,Senior,SCI,College of Science,S016,Urban Resilience Network,Nonprofit,Fellowship,2026-01-24,2026-01,FY26,116600,Not Funded,,0,2026-07-05,162,,
LP-2023-01701,R0062,Jonah Smith,Senior,SCI,College of Science,S015,Civic Data Collaborative,Nonprofit,Research Project,2023-10-12,2023-10,FY24,238100,Not Funded,,0,2024-01-27,107,,
LP-2026-01702,R0161,Maya Bennett,Established,LAW,School of Law and Public Policy,S005,National Science Foundation,Federal,Equipment,2026-07-09,2026-07,FY27,55400,Not Funded,,0,2026-08-31,53,,
LP-2023-01703,R0067,Nadia Nguyen,Senior,SOC,College of Social Innovation,S019,Apex Biotechnologies,Industry,Research Project,2023-04-08,2023-04,FY23,84300,Withdrawn,,0,2023-06-04,57,,
LP-2026-01704,R0179,Rafael Reyes,Early Career,SOC,College of Social Innovation,S008,Ontario Research Fund,Provincial/State,Research Project,2026-03-03,2026-03,FY26,165700,Not Funded,,0,2026-06-09,98,,
LP-2025-01705,R0019,Jia Zhou,Early Career,SOC,College of Social Innovation,S005,National Science Foundation,Federal,Research Project,2025-02-22,2025-02,FY25,184200,Closed,AW2-2025-01705,171600,2025-04-08,45,2025-04-30,2028-04-29
LP-2024-01706,R0086,Camille Mensah,Established,SCI,College of Science,S020,Northstar Analytics,Industry,Equipment,2024-08-15,2024-08,FY25,74000,Active,AW2-2024-01706,52900,2024-12-18,125,2025-02-16,2026-02-16
LP-2025-01707,R0130,Hana Roy,Senior,ENG,College of Engineering,S020,Northstar Analytics,Industry,Equipment,2025-04-17,2025-04,FY25,266900,Not Funded,,0,2025-09-11,147,,
LP-2023-01708,R0168,Elena Patel,Early Career,ARC,College of Architecture and Design,S023,Internal Strategic Research Fund,Internal,Research Project,2023-01-07,2023-01,FY23,318800,Not Funded,,0,2023-06-01,145,,
LP-2024-01709,R0066,Jamal Garcia,Established,ENG,College of Engineering,S010,Global Health Foundation,Foundation,Internal Seed,2024-10-10,2024-10,FY25,140200,Active,AW2-2024-01709,113200,2025-03-06,147,2025-04-16,2026-04-16
LP-2023-01710,R0100,Hana Roy,Early Career,HUM,College of Humanities,S002,Natural Sciences Research Council,Federal,Fellowship,2023-03-08,2023-03,FY23,42600,Not Funded,,0,2023-06-07,91,,
LP-2026-01711,R0153,Olivia Costa,Senior,LAW,School of Law and Public Policy,S021,Vertex Mobility Systems,Industry,Research Project,2026-04-16,2026-04,FY26,441000,Under Review,,0,,,,
LP-2026-01712,R0139,Jia Zhou,Established,SOC,College of Social Innovation,S022,Helix Medical Devices,Industry,Research Project,2026-05-20,2026-05,FY26,413300,Under Review,,0,,,,
LP-2024-01713,R0079,Jia Zhou,Established,HSC,College of Health Sciences,S015,Civic Data Collaborative,Nonprofit,Research Project,2024-03-07,2024-03,FY24,109300,Active,AW2-2024-01713,75300,2024-04-13,37,2024-06-18,2027-06-18
LP-2023-01714,R0137,Zain Gupta,Established,LAW,School of Law and Public Policy,S013,Education Access Foundation,Foundation,Internal Seed,2023-12-22,2023-12,FY24,264900,Closed,AW2-2023-01714,247900,2024-06-09,170,2024-08-23,2025-08-23
LP-2023-01715,R0018,Elena Patel,Established,ENG,College of Engineering,S002,Natural Sciences Research Council,Federal,Research Project,2023-10-24,2023-10,FY24,498900,Not Funded,,0,2023-12-11,48,,
LP-2023-01716,R0075,Leila Martin,Established,SOC,College of Social Innovation,S006,Department of Public Health,Government,Research Project,2023-08-25,2023-08,FY24,25800,Not Funded,,0,2023-12-14,111,,
LP-2024-01717,R0039,Carlos Ito,Senior,HSC,College of Health Sciences,S021,Vertex Mobility Systems,Industry,Research Project,2024-03-08,2024-03,FY24,147200,Closed,AW2-2024-01717,137700,2024-04-28,51,2024-06-25,2027-06-25
LP-2025-01718,R0129,Carlos Ito,Established,LAW,School of Law and Public Policy,S018,Global Development Partnership,International,Research Project,2025-03-15,2025-03,FY25,62300,Closed,AW2-2025-01718,62000,2025-07-05,112,2025-09-01,2028-08-31
LP-2024-01719,R0100,Hana Roy,Early Career,HUM,College of Humanities,S002,Natural Sciences Research Council,Federal,Research Project,2024-12-29,2024-12,FY25,47300,Active,AW2-2024-01719,31900,2025-05-02,124,2025-06-06,2026-11-28
LP-2023-01720,R0103,Arjun Thomas,Established,HSC,College of Health Sciences,S019,Apex Biotechnologies,Industry,Training Grant,2023-10-05,2023-10,FY24,73400,Active,AW2-2023-01720,67600,2024-01-11,98,2024-03-02,2027-03-02
LP-2024-01721,R0123,Olivia Costa,Early Career,SOC,College of Social Innovation,S019,Apex Biotechnologies,Industry,Fellowship,2024-04-05,2024-04,FY24,44400,Closed,AW2-2024-01721,37700,2024-07-14,100,2024-09-09,2026-03-03
LP-2026-01722,R0033,Olivia Costa,Established,LAW,School of Law and Public Policy,S013,Education Access Foundation,Foundation,Equipment,2026-08-05,2026-08,FY27,624600,Under Review,,0,,,,
LP-2024-01723,R0128,Theo Yamamoto,Established,ARC,College of Architecture and Design,S006,Department of Public Health,Government,Research Project,2024-07-16,2024-07,FY25,84100,Closed,AW2-2024-01723,56500,2024-11-16,123,2025-01-30,2027-01-30
LP-2025-01724,R0057,Grace Williams,Established,LAW,School of Law and Public Policy,S002,Natural Sciences Research Council,Federal,Research Project,2025-10-14,2025-10,FY26,82200,Not Funded,,0,2026-02-24,133,,
LP-2026-01725,R0088,Lucas Haddad,Early Career,ARC,College of Architecture and Design,S022,Helix Medical Devices,Industry,Research Project,2026-06-07,2026-06,FY26,15000,Under Review,,0,,,,
LP-2023-01726,R0172,Chloe Chen,Early Career,HUM,College of Humanities,S005,National Science Foundation,Federal,Fellowship,2023-01-16,2023-01,FY23,178400,Not Funded,,0,2023-04-19,93,,
LP-2025-01727,R0033,Olivia Costa,Established,LAW,School of Law and Public Policy,S008,Ontario Research Fund,Provincial/State,Fellowship,2025-04-17,2025-04,FY25,81400,Active,AW2-2025-01727,80500,2025-06-22,66,2025-08-23,2027-02-14
LP-2023-01728,R0144,Mei Tran,Early Career,ARC,College of Architecture and Design,S010,Global Health Foundation,Foundation,Internal Seed,2023-07-06,2023-07,FY24,153300,Active,AW2-2023-01728,124500,2023-09-10,66,2023-10-19,2025-10-18
LP-2023-01729,R0007,Nadia Nguyen,Established,HSC,College of Health Sciences,S012,Future Cities Foundation,Foundation,Research Project,2023-12-03,2023-12,FY24,119900,Closed,AW2-2023-01729,108700,2024-05-24,173,2024-07-12,2025-07-12
LP-2025-01730,R0045,Leila Martin,Early Career,BUS,School of Business,S014,Biomedical Discovery Foundation,Foundation,Research Project,2025-02-22,2025-02,FY25,31000,Active,AW2-2025-01730,20600,2025-07-21,149,2025-08-09,2027-08-09
LP-2023-01731,R0022,Chloe Chen,Senior,SCI,College of Science,S002,Natural Sciences Research Council,Federal,Internal Seed,2023-04-27,2023-04,FY23,134400,Not Funded,,0,2023-09-25,151,,
LP-2025-01732,R0158,Theo Yamamoto,Established,SCI,College of Science,S005,National Science Foundation,Federal,Internal Seed,2025-03-06,2025-03,FY25,121900,Awarded,AW2-2025-01732,110500,2025-04-30,55,2025-06-30,2028-06-29
LP-2023-01733,R0008,Theo Yamamoto,Senior,ARC,College of Architecture and Design,S007,Department of Energy and Climate,Government,Training Grant,2023-08-26,2023-08,FY24,482100,Not Funded,,0,2023-10-28,63,,
LP-2025-01734,R0129,Carlos Ito,Established,LAW,School of Law and Public Policy,S005,National Science Foundation,Federal,Training Grant,2025-12-07,2025-12,FY26,379200,Not Funded,,0,2026-05-24,168,,
LP-2023-01735,R0154,Yara Lee,Senior,ENG,College of Engineering,S008,Ontario Research Fund,Provincial/State,Internal Seed,2023-10-12,2023-10,FY24,65100,Withdrawn,,0,2024-03-12,152,,
LP-2026-01736,R0018,Elena Patel,Established,ENG,College of Engineering,S003,Social Innovation Research Council,Federal,Research Project,2026-05-25,2026-05,FY26,546200,Awarded,AW2-2026-01736,502300,2026-08-31,98,2026-09-30,2028-09-29
LP-2023-01737,R0177,Grace Williams,Established,LAW,School of Law and Public Policy,S001,National Health Research Council,Federal,Research Project,2023-08-07,2023-08,FY24,124500,Closed,AW2-2023-01737,121200,2023-10-09,63,2023-11-25,2024-11-24
LP-2024-01738,R0061,Fatima Khan,Early Career,BUS,School of Business,S006,Department of Public Health,Government,Research Project,2024-04-11,2024-04,FY24,652400,Active,AW2-2024-01738,572200,2024-07-24,104,2024-09-07,2026-09-07
LP-2025-01739,R0105,Leila Martin,Established,LAW,School of Law and Public Policy,S021,Vertex Mobility Systems,Industry,Research Project,2025-03-16,2025-03,FY25,59800,Not Funded,,0,2025-09-12,180,,
LP-2023-01740,R0019,Jia Zhou,Early Career,SOC,College of Social Innovation,S011,Community Wellbeing Trust,Foundation,Research Project,2023-12-17,2023-12,FY24,82800,Not Funded,,0,2024-03-03,77,,
LP-2023-01741,R0066,Jamal Garcia,Established,ENG,College of Engineering,S024,Faculty Seed Grant Program,Internal,Fellowship,2023-08-30,2023-08,FY24,209400,Not Funded,,0,2024-01-04,127,,
LP-2026-01742,R0058,Lucas Haddad,Early Career,ENG,College of Engineering,S001,National Health Research Council,Federal,Research Project,2026-06-07,2026-06,FY26,204100,Under Review,,0,,,,
LP-2025-01743,R0043,Arjun Thomas,Early Career,SOC,College of Social Innovation,S025,Interdisciplinary Catalyst Fund,Internal,Equipment,2025-07-18,2025-07,FY26,619400,Not Funded,,0,2025-10-16,90,,
LP-2026-01744,R0136,Priya Wang,Senior,ARC,College of Architecture and Design,S024,Faculty Seed Grant Program,Internal,Research Project,2026-04-19,2026-04,FY26,162200,Not Funded,,0,2026-05-31,42,,
LP-2025-01745,R0036,Jamal Garcia,Early Career,HUM,College of Humanities,S014,Biomedical Discovery Foundation,Foundation,Research Project,2025-06-05,2025-06,FY25,276900,Closed,AW2-2025-01745,241700,2025-09-29,116,2025-10-28,2028-10-27
LP-2025-01746,R0045,Leila Martin,Early Career,BUS,School of Business,S007,Department of Energy and Climate,Government,Fellowship,2025-08-30,2025-08,FY26,240800,Active,AW2-2025-01746,220600,2025-10-13,44,2025-11-03,2028-11-02
LP-2023-01747,R0021,Victor Singh,Established,BUS,School of Business,S023,Internal Strategic Research Fund,Internal,Training Grant,2023-03-18,2023-03,FY23,126200,Closed,AW2-2023-01747,100200,2023-07-29,133,2023-08-09,2024-08-08
LP-2024-01748,R0032,Jonah Smith,Senior,ARC,College of Architecture and Design,S001,National Health Research Council,Federal,Research Project,2024-05-04,2024-05,FY24,865100,Not Funded,,0,2024-11-08,188,,
LP-2026-01749,R0119,Rafael Reyes,Established,HSC,College of Health Sciences,S023,Internal Strategic Research Fund,Internal,Internal Seed,2026-05-13,2026-05,FY26,286400,Under Review,,0,,,,
LP-2024-01750,R0003,Olivia Costa,Established,SOC,College of Social Innovation,S008,Ontario Research Fund,Provincial/State,Internal Seed,2024-02-13,2024-02,FY24,462900,Not Funded,,0,2024-08-18,187,,
LP-2025-01751,R0050,Noah Johnson,Senior,ENG,College of Engineering,S011,Community Wellbeing Trust,Foundation,Research Project,2025-07-13,2025-07,FY26,118800,Not Funded,,0,2025-08-18,36,,
LP-2026-01752,R0015,Leila Martin,Early Career,HSC,College of Health Sciences,S013,Education Access Foundation,Foundation,Research Project,2026-03-03,2026-03,FY26,15000,Active,AW2-2026-01752,9500,2026-07-06,125,2026-09-15,2029-09-14
LP-2023-01753,R0178,Lucas Haddad,Established,ENG,College of Engineering,S014,Biomedical Discovery Foundation,Foundation,Research Project,2023-03-23,2023-03,FY23,457400,Not Funded,,0,2023-08-08,138,,
LP-2024-01754,R0153,Olivia Costa,Senior,LAW,School of Law and Public Policy,S001,National Health Research Council,Federal,Equipment,2024-01-27,2024-01,FY24,223000,Not Funded,,0,2024-05-10,104,,
LP-2023-01755,R0060,Amina Ahmed,Established,HUM,College of Humanities,S007,Department of Energy and Climate,Government,Research Project,2023-09-19,2023-09,FY24,402600,Withdrawn,,0,2023-11-01,43,,
LP-2023-01756,R0030,Amina Ahmed,Established,SCI,College of Science,S020,Northstar Analytics,Industry,Research Project,2023-11-10,2023-11,FY24,232900,Not Funded,,0,2024-03-14,125,,
LP-2024-01757,R0041,Maya Bennett,Established,LAW,School of Law and Public Policy,S002,Natural Sciences Research Council,Federal,Equipment,2024-03-16,2024-03,FY24,166000,Active,AW2-2024-01757,163400,2024-06-09,85,2024-08-07,2027-08-07
LP-2025-01758,R0103,Arjun Thomas,Established,HSC,College of Health Sciences,S020,Northstar Analytics,Industry,Training Grant,2025-04-05,2025-04,FY25,99700,Active,AW2-2025-01758,66600,2025-06-03,59,2025-08-01,2028-07-31
LP-2023-01759,R0157,Nadia Nguyen,Early Career,BUS,School of Business,S012,Future Cities Foundation,Foundation,Research Project,2023-10-17,2023-10,FY24,137500,Closed,AW2-2023-01759,101000,2024-03-25,160,2024-05-09,2025-05-09
LP-2023-01760,R0074,Gabriel Dubois,Established,ENG,College of Engineering,S004,Advanced Technology Agency,Federal,Fellowship,2023-03-18,2023-03,FY23,164200,Active,AW2-2023-01760,121900,2023-07-09,113,2023-08-08,2025-01-29
LP-2026-01761,R0109,Jia Zhou,Established,BUS,School of Business,S015,Civic Data Collaborative,Nonprofit,Research Project,2026-01-01,2026-01,FY26,129600,Not Funded,,0,2026-03-29,87,,
LP-2024-01762,R0020,Noah Johnson,Senior,HUM,College of Humanities,S002,Natural Sciences Research Council,Federal,Research Project,2024-10-08,2024-10,FY25,99400,Active,AW2-2024-01762,77900,2025-04-13,187,2025-05-24,2026-05-24
LP-2023-01763,R0079,Jia Zhou,Established,HSC,College of Health Sciences,S023,Internal Strategic Research Fund,Internal,Research Project,2023-02-05,2023-02,FY23,43900,Closed,AW2-2023-01763,43200,2023-05-03,87,2023-06-04,2025-06-03
LP-2023-01764,R0152,Jonah Smith,Early Career,ARC,College of Architecture and Design,S019,Apex Biotechnologies,Industry,Research Project,2023-04-21,2023-04,FY23,294700,Not Funded,,0,2023-08-24,125,,
LP-2024-01765,R0176,Camille Mensah,Early Career,ARC,College of Architecture and Design,S010,Global Health Foundation,Foundation,Equipment,2024-06-22,2024-06,FY24,223100,Closed,AW2-2024-01765,147300,2024-11-05,136,2025-01-14,2026-07-08
LP-2026-01766,R0089,Rafael Reyes,Established,LAW,School of Law and Public Policy,S025,Interdisciplinary Catalyst Fund,Internal,Fellowship,2026-07-16,2026-07,FY27,86500,Awarded,AW2-2026-01766,56700,2026-08-31,46,2026-09-22,2027-09-22
LP-2025-01767,R0134,Gabriel Dubois,Early Career,SCI,College of Science,S007,Department of Energy and Climate,Government,Research Project,2025-06-21,2025-06,FY25,130000,Active,AW2-2025-01767,116100,2025-10-07,108,2025-11-15,2028-11-14
LP-2025-01768,R0089,Rafael Reyes,Established,LAW,School of Law and Public Policy,S008,Ontario Research Fund,Provincial/State,Fellowship,2025-06-16,2025-06,FY25,31600,Not Funded,,0,2025-11-13,150,,
LP-2024-01769,R0016,Priya Wang,Established,ARC,College of Architecture and Design,S008,Ontario Research Fund,Provincial/State,Research Project,2024-04-26,2024-04,FY24,94500,Active,AW2-2024-01769,64800,2024-07-16,81,2024-09-20,2027-09-20
LP-2024-01770,R0008,Theo Yamamoto,Senior,ARC,College of Architecture and Design,S006,Department of Public Health,Government,Research Project,2024-11-18,2024-11,FY25,268100,Active,AW2-2024-01770,251000,2025-01-11,54,2025-03-01,2028-02-29
LP-2025-01771,R0045,Leila Martin,Early Career,BUS,School of Business,S024,Faculty Seed Grant Program,Internal,Research Project,2025-01-20,2025-01,FY25,121100,Active,AW2-2025-01771,80600,2025-06-22,153,2025-07-18,2027-01-09
LP-2026-01772,R0006,Jamal Garcia,Established,SCI,College of Science,S008,Ontario Research Fund,Provincial/State,Training Grant,2026-06-12,2026-06,FY26,42100,Not Funded,,0,2026-08-31,80,,
LP-2023-01773,R0083,Isabelle Laurent,Established,SOC,College of Social Innovation,S007,Department of Energy and Climate,Government,Research Project,2023-05-03,2023-05,FY23,156600,Active,AW2-2023-01773,129600,2023-07-16,74,2023-08-28,2024-08-27
LP-2024-01774,R0069,Carlos Ito,Established,BUS,School of Business,S001,National Health Research Council,Federal,Fellowship,2024-10-22,2024-10,FY25,82500,Withdrawn,,0,2025-04-19,179,,
LP-2026-01775,R0059,Rafael Reyes,Senior,SOC,College of Social Innovation,S016,Urban Resilience Network,Nonprofit,Research Project,2026-01-05,2026-01,FY26,76900,Closed,AW2-2026-01775,71600,2026-03-20,74,2026-05-18,2028-05-17
LP-2025-01776,R0052,Chloe Chen,Senior,HUM,College of Humanities,S014,Biomedical Discovery Foundation,Foundation,Equipment,2025-02-09,2025-02,FY25,63000,Not Funded,,0,2025-07-29,170,,
LP-2025-01777,R0004,Yara Lee,Established,HUM,College of Humanities,S021,Vertex Mobility Systems,Industry,Equipment,2025-05-18,2025-05,FY25,473200,Active,AW2-2025-01777,358700,2025-08-11,85,2025-10-10,2027-10-10
LP-2026-01778,R0121,Fatima Khan,Early Career,LAW,School of Law and Public Policy,S002,Natural Sciences Research Council,Federal,Research Project,2026-05-30,2026-05,FY26,83900,Active,AW2-2026-01778,71800,2026-08-31,93,2026-10-18,2028-04-10
LP-2025-01779,R0138,Elena Patel,Early Career,ENG,College of Engineering,S012,Future Cities Foundation,Foundation,Research Project,2025-03-26,2025-03,FY25,153700,Closed,AW2-2025-01779,105300,2025-07-28,124,2025-09-07,2026-09-07
LP-2023-01780,R0036,Jamal Garcia,Early Career,HUM,College of Humanities,S022,Helix Medical Devices,Industry,Research Project,2023-08-28,2023-08,FY24,100400,Not Funded,,0,2023-12-05,99,,
LP-2024-01781,R0132,Samira Kim,Early Career,HUM,College of Humanities,S017,International Research Consortium,International,Research Project,2024-11-25,2024-11,FY25,38200,Awarded,AW2-2024-01781,24000,2025-03-18,113,2025-04-18,2028-04-17
LP-2023-01782,R0095,Daniel Walker,Early Career,HSC,College of Health Sciences,S010,Global Health Foundation,Foundation,Research Project,2023-11-17,2023-11,FY24,75400,Not Funded,,0,2024-01-29,73,,
LP-2026-01783,R0016,Priya Wang,Established,ARC,College of Architecture and Design,S005,National Science Foundation,Federal,Research Project,2026-08-03,2026-08,FY27,1834400,Under Review,,0,,,,
LP-2025-01784,R0158,Theo Yamamoto,Established,SCI,College of Science,S001,National Health Research Council,Federal,Equipment,2025-09-14,2025-09,FY26,291000,Not Funded,,0,2025-12-01,78,,
LP-2024-01785,R0037,Nadia Nguyen,Early Career,BUS,School of Business,S025,Interdisciplinary Catalyst Fund,Internal,Training Grant,2024-03-27,2024-03,FY24,30700,Closed,AW2-2024-01785,24800,2024-06-18,83,2024-08-04,2025-08-04
LP-2023-01786,R0099,Carlos Ito,Senior,SOC,College of Social Innovation,S006,Department of Public Health,Government,Research Project,2023-09-19,2023-09,FY24,112000,Not Funded,,0,2023-12-25,97,,
LP-2024-01787,R0096,Jamal Garcia,Established,ARC,College of Architecture and Design,S016,Urban Resilience Network,Nonprofit,Internal Seed,2024-09-06,2024-09,FY25,171400,Not Funded,,0,2024-10-17,41,,
LP-2023-01788,R0057,Grace Williams,Established,LAW,School of Law and Public Policy,S004,Advanced Technology Agency,Federal,Internal Seed,2023-05-17,2023-05,FY23,109500,Not Funded,,0,2023-11-13,180,,
LP-2026-01789,R0029,Rafael Reyes,Established,BUS,School of Business,S003,Social Innovation Research Council,Federal,Research Project,2026-01-14,2026-01,FY26,641000,Not Funded,,0,2026-04-08,84,,
LP-2025-01790,R0036,Jamal Garcia,Early Career,HUM,College of Humanities,S002,Natural Sciences Research Council,Federal,Research Project,2025-11-24,2025-11,FY26,81100,Active,AW2-2025-01790,78500,2026-01-25,62,2026-03-22,2027-03-22
LP-2023-01791,R0079,Jia Zhou,Established,HSC,College of Health Sciences,S017,International Research Consortium,International,Training Grant,2023-09-26,2023-09,FY24,17600,Closed,AW2-2023-01791,15300,2023-11-13,48,2023-12-17,2025-06-09
LP-2025-01792,R0026,Camille Mensah,Established,ENG,College of Engineering,S025,Interdisciplinary Catalyst Fund,Internal,Research Project,2025-11-18,2025-11,FY26,51400,Awarded,AW2-2025-01792,32400,2026-01-17,60,2026-03-26,2027-03-26
LP-2023-01793,R0042,Samira Kim,Senior,ENG,College of Engineering,S003,Social Innovation Research Council,Federal,Research Project,2023-03-10,2023-03,FY23,505100,Active,AW2-2023-01793,344600,2023-08-04,147,2023-10-08,2024-10-07
LP-2025-01794,R0175,Sofia Evans,Early Career,HSC,College of Health Sciences,S005,National Science Foundation,Federal,Research Project,2025-01-11,2025-01,FY25,215300,Withdrawn,,0,2025-04-19,98,,
LP-2026-01795,R0163,Arjun Thomas,Early Career,SOC,College of Social Innovation,S002,Natural Sciences Research Council,Federal,Research Project,2026-05-08,2026-05,FY26,434400,Not Funded,,0,2026-08-20,104,,
LP-2026-01796,R0135,Leila Martin,Established,HSC,College of Health Sciences,S017,International Research Consortium,International,Research Project,2026-02-28,2026-02,FY26,29800,Not Funded,,0,2026-04-13,44,,
LP-2025-01797,R0166,Priya Wang,Senior,SCI,College of Science,S012,Future Cities Foundation,Foundation,Research Project,2025-07-17,2025-07,FY26,55600,Awarded,AW2-2025-01797,38800,2026-01-18,185,2026-03-18,2027-09-09
LP-2025-01798,R0142,Chloe Chen,Established,SCI,College of Science,S010,Global Health Foundation,Foundation,Equipment,2025-10-25,2025-10,FY26,49500,Withdrawn,,0,2026-03-20,146,,
LP-2024-01799,R0014,Gabriel Dubois,Established,SCI,College of Science,S006,Department of Public Health,Government,Fellowship,2024-10-16,2024-10,FY25,201200,Active,AW2-2024-01799,133100,2025-03-27,162,2025-04-16,2026-04-16
LP-2025-01800,R0079,Jia Zhou,Established,HSC,College of Health Sciences,S009,Massachusetts Innovation Fund,Provincial/State,Research Project,2025-02-08,2025-02,FY25,340700,Awarded,AW2-2025-01800,306500,2025-05-28,109,2025-07-02,2027-07-02
LP-2025-01801,R0146,Camille Mensah,Senior,ENG,College of Engineering,S001,National Health Research Council,Federal,Research Project,2025-04-16,2025-04,FY25,190400,Active,AW2-2025-01801,136800,2025-08-19,125,2025-09-14,2027-03-08
LP-2024-01802,R0072,Samira Kim,Established,ARC,College of Architecture and Design,S017,International Research Consortium,International,Research Project,2024-11-16,2024-11,FY25,165300,Not Funded,,0,2025-01-29,74,,
LP-2023-01803,R0107,Zain Gupta,Early Career,SOC,College of Social Innovation,S019,Apex Biotechnologies,Industry,Training Grant,2023-01-17,2023-01,FY23,29900,Closed,AW2-2023-01803,20800,2023-04-02,75,2023-04-28,2024-04-27
LP-2025-01804,R0069,Carlos Ito,Established,BUS,School of Business,S024,Faculty Seed Grant Program,Internal,Training Grant,2025-09-25,2025-09,FY26,292200,Closed,AW2-2025-01804,264500,2025-11-06,42,2026-01-19,2027-01-19
LP-2026-01805,R0084,Mei Tran,Senior,HUM,College of Humanities,S001,National Health Research Council,Federal,Internal Seed,2026-05-15,2026-05,FY26,67800,Under Review,,0,,,,
LP-2023-01806,R0036,Jamal Garcia,Early Career,HUM,College of Humanities,S003,Social Innovation Research Council,Federal,Research Project,2023-09-19,2023-09,FY24,127400,Closed,AW2-2023-01806,125100,2024-01-29,132,2024-02-26,2025-08-19
LP-2023-01807,R0107,Zain Gupta,Early Career,SOC,College of Social Innovation,S009,Massachusetts Innovation Fund,Provincial/State,Research Project,2023-03-08,2023-03,FY23,53900,Closed,AW2-2023-01807,42400,2023-06-06,90,2023-08-14,2025-02-04
LP-2023-01808,R0038,Theo Yamamoto,Senior,SCI,College of Science,S025,Interdisciplinary Catalyst Fund,Internal,Equipment,2023-10-25,2023-10,FY24,139500,Not Funded,,0,2024-03-22,149,,
LP-2024-01809,R0040,Hana Roy,Early Career,ARC,College of Architecture and Design,S017,International Research Consortium,International,Research Project,2024-06-15,2024-06,FY24,42600,Closed,AW2-2024-01809,33900,2024-11-13,151,2025-01-01,2026-01-01
LP-2024-01810,R0088,Lucas Haddad,Early Career,ARC,College of Architecture and Design,S021,Vertex Mobility Systems,Industry,Internal Seed,2024-05-04,2024-05,FY24,93500,Not Funded,,0,2024-10-15,164,,
LP-2024-01811,R0059,Rafael Reyes,Senior,SOC,College of Social Innovation,S004,Advanced Technology Agency,Federal,Internal Seed,2024-04-28,2024-04,FY24,1337400,Closed,AW2-2024-01811,1034700,2024-07-08,71,2024-09-08,2025-09-08
LP-2024-01812,R0104,Gabriel Dubois,Early Career,ARC,College of Architecture and Design,S018,Global Development Partnership,International,Training Grant,2024-08-28,2024-08,FY25,91000,Not Funded,,0,2025-01-23,148,,
LP-2024-01813,R0112,Chloe Chen,Early Career,ARC,College of Architecture and Design,S021,Vertex Mobility Systems,Industry,Research Project,2024-12-28,2024-12,FY25,80200,Closed,AW2-2024-01813,76000,2025-02-27,61,2025-04-13,2027-04-13
LP-2023-01814,R0047,Zain Gupta,Senior,HSC,College of Health Sciences,S020,Northstar Analytics,Industry,Training Grant,2023-10-07,2023-10,FY24,181200,Not Funded,,0,2023-12-16,70,,
LP-2023-01815,R0078,Elena Patel,Senior,SCI,College of Science,S016,Urban Resilience Network,Nonprofit,Research Project,2023-01-11,2023-01,FY23,125900,Closed,AW2-2023-01815,117800,2023-07-20,190,2023-09-21,2025-09-20
LP-2023-01816,R0088,Lucas Haddad,Early Career,ARC,College of Architecture and Design,S016,Urban Resilience Network,Nonprofit,Research Project,2023-10-22,2023-10,FY24,71900,Not Funded,,0,2023-12-28,67,,
LP-2026-01817,R0004,Yara Lee,Established,HUM,College of Humanities,S002,Natural Sciences Research Council,Federal,Research Project,2026-01-22,2026-01,FY26,164000,Active,AW2-2026-01817,160600,2026-07-13,172,2026-09-20,2029-09-19
LP-2025-01818,R0046,Priya Wang,Senior,SCI,College of Science,S025,Interdisciplinary Catalyst Fund,Internal,Research Project,2025-08-15,2025-08,FY26,353500,Closed,AW2-2025-01818,299200,2026-01-30,168,2026-02-17,2027-02-17
LP-2025-01819,R0013,Arjun Thomas,Established,BUS,School of Business,S008,Ontario Research Fund,Provincial/State,Research Project,2025-10-20,2025-10,FY26,456800,Active,AW2-2025-01819,370200,2026-03-08,139,2026-03-18,2028-03-17
LP-2025-01820,R0058,Lucas Haddad,Early Career,ENG,College of Engineering,S002,Natural Sciences Research Council,Federal,Training Grant,2025-01-17,2025-01,FY25,25400,Not Funded,,0,2025-05-14,117,,
LP-2024-01821,R0041,Maya Bennett,Established,LAW,School of Law and Public Policy,S002,Natural Sciences Research Council,Federal,Equipment,2024-06-17,2024-06,FY24,89600,Not Funded,,0,2024-10-31,136,,
LP-2024-01822,R0060,Amina Ahmed,Established,HUM,College of Humanities,S019,Apex Biotechnologies,Industry,Research Project,2024-10-20,2024-10,FY25,53900,Withdrawn,,0,2025-02-02,105,,
LP-2025-01823,R0143,Isabelle Laurent,Early Career,HSC,College of Health Sciences,S016,Urban Resilience Network,Nonprofit,Research Project,2025-05-20,2025-05,FY25,238900,Active,AW2-2025-01823,199700,2025-07-06,47,2025-08-18,2027-02-09
LP-2026-01824,R0174,Mei Tran,Established,SCI,College of Science,S002,Natural Sciences Research Council,Federal,Internal Seed,2026-06-15,2026-06,FY26,63400,Under Review,,0,,,,
LP-2024-01825,R0091,Fatima Khan,Early Career,SOC,College of Social Innovation,S002,Natural Sciences Research Council,Federal,Research Project,2024-03-22,2024-03,FY24,39700,Not Funded,,0,2024-09-18,180,,
LP-2023-01826,R0142,Chloe Chen,Established,SCI,College of Science,S008,Ontario Research Fund,Provincial/State,Research Project,2023-01-04,2023-01,FY23,89900,Not Funded,,0,2023-04-12,98,,
LP-2024-01827,R0079,Jia Zhou,Established,HSC,College of Health Sciences,S005,National Science Foundation,Federal,Research Project,2024-10-16,2024-10,FY25,268100,Active,AW2-2024-01827,192700,2025-02-04,111,2025-03-07,2026-08-29
LP-2025-01828,R0143,Isabelle Laurent,Early Career,HSC,College of Health Sciences,S006,Department of Public Health,Government,Training Grant,2025-12-20,2025-12,FY26,34700,Active,AW2-2025-01828,23300,2026-04-30,131,2026-05-23,2027-11-14
LP-2024-01829,R0068,Theo Yamamoto,Established,HUM,College of Humanities,S019,Apex Biotechnologies,Industry,Research Project,2024-10-24,2024-10,FY25,45000,Not Funded,,0,2025-01-05,73,,
LP-2025-01830,R0035,Daniel Walker,Established,SOC,College of Social Innovation,S015,Civic Data Collaborative,Nonprofit,Research Project,2025-08-16,2025-08,FY26,196500,Active,AW2-2025-01830,151600,2025-12-28,134,2026-01-10,2029-01-09
LP-2024-01831,R0004,Yara Lee,Established,HUM,College of Humanities,S005,National Science Foundation,Federal,Research Project,2024-06-18,2024-06,FY24,213200,Closed,AW2-2024-01831,202100,2024-11-02,137,2024-11-14,2026-11-14
LP-2025-01832,R0072,Samira Kim,Established,ARC,College of Architecture and Design,S010,Global Health Foundation,Foundation,Equipment,2025-02-11,2025-02,FY25,375900,Closed,AW2-2025-01832,332500,2025-08-11,181,2025-09-03,2027-09-03
LP-2024-01833,R0013,Arjun Thomas,Established,BUS,School of Business,S011,Community Wellbeing Trust,Foundation,Fellowship,2024-10-07,2024-10,FY25,36500,Not Funded,,0,2025-04-11,186,,
LP-2025-01834,R0137,Zain Gupta,Established,LAW,School of Law and Public Policy,S010,Global Health Foundation,Foundation,Internal Seed,2025-06-07,2025-06,FY25,231400,Active,AW2-2025-01834,176100,2025-11-16,162,2025-12-08,2026-12-08
LP-2025-01835,R0120,Amina Ahmed,Early Career,ARC,College of Architecture and Design,S011,Community Wellbeing Trust,Foundation,Training Grant,2025-06-17,2025-06,FY25,179300,Awarded,AW2-2025-01835,177900,2025-11-04,140,2025-11-19,2027-05-13
LP-2024-01836,R0058,Lucas Haddad,Early Career,ENG,College of Engineering,S010,Global Health Foundation,Foundation,Research Project,2024-03-20,2024-03,FY24,102400,Active,AW2-2024-01836,75300,2024-08-25,158,2024-09-14,2025-09-14
LP-2025-01837,R0012,Samira Kim,Early Career,HUM,College of Humanities,S012,Future Cities Foundation,Foundation,Research Project,2025-06-15,2025-06,FY25,309300,Active,AW2-2025-01837,295400,2025-10-26,133,2025-11-11,2027-11-11
LP-2026-01838,R0049,Jia Zhou,Senior,LAW,School of Law and Public Policy,S005,National Science Foundation,Federal,Research Project,2026-02-26,2026-02,FY26,63100,Not Funded,,0,2026-06-09,103,,
LP-2025-01839,R0147,Grace Williams,Early Career,SOC,College of Social Innovation,S010,Global Health Foundation,Foundation,Research Project,2025-11-07,2025-11,FY26,239200,Active,AW2-2025-01839,168800,2026-02-14,99,2026-03-19,2029-03-18
LP-2024-01840,R0040,Hana Roy,Early Career,ARC,College of Architecture and Design,S006,Department of Public Health,Government,Equipment,2024-09-29,2024-09,FY25,114000,Closed,AW2-2024-01840,86000,2024-11-22,54,2025-01-25,2028-01-25
LP-2026-01841,R0171,Victor Singh,Early Career,SOC,College of Social Innovation,S025,Interdisciplinary Catalyst Fund,Internal,Internal Seed,2026-04-18,2026-04,FY26,108200,Under Review,,0,,,,
LP-2023-01842,R0131,Maya Bennett,Established,SOC,College of Social Innovation,S007,Department of Energy and Climate,Government,Research Project,2023-05-27,2023-05,FY23,71900,Active,AW2-2023-01842,53100,2023-08-22,87,2023-10-02,2026-10-01
LP-2023-01843,R0004,Yara Lee,Established,HUM,College of Humanities,S012,Future Cities Foundation,Foundation,Research Project,2023-06-01,2023-06,FY23,82600,Not Funded,,0,2023-09-15,106,,
LP-2023-01844,R0139,Jia Zhou,Established,SOC,College of Social Innovation,S018,Global Development Partnership,International,Training Grant,2023-06-03,2023-06,FY23,430300,Not Funded,,0,2023-07-10,37,,
LP-2026-01845,R0156,Jamal Garcia,Established,HUM,College of Humanities,S006,Department of Public Health,Government,Research Project,2026-05-26,2026-05,FY26,843600,Not Funded,,0,2026-08-31,97,,
LP-2023-01846,R0132,Samira Kim,Early Career,HUM,College of Humanities,S008,Ontario Research Fund,Provincial/State,Internal Seed,2023-06-15,2023-06,FY23,95400,Closed,AW2-2023-01846,68800,2023-09-05,82,2023-10-02,2024-10-01
LP-2023-01847,R0061,Fatima Khan,Early Career,BUS,School of Business,S008,Ontario Research Fund,Provincial/State,Research Project,2023-03-20,2023-03,FY23,28100,Active,AW2-2023-01847,22000,2023-08-02,135,2023-09-18,2025-09-17
LP-2024-01848,R0105,Leila Martin,Established,LAW,School of Law and Public Policy,S002,Natural Sciences Research Council,Federal,Research Project,2024-03-05,2024-03,FY24,137500,Active,AW2-2024-01848,103700,2024-05-20,76,2024-06-30,2026-06-30
LP-2025-01849,R0047,Zain Gupta,Senior,HSC,College of Health Sciences,S010,Global Health Foundation,Foundation,Research Project,2025-08-18,2025-08,FY26,281200,Active,AW2-2025-01849,205000,2025-12-29,133,2026-01-17,2028-01-17
LP-2024-01850,R0119,Rafael Reyes,Established,HSC,College of Health Sciences,S022,Helix Medical Devices,Industry,Research Project,2024-04-28,2024-04,FY24,63800,Closed,AW2-2024-01850,42400,2024-09-23,148,2024-11-18,2027-11-18
LP-2026-01851,R0091,Fatima Khan,Early Career,SOC,College of Social Innovation,S014,Biomedical Discovery Foundation,Foundation,Internal Seed,2026-06-02,2026-06,FY26,29100,Not Funded,,0,2026-08-31,90,,
LP-2025-01852,R0167,Zain Gupta,Established,HSC,College of Health Sciences,S003,Social Innovation Research Council,Federal,Research Project,2025-06-11,2025-06,FY25,81600,Awarded,AW2-2025-01852,74400,2025-11-05,147,2025-12-12,2026-12-12
LP-2024-01853,R0114,Mei Tran,Early Career,ENG,College of Engineering,S014,Biomedical Discovery Foundation,Foundation,Training Grant,2024-06-12,2024-06,FY24,58200,Not Funded,,0,2024-11-27,168,,
LP-2023-01854,R0140,Noah Johnson,Early Career,HUM,College of Humanities,S023,Internal Strategic Research Fund,Internal,Internal Seed,2023-08-13,2023-08,FY24,64800,Not Funded,,0,2024-01-29,169,,
LP-2024-01855,R0057,Grace Williams,Established,LAW,School of Law and Public Policy,S010,Global Health Foundation,Foundation,Research Project,2024-05-18,2024-05,FY24,43400,Not Funded,,0,2024-11-20,186,,
LP-2024-01856,R0079,Jia Zhou,Established,HSC,College of Health Sciences,S014,Biomedical Discovery Foundation,Foundation,Fellowship,2024-02-19,2024-02,FY24,169000,Closed,AW2-2024-01856,126400,2024-07-17,149,2024-09-10,2026-03-04
LP-2023-01857,R0161,Maya Bennett,Established,LAW,School of Law and Public Policy,S006,Department of Public Health,Government,Training Grant,2023-04-13,2023-04,FY23,91600,Not Funded,,0,2023-08-13,122,,
LP-2023-01858,R0144,Mei Tran,Early Career,ARC,College of Architecture and Design,S007,Department of Energy and Climate,Government,Training Grant,2023-06-30,2023-06,FY23,83700,Not Funded,,0,2024-01-01,185,,
LP-2023-01859,R0055,Sofia Evans,Early Career,HSC,College of Health Sciences,S005,National Science Foundation,Federal,Fellowship,2023-10-12,2023-10,FY24,79500,Active,AW2-2023-01859,50000,2024-01-04,84,2024-02-03,2027-02-02
LP-2023-01860,R0177,Grace Williams,Established,LAW,School of Law and Public Policy,S007,Department of Energy and Climate,Government,Research Project,2023-04-21,2023-04,FY23,490800,Closed,AW2-2023-01860,366200,2023-07-19,89,2023-09-03,2025-09-02
LP-2025-01861,R0116,Camille Mensah,Early Career,HUM,College of Humanities,S001,National Health Research Council,Federal,Research Project,2025-07-30,2025-07,FY26,50700,Not Funded,,0,2025-11-07,100,,
LP-2026-01862,R0158,Theo Yamamoto,Established,SCI,College of Science,S001,National Health Research Council,Federal,Research Project,2026-03-25,2026-03,FY26,93700,Not Funded,,0,2026-05-31,67,,
LP-2025-01863,R0070,Hana Roy,Established,SCI,College of Science,S007,Department of Energy and Climate,Government,Internal Seed,2025-04-21,2025-04,FY25,131400,Not Funded,,0,2025-09-24,156,,
LP-2025-01864,R0143,Isabelle Laurent,Early Career,HSC,College of Health Sciences,S002,Natural Sciences Research Council,Federal,Internal Seed,2025-10-03,2025-10,FY26,254700,Not Funded,,0,2026-01-28,117,,
LP-2024-01865,R0108,Elena Patel,Established,HUM,College of Humanities,S025,Interdisciplinary Catalyst Fund,Internal,Research Project,2024-02-11,2024-02,FY24,124300,Not Funded,,0,2024-05-04,83,,
LP-2024-01866,R0120,Amina Ahmed,Early Career,ARC,College of Architecture and Design,S004,Advanced Technology Agency,Federal,Research Project,2024-12-22,2024-12,FY25,121400,Not Funded,,0,2025-05-15,144,,
LP-2024-01867,R0040,Hana Roy,Early Career,ARC,College of Architecture and Design,S001,National Health Research Council,Federal,Research Project,2024-03-30,2024-03,FY24,300000,Active,AW2-2024-01867,204700,2024-08-22,145,2024-11-02,2026-11-02
LP-2023-01868,R0083,Isabelle Laurent,Established,SOC,College of Social Innovation,S010,Global Health Foundation,Foundation,Research Project,2023-03-27,2023-03,FY23,105000,Closed,AW2-2023-01868,102600,2023-06-01,66,2023-07-05,2024-12-26
LP-2023-01869,R0116,Camille Mensah,Early Career,HUM,College of Humanities,S016,Urban Resilience Network,Nonprofit,Training Grant,2023-07-24,2023-07,FY24,627700,Closed,AW2-2023-01869,611600,2023-11-25,124,2024-01-10,2025-07-03
LP-2023-01870,R0033,Olivia Costa,Established,LAW,School of Law and Public Policy,S014,Biomedical Discovery Foundation,Foundation,Research Project,2023-08-29,2023-08,FY24,742100,Closed,AW2-2023-01870,522400,2024-02-18,173,2024-03-07,2026-03-07
LP-2025-01871,R0045,Leila Martin,Early Career,BUS,School of Business,S022,Helix Medical Devices,Industry,Internal Seed,2025-05-03,2025-05,FY25,114600,Awarded,AW2-2025-01871,73900,2025-09-28,148,2025-10-17,2028-10-16
LP-2025-01872,R0155,Daniel Walker,Early Career,SOC,College of Social Innovation,S025,Interdisciplinary Catalyst Fund,Internal,Research Project,2025-03-17,2025-03,FY25,140400,Not Funded,,0,2025-05-19,63,,
LP-2026-01873,R0027,Grace Williams,Early Career,SOC,College of Social Innovation,S006,Department of Public Health,Government,Research Project,2026-06-24,2026-06,FY26,93600,Active,AW2-2026-01873,82600,2026-08-31,68,2026-11-14,2028-05-07
LP-2026-01874,R0036,Jamal Garcia,Early Career,HUM,College of Humanities,S007,Department of Energy and Climate,Government,Training Grant,2026-06-30,2026-06,FY26,256200,Under Review,,0,,,,
LP-2026-01875,R0032,Jonah Smith,Senior,ARC,College of Architecture and Design,S018,Global Development Partnership,International,Research Project,2026-04-28,2026-04,FY26,117300,Awarded,AW2-2026-01875,92400,2026-07-13,76,2026-07-25,2027-07-25
LP-2026-01876,R0056,Camille Mensah,Established,ARC,College of Architecture and Design,S015,Civic Data Collaborative,Nonprofit,Research Project,2026-03-27,2026-03,FY26,68900,Awarded,AW2-2026-01876,61900,2026-05-30,64,2026-06-18,2027-12-10
LP-2025-01877,R0050,Noah Johnson,Senior,ENG,College of Engineering,S016,Urban Resilience Network,Nonprofit,Internal Seed,2025-11-11,2025-11,FY26,84700,Active,AW2-2025-01877,59300,2026-01-18,68,2026-03-05,2028-03-04
LP-2024-01878,R0127,Nadia Nguyen,Senior,HSC,College of Health Sciences,S024,Faculty Seed Grant Program,Internal,Training Grant,2024-01-29,2024-01,FY24,372900,Closed,AW2-2024-01878,243400,2024-04-19,81,2024-05-07,2026-05-07
LP-2024-01879,R0059,Rafael Reyes,Senior,SOC,College of Social Innovation,S014,Biomedical Discovery Foundation,Foundation,Research Project,2024-01-04,2024-01,FY24,104500,Closed,AW2-2024-01879,82500,2024-02-29,56,2024-04-30,2026-04-30
LP-2023-01880,R0038,Theo Yamamoto,Senior,SCI,College of Science,S016,Urban Resilience Network,Nonprofit,Fellowship,2023-12-01,2023-12,FY24,25700,Active,AW2-2023-01880,17900,2024-03-27,117,2024-05-28,2025-05-28
LP-2026-01881,R0094,Yara Lee,Established,SCI,College of Science,S003,Social Innovation Research Council,Federal,Internal Seed,2026-07-29,2026-07,FY27,207900,Submitted,,0,,,,
LP-2025-01882,R0011,Maya Bennett,Early Career,SOC,College of Social Innovation,S016,Urban Resilience Network,Nonprofit,Research Project,2025-04-21,2025-04,FY25,74200,Not Funded,,0,2025-06-29,69,,
LP-2026-01883,R0027,Grace Williams,Early Career,SOC,College of Social Innovation,S020,Northstar Analytics,Industry,Research Project,2026-05-30,2026-05,FY26,494000,Under Review,,0,,,,
LP-2024-01884,R0033,Olivia Costa,Established,LAW,School of Law and Public Policy,S003,Social Innovation Research Council,Federal,Research Project,2024-05-16,2024-05,FY24,79800,Closed,AW2-2024-01884,55700,2024-09-06,113,2024-11-05,2026-04-29
LP-2026-01885,R0022,Chloe Chen,Senior,SCI,College of Science,S002,Natural Sciences Research Council,Federal,Research Project,2026-05-27,2026-05,FY26,231300,Active,AW2-2026-01885,175700,2026-08-09,74,2026-08-24,2028-08-23
LP-2025-01886,R0084,Mei Tran,Senior,HUM,College of Humanities,S024,Faculty Seed Grant Program,Internal,Internal Seed,2025-03-24,2025-03,FY25,286200,Not Funded,,0,2025-09-03,163,,
LP-2026-01887,R0086,Camille Mensah,Established,SCI,College of Science,S022,Helix Medical Devices,Industry,Training Grant,2026-01-17,2026-01,FY26,95500,Closed,AW2-2026-01887,85800,2026-06-10,144,2026-07-12,2029-07-11
LP-2024-01888,R0039,Carlos Ito,Senior,HSC,College of Health Sciences,S002,Natural Sciences Research Council,Federal,Research Project,2024-10-03,2024-10,FY25,169600,Not Funded,,0,2024-11-18,46,,
LP-2023-01889,R0048,Elena Patel,Early Career,ARC,College of Architecture and Design,S007,Department of Energy and Climate,Government,Research Project,2023-12-03,2023-12,FY24,146000,Not Funded,,0,2024-03-17,105,,
LP-2023-01890,R0039,Carlos Ito,Senior,HSC,College of Health Sciences,S020,Northstar Analytics,Industry,Research Project,2023-12-03,2023-12,FY24,15000,Active,AW2-2023-01890,11100,2024-05-25,174,2024-07-13,2027-07-13
LP-2024-01891,R0103,Arjun Thomas,Established,HSC,College of Health Sciences,S007,Department of Energy and Climate,Government,Equipment,2024-10-28,2024-10,FY25,246400,Not Funded,,0,2025-01-04,68,,
LP-2024-01892,R0143,Isabelle Laurent,Early Career,HSC,College of Health Sciences,S016,Urban Resilience Network,Nonprofit,Research Project,2024-03-02,2024-03,FY24,179700,Active,AW2-2024-01892,144500,2024-04-06,35,2024-05-13,2025-11-04
LP-2025-01893,R0074,Gabriel Dubois,Established,ENG,College of Engineering,S005,National Science Foundation,Federal,Training Grant,2025-03-18,2025-03,FY25,861300,Active,AW2-2025-01893,796600,2025-08-20,155,2025-09-29,2027-03-23
LP-2025-01894,R0147,Grace Williams,Early Career,SOC,College of Social Innovation,S003,Social Innovation Research Council,Federal,Training Grant,2025-04-28,2025-04,FY25,112000,Not Funded,,0,2025-08-03,97,,
LP-2023-01895,R0179,Rafael Reyes,Early Career,SOC,College of Social Innovation,S009,Massachusetts Innovation Fund,Provincial/State,Research Project,2023-11-14,2023-11,FY24,57300,Not Funded,,0,2024-01-07,54,,
LP-2026-01896,R0143,Isabelle Laurent,Early Career,HSC,College of Health Sciences,S002,Natural Sciences Research Council,Federal,Research Project,2026-02-26,2026-02,FY26,655500,Not Funded,,0,2026-05-24,87,,
LP-2025-01897,R0071,Maya Bennett,Early Career,HSC,College of Health Sciences,S014,Biomedical Discovery Foundation,Foundation,Research Project,2025-11-10,2025-11,FY26,115700,Awarded,AW2-2025-01897,105700,2026-03-06,116,2026-04-21,2027-10-13
LP-2024-01898,R0145,Sofia Evans,Senior,LAW,School of Law and Public Policy,S016,Urban Resilience Network,Nonprofit,Training Grant,2024-12-01,2024-12,FY25,51800,Withdrawn,,0,2025-06-04,185,,
LP-2023-01899,R0151,Fatima Khan,Early Career,HSC,College of Health Sciences,S002,Natural Sciences Research Council,Federal,Research Project,2023-01-05,2023-01,FY23,32300,Not Funded,,0,2023-05-24,139,,
LP-2025-01900,R0175,Sofia Evans,Early Career,HSC,College of Health Sciences,S023,Internal Strategic Research Fund,Internal,Research Project,2025-07-22,2025-07,FY26,53800,Awarded,AW2-2025-01900,37200,2025-11-03,104,2025-11-21,2028-11-20
LP-2023-01901,R0013,Arjun Thomas,Established,BUS,School of Business,S013,Education Access Foundation,Foundation,Research Project,2023-02-17,2023-02,FY23,39200,Not Funded,,0,2023-04-30,72,,
LP-2024-01902,R0096,Jamal Garcia,Established,ARC,College of Architecture and Design,S004,Advanced Technology Agency,Federal,Equipment,2024-01-15,2024-01,FY24,154800,Withdrawn,,0,2024-03-26,71,,
LP-2025-01903,R0011,Maya Bennett,Early Career,SOC,College of Social Innovation,S022,Helix Medical Devices,Industry,Research Project,2025-06-22,2025-06,FY25,193400,Active,AW2-2025-01903,185500,2025-10-17,117,2025-12-13,2027-12-13
LP-2025-01904,R0045,Leila Martin,Early Career,BUS,School of Business,S002,Natural Sciences Research Council,Federal,Research Project,2025-04-09,2025-04,FY25,415500,Awarded,AW2-2025-01904,410300,2025-06-27,79,2025-08-25,2028-08-24
LP-2025-01905,R0013,Arjun Thomas,Established,BUS,School of Business,S025,Interdisciplinary Catalyst Fund,Internal,Fellowship,2025-12-05,2025-12,FY26,87700,Not Funded,,0,2026-05-07,153,,
LP-2025-01906,R0135,Leila Martin,Established,HSC,College of Health Sciences,S007,Department of Energy and Climate,Government,Research Project,2025-01-04,2025-01,FY25,136700,Not Funded,,0,2025-04-13,99,,
LP-2025-01907,R0037,Nadia Nguyen,Early Career,BUS,School of Business,S005,National Science Foundation,Federal,Research Project,2025-11-05,2025-11,FY26,418100,Not Funded,,0,2026-01-25,81,,
LP-2026-01908,R0010,Hana Roy,Early Career,ENG,College of Engineering,S005,National Science Foundation,Federal,Training Grant,2026-07-03,2026-07,FY27,15200,Under Review,,0,,,,
LP-2023-01909,R0025,Sofia Evans,Early Career,LAW,School of Law and Public Policy,S020,Northstar Analytics,Industry,Fellowship,2023-05-26,2023-05,FY23,486300,Not Funded,,0,2023-09-11,108,,
LP-2025-01910,R0005,Daniel Walker,Early Career,BUS,School of Business,S023,Internal Strategic Research Fund,Internal,Research Project,2025-09-14,2025-09,FY26,122200,Not Funded,,0,2025-10-23,39,,
LP-2024-01911,R0089,Rafael Reyes,Established,LAW,School of Law and Public Policy,S011,Community Wellbeing Trust,Foundation,Research Project,2024-04-24,2024-04,FY24,702200,Active,AW2-2024-01911,499400,2024-09-20,149,2024-11-29,2026-11-29
LP-2025-01912,R0080,Noah Johnson,Established,ARC,College of Architecture and Design,S020,Northstar Analytics,Industry,Equipment,2025-01-23,2025-01,FY25,104900,Closed,AW2-2025-01912,98600,2025-04-23,90,2025-05-10,2027-05-10
LP-2024-01913,R0061,Fatima Khan,Early Career,BUS,School of Business,S002,Natural Sciences Research Council,Federal,Research Project,2024-08-27,2024-08,FY25,273900,Not Funded,,0,2024-10-20,54,,
LP-2023-01914,R0172,Chloe Chen,Early Career,HUM,College of Humanities,S010,Global Health Foundation,Foundation,Research Project,2023-07-24,2023-07,FY24,39900,Not Funded,,0,2023-09-26,64,,
LP-2026-01915,R0022,Chloe Chen,Senior,SCI,College of Science,S007,Department of Energy and Climate,Government,Training Grant,2026-06-06,2026-06,FY26,150500,Not Funded,,0,2026-08-31,86,,
LP-2024-01916,R0174,Mei Tran,Established,SCI,College of Science,S010,Global Health Foundation,Foundation,Research Project,2024-03-20,2024-03,FY24,78100,Active,AW2-2024-01916,64400,2024-08-01,134,2024-09-03,2026-02-25
LP-2026-01917,R0015,Leila Martin,Early Career,HSC,College of Health Sciences,S014,Biomedical Discovery Foundation,Foundation,Training Grant,2026-02-15,2026-02,FY26,96200,Active,AW2-2026-01917,77800,2026-08-10,176,2026-08-28,2028-08-27
LP-2023-01918,R0025,Sofia Evans,Early Career,LAW,School of Law and Public Policy,S014,Biomedical Discovery Foundation,Foundation,Research Project,2023-12-11,2023-12,FY24,256300,Not Funded,,0,2024-01-21,41,,
LP-2025-01919,R0065,Daniel Walker,Established,LAW,School of Law and Public Policy,S002,Natural Sciences Research Council,Federal,Research Project,2025-07-18,2025-07,FY26,245200,Active,AW2-2025-01919,171000,2025-12-27,162,2026-02-06,2029-02-05
LP-2025-01920,R0010,Hana Roy,Early Career,ENG,College of Engineering,S019,Apex Biotechnologies,Industry,Equipment,2025-01-24,2025-01,FY25,337500,Closed,AW2-2025-01920,225100,2025-03-09,44,2025-05-11,2027-05-11
LP-2025-01921,R0114,Mei Tran,Early Career,ENG,College of Engineering,S008,Ontario Research Fund,Provincial/State,Research Project,2025-06-08,2025-06,FY25,83300,Awarded,AW2-2025-01921,83000,2025-09-30,114,2025-10-28,2026-10-28
LP-2023-01922,R0079,Jia Zhou,Established,HSC,College of Health Sciences,S014,Biomedical Discovery Foundation,Foundation,Research Project,2023-10-26,2023-10,FY24,476100,Not Funded,,0,2024-02-04,101,,
LP-2026-01923,R0048,Elena Patel,Early Career,ARC,College of Architecture and Design,S019,Apex Biotechnologies,Industry,Research Project,2026-06-25,2026-06,FY26,160700,Not Funded,,0,2026-08-16,52,,
LP-2026-01924,R0173,Isabelle Laurent,Established,BUS,School of Business,S007,Department of Energy and Climate,Government,Internal Seed,2026-04-05,2026-04,FY26,268200,Under Review,,0,,,,
LP-2025-01925,R0151,Fatima Khan,Early Career,HSC,College of Health Sciences,S019,Apex Biotechnologies,Industry,Research Project,2025-10-04,2025-10,FY26,99100,Active,AW2-2025-01925,78200,2026-01-20,108,2026-03-18,2027-03-18
LP-2024-01926,R0173,Isabelle Laurent,Established,BUS,School of Business,S003,Social Innovation Research Council,Federal,Equipment,2024-07-10,2024-07,FY25,68600,Not Funded,,0,2024-10-13,95,,
LP-2024-01927,R0025,Sofia Evans,Early Career,LAW,School of Law and Public Policy,S007,Department of Energy and Climate,Government,Research Project,2024-03-16,2024-03,FY24,128800,Active,AW2-2024-01927,117800,2024-06-30,106,2024-08-25,2026-08-25
LP-2024-01928,R0105,Leila Martin,Established,LAW,School of Law and Public Policy,S024,Faculty Seed Grant Program,Internal,Research Project,2024-04-05,2024-04,FY24,39700,Closed,AW2-2024-01928,34000,2024-07-23,109,2024-08-13,2025-08-13
LP-2025-01929,R0113,Isabelle Laurent,Established,LAW,School of Law and Public Policy,S022,Helix Medical Devices,Industry,Research Project,2025-10-13,2025-10,FY26,208600,Closed,AW2-2025-01929,139000,2025-11-19,37,2025-12-14,2027-06-07
LP-2023-01930,R0045,Leila Martin,Early Career,BUS,School of Business,S001,National Health Research Council,Federal,Equipment,2023-01-04,2023-01,FY23,125600,Not Funded,,0,2023-06-21,168,,
LP-2023-01931,R0015,Leila Martin,Early Career,HSC,College of Health Sciences,S006,Department of Public Health,Government,Research Project,2023-02-01,2023-02,FY23,208600,Not Funded,,0,2023-05-06,94,,
LP-2024-01932,R0168,Elena Patel,Early Career,ARC,College of Architecture and Design,S003,Social Innovation Research Council,Federal,Training Grant,2024-11-28,2024-11,FY25,39800,Active,AW2-2024-01932,38200,2025-01-27,60,2025-03-08,2027-03-08
LP-2024-01933,R0050,Noah Johnson,Senior,ENG,College of Engineering,S017,International Research Consortium,International,Research Project,2024-02-29,2024-02,FY24,232700,Closed,AW2-2024-01933,182800,2024-07-06,128,2024-08-01,2027-08-01
LP-2023-01934,R0164,Gabriel Dubois,Senior,HUM,College of Humanities,S005,National Science Foundation,Federal,Training Grant,2023-10-01,2023-10,FY24,63100,Active,AW2-2023-01934,60900,2024-02-18,140,2024-05-02,2027-05-02
LP-2025-01935,R0132,Samira Kim,Early Career,HUM,College of Humanities,S017,International Research Consortium,International,Research Project,2025-10-30,2025-10,FY26,71400,Not Funded,,0,2026-02-05,98,,
LP-2025-01936,R0171,Victor Singh,Early Career,SOC,College of Social Innovation,S013,Education Access Foundation,Foundation,Research Project,2025-08-24,2025-08,FY26,226600,Closed,AW2-2025-01936,202500,2025-11-17,85,2026-01-09,2028-01-09
LP-2023-01937,R0111,Victor Singh,Senior,HSC,College of Health Sciences,S010,Global Health Foundation,Foundation,Training Grant,2023-12-29,2023-12,FY24,130800,Not Funded,,0,2024-02-28,61,,
LP-2026-01938,R0023,Isabelle Laurent,Established,HSC,College of Health Sciences,S021,Vertex Mobility Systems,Industry,Training Grant,2026-08-10,2026-08,FY27,334900,Submitted,,0,,,,
LP-2025-01939,R0032,Jonah Smith,Senior,ARC,College of Architecture and Design,S016,Urban Resilience Network,Nonprofit,Equipment,2025-07-17,2025-07,FY26,87300,Active,AW2-2025-01939,75200,2025-12-08,144,2026-01-11,2027-01-11
LP-2024-01940,R0063,Olivia Costa,Early Career,HSC,College of Health Sciences,S012,Future Cities Foundation,Foundation,Research Project,2024-05-17,2024-05,FY24,217300,Not Funded,,0,2024-08-22,97,,
LP-2023-01941,R0005,Daniel Walker,Early Career,BUS,School of Business,S007,Department of Energy and Climate,Government,Training Grant,2023-11-04,2023-11,FY24,101300,Active,AW2-2023-01941,76700,2023-12-20,46,2024-01-23,2025-07-16
LP-2023-01942,R0029,Rafael Reyes,Established,BUS,School of Business,S002,Natural Sciences Research Council,Federal,Research Project,2023-04-17,2023-04,FY23,161800,Not Funded,,0,2023-08-21,126,,
LP-2025-01943,R0130,Hana Roy,Senior,ENG,College of Engineering,S016,Urban Resilience Network,Nonprofit,Training Grant,2025-01-28,2025-01,FY25,142700,Active,AW2-2025-01943,130900,2025-05-10,102,2025-06-20,2028-06-19
LP-2026-01944,R0167,Zain Gupta,Established,HSC,College of Health Sciences,S016,Urban Resilience Network,Nonprofit,Research Project,2026-01-10,2026-01,FY26,77800,Not Funded,,0,2026-07-10,181,,
LP-2023-01945,R0039,Carlos Ito,Senior,HSC,College of Health Sciences,S002,Natural Sciences Research Council,Federal,Research Project,2023-11-07,2023-11,FY24,151500,Active,AW2-2023-01945,113600,2024-03-28,142,2024-04-19,2025-04-19
LP-2025-01946,R0075,Leila Martin,Established,SOC,College of Social Innovation,S014,Biomedical Discovery Foundation,Foundation,Research Project,2025-11-20,2025-11,FY26,118200,Withdrawn,,0,2026-03-18,118,,
LP-2024-01947,R0095,Daniel Walker,Early Career,HSC,College of Health Sciences,S009,Massachusetts Innovation Fund,Provincial/State,Research Project,2024-07-08,2024-07,FY25,182100,Closed,AW2-2024-01947,120600,2025-01-12,188,2025-02-13,2026-08-07
LP-2023-01948,R0108,Elena Patel,Established,HUM,College of Humanities,S014,Biomedical Discovery Foundation,Foundation,Research Project,2023-11-03,2023-11,FY24,94600,Closed,AW2-2023-01948,86200,2024-02-13,102,2024-04-18,2026-04-18
LP-2023-01949,R0088,Lucas Haddad,Early Career,ARC,College of Architecture and Design,S011,Community Wellbeing Trust,Foundation,Training Grant,2023-01-04,2023-01,FY23,139200,Closed,AW2-2023-01949,103600,2023-04-17,103,2023-06-21,2026-06-20
LP-2024-01950,R0117,Grace Williams,Established,BUS,School of Business,S003,Social Innovation Research Council,Federal,Research Project,2024-05-07,2024-05,FY24,60700,Not Funded,,0,2024-10-19,165,,
LP-2023-01951,R0145,Sofia Evans,Senior,LAW,School of Law and Public Policy,S005,National Science Foundation,Federal,Internal Seed,2023-08-02,2023-08,FY24,397700,Not Funded,,0,2024-01-31,182,,
LP-2024-01952,R0074,Gabriel Dubois,Established,ENG,College of Engineering,S006,Department of Public Health,Government,Training Grant,2024-10-25,2024-10,FY25,153600,Withdrawn,,0,2025-04-11,168,,
LP-2024-01953,R0165,Leila Martin,Early Career,BUS,School of Business,S018,Global Development Partnership,International,Internal Seed,2024-12-15,2024-12,FY25,49800,Not Funded,,0,2025-04-19,125,,
LP-2024-01954,R0168,Elena Patel,Early Career,ARC,College of Architecture and Design,S018,Global Development Partnership,International,Internal Seed,2024-03-12,2024-03,FY24,147300,Not Funded,,0,2024-06-08,88,,
LP-2025-01955,R0028,Lucas Haddad,Established,HUM,College of Humanities,S001,National Health Research Council,Federal,Training Grant,2025-07-30,2025-07,FY26,80800,Not Funded,,0,2025-10-24,86,,
LP-2023-01956,R0170,Noah Johnson,Established,ENG,College of Engineering,S014,Biomedical Discovery Foundation,Foundation,Equipment,2023-09-21,2023-09,FY24,242400,Not Funded,,0,2023-12-08,78,,
LP-2023-01957,R0128,Theo Yamamoto,Established,ARC,College of Architecture and Design,S001,National Health Research Council,Federal,Training Grant,2023-07-18,2023-07,FY24,114700,Not Funded,,0,2024-01-05,171,,
LP-2023-01958,R0041,Maya Bennett,Established,LAW,School of Law and Public Policy,S001,National Health Research Council,Federal,Research Project,2023-09-15,2023-09,FY24,158500,Active,AW2-2023-01958,112300,2024-01-17,124,2024-03-17,2026-03-17
LP-2023-01959,R0129,Carlos Ito,Established,LAW,School of Law and Public Policy,S022,Helix Medical Devices,Industry,Research Project,2023-11-16,2023-11,FY24,219400,Not Funded,,0,2024-01-14,59,,
LP-2023-01960,R0100,Hana Roy,Early Career,HUM,College of Humanities,S014,Biomedical Discovery Foundation,Foundation,Research Project,2023-05-11,2023-05,FY23,483600,Closed,AW2-2023-01960,394000,2023-10-03,145,2023-11-26,2024-11-25
LP-2026-01961,R0155,Daniel Walker,Early Career,SOC,College of Social Innovation,S002,Natural Sciences Research Council,Federal,Research Project,2026-02-26,2026-02,FY26,53600,Closed,AW2-2026-01961,48200,2026-05-14,77,2026-06-01,2027-06-01
LP-2024-01962,R0094,Yara Lee,Established,SCI,College of Science,S024,Faculty Seed Grant Program,Internal,Training Grant,2024-03-27,2024-03,FY24,61500,Closed,AW2-2024-01962,59600,2024-09-22,179,2024-10-11,2026-10-11
LP-2023-01963,R0090,Amina Ahmed,Established,ENG,College of Engineering,S002,Natural Sciences Research Council,Federal,Research Project,2023-10-11,2023-10,FY24,67800,Closed,AW2-2023-01963,51600,2023-12-27,77,2024-01-08,2025-01-07
LP-2023-01964,R0088,Lucas Haddad,Early Career,ARC,College of Architecture and Design,S018,Global Development Partnership,International,Internal Seed,2023-01-01,2023-01,FY23,128600,Closed,AW2-2023-01964,127100,2023-05-22,141,2023-06-14,2025-06-13
LP-2025-01965,R0048,Elena Patel,Early Career,ARC,College of Architecture and Design,S021,Vertex Mobility Systems,Industry,Training Grant,2025-05-02,2025-05,FY25,46700,Not Funded,,0,2025-06-26,55,,
LP-2025-01966,R0169,Jia Zhou,Established,LAW,School of Law and Public Policy,S003,Social Innovation Research Council,Federal,Training Grant,2025-07-15,2025-07,FY26,107700,Not Funded,,0,2025-11-26,134,,
LP-2025-01967,R0083,Isabelle Laurent,Established,SOC,College of Social Innovation,S022,Helix Medical Devices,Industry,Research Project,2025-04-07,2025-04,FY25,32300,Not Funded,,0,2025-08-03,118,,
LP-2024-01968,R0076,Priya Wang,Early Career,HUM,College of Humanities,S024,Faculty Seed Grant Program,Internal,Research Project,2024-05-27,2024-05,FY24,331300,Active,AW2-2024-01968,296300,2024-09-09,105,2024-10-08,2026-04-01
LP-2023-01969,R0049,Jia Zhou,Senior,LAW,School of Law and Public Policy,S022,Helix Medical Devices,Industry,Research Project,2023-12-12,2023-12,FY24,147600,Closed,AW2-2023-01969,103000,2024-05-24,164,2024-06-05,2027-06-05
LP-2024-01970,R0035,Daniel Walker,Established,SOC,College of Social Innovation,S002,Natural Sciences Research Council,Federal,Research Project,2024-07-18,2024-07,FY25,63600,Active,AW2-2024-01970,54700,2024-10-09,83,2024-10-20,2026-04-13
LP-2026-01971,R0108,Elena Patel,Established,HUM,College of Humanities,S008,Ontario Research Fund,Provincial/State,Internal Seed,2026-04-22,2026-04,FY26,192800,Awarded,AW2-2026-01971,136900,2026-08-31,131,2026-10-16,2028-10-15
LP-2025-01972,R0113,Isabelle Laurent,Established,LAW,School of Law and Public Policy,S012,Future Cities Foundation,Foundation,Research Project,2025-09-30,2025-09,FY26,41800,Not Funded,,0,2025-11-25,56,,
LP-2023-01973,R0107,Zain Gupta,Early Career,SOC,College of Social Innovation,S013,Education Access Foundation,Foundation,Research Project,2023-07-06,2023-07,FY24,109200,Closed,AW2-2023-01973,101700,2023-10-04,90,2023-11-16,2025-11-15
LP-2024-01974,R0027,Grace Williams,Early Career,SOC,College of Social Innovation,S005,National Science Foundation,Federal,Fellowship,2024-04-04,2024-04,FY24,583400,Not Funded,,0,2024-05-20,46,,
LP-2025-01975,R0040,Hana Roy,Early Career,ARC,College of Architecture and Design,S012,Future Cities Foundation,Foundation,Fellowship,2025-08-03,2025-08,FY26,389100,Awarded,AW2-2025-01975,248900,2025-10-21,79,2025-12-16,2028-12-15
LP-2026-01976,R0080,Noah Johnson,Established,ARC,College of Architecture and Design,S023,Internal Strategic Research Fund,Internal,Research Project,2026-05-31,2026-05,FY26,53100,Active,AW2-2026-01976,35300,2026-08-31,92,2026-09-10,2027-09-10
LP-2025-01977,R0165,Leila Martin,Early Career,BUS,School of Business,S002,Natural Sciences Research Council,Federal,Research Project,2025-09-15,2025-09,FY26,80600,Active,AW2-2025-01977,59700,2026-03-02,168,2026-04-13,2028-04-12
LP-2025-01978,R0069,Carlos Ito,Established,BUS,School of Business,S007,Department of Energy and Climate,Government,Fellowship,2025-10-18,2025-10,FY26,269800,Awarded,AW2-2025-01978,256300,2026-04-08,172,2026-05-20,2028-05-19
LP-2023-01979,R0004,Yara Lee,Established,HUM,College of Humanities,S001,National Health Research Council,Federal,Internal Seed,2023-08-05,2023-08,FY24,439000,Not Funded,,0,2023-10-09,65,,
LP-2024-01980,R0023,Isabelle Laurent,Established,HSC,College of Health Sciences,S006,Department of Public Health,Government,Training Grant,2024-01-27,2024-01,FY24,35500,Active,AW2-2024-01980,25600,2024-07-27,182,2024-08-19,2027-08-19
LP-2024-01981,R0111,Victor Singh,Senior,HSC,College of Health Sciences,S017,International Research Consortium,International,Equipment,2024-04-12,2024-04,FY24,156100,Closed,AW2-2024-01981,112300,2024-06-19,68,2024-09-01,2027-09-01
LP-2025-01982,R0033,Olivia Costa,Established,LAW,School of Law and Public Policy,S021,Vertex Mobility Systems,Industry,Research Project,2025-05-01,2025-05,FY25,153600,Awarded,AW2-2025-01982,134700,2025-08-22,113,2025-09-04,2028-09-03
LP-2025-01983,R0144,Mei Tran,Early Career,ARC,College of Architecture and Design,S016,Urban Resilience Network,Nonprofit,Training Grant,2025-12-19,2025-12,FY26,237600,Not Funded,,0,2026-02-04,47,,
LP-2026-01984,R0137,Zain Gupta,Established,LAW,School of Law and Public Policy,S011,Community Wellbeing Trust,Foundation,Research Project,2026-01-24,2026-01,FY26,70200,Active,AW2-2026-01984,68100,2026-04-27,93,2026-06-07,2027-06-07
LP-2025-01985,R0154,Yara Lee,Senior,ENG,College of Engineering,S013,Education Access Foundation,Foundation,Research Project,2025-11-11,2025-11,FY26,197100,Active,AW2-2025-01985,188000,2026-04-12,152,2026-06-08,2027-11-30
LP-2023-01986,R0043,Arjun Thomas,Early Career,SOC,College of Social Innovation,S011,Community Wellbeing Trust,Foundation,Fellowship,2023-04-26,2023-04,FY23,315400,Not Funded,,0,2023-09-25,152,,
LP-2023-01987,R0118,Lucas Haddad,Senior,SCI,College of Science,S022,Helix Medical Devices,Industry,Internal Seed,2023-01-24,2023-01,FY23,56100,Not Funded,,0,2023-06-28,155,,
LP-2024-01988,R0163,Arjun Thomas,Early Career,SOC,College of Social Innovation,S006,Department of Public Health,Government,Research Project,2024-11-30,2024-11,FY25,351500,Not Funded,,0,2025-02-09,71,,
LP-2026-01989,R0091,Fatima Khan,Early Career,SOC,College of Social Innovation,S010,Global Health Foundation,Foundation,Equipment,2026-02-09,2026-02,FY26,137100,Active,AW2-2026-01989,103500,2026-07-19,160,2026-07-30,2027-07-30
LP-2023-01990,R0016,Priya Wang,Established,ARC,College of Architecture and Design,S020,Northstar Analytics,Industry,Equipment,2023-07-10,2023-07,FY24,54800,Closed,AW2-2023-01990,46600,2023-12-23,166,2024-02-26,2025-08-19
LP-2023-01991,R0085,Sofia Evans,Established,BUS,School of Business,S017,International Research Consortium,International,Research Project,2023-07-28,2023-07,FY24,200300,Withdrawn,,0,2023-09-02,36,,
LP-2026-01992,R0163,Arjun Thomas,Early Career,SOC,College of Social Innovation,S019,Apex Biotechnologies,Industry,Equipment,2026-02-11,2026-02,FY26,460400,Active,AW2-2026-01992,405400,2026-06-29,138,2026-08-05,2027-08-05
LP-2023-01993,R0174,Mei Tran,Established,SCI,College of Science,S012,Future Cities Foundation,Foundation,Equipment,2023-08-15,2023-08,FY24,270500,Closed,AW2-2023-01993,244700,2024-02-07,176,2024-03-11,2027-03-11
LP-2024-01994,R0082,Chloe Chen,Established,ENG,College of Engineering,S014,Biomedical Discovery Foundation,Foundation,Equipment,2024-05-17,2024-05,FY24,170600,Active,AW2-2024-01994,109700,2024-08-08,83,2024-10-02,2025-10-02
LP-2025-01995,R0036,Jamal Garcia,Early Career,HUM,College of Humanities,S012,Future Cities Foundation,Foundation,Research Project,2025-05-22,2025-05,FY25,538800,Awarded,AW2-2025-01995,435300,2025-10-04,135,2025-11-14,2026-11-14
LP-2024-01996,R0073,Arjun Thomas,Early Career,LAW,School of Law and Public Policy,S001,National Health Research Council,Federal,Research Project,2024-09-24,2024-09,FY25,122700,Active,AW2-2024-01996,104300,2025-03-05,162,2025-04-26,2027-04-26
LP-2024-01997,R0124,Yara Lee,Established,HUM,College of Humanities,S014,Biomedical Discovery Foundation,Foundation,Research Project,2024-06-20,2024-06,FY24,29400,Closed,AW2-2024-01997,20100,2024-10-29,131,2025-01-03,2027-01-03
LP-2024-01998,R0142,Chloe Chen,Established,SCI,College of Science,S018,Global Development Partnership,International,Research Project,2024-06-10,2024-06,FY24,84400,Active,AW2-2024-01998,79900,2024-11-07,150,2024-12-11,2025-12-11
LP-2024-01999,R0006,Jamal Garcia,Established,SCI,College of Science,S005,National Science Foundation,Federal,Training Grant,2024-07-05,2024-07,FY25,135200,Not Funded,,0,2024-09-22,79,,
LP-2025-02000,R0133,Arjun Thomas,Early Career,BUS,School of Business,S015,Civic Data Collaborative,Nonprofit,Research Project,2025-02-13,2025-02,FY25,165000,Active,AW2-2025-02000,116900,2025-04-01,47,2025-06-05,2026-11-27
LP-2024-02001,R0055,Sofia Evans,Early Career,HSC,College of Health Sciences,S006,Department of Public Health,Government,Research Project,2024-07-13,2024-07,FY25,103400,Active,AW2-2024-02001,96000,2024-11-23,133,2024-12-06,2025-12-06
LP-2023-02002,R0048,Elena Patel,Early Career,ARC,College of Architecture and Design,S006,Department of Public Health,Government,Fellowship,2023-08-10,2023-08,FY24,75600,Closed,AW2-2023-02002,57300,2023-10-22,73,2023-12-08,2024-12-07
LP-2025-02003,R0019,Jia Zhou,Early Career,SOC,College of Social Innovation,S017,International Research Consortium,International,Research Project,2025-02-09,2025-02,FY25,83600,Not Funded,,0,2025-04-17,67,,
LP-2025-02004,R0138,Elena Patel,Early Career,ENG,College of Engineering,S018,Global Development Partnership,International,Research Project,2025-03-19,2025-03,FY25,84000,Active,AW2-2025-02004,61200,2025-08-31,165,2025-11-09,2027-05-03
LP-2024-02005,R0050,Noah Johnson,Senior,ENG,College of Engineering,S007,Department of Energy and Climate,Government,Equipment,2024-02-29,2024-02,FY24,221200,Active,AW2-2024-02005,207400,2024-07-17,139,2024-08-17,2026-02-08
LP-2024-02006,R0065,Daniel Walker,Established,LAW,School of Law and Public Policy,S020,Northstar Analytics,Industry,Training Grant,2024-03-07,2024-03,FY24,97400,Not Funded,,0,2024-05-13,67,,
LP-2024-02007,R0070,Hana Roy,Established,SCI,College of Science,S006,Department of Public Health,Government,Training Grant,2024-08-21,2024-08,FY25,893200,Not Funded,,0,2025-01-19,151,,
LP-2024-02008,R0062,Jonah Smith,Senior,SCI,College of Science,S016,Urban Resilience Network,Nonprofit,Equipment,2024-03-13,2024-03,FY24,550900,Not Funded,,0,2024-08-11,151,,
LP-2026-02009,R0056,Camille Mensah,Established,ARC,College of Architecture and Design,S015,Civic Data Collaborative,Nonprofit,Research Project,2026-06-07,2026-06,FY26,273800,Not Funded,,0,2026-08-11,65,,
LP-2024-02010,R0161,Maya Bennett,Established,LAW,School of Law and Public Policy,S003,Social Innovation Research Council,Federal,Research Project,2024-08-05,2024-08,FY25,46400,Withdrawn,,0,2024-09-27,53,,
LP-2025-02011,R0012,Samira Kim,Early Career,HUM,College of Humanities,S006,Department of Public Health,Government,Research Project,2025-04-25,2025-04,FY25,233700,Awarded,AW2-2025-02011,198600,2025-06-14,50,2025-08-21,2027-02-12
LP-2026-02012,R0139,Jia Zhou,Established,SOC,College of Social Innovation,S005,National Science Foundation,Federal,Research Project,2026-05-05,2026-05,FY26,85300,Not Funded,,0,2026-08-02,89,,
LP-2025-02013,R0173,Isabelle Laurent,Established,BUS,School of Business,S024,Faculty Seed Grant Program,Internal,Equipment,2025-10-08,2025-10,FY26,122300,Not Funded,,0,2025-12-13,66,,
LP-2024-02014,R0121,Fatima Khan,Early Career,LAW,School of Law and Public Policy,S013,Education Access Foundation,Foundation,Research Project,2024-06-03,2024-06,FY24,57800,Active,AW2-2024-02014,52400,2024-10-01,120,2024-11-03,2026-11-03
LP-2025-02015,R0177,Grace Williams,Established,LAW,School of Law and Public Policy,S001,National Health Research Council,Federal,Training Grant,2025-02-08,2025-02,FY25,119900,Not Funded,,0,2025-06-19,131,,
LP-2023-02016,R0143,Isabelle Laurent,Early Career,HSC,College of Health Sciences,S004,Advanced Technology Agency,Federal,Research Project,2023-06-28,2023-06,FY23,121600,Not Funded,,0,2023-09-03,67,,
LP-2026-02017,R0108,Elena Patel,Established,HUM,College of Humanities,S004,Advanced Technology Agency,Federal,Equipment,2026-03-07,2026-03,FY26,97600,Not Funded,,0,2026-04-20,44,,
LP-2023-02018,R0121,Fatima Khan,Early Career,LAW,School of Law and Public Policy,S019,Apex Biotechnologies,Industry,Research Project,2023-06-12,2023-06,FY23,28300,Active,AW2-2023-02018,21800,2023-12-06,177,2024-02-05,2027-02-04
LP-2024-02019,R0129,Carlos Ito,Established,LAW,School of Law and Public Policy,S016,Urban Resilience Network,Nonprofit,Fellowship,2024-10-28,2024-10,FY25,96400,Awarded,AW2-2024-02019,83200,2025-01-17,81,2025-02-01,2026-02-01
LP-2023-02020,R0068,Theo Yamamoto,Established,HUM,College of Humanities,S023,Internal Strategic Research Fund,Internal,Fellowship,2023-12-01,2023-12,FY24,144500,Active,AW2-2023-02020,124500,2024-02-16,77,2024-04-12,2026-04-12
LP-2023-02021,R0162,Samira Kim,Established,ENG,College of Engineering,S002,Natural Sciences Research Council,Federal,Research Project,2023-11-11,2023-11,FY24,130100,Not Funded,,0,2024-01-27,77,,
LP-2023-02022,R0094,Yara Lee,Established,SCI,College of Science,S018,Global Development Partnership,International,Internal Seed,2023-10-21,2023-10,FY24,39000,Not Funded,,0,2024-01-07,78,,
LP-2026-02023,R0023,Isabelle Laurent,Established,HSC,College of Health Sciences,S002,Natural Sciences Research Council,Federal,Research Project,2026-05-29,2026-05,FY26,59400,Not Funded,,0,2026-08-31,94,,
LP-2024-02024,R0178,Lucas Haddad,Established,ENG,College of Engineering,S019,Apex Biotechnologies,Industry,Research Project,2024-11-01,2024-11,FY25,76200,Not Funded,,0,2025-05-03,183,,
LP-2024-02025,R0163,Arjun Thomas,Early Career,SOC,College of Social Innovation,S001,National Health Research Council,Federal,Research Project,2024-04-08,2024-04,FY24,196100,Not Funded,,0,2024-09-28,173,,
LP-2023-02026,R0168,Elena Patel,Early Career,ARC,College of Architecture and Design,S011,Community Wellbeing Trust,Foundation,Research Project,2023-07-12,2023-07,FY24,46500,Not Funded,,0,2023-08-26,45,,
LP-2025-02027,R0155,Daniel Walker,Early Career,SOC,College of Social Innovation,S001,National Health Research Council,Federal,Equipment,2025-04-13,2025-04,FY25,41200,Not Funded,,0,2025-10-07,177,,
LP-2025-02028,R0157,Nadia Nguyen,Early Career,BUS,School of Business,S013,Education Access Foundation,Foundation,Research Project,2025-08-21,2025-08,FY26,102300,Active,AW2-2025-02028,90400,2026-02-08,171,2026-03-17,2028-03-16
LP-2025-02029,R0058,Lucas Haddad,Early Career,ENG,College of Engineering,S006,Department of Public Health,Government,Fellowship,2025-03-05,2025-03,FY25,480900,Closed,AW2-2025-02029,443100,2025-06-03,90,2025-06-17,2027-06-17
LP-2023-02030,R0125,Daniel Walker,Established,BUS,School of Business,S023,Internal Strategic Research Fund,Internal,Training Grant,2023-11-26,2023-11,FY24,114300,Closed,AW2-2023-02030,109100,2024-03-08,103,2024-04-18,2025-04-18
LP-2023-02031,R0167,Zain Gupta,Established,HSC,College of Health Sciences,S019,Apex Biotechnologies,Industry,Research Project,2023-09-22,2023-09,FY24,399100,Not Funded,,0,2023-12-15,84,,
LP-2024-02032,R0167,Zain Gupta,Established,HSC,College of Health Sciences,S008,Ontario Research Fund,Provincial/State,Research Project,2024-07-12,2024-07,FY25,647400,Not Funded,,0,2024-11-22,133,,
LP-2024-02033,R0150,Amina Ahmed,Established,SCI,College of Science,S025,Interdisciplinary Catalyst Fund,Internal,Equipment,2024-03-15,2024-03,FY24,175400,Not Funded,,0,2024-08-15,153,,
LP-2023-02034,R0033,Olivia Costa,Established,LAW,School of Law and Public Policy,S022,Helix Medical Devices,Industry,Research Project,2023-07-01,2023-07,FY24,252500,Withdrawn,,0,2023-10-22,113,,
LP-2023-02035,R0060,Amina Ahmed,Established,HUM,College of Humanities,S006,Department of Public Health,Government,Research Project,2023-09-02,2023-09,FY24,53700,Closed,AW2-2023-02035,47000,2023-10-19,47,2023-12-10,2024-12-09
LP-2025-02036,R0048,Elena Patel,Early Career,ARC,College of Architecture and Design,S016,Urban Resilience Network,Nonprofit,Research Project,2025-03-13,2025-03,FY25,275000,Not Funded,,0,2025-07-20,129,,
LP-2025-02037,R0039,Carlos Ito,Senior,HSC,College of Health Sciences,S015,Civic Data Collaborative,Nonprofit,Research Project,2025-04-03,2025-04,FY25,208300,Not Funded,,0,2025-05-08,35,,
LP-2023-02038,R0015,Leila Martin,Early Career,HSC,College of Health Sciences,S001,National Health Research Council,Federal,Research Project,2023-06-30,2023-06,FY23,65900,Active,AW2-2023-02038,63800,2023-08-13,44,2023-09-07,2026-09-06
LP-2023-02039,R0052,Chloe Chen,Senior,HUM,College of Humanities,S020,Northstar Analytics,Industry,Internal Seed,2023-11-12,2023-11,FY24,363100,Closed,AW2-2023-02039,259400,2024-04-20,160,2024-05-23,2026-05-23
LP-2025-02040,R0079,Jia Zhou,Established,HSC,College of Health Sciences,S023,Internal Strategic Research Fund,Internal,Research Project,2025-12-18,2025-12,FY26,439100,Not Funded,,0,2026-03-14,86,,
LP-2025-02041,R0134,Gabriel Dubois,Early Career,SCI,College of Science,S023,Internal Strategic Research Fund,Internal,Equipment,2025-07-03,2025-07,FY26,101500,Active,AW2-2025-02041,91900,2025-10-10,99,2025-11-02,2027-11-02
LP-2025-02042,R0134,Gabriel Dubois,Early Career,SCI,College of Science,S010,Global Health Foundation,Foundation,Research Project,2025-08-17,2025-08,FY26,214700,Active,AW2-2025-02042,163700,2026-01-22,158,2026-03-11,2027-09-02
LP-2024-02043,R0001,Fatima Khan,Senior,LAW,School of Law and Public Policy,S016,Urban Resilience Network,Nonprofit,Research Project,2024-09-14,2024-09,FY25,24700,Not Funded,,0,2025-03-08,175,,
LP-2024-02044,R0099,Carlos Ito,Senior,SOC,College of Social Innovation,S016,Urban Resilience Network,Nonprofit,Research Project,2024-06-13,2024-06,FY24,415300,Not Funded,,0,2024-11-28,168,,
LP-2023-02045,R0157,Nadia Nguyen,Early Career,BUS,School of Business,S003,Social Innovation Research Council,Federal,Research Project,2023-08-01,2023-08,FY24,100200,Withdrawn,,0,2024-01-25,177,,
LP-2024-02046,R0029,Rafael Reyes,Established,BUS,School of Business,S025,Interdisciplinary Catalyst Fund,Internal,Research Project,2024-06-05,2024-06,FY24,736300,Closed,AW2-2024-02046,693500,2024-07-23,48,2024-09-21,2025-09-21
LP-2023-02047,R0071,Maya Bennett,Early Career,HSC,College of Health Sciences,S011,Community Wellbeing Trust,Foundation,Research Project,2023-07-16,2023-07,FY24,147100,Not Funded,,0,2023-09-05,51,,
LP-2024-02048,R0046,Priya Wang,Senior,SCI,College of Science,S009,Massachusetts Innovation Fund,Provincial/State,Training Grant,2024-03-17,2024-03,FY24,103000,Active,AW2-2024-02048,80900,2024-09-10,177,2024-10-24,2026-04-17
LP-2025-02049,R0027,Grace Williams,Early Career,SOC,College of Social Innovation,S023,Internal Strategic Research Fund,Internal,Equipment,2025-01-11,2025-01,FY25,56000,Awarded,AW2-2025-02049,37700,2025-03-09,57,2025-03-19,2026-03-19
LP-2023-02050,R0083,Isabelle Laurent,Established,SOC,College of Social Innovation,S010,Global Health Foundation,Foundation,Research Project,2023-03-28,2023-03,FY23,68700,Not Funded,,0,2023-08-18,143,,
LP-2024-02051,R0133,Arjun Thomas,Early Career,BUS,School of Business,S023,Internal Strategic Research Fund,Internal,Internal Seed,2024-02-20,2024-02,FY24,67700,Closed,AW2-2024-02051,65300,2024-04-28,68,2024-07-07,2026-07-07
LP-2025-02052,R0029,Rafael Reyes,Established,BUS,School of Business,S012,Future Cities Foundation,Foundation,Training Grant,2025-03-08,2025-03,FY25,113500,Not Funded,,0,2025-09-10,186,,
LP-2026-02053,R0051,Victor Singh,Established,SOC,College of Social Innovation,S003,Social Innovation Research Council,Federal,Research Project,2026-03-29,2026-03,FY26,222400,Not Funded,,0,2026-08-31,155,,
LP-2025-02054,R0145,Sofia Evans,Senior,LAW,School of Law and Public Policy,S003,Social Innovation Research Council,Federal,Training Grant,2025-08-18,2025-08,FY26,105400,Active,AW2-2025-02054,83800,2025-12-23,127,2026-03-06,2028-03-05
LP-2025-02055,R0005,Daniel Walker,Early Career,BUS,School of Business,S024,Faculty Seed Grant Program,Internal,Research Project,2025-02-02,2025-02,FY25,58300,Not Funded,,0,2025-07-03,151,,
LP-2023-02056,R0100,Hana Roy,Early Career,HUM,College of Humanities,S001,National Health Research Council,Federal,Research Project,2023-05-18,2023-05,FY23,52900,Closed,AW2-2023-02056,44800,2023-07-06,49,2023-09-12,2025-03-05
LP-2025-02057,R0133,Arjun Thomas,Early Career,BUS,School of Business,S010,Global Health Foundation,Foundation,Training Grant,2025-07-16,2025-07,FY26,126500,Active,AW2-2025-02057,101200,2025-10-11,87,2025-10-27,2026-10-27
LP-2023-02058,R0143,Isabelle Laurent,Early Career,HSC,College of Health Sciences,S018,Global Development Partnership,International,Equipment,2023-06-09,2023-06,FY23,830200,Closed,AW2-2023-02058,682400,2023-10-17,130,2023-11-30,2025-05-23
LP-2024-02059,R0080,Noah Johnson,Established,ARC,College of Architecture and Design,S009,Massachusetts Innovation Fund,Provincial/State,Internal Seed,2024-05-06,2024-05,FY24,66700,Closed,AW2-2024-02059,61400,2024-06-12,37,2024-07-03,2027-07-03
LP-2023-02060,R0078,Elena Patel,Senior,SCI,College of Science,S021,Vertex Mobility Systems,Industry,Research Project,2023-09-05,2023-09,FY24,115600,Not Funded,,0,2024-03-10,187,,
LP-2023-02061,R0117,Grace Williams,Established,BUS,School of Business,S025,Interdisciplinary Catalyst Fund,Internal,Research Project,2023-02-13,2023-02,FY23,130200,Closed,AW2-2023-02061,107800,2023-07-30,167,2023-08-28,2024-08-27
LP-2023-02062,R0128,Theo Yamamoto,Established,ARC,College of Architecture and Design,S001,National Health Research Council,Federal,Fellowship,2023-07-03,2023-07,FY24,235700,Not Funded,,0,2023-12-26,176,,
LP-2025-02063,R0130,Hana Roy,Senior,ENG,College of Engineering,S020,Northstar Analytics,Industry,Training Grant,2025-12-08,2025-12,FY26,185100,Active,AW2-2025-02063,145700,2026-06-13,187,2026-08-07,2029-08-06
LP-2024-02064,R0013,Arjun Thomas,Established,BUS,School of Business,S015,Civic Data Collaborative,Nonprofit,Research Project,2024-05-19,2024-05,FY24,198500,Not Funded,,0,2024-09-08,112,,
LP-2026-02065,R0057,Grace Williams,Established,LAW,School of Law and Public Policy,S014,Biomedical Discovery Foundation,Foundation,Training Grant,2026-07-01,2026-07,FY27,73000,Active,AW2-2026-02065,73000,2026-08-31,61,2026-10-25,2029-10-24
LP-2025-02066,R0116,Camille Mensah,Early Career,HUM,College of Humanities,S013,Education Access Foundation,Foundation,Research Project,2025-04-21,2025-04,FY25,145900,Not Funded,,0,2025-06-14,54,,
LP-2024-02067,R0061,Fatima Khan,Early Career,BUS,School of Business,S023,Internal Strategic Research Fund,Internal,Research Project,2024-08-12,2024-08,FY25,229300,Active,AW2-2024-02067,181000,2024-10-18,67,2024-11-13,2026-11-13
LP-2025-02068,R0121,Fatima Khan,Early Career,LAW,School of Law and Public Policy,S008,Ontario Research Fund,Provincial/State,Fellowship,2025-02-02,2025-02,FY25,287600,Not Funded,,0,2025-05-21,108,,
LP-2023-02069,R0135,Leila Martin,Established,HSC,College of Health Sciences,S004,Advanced Technology Agency,Federal,Internal Seed,2023-09-13,2023-09,FY24,101200,Not Funded,,0,2024-03-04,173,,
LP-2026-02070,R0075,Leila Martin,Established,SOC,College of Social Innovation,S001,National Health Research Council,Federal,Research Project,2026-04-04,2026-04,FY26,117000,Withdrawn,,0,2026-05-11,37,,
LP-2023-02071,R0140,Noah Johnson,Early Career,HUM,College of Humanities,S014,Biomedical Discovery Foundation,Foundation,Internal Seed,2023-05-16,2023-05,FY23,178900,Active,AW2-2023-02071,148600,2023-07-26,71,2023-08-05,2024-08-04
LP-2023-02072,R0067,Nadia Nguyen,Senior,SOC,College of Social Innovation,S002,Natural Sciences Research Council,Federal,Training Grant,2023-05-02,2023-05,FY23,79000,Not Funded,,0,2023-10-09,160,,
LP-2025-02073,R0033,Olivia Costa,Established,LAW,School of Law and Public Policy,S017,International Research Consortium,International,Research Project,2025-10-21,2025-10,FY26,177100,Active,AW2-2025-02073,128400,2025-11-28,38,2025-12-19,2026-12-19
LP-2024-02074,R0112,Chloe Chen,Early Career,ARC,College of Architecture and Design,S017,International Research Consortium,International,Equipment,2024-08-08,2024-08,FY25,75600,Active,AW2-2024-02074,51900,2024-10-30,83,2025-01-10,2027-01-10
LP-2024-02075,R0083,Isabelle Laurent,Established,SOC,College of Social Innovation,S020,Northstar Analytics,Industry,Research Project,2024-10-22,2024-10,FY25,55700,Active,AW2-2024-02075,40800,2025-04-18,178,2025-05-11,2026-05-11
LP-2026-02076,R0025,Sofia Evans,Early Career,LAW,School of Law and Public Policy,S001,National Health Research Council,Federal,Research Project,2026-03-14,2026-03,FY26,111400,Active,AW2-2026-02076,87300,2026-07-26,134,2026-09-04,2027-09-04
LP-2024-02077,R0163,Arjun Thomas,Early Career,SOC,College of Social Innovation,S012,Future Cities Foundation,Foundation,Equipment,2024-03-28,2024-03,FY24,222800,Not Funded,,0,2024-07-31,125,,
LP-2023-02078,R0128,Theo Yamamoto,Established,ARC,College of Architecture and Design,S024,Faculty Seed Grant Program,Internal,Training Grant,2023-09-21,2023-09,FY24,58700,Not Funded,,0,2024-01-30,131,,
LP-2026-02079,R0008,Theo Yamamoto,Senior,ARC,College of Architecture and Design,S023,Internal Strategic Research Fund,Internal,Research Project,2026-05-07,2026-05,FY26,110200,Not Funded,,0,2026-08-31,116,,
LP-2023-02080,R0113,Isabelle Laurent,Established,LAW,School of Law and Public Policy,S012,Future Cities Foundation,Foundation,Research Project,2023-10-12,2023-10,FY24,146800,Active,AW2-2023-02080,124700,2024-02-03,114,2024-03-03,2025-08-25
LP-2024-02081,R0082,Chloe Chen,Established,ENG,College of Engineering,S011,Community Wellbeing Trust,Foundation,Internal Seed,2024-02-09,2024-02,FY24,166100,Not Funded,,0,2024-05-27,108,,
LP-2023-02082,R0040,Hana Roy,Early Career,ARC,College of Architecture and Design,S003,Social Innovation Research Council,Federal,Research Project,2023-09-23,2023-09,FY24,199100,Closed,AW2-2023-02082,196900,2023-12-15,83,2024-02-04,2025-07-28
LP-2025-02083,R0150,Amina Ahmed,Established,SCI,College of Science,S016,Urban Resilience Network,Nonprofit,Research Project,2025-06-14,2025-06,FY25,554800,Active,AW2-2025-02083,427900,2025-10-22,130,2025-11-29,2028-11-28
LP-2024-02084,R0029,Rafael Reyes,Established,BUS,School of Business,S014,Biomedical Discovery Foundation,Foundation,Research Project,2024-07-30,2024-07,FY25,93100,Not Funded,,0,2024-11-26,119,,
LP-2026-02085,R0002,Jonah Smith,Early Career,ENG,College of Engineering,S020,Northstar Analytics,Industry,Research Project,2026-04-28,2026-04,FY26,48600,Not Funded,,0,2026-06-04,37,,
LP-2024-02086,R0133,Arjun Thomas,Early Career,BUS,School of Business,S014,Biomedical Discovery Foundation,Foundation,Internal Seed,2024-08-22,2024-08,FY25,15000,Closed,AW2-2024-02086,13900,2024-12-25,125,2025-02-22,2026-08-16
LP-2025-02087,R0090,Amina Ahmed,Established,ENG,College of Engineering,S007,Department of Energy and Climate,Government,Training Grant,2025-07-02,2025-07,FY26,245900,Active,AW2-2025-02087,216100,2025-08-24,53,2025-09-29,2028-09-28
LP-2024-02088,R0075,Leila Martin,Established,SOC,College of Social Innovation,S004,Advanced Technology Agency,Federal,Research Project,2024-09-13,2024-09,FY25,286000,Active,AW2-2024-02088,182500,2025-03-20,188,2025-04-08,2028-04-07
LP-2025-02089,R0130,Hana Roy,Senior,ENG,College of Engineering,S025,Interdisciplinary Catalyst Fund,Internal,Research Project,2025-03-31,2025-03,FY25,225800,Active,AW2-2025-02089,144900,2025-07-15,106,2025-09-10,2027-09-10
LP-2026-02090,R0054,Mei Tran,Established,SCI,College of Science,S016,Urban Resilience Network,Nonprofit,Research Project,2026-01-15,2026-01,FY26,143300,Awarded,AW2-2026-02090,95600,2026-03-12,56,2026-05-24,2027-11-15
LP-2023-02091,R0176,Camille Mensah,Early Career,ARC,College of Architecture and Design,S018,Global Development Partnership,International,Research Project,2023-10-17,2023-10,FY24,41600,Withdrawn,,0,2023-12-30,74,,
LP-2024-02092,R0166,Priya Wang,Senior,SCI,College of Science,S014,Biomedical Discovery Foundation,Foundation,Research Project,2024-04-20,2024-04,FY24,228200,Not Funded,,0,2024-08-22,124,,
LP-2023-02093,R0143,Isabelle Laurent,Early Career,HSC,College of Health Sciences,S016,Urban Resilience Network,Nonprofit,Research Project,2023-10-23,2023-10,FY24,124200,Closed,AW2-2023-02093,80600,2024-04-08,168,2024-06-14,2025-06-14
LP-2024-02094,R0120,Amina Ahmed,Early Career,ARC,College of Architecture and Design,S014,Biomedical Discovery Foundation,Foundation,Research Project,2024-08-18,2024-08,FY25,166900,Active,AW2-2024-02094,141000,2025-01-29,164,2025-04-11,2028-04-10
LP-2026-02095,R0018,Elena Patel,Established,ENG,College of Engineering,S014,Biomedical Discovery Foundation,Foundation,Research Project,2026-01-30,2026-01,FY26,88700,Active,AW2-2026-02095,83400,2026-05-22,112,2026-07-21,2028-07-20
LP-2025-02096,R0039,Carlos Ito,Senior,HSC,College of Health Sciences,S001,National Health Research Council,Federal,Research Project,2025-02-15,2025-02,FY25,309500,Closed,AW2-2025-02096,283500,2025-05-18,92,2025-06-18,2027-06-18
LP-2025-02097,R0160,Hana Roy,Established,ARC,College of Architecture and Design,S012,Future Cities Foundation,Foundation,Research Project,2025-01-03,2025-01,FY25,178900,Active,AW2-2025-02097,123700,2025-05-04,121,2025-06-24,2026-06-24
LP-2025-02098,R0047,Zain Gupta,Senior,HSC,College of Health Sciences,S019,Apex Biotechnologies,Industry,Internal Seed,2025-04-02,2025-04,FY25,114800,Not Funded,,0,2025-06-10,69,,
LP-2024-02099,R0044,Gabriel Dubois,Established,HUM,College of Humanities,S006,Department of Public Health,Government,Research Project,2024-09-03,2024-09,FY25,535600,Closed,AW2-2024-02099,374800,2024-10-12,39,2024-12-26,2027-12-26
LP-2026-02100,R0038,Theo Yamamoto,Senior,SCI,College of Science,S005,National Science Foundation,Federal,Research Project,2026-02-08,2026-02,FY26,154900,Awarded,AW2-2026-02100,131300,2026-07-10,152,2026-08-19,2028-02-10
LP-2024-02101,R0071,Maya Bennett,Early Career,HSC,College of Health Sciences,S003,Social Innovation Research Council,Federal,Research Project,2024-10-02,2024-10,FY25,40100,Closed,AW2-2024-02101,35400,2025-01-08,98,2025-02-07,2028-02-07
LP-2026-02102,R0124,Yara Lee,Established,HUM,College of Humanities,S003,Social Innovation Research Council,Federal,Fellowship,2026-02-25,2026-02,FY26,252100,Not Funded,,0,2026-06-06,101,,
LP-2025-02103,R0142,Chloe Chen,Established,SCI,College of Science,S007,Department of Energy and Climate,Government,Research Project,2025-07-13,2025-07,FY26,197000,Active,AW2-2025-02103,183000,2025-08-27,45,2025-09-06,2026-09-06
LP-2023-02104,R0175,Sofia Evans,Early Career,HSC,College of Health Sciences,S025,Interdisciplinary Catalyst Fund,Internal,Equipment,2023-04-14,2023-04,FY23,59300,Closed,AW2-2023-02104,50400,2023-06-19,66,2023-07-20,2025-01-10
LP-2025-02105,R0173,Isabelle Laurent,Established,BUS,School of Business,S002,Natural Sciences Research Council,Federal,Research Project,2025-04-22,2025-04,FY25,184800,Active,AW2-2025-02105,133100,2025-06-20,59,2025-08-10,2027-02-01
LP-2023-02106,R0112,Chloe Chen,Early Career,ARC,College of Architecture and Design,S021,Vertex Mobility Systems,Industry,Research Project,2023-04-19,2023-04,FY23,225500,Withdrawn,,0,2023-09-14,148,,
LP-2024-02107,R0145,Sofia Evans,Senior,LAW,School of Law and Public Policy,S015,Civic Data Collaborative,Nonprofit,Research Project,2024-05-09,2024-05,FY24,173000,Withdrawn,,0,2024-07-14,66,,
LP-2025-02108,R0122,Jonah Smith,Established,ENG,College of Engineering,S004,Advanced Technology Agency,Federal,Research Project,2025-08-13,2025-08,FY26,70900,Not Funded,,0,2025-12-04,113,,
LP-2024-02109,R0050,Noah Johnson,Senior,ENG,College of Engineering,S016,Urban Resilience Network,Nonprofit,Research Project,2024-01-02,2024-01,FY24,28500,Active,AW2-2024-02109,24500,2024-03-28,86,2024-04-17,2025-10-09
LP-2025-02110,R0013,Arjun Thomas,Established,BUS,School of Business,S021,Vertex Mobility Systems,Industry,Research Project,2025-09-12,2025-09,FY26,38100,Not Funded,,0,2026-02-06,147,,
LP-2023-02111,R0038,Theo Yamamoto,Senior,SCI,College of Science,S025,Interdisciplinary Catalyst Fund,Internal,Training Grant,2023-10-29,2023-10,FY24,281600,Not Funded,,0,2024-02-23,117,,
LP-2024-02112,R0115,Sofia Evans,Early Career,SOC,College of Social Innovation,S020,Northstar Analytics,Industry,Research Project,2024-07-19,2024-07,FY25,30700,Closed,AW2-2024-02112,21000,2025-01-17,182,2025-02-11,2028-02-11
LP-2023-02113,R0036,Jamal Garcia,Early Career,HUM,College of Humanities,S024,Faculty Seed Grant Program,Internal,Training Grant,2023-08-19,2023-08,FY24,123400,Closed,AW2-2023-02113,112300,2023-12-19,122,2024-01-02,2027-01-01
LP-2026-02114,R0145,Sofia Evans,Senior,LAW,School of Law and Public Policy,S014,Biomedical Discovery Foundation,Foundation,Research Project,2026-06-30,2026-06,FY26,244500,Not Funded,,0,2026-08-31,62,,
LP-2025-02115,R0143,Isabelle Laurent,Early Career,HSC,College of Health Sciences,S012,Future Cities Foundation,Foundation,Equipment,2025-01-28,2025-01,FY25,216000,Active,AW2-2025-02115,139400,2025-07-10,163,2025-09-22,2027-09-22
LP-2023-02116,R0130,Hana Roy,Senior,ENG,College of Engineering,S001,National Health Research Council,Federal,Research Project,2023-04-09,2023-04,FY23,378700,Not Funded,,0,2023-07-11,93,,
LP-2026-02117,R0098,Theo Yamamoto,Early Career,ENG,College of Engineering,S009,Massachusetts Innovation Fund,Provincial/State,Internal Seed,2026-02-28,2026-02,FY26,69500,Closed,AW2-2026-02117,61800,2026-04-08,39,2026-05-02,2029-05-01
LP-2023-02118,R0126,Jamal Garcia,Established,SCI,College of Science,S003,Social Innovation Research Council,Federal,Research Project,2023-09-13,2023-09,FY24,198000,Closed,AW2-2023-02118,128200,2023-12-08,86,2024-01-21,2025-07-14
LP-2023-02119,R0048,Elena Patel,Early Career,ARC,College of Architecture and Design,S025,Interdisciplinary Catalyst Fund,Internal,Research Project,2023-08-18,2023-08,FY24,202400,Not Funded,,0,2023-11-14,88,,
LP-2024-02120,R0166,Priya Wang,Senior,SCI,College of Science,S005,National Science Foundation,Federal,Equipment,2024-10-26,2024-10,FY25,347500,Awarded,AW2-2024-02120,271300,2025-01-30,96,2025-03-11,2027-03-11
LP-2024-02121,R0046,Priya Wang,Senior,SCI,College of Science,S017,International Research Consortium,International,Training Grant,2024-09-04,2024-09,FY25,139200,Not Funded,,0,2024-11-12,69,,
LP-2023-02122,R0060,Amina Ahmed,Established,HUM,College of Humanities,S012,Future Cities Foundation,Foundation,Research Project,2023-04-11,2023-04,FY23,136000,Not Funded,,0,2023-10-10,182,,
LP-2025-02123,R0179,Rafael Reyes,Early Career,SOC,College of Social Innovation,S014,Biomedical Discovery Foundation,Foundation,Fellowship,2025-08-07,2025-08,FY26,58200,Not Funded,,0,2026-01-22,168,,
LP-2025-02124,R0133,Arjun Thomas,Early Career,BUS,School of Business,S007,Department of Energy and Climate,Government,Research Project,2025-02-08,2025-02,FY25,227200,Closed,AW2-2025-02124,202300,2025-07-26,168,2025-08-23,2027-08-23
LP-2026-02125,R0058,Lucas Haddad,Early Career,ENG,College of Engineering,S022,Helix Medical Devices,Industry,Research Project,2026-04-18,2026-04,FY26,20400,Withdrawn,,0,2026-08-31,135,,
LP-2025-02126,R0132,Samira Kim,Early Career,HUM,College of Humanities,S008,Ontario Research Fund,Provincial/State,Internal Seed,2025-05-10,2025-05,FY25,380100,Awarded,AW2-2025-02126,249500,2025-07-09,60,2025-08-18,2027-08-18
LP-2025-02127,R0083,Isabelle Laurent,Established,SOC,College of Social Innovation,S025,Interdisciplinary Catalyst Fund,Internal,Research Project,2025-08-16,2025-08,FY26,43000,Active,AW2-2025-02127,40000,2025-11-17,93,2025-12-04,2028-12-03
LP-2023-02128,R0040,Hana Roy,Early Career,ARC,College of Architecture and Design,S021,Vertex Mobility Systems,Industry,Training Grant,2023-12-26,2023-12,FY24,72700,Not Funded,,0,2024-06-17,174,,
LP-2025-02129,R0091,Fatima Khan,Early Career,SOC,College of Social Innovation,S022,Helix Medical Devices,Industry,Research Project,2025-06-16,2025-06,FY25,26600,Awarded,AW2-2025-02129,24400,2025-11-11,148,2026-01-05,2029-01-04
LP-2024-02130,R0144,Mei Tran,Early Career,ARC,College of Architecture and Design,S022,Helix Medical Devices,Industry,Fellowship,2024-07-24,2024-07,FY25,213400,Closed,AW2-2024-02130,153300,2024-11-21,120,2024-12-15,2027-12-15
LP-2024-02131,R0089,Rafael Reyes,Established,LAW,School of Law and Public Policy,S013,Education Access Foundation,Foundation,Fellowship,2024-07-11,2024-07,FY25,199400,Not Funded,,0,2024-12-13,155,,
LP-2026-02132,R0058,Lucas Haddad,Early Career,ENG,College of Engineering,S010,Global Health Foundation,Foundation,Research Project,2026-01-12,2026-01,FY26,54400,Not Funded,,0,2026-05-17,125,,
LP-2025-02133,R0175,Sofia Evans,Early Career,HSC,College of Health Sciences,S012,Future Cities Foundation,Foundation,Research Project,2025-02-23,2025-02,FY25,118800,Not Funded,,0,2025-07-23,150,,
LP-2023-02134,R0027,Grace Williams,Early Career,SOC,College of Social Innovation,S022,Helix Medical Devices,Industry,Fellowship,2023-05-30,2023-05,FY23,190300,Closed,AW2-2023-02134,143800,2023-10-18,141,2023-12-07,2024-12-06
LP-2023-02135,R0018,Elena Patel,Established,ENG,College of Engineering,S022,Helix Medical Devices,Industry,Research Project,2023-06-29,2023-06,FY23,128800,Closed,AW2-2023-02135,87300,2024-01-03,188,2024-02-23,2026-02-22
LP-2025-02136,R0042,Samira Kim,Senior,ENG,College of Engineering,S004,Advanced Technology Agency,Federal,Research Project,2025-11-28,2025-11,FY26,45800,Active,AW2-2025-02136,31700,2026-04-26,149,2026-06-23,2029-06-22
LP-2024-02137,R0085,Sofia Evans,Established,BUS,School of Business,S025,Interdisciplinary Catalyst Fund,Internal,Research Project,2024-12-12,2024-12,FY25,40200,Active,AW2-2024-02137,31200,2025-02-28,78,2025-03-13,2026-09-04
LP-2023-02138,R0133,Arjun Thomas,Early Career,BUS,School of Business,S021,Vertex Mobility Systems,Industry,Research Project,2023-10-16,2023-10,FY24,475500,Closed,AW2-2023-02138,445300,2023-12-08,53,2023-12-30,2026-12-29
LP-2024-02139,R0033,Olivia Costa,Established,LAW,School of Law and Public Policy,S012,Future Cities Foundation,Foundation,Research Project,2024-01-05,2024-01,FY24,212100,Closed,AW2-2024-02139,160000,2024-04-30,116,2024-06-01,2027-06-01
LP-2026-02140,R0105,Leila Martin,Established,LAW,School of Law and Public Policy,S006,Department of Public Health,Government,Training Grant,2026-06-01,2026-06,FY26,221600,Not Funded,,0,2026-08-31,91,,
LP-2025-02141,R0074,Gabriel Dubois,Established,ENG,College of Engineering,S006,Department of Public Health,Government,Research Project,2025-12-05,2025-12,FY26,51000,Active,AW2-2025-02141,36700,2026-06-03,180,2026-06-26,2029-06-25
LP-2024-02142,R0157,Nadia Nguyen,Early Career,BUS,School of Business,S023,Internal Strategic Research Fund,Internal,Research Project,2024-06-04,2024-06,FY24,129000,Not Funded,,0,2024-10-31,149,,
LP-2023-02143,R0070,Hana Roy,Established,SCI,College of Science,S011,Community Wellbeing Trust,Foundation,Training Grant,2023-06-03,2023-06,FY23,116200,Not Funded,,0,2023-10-16,135,,
LP-2025-02144,R0051,Victor Singh,Established,SOC,College of Social Innovation,S015,Civic Data Collaborative,Nonprofit,Research Project,2025-05-02,2025-05,FY25,157600,Not Funded,,0,2025-08-16,106,,
LP-2025-02145,R0095,Daniel Walker,Early Career,HSC,College of Health Sciences,S004,Advanced Technology Agency,Federal,Research Project,2025-06-12,2025-06,FY25,206100,Active,AW2-2025-02145,195700,2025-09-23,103,2025-10-31,2027-10-31
LP-2024-02146,R0082,Chloe Chen,Established,ENG,College of Engineering,S010,Global Health Foundation,Foundation,Research Project,2024-07-22,2024-07,FY25,37100,Not Funded,,0,2024-11-07,108,,
LP-2023-02147,R0123,Olivia Costa,Early Career,SOC,College of Social Innovation,S001,National Health Research Council,Federal,Research Project,2023-04-04,2023-04,FY23,450800,Not Funded,,0,2023-08-28,146,,
LP-2026-02148,R0009,Carlos Ito,Early Career,LAW,School of Law and Public Policy,S021,Vertex Mobility Systems,Industry,Research Project,2026-02-28,2026-02,FY26,60400,Not Funded,,0,2026-06-04,96,,
LP-2024-02149,R0075,Leila Martin,Established,SOC,College of Social Innovation,S012,Future Cities Foundation,Foundation,Research Project,2024-07-01,2024-07,FY25,44900,Not Funded,,0,2024-09-27,88,,
LP-2024-02150,R0172,Chloe Chen,Early Career,HUM,College of Humanities,S016,Urban Resilience Network,Nonprofit,Internal Seed,2024-06-25,2024-06,FY24,922000,Closed,AW2-2024-02150,726000,2024-10-03,100,2024-11-22,2027-11-22
LP-2025-02151,R0174,Mei Tran,Established,SCI,College of Science,S019,Apex Biotechnologies,Industry,Research Project,2025-11-29,2025-11,FY26,314600,Closed,AW2-2025-02151,275800,2026-04-04,126,2026-05-20,2029-05-19
LP-2024-02152,R0045,Leila Martin,Early Career,BUS,School of Business,S013,Education Access Foundation,Foundation,Training Grant,2024-02-08,2024-02,FY24,138500,Active,AW2-2024-02152,99700,2024-06-21,134,2024-08-22,2026-08-22
LP-2025-02153,R0152,Jonah Smith,Early Career,ARC,College of Architecture and Design,S019,Apex Biotechnologies,Industry,Research Project,2025-07-28,2025-07,FY26,292200,Not Funded,,0,2025-12-04,129,,
LP-2023-02154,R0103,Arjun Thomas,Established,HSC,College of Health Sciences,S024,Faculty Seed Grant Program,Internal,Fellowship,2023-07-22,2023-07,FY24,375100,Not Funded,,0,2023-10-08,78,,
LP-2026-02155,R0076,Priya Wang,Early Career,HUM,College of Humanities,S002,Natural Sciences Research Council,Federal,Research Project,2026-02-06,2026-02,FY26,306100,Closed,AW2-2026-02155,259300,2026-06-25,139,2026-07-13,2028-07-12
LP-2024-02156,R0015,Leila Martin,Early Career,HSC,College of Health Sciences,S006,Department of Public Health,Government,Research Project,2024-07-07,2024-07,FY25,48200,Closed,AW2-2024-02156,34800,2024-09-20,75,2024-11-15,2026-05-09
LP-2024-02157,R0179,Rafael Reyes,Early Career,SOC,College of Social Innovation,S003,Social Innovation Research Council,Federal,Fellowship,2024-11-12,2024-11,FY25,90700,Active,AW2-2024-02157,72400,2025-01-09,58,2025-02-11,2027-02-11
LP-2023-02158,R0147,Grace Williams,Early Career,SOC,College of Social Innovation,S021,Vertex Mobility Systems,Industry,Research Project,2023-06-19,2023-06,FY23,317700,Not Funded,,0,2023-11-15,149,,
LP-2026-02159,R0035,Daniel Walker,Established,SOC,College of Social Innovation,S003,Social Innovation Research Council,Federal,Research Project,2026-04-03,2026-04,FY26,40300,Not Funded,,0,2026-05-27,54,,
LP-2025-02160,R0140,Noah Johnson,Early Career,HUM,College of Humanities,S002,Natural Sciences Research Council,Federal,Research Project,2025-09-18,2025-09,FY26,44400,Awarded,AW2-2025-02160,42700,2026-03-05,168,2026-04-22,2029-04-21
LP-2026-02161,R0104,Gabriel Dubois,Early Career,ARC,College of Architecture and Design,S003,Social Innovation Research Council,Federal,Internal Seed,2026-04-06,2026-04,FY26,88900,Under Review,,0,,,,
LP-2026-02162,R0089,Rafael Reyes,Established,LAW,School of Law and Public Policy,S022,Helix Medical Devices,Industry,Research Project,2026-08-02,2026-08,FY27,230600,Under Review,,0,,,,
LP-2023-02163,R0058,Lucas Haddad,Early Career,ENG,College of Engineering,S011,Community Wellbeing Trust,Foundation,Research Project,2023-06-24,2023-06,FY23,112700,Active,AW2-2023-02163,83600,2023-12-09,168,2023-12-27,2024-12-26
LP-2025-02164,R0019,Jia Zhou,Early Career,SOC,College of Social Innovation,S023,Internal Strategic Research Fund,Internal,Research Project,2025-10-27,2025-10,FY26,83500,Active,AW2-2025-02164,67200,2026-04-15,170,2026-06-19,2027-06-19
LP-2026-02165,R0074,Gabriel Dubois,Established,ENG,College of Engineering,S023,Internal Strategic Research Fund,Internal,Equipment,2026-01-07,2026-01,FY26,105400,Not Funded,,0,2026-04-17,100,,
LP-2025-02166,R0086,Camille Mensah,Established,SCI,College of Science,S015,Civic Data Collaborative,Nonprofit,Equipment,2025-05-09,2025-05,FY25,147100,Not Funded,,0,2025-09-26,140,,
LP-2023-02167,R0124,Yara Lee,Established,HUM,College of Humanities,S012,Future Cities Foundation,Foundation,Research Project,2023-04-20,2023-04,FY23,419000,Not Funded,,0,2023-09-16,149,,
LP-2024-02168,R0045,Leila Martin,Early Career,BUS,School of Business,S009,Massachusetts Innovation Fund,Provincial/State,Research Project,2024-01-01,2024-01,FY24,141500,Active,AW2-2024-02168,122100,2024-04-21,111,2024-06-30,2026-06-30
LP-2025-02169,R0047,Zain Gupta,Senior,HSC,College of Health Sciences,S015,Civic Data Collaborative,Nonprofit,Internal Seed,2025-10-18,2025-10,FY26,158900,Not Funded,,0,2025-12-26,69,,
LP-2026-02170,R0071,Maya Bennett,Early Career,HSC,College of Health Sciences,S010,Global Health Foundation,Foundation,Research Project,2026-05-26,2026-05,FY26,190300,Awarded,AW2-2026-02170,154400,2026-08-31,97,2026-10-06,2027-10-06
LP-2026-02171,R0105,Leila Martin,Established,LAW,School of Law and Public Policy,S020,Northstar Analytics,Industry,Research Project,2026-07-18,2026-07,FY27,21200,Under Review,,0,,,,
LP-2025-02172,R0011,Maya Bennett,Early Career,SOC,College of Social Innovation,S002,Natural Sciences Research Council,Federal,Fellowship,2025-07-22,2025-07,FY26,164800,Not Funded,,0,2026-01-20,182,,
LP-2025-02173,R0007,Nadia Nguyen,Established,HSC,College of Health Sciences,S023,Internal Strategic Research Fund,Internal,Research Project,2025-07-14,2025-07,FY26,103900,Active,AW2-2025-02173,82800,2026-01-14,184,2026-02-13,2027-08-07
LP-2023-02174,R0051,Victor Singh,Established,SOC,College of Social Innovation,S024,Faculty Seed Grant Program,Internal,Training Grant,2023-12-27,2023-12,FY24,223600,Not Funded,,0,2024-05-15,140,,
LP-2025-02175,R0137,Zain Gupta,Established,LAW,School of Law and Public Policy,S004,Advanced Technology Agency,Federal,Internal Seed,2025-07-08,2025-07,FY26,149400,Awarded,AW2-2025-02175,102800,2025-11-28,143,2026-01-28,2028-01-28
LP-2024-02176,R0107,Zain Gupta,Early Career,SOC,College of Social Innovation,S022,Helix Medical Devices,Industry,Research Project,2024-09-25,2024-09,FY25,143800,Not Funded,,0,2024-10-30,35,,
LP-2025-02177,R0139,Jia Zhou,Established,SOC,College of Social Innovation,S006,Department of Public Health,Government,Research Project,2025-11-17,2025-11,FY26,1022800,Not Funded,,0,2026-02-18,93,,
LP-2026-02178,R0049,Jia Zhou,Senior,LAW,School of Law and Public Policy,S020,Northstar Analytics,Industry,Internal Seed,2026-07-24,2026-07,FY27,265900,Under Review,,0,,,,
LP-2026-02179,R0022,Chloe Chen,Senior,SCI,College of Science,S011,Community Wellbeing Trust,Foundation,Research Project,2026-06-22,2026-06,FY26,85700,Under Review,,0,,,,
LP-2026-02180,R0118,Lucas Haddad,Senior,SCI,College of Science,S013,Education Access Foundation,Foundation,Research Project,2026-03-03,2026-03,FY26,307800,Active,AW2-2026-02180,302300,2026-06-18,107,2026-08-30,2028-02-21
LP-2024-02181,R0138,Elena Patel,Early Career,ENG,College of Engineering,S001,National Health Research Council,Federal,Fellowship,2024-04-27,2024-04,FY24,38100,Closed,AW2-2024-02181,28700,2024-10-07,163,2024-11-29,2027-11-29
LP-2023-02182,R0124,Yara Lee,Established,HUM,College of Humanities,S007,Department of Energy and Climate,Government,Research Project,2023-10-27,2023-10,FY24,500100,Active,AW2-2023-02182,393900,2024-02-09,105,2024-03-30,2025-03-30
LP-2024-02183,R0144,Mei Tran,Early Career,ARC,College of Architecture and Design,S023,Internal Strategic Research Fund,Internal,Internal Seed,2024-08-27,2024-08,FY25,34500,Closed,AW2-2024-02183,21400,2025-01-31,157,2025-03-14,2026-09-05
LP-2024-02184,R0013,Arjun Thomas,Established,BUS,School of Business,S014,Biomedical Discovery Foundation,Foundation,Training Grant,2024-06-27,2024-06,FY24,42000,Not Funded,,0,2024-09-10,75,,
LP-2023-02185,R0038,Theo Yamamoto,Senior,SCI,College of Science,S020,Northstar Analytics,Industry,Research Project,2023-11-21,2023-11,FY24,107700,Closed,AW2-2023-02185,70700,2024-01-24,64,2024-02-05,2025-07-29
LP-2023-02186,R0089,Rafael Reyes,Established,LAW,School of Law and Public Policy,S012,Future Cities Foundation,Foundation,Training Grant,2023-04-04,2023-04,FY23,178600,Closed,AW2-2023-02186,128000,2023-06-12,69,2023-07-22,2026-07-21
LP-2024-02187,R0074,Gabriel Dubois,Established,ENG,College of Engineering,S012,Future Cities Foundation,Foundation,Equipment,2024-06-01,2024-06,FY24,90500,Not Funded,,0,2024-09-12,103,,
LP-2023-02188,R0123,Olivia Costa,Early Career,SOC,College of Social Innovation,S023,Internal Strategic Research Fund,Internal,Research Project,2023-01-17,2023-01,FY23,318600,Closed,AW2-2023-02188,279900,2023-07-22,186,2023-09-20,2026-09-19
LP-2026-02189,R0051,Victor Singh,Established,SOC,College of Social Innovation,S002,Natural Sciences Research Council,Federal,Research Project,2026-04-07,2026-04,FY26,87000,Under Review,,0,,,,
LP-2023-02190,R0148,Lucas Haddad,Established,HUM,College of Humanities,S012,Future Cities Foundation,Foundation,Training Grant,2023-03-03,2023-03,FY23,318800,Not Funded,,0,2023-06-25,114,,
LP-2026-02191,R0080,Noah Johnson,Established,ARC,College of Architecture and Design,S002,Natural Sciences Research Council,Federal,Research Project,2026-07-09,2026-07,FY27,35800,Withdrawn,,0,2026-08-31,53,,
LP-2025-02192,R0125,Daniel Walker,Established,BUS,School of Business,S005,National Science Foundation,Federal,Research Project,2025-06-07,2025-06,FY25,103700,Not Funded,,0,2025-10-25,140,,
LP-2026-02193,R0049,Jia Zhou,Senior,LAW,School of Law and Public Policy,S014,Biomedical Discovery Foundation,Foundation,Internal Seed,2026-05-22,2026-05,FY26,100800,Under Review,,0,,,,
LP-2026-02194,R0143,Isabelle Laurent,Early Career,HSC,College of Health Sciences,S019,Apex Biotechnologies,Industry,Training Grant,2026-04-01,2026-04,FY26,205200,Not Funded,,0,2026-07-06,96,,
LP-2023-02195,R0143,Isabelle Laurent,Early Career,HSC,College of Health Sciences,S002,Natural Sciences Research Council,Federal,Research Project,2023-03-12,2023-03,FY23,99500,Active,AW2-2023-02195,96700,2023-05-31,80,2023-06-28,2025-06-27
LP-2023-02196,R0044,Gabriel Dubois,Established,HUM,College of Humanities,S005,National Science Foundation,Federal,Training Grant,2023-09-14,2023-09,FY24,47700,Closed,AW2-2023-02196,46400,2024-03-15,183,2024-05-20,2026-05-20
LP-2025-02197,R0080,Noah Johnson,Established,ARC,College of Architecture and Design,S005,National Science Foundation,Federal,Research Project,2025-03-05,2025-03,FY25,48000,Not Funded,,0,2025-06-10,97,,
LP-2024-02198,R0139,Jia Zhou,Established,SOC,College of Social Innovation,S010,Global Health Foundation,Foundation,Training Grant,2024-08-17,2024-08,FY25,239800,Active,AW2-2024-02198,222900,2024-10-11,55,2024-11-16,2026-05-10
LP-2026-02199,R0146,Camille Mensah,Senior,ENG,College of Engineering,S012,Future Cities Foundation,Foundation,Research Project,2026-03-06,2026-03,FY26,78100,Active,AW2-2026-02199,64200,2026-06-06,92,2026-08-13,2028-02-04
LP-2023-02200,R0111,Victor Singh,Senior,HSC,College of Health Sciences,S009,Massachusetts Innovation Fund,Provincial/State,Training Grant,2023-04-22,2023-04,FY23,64400,Closed,AW2-2023-02200,57500,2023-08-29,129,2023-10-13,2025-10-12
LP-2024-02201,R0155,Daniel Walker,Early Career,SOC,College of Social Innovation,S022,Helix Medical Devices,Industry,Research Project,2024-03-15,2024-03,FY24,74500,Not Funded,,0,2024-07-25,132,,
LP-2025-02202,R0117,Grace Williams,Established,BUS,School of Business,S004,Advanced Technology Agency,Federal,Training Grant,2025-03-30,2025-03,FY25,106000,Awarded,AW2-2025-02202,104500,2025-08-28,151,2025-11-01,2027-11-01
LP-2023-02203,R0137,Zain Gupta,Established,LAW,School of Law and Public Policy,S014,Biomedical Discovery Foundation,Foundation,Internal Seed,2023-04-08,2023-04,FY23,94600,Not Funded,,0,2023-07-26,109,,
LP-2024-02204,R0099,Carlos Ito,Senior,SOC,College of Social Innovation,S003,Social Innovation Research Council,Federal,Internal Seed,2024-12-05,2024-12,FY25,22500,Active,AW2-2024-02204,18700,2025-04-04,120,2025-05-07,2026-10-29
LP-2026-02205,R0005,Daniel Walker,Early Career,BUS,School of Business,S025,Interdisciplinary Catalyst Fund,Internal,Research Project,2026-05-30,2026-05,FY26,533100,Active,AW2-2026-02205,498000,2026-08-31,93,2026-10-15,2028-10-14
LP-2024-02206,R0090,Amina Ahmed,Established,ENG,College of Engineering,S023,Internal Strategic Research Fund,Internal,Fellowship,2024-08-29,2024-08,FY25,223000,Withdrawn,,0,2024-12-22,115,,
LP-2025-02207,R0081,Victor Singh,Established,LAW,School of Law and Public Policy,S021,Vertex Mobility Systems,Industry,Research Project,2025-10-02,2025-10,FY26,106900,Active,AW2-2025-02207,74300,2026-01-12,102,2026-02-01,2027-07-26
LP-2025-02208,R0164,Gabriel Dubois,Senior,HUM,College of Humanities,S015,Civic Data Collaborative,Nonprofit,Research Project,2025-09-14,2025-09,FY26,53900,Active,AW2-2025-02208,46900,2026-01-12,120,2026-02-18,2027-08-12
LP-2023-02209,R0109,Jia Zhou,Established,BUS,School of Business,S022,Helix Medical Devices,Industry,Research Project,2023-06-09,2023-06,FY23,120200,Not Funded,,0,2023-08-05,57,,
LP-2026-02210,R0017,Zain Gupta,Established,LAW,School of Law and Public Policy,S022,Helix Medical Devices,Industry,Research Project,2026-05-23,2026-05,FY26,306100,Active,AW2-2026-02210,270200,2026-08-28,97,2026-10-06,2027-10-06
LP-2025-02211,R0055,Sofia Evans,Early Career,HSC,College of Health Sciences,S019,Apex Biotechnologies,Industry,Research Project,2025-08-28,2025-08,FY26,173000,Not Funded,,0,2025-10-06,39,,
LP-2023-02212,R0088,Lucas Haddad,Early Career,ARC,College of Architecture and Design,S006,Department of Public Health,Government,Research Project,2023-10-31,2023-10,FY24,45900,Active,AW2-2023-02212,31700,2024-04-12,164,2024-05-08,2025-05-08
LP-2026-02213,R0060,Amina Ahmed,Established,HUM,College of Humanities,S019,Apex Biotechnologies,Industry,Research Project,2026-02-21,2026-02,FY26,45800,Active,AW2-2026-02213,43400,2026-05-31,99,2026-06-24,2027-12-16
LP-2024-02214,R0169,Jia Zhou,Established,LAW,School of Law and Public Policy,S003,Social Innovation Research Council,Federal,Equipment,2024-11-13,2024-11,FY25,197500,Active,AW2-2024-02214,157900,2025-02-24,103,2025-04-20,2026-04-20
LP-2023-02215,R0118,Lucas Haddad,Senior,SCI,College of Science,S015,Civic Data Collaborative,Nonprofit,Training Grant,2023-12-25,2023-12,FY24,374400,Closed,AW2-2023-02215,363800,2024-06-08,166,2024-06-26,2026-06-26
LP-2024-02216,R0025,Sofia Evans,Early Career,LAW,School of Law and Public Policy,S010,Global Health Foundation,Foundation,Internal Seed,2024-06-20,2024-06,FY24,95200,Not Funded,,0,2024-10-31,133,,
LP-2023-02217,R0052,Chloe Chen,Senior,HUM,College of Humanities,S010,Global Health Foundation,Foundation,Internal Seed,2023-01-27,2023-01,FY23,31500,Not Funded,,0,2023-07-10,164,,
LP-2025-02218,R0115,Sofia Evans,Early Career,SOC,College of Social Innovation,S017,International Research Consortium,International,Training Grant,2025-03-30,2025-03,FY25,315900,Active,AW2-2025-02218,223200,2025-08-04,127,2025-09-13,2028-09-12
LP-2025-02219,R0141,Victor Singh,Senior,BUS,School of Business,S012,Future Cities Foundation,Foundation,Research Project,2025-02-04,2025-02,FY25,58100,Not Funded,,0,2025-04-04,59,,
LP-2025-02220,R0062,Jonah Smith,Senior,SCI,College of Science,S012,Future Cities Foundation,Foundation,Research Project,2025-11-25,2025-11,FY26,143500,Active,AW2-2025-02220,140700,2026-03-27,122,2026-05-18,2028-05-17
LP-2025-02221,R0074,Gabriel Dubois,Established,ENG,College of Engineering,S017,International Research Consortium,International,Research Project,2025-03-20,2025-03,FY25,177500,Awarded,AW2-2025-02221,159900,2025-07-20,122,2025-09-22,2028-09-21
LP-2024-02222,R0044,Gabriel Dubois,Established,HUM,College of Humanities,S012,Future Cities Foundation,Foundation,Research Project,2024-10-24,2024-10,FY25,200800,Awarded,AW2-2024-02222,140900,2025-03-21,148,2025-05-17,2026-05-17
LP-2023-02223,R0128,Theo Yamamoto,Established,ARC,College of Architecture and Design,S014,Biomedical Discovery Foundation,Foundation,Research Project,2023-01-23,2023-01,FY23,140100,Not Funded,,0,2023-03-29,65,,
LP-2023-02224,R0020,Noah Johnson,Senior,HUM,College of Humanities,S015,Civic Data Collaborative,Nonprofit,Internal Seed,2023-04-04,2023-04,FY23,40600,Closed,AW2-2023-02224,28000,2023-09-02,151,2023-10-24,2026-10-23
LP-2026-02225,R0130,Hana Roy,Senior,ENG,College of Engineering,S022,Helix Medical Devices,Industry,Training Grant,2026-07-09,2026-07,FY27,21100,Active,AW2-2026-02225,16100,2026-08-31,53,2026-10-01,2029-09-30
LP-2024-02226,R0078,Elena Patel,Senior,SCI,College of Science,S012,Future Cities Foundation,Foundation,Research Project,2024-11-24,2024-11,FY25,302400,Not Funded,,0,2025-04-22,149,,
LP-2024-02227,R0098,Theo Yamamoto,Early Career,ENG,College of Engineering,S012,Future Cities Foundation,Foundation,Research Project,2024-01-05,2024-01,FY24,157200,Not Funded,,0,2024-04-19,105,,
LP-2023-02228,R0020,Noah Johnson,Senior,HUM,College of Humanities,S006,Department of Public Health,Government,Training Grant,2023-04-10,2023-04,FY23,134000,Not Funded,,0,2023-08-04,116,,
LP-2024-02229,R0077,Zain Gupta,Established,BUS,School of Business,S007,Department of Energy and Climate,Government,Internal Seed,2024-02-08,2024-02,FY24,23500,Not Funded,,0,2024-04-21,73,,
LP-2026-02230,R0001,Fatima Khan,Senior,LAW,School of Law and Public Policy,S005,National Science Foundation,Federal,Research Project,2026-05-12,2026-05,FY26,38700,Active,AW2-2026-02230,35600,2026-08-31,111,2026-11-08,2027-11-08
LP-2026-02231,R0079,Jia Zhou,Established,HSC,College of Health Sciences,S007,Department of Energy and Climate,Government,Internal Seed,2026-05-12,2026-05,FY26,44100,Under Review,,0,,,,
LP-2024-02232,R0152,Jonah Smith,Early Career,ARC,College of Architecture and Design,S015,Civic Data Collaborative,Nonprofit,Research Project,2024-08-25,2024-08,FY25,142400,Active,AW2-2024-02232,107800,2024-10-10,46,2024-12-05,2025-12-05
LP-2025-02233,R0172,Chloe Chen,Early Career,HUM,College of Humanities,S003,Social Innovation Research Council,Federal,Equipment,2025-11-27,2025-11,FY26,89100,Not Funded,,0,2026-02-11,76,,
LP-2024-02234,R0091,Fatima Khan,Early Career,SOC,College of Social Innovation,S011,Community Wellbeing Trust,Foundation,Research Project,2024-08-11,2024-08,FY25,130800,Not Funded,,0,2024-11-01,82,,
LP-2025-02235,R0066,Jamal Garcia,Established,ENG,College of Engineering,S001,National Health Research Council,Federal,Research Project,2025-12-12,2025-12,FY26,381100,Active,AW2-2025-02235,294100,2026-01-28,47,2026-04-01,2027-09-23
LP-2025-02236,R0075,Leila Martin,Established,SOC,College of Social Innovation,S016,Urban Resilience Network,Nonprofit,Research Project,2025-06-26,2025-06,FY25,24700,Awarded,AW2-2025-02236,23300,2025-12-23,180,2026-01-18,2027-01-18
LP-2024-02237,R0106,Priya Wang,Early Career,ENG,College of Engineering,S001,National Health Research Council,Federal,Fellowship,2024-06-18,2024-06,FY24,130000,Not Funded,,0,2024-10-29,133,,
LP-2025-02238,R0162,Samira Kim,Established,ENG,College of Engineering,S010,Global Health Foundation,Foundation,Training Grant,2025-12-18,2025-12,FY26,335200,Not Funded,,0,2026-04-09,112,,
LP-2026-02239,R0050,Noah Johnson,Senior,ENG,College of Engineering,S023,Internal Strategic Research Fund,Internal,Research Project,2026-03-13,2026-03,FY26,98000,Not Funded,,0,2026-07-14,123,,
LP-2025-02240,R0046,Priya Wang,Senior,SCI,College of Science,S003,Social Innovation Research Council,Federal,Internal Seed,2025-08-08,2025-08,FY26,166500,Withdrawn,,0,2025-11-17,101,,
LP-2025-02241,R0121,Fatima Khan,Early Career,LAW,School of Law and Public Policy,S002,Natural Sciences Research Council,Federal,Research Project,2025-09-28,2025-09,FY26,239000,Not Funded,,0,2026-01-29,123,,
LP-2023-02242,R0166,Priya Wang,Senior,SCI,College of Science,S007,Department of Energy and Climate,Government,Research Project,2023-09-03,2023-09,FY24,146300,Closed,AW2-2023-02242,95300,2023-11-03,61,2023-11-30,2024-11-29
LP-2023-02243,R0113,Isabelle Laurent,Established,LAW,School of Law and Public Policy,S009,Massachusetts Innovation Fund,Provincial/State,Research Project,2023-04-24,2023-04,FY23,133900,Closed,AW2-2023-02243,117400,2023-10-26,185,2023-12-02,2026-12-01
LP-2024-02244,R0116,Camille Mensah,Early Career,HUM,College of Humanities,S005,National Science Foundation,Federal,Research Project,2024-03-09,2024-03,FY24,146900,Closed,AW2-2024-02244,134600,2024-08-16,160,2024-10-06,2026-03-30
LP-2023-02245,R0140,Noah Johnson,Early Career,HUM,College of Humanities,S007,Department of Energy and Climate,Government,Research Project,2023-09-07,2023-09,FY24,527500,Active,AW2-2023-02245,490300,2024-01-02,117,2024-02-14,2025-02-13
LP-2025-02246,R0099,Carlos Ito,Senior,SOC,College of Social Innovation,S008,Ontario Research Fund,Provincial/State,Research Project,2025-06-23,2025-06,FY25,48400,Active,AW2-2025-02246,40400,2025-08-07,45,2025-08-17,2027-08-17
LP-2023-02247,R0089,Rafael Reyes,Established,LAW,School of Law and Public Policy,S004,Advanced Technology Agency,Federal,Research Project,2023-11-25,2023-11,FY24,41100,Not Funded,,0,2024-04-27,154,,
LP-2023-02248,R0039,Carlos Ito,Senior,HSC,College of Health Sciences,S015,Civic Data Collaborative,Nonprofit,Internal Seed,2023-05-29,2023-05,FY23,104500,Not Funded,,0,2023-11-17,172,,
LP-2024-02249,R0166,Priya Wang,Senior,SCI,College of Science,S018,Global Development Partnership,International,Research Project,2024-08-17,2024-08,FY25,59600,Closed,AW2-2024-02249,44600,2024-12-18,123,2025-01-10,2027-01-10
LP-2023-02250,R0054,Mei Tran,Established,SCI,College of Science,S023,Internal Strategic Research Fund,Internal,Internal Seed,2023-01-04,2023-01,FY23,83600,Active,AW2-2023-02250,53800,2023-03-26,81,2023-05-02,2024-10-23
LP-2025-02251,R0168,Elena Patel,Early Career,ARC,College of Architecture and Design,S002,Natural Sciences Research Council,Federal,Equipment,2025-04-18,2025-04,FY25,25700,Active,AW2-2025-02251,22500,2025-10-22,187,2025-12-19,2026-12-19
LP-2024-02252,R0012,Samira Kim,Early Career,HUM,College of Humanities,S017,International Research Consortium,International,Equipment,2024-04-22,2024-04,FY24,187400,Active,AW2-2024-02252,128300,2024-06-20,59,2024-08-24,2027-08-24
LP-2025-02253,R0015,Leila Martin,Early Career,HSC,College of Health Sciences,S002,Natural Sciences Research Council,Federal,Internal Seed,2025-09-05,2025-09,FY26,293500,Active,AW2-2025-02253,256300,2026-03-04,180,2026-04-19,2029-04-18
LP-2023-02254,R0153,Olivia Costa,Senior,LAW,School of Law and Public Policy,S003,Social Innovation Research Council,Federal,Research Project,2023-12-16,2023-12,FY24,1344100,Not Funded,,0,2024-04-06,112,,
LP-2024-02255,R0136,Priya Wang,Senior,ARC,College of Architecture and Design,S023,Internal Strategic Research Fund,Internal,Research Project,2024-10-17,2024-10,FY25,145200,Not Funded,,0,2024-12-23,67,,
LP-2023-02256,R0093,Olivia Costa,Early Career,BUS,School of Business,S025,Interdisciplinary Catalyst Fund,Internal,Research Project,2023-05-06,2023-05,FY23,120500,Not Funded,,0,2023-07-31,86,,
LP-2025-02257,R0108,Elena Patel,Established,HUM,College of Humanities,S006,Department of Public Health,Government,Research Project,2025-05-06,2025-05,FY25,160100,Active,AW2-2025-02257,145100,2025-08-21,107,2025-10-31,2028-10-30
LP-2026-02258,R0140,Noah Johnson,Early Career,HUM,College of Humanities,S010,Global Health Foundation,Foundation,Research Project,2026-05-23,2026-05,FY26,146600,Active,AW2-2026-02258,98100,2026-08-31,100,2026-09-17,2028-03-10
LP-2025-02259,R0013,Arjun Thomas,Established,BUS,School of Business,S025,Interdisciplinary Catalyst Fund,Internal,Fellowship,2025-05-11,2025-05,FY25,337900,Active,AW2-2025-02259,301500,2025-11-13,186,2025-12-30,2028-12-29
LP-2024-02260,R0077,Zain Gupta,Established,BUS,School of Business,S025,Interdisciplinary Catalyst Fund,Internal,Research Project,2024-07-09,2024-07,FY25,119000,Not Funded,,0,2024-12-02,146,,
LP-2024-02261,R0103,Arjun Thomas,Established,HSC,College of Health Sciences,S002,Natural Sciences Research Council,Federal,Research Project,2024-12-19,2024-12,FY25,40100,Active,AW2-2024-02261,38900,2025-02-17,60,2025-03-04,2027-03-04
LP-2026-02262,R0014,Gabriel Dubois,Established,SCI,College of Science,S002,Natural Sciences Research Council,Federal,Research Project,2026-04-25,2026-04,FY26,151000,Not Funded,,0,2026-08-31,128,,
LP-2024-02263,R0110,Noah Johnson,Early Career,SCI,College of Science,S012,Future Cities Foundation,Foundation,Research Project,2024-01-30,2024-01,FY24,60000,Not Funded,,0,2024-06-28,150,,
LP-2023-02264,R0095,Daniel Walker,Early Career,HSC,College of Health Sciences,S003,Social Innovation Research Council,Federal,Research Project,2023-06-03,2023-06,FY23,67800,Active,AW2-2023-02264,54200,2023-10-09,128,2023-12-07,2024-12-06
LP-2024-02265,R0068,Theo Yamamoto,Established,HUM,College of Humanities,S013,Education Access Foundation,Foundation,Research Project,2024-09-16,2024-09,FY25,248900,Not Funded,,0,2024-11-07,52,,
LP-2024-02266,R0156,Jamal Garcia,Established,HUM,College of Humanities,S012,Future Cities Foundation,Foundation,Training Grant,2024-03-25,2024-03,FY24,108700,Not Funded,,0,2024-08-19,147,,
LP-2024-02267,R0176,Camille Mensah,Early Career,ARC,College of Architecture and Design,S007,Department of Energy and Climate,Government,Research Project,2024-12-28,2024-12,FY25,89900,Not Funded,,0,2025-05-31,154,,
LP-2025-02268,R0070,Hana Roy,Established,SCI,College of Science,S010,Global Health Foundation,Foundation,Research Project,2025-05-08,2025-05,FY25,97700,Closed,AW2-2025-02268,91100,2025-10-07,152,2025-10-25,2027-10-25
LP-2024-02269,R0091,Fatima Khan,Early Career,SOC,College of Social Innovation,S013,Education Access Foundation,Foundation,Fellowship,2024-04-26,2024-04,FY24,207200,Closed,AW2-2024-02269,182300,2024-06-05,40,2024-07-26,2026-01-17
LP-2025-02270,R0109,Jia Zhou,Established,BUS,School of Business,S008,Ontario Research Fund,Provincial/State,Equipment,2025-05-28,2025-05,FY25,137000,Not Funded,,0,2025-07-02,35,,
LP-2026-02271,R0160,Hana Roy,Established,ARC,College of Architecture and Design,S002,Natural Sciences Research Council,Federal,Research Project,2026-06-21,2026-06,FY26,171600,Not Funded,,0,2026-08-31,71,,
LP-2025-02272,R0007,Nadia Nguyen,Established,HSC,College of Health Sciences,S017,International Research Consortium,International,Research Project,2025-02-11,2025-02,FY25,48800,Not Funded,,0,2025-06-08,117,,
LP-2023-02273,R0108,Elena Patel,Established,HUM,College of Humanities,S005,National Science Foundation,Federal,Research Project,2023-02-23,2023-02,FY23,246000,Not Funded,,0,2023-06-13,110,,
LP-2023-02274,R0039,Carlos Ito,Senior,HSC,College of Health Sciences,S018,Global Development Partnership,International,Equipment,2023-11-23,2023-11,FY24,32900,Not Funded,,0,2024-01-07,45,,
LP-2025-02275,R0068,Theo Yamamoto,Established,HUM,College of Humanities,S006,Department of Public Health,Government,Research Project,2025-09-20,2025-09,FY26,193500,Awarded,AW2-2025-02275,173800,2025-11-28,69,2025-12-13,2026-12-13
LP-2025-02276,R0048,Elena Patel,Early Career,ARC,College of Architecture and Design,S024,Faculty Seed Grant Program,Internal,Research Project,2025-01-14,2025-01,FY25,116400,Not Funded,,0,2025-06-22,159,,
LP-2025-02277,R0141,Victor Singh,Senior,BUS,School of Business,S023,Internal Strategic Research Fund,Internal,Research Project,2025-04-07,2025-04,FY25,52700,Not Funded,,0,2025-08-13,128,,
LP-2024-02278,R0067,Nadia Nguyen,Senior,SOC,College of Social Innovation,S013,Education Access Foundation,Foundation,Fellowship,2024-04-13,2024-04,FY24,263900,Closed,AW2-2024-02278,215300,2024-08-12,121,2024-10-15,2025-10-15
LP-2025-02279,R0078,Elena Patel,Senior,SCI,College of Science,S014,Biomedical Discovery Foundation,Foundation,Fellowship,2025-08-01,2025-08,FY26,52900,Not Funded,,0,2026-01-25,177,,
LP-2026-02280,R0158,Theo Yamamoto,Established,SCI,College of Science,S016,Urban Resilience Network,Nonprofit,Fellowship,2026-05-26,2026-05,FY26,54600,Under Review,,0,,,,
LP-2026-02281,R0077,Zain Gupta,Established,BUS,School of Business,S004,Advanced Technology Agency,Federal,Research Project,2026-06-07,2026-06,FY26,46700,Active,AW2-2026-02281,41900,2026-08-17,71,2026-09-23,2028-09-22
LP-2024-02282,R0081,Victor Singh,Established,LAW,School of Law and Public Policy,S024,Faculty Seed Grant Program,Internal,Research Project,2024-10-21,2024-10,FY25,94300,Not Funded,,0,2025-01-17,88,,
LP-2025-02283,R0148,Lucas Haddad,Established,HUM,College of Humanities,S025,Interdisciplinary Catalyst Fund,Internal,Research Project,2025-09-19,2025-09,FY26,720600,Active,AW2-2025-02283,545400,2025-10-29,40,2025-12-10,2028-12-09
LP-2025-02284,R0075,Leila Martin,Established,SOC,College of Social Innovation,S007,Department of Energy and Climate,Government,Research Project,2025-12-26,2025-12,FY26,26100,Active,AW2-2025-02284,23000,2026-02-21,57,2026-04-16,2029-04-15
LP-2025-02285,R0122,Jonah Smith,Established,ENG,College of Engineering,S017,International Research Consortium,International,Research Project,2025-08-07,2025-08,FY26,91300,Not Funded,,0,2026-01-12,158,,
LP-2026-02286,R0139,Jia Zhou,Established,SOC,College of Social Innovation,S005,National Science Foundation,Federal,Research Project,2026-01-01,2026-01,FY26,35900,Not Funded,,0,2026-07-05,185,,
LP-2026-02287,R0141,Victor Singh,Senior,BUS,School of Business,S025,Interdisciplinary Catalyst Fund,Internal,Research Project,2026-06-04,2026-06,FY26,30300,Active,AW2-2026-02287,19500,2026-08-31,88,2026-11-03,2028-04-26
LP-2023-02288,R0178,Lucas Haddad,Established,ENG,College of Engineering,S005,National Science Foundation,Federal,Research Project,2023-08-21,2023-08,FY24,109300,Not Funded,,0,2023-12-27,128,,
LP-2023-02289,R0076,Priya Wang,Early Career,HUM,College of Humanities,S012,Future Cities Foundation,Foundation,Research Project,2023-02-24,2023-02,FY23,106000,Not Funded,,0,2023-04-05,40,,
LP-2024-02290,R0001,Fatima Khan,Senior,LAW,School of Law and Public Policy,S025,Interdisciplinary Catalyst Fund,Internal,Research Project,2024-12-28,2024-12,FY25,132000,Not Funded,,0,2025-02-01,35,,
LP-2024-02291,R0072,Samira Kim,Established,ARC,College of Architecture and Design,S014,Biomedical Discovery Foundation,Foundation,Equipment,2024-09-20,2024-09,FY25,215300,Not Funded,,0,2025-01-20,122,,
LP-2024-02292,R0123,Olivia Costa,Early Career,SOC,College of Social Innovation,S014,Biomedical Discovery Foundation,Foundation,Internal Seed,2024-12-08,2024-12,FY25,71100,Not Funded,,0,2025-04-01,114,,
LP-2024-02293,R0006,Jamal Garcia,Established,SCI,College of Science,S015,Civic Data Collaborative,Nonprofit,Fellowship,2024-04-10,2024-04,FY24,300700,Active,AW2-2024-02293,206900,2024-08-09,121,2024-09-18,2025-09-18
LP-2026-02294,R0083,Isabelle Laurent,Established,SOC,College of Social Innovation,S024,Faculty Seed Grant Program,Internal,Fellowship,2026-08-02,2026-08,FY27,175400,Submitted,,0,,,,
LP-2025-02295,R0036,Jamal Garcia,Early Career,HUM,College of Humanities,S007,Department of Energy and Climate,Government,Research Project,2025-10-21,2025-10,FY26,199000,Not Funded,,0,2025-12-03,43,,
LP-2023-02296,R0057,Grace Williams,Established,LAW,School of Law and Public Policy,S013,Education Access Foundation,Foundation,Equipment,2023-02-28,2023-02,FY23,140400,Closed,AW2-2023-02296,112600,2023-06-14,106,2023-07-30,2024-07-29
LP-2024-02297,R0160,Hana Roy,Established,ARC,College of Architecture and Design,S020,Northstar Analytics,Industry,Equipment,2024-12-06,2024-12,FY25,250000,Not Funded,,0,2025-06-10,186,,
LP-2024-02298,R0007,Nadia Nguyen,Established,HSC,College of Health Sciences,S023,Internal Strategic Research Fund,Internal,Research Project,2024-07-21,2024-07,FY25,234900,Not Funded,,0,2024-08-26,36,,
LP-2024-02299,R0037,Nadia Nguyen,Early Career,BUS,School of Business,S021,Vertex Mobility Systems,Industry,Fellowship,2024-10-01,2024-10,FY25,207900,Closed,AW2-2024-02299,192100,2024-11-25,55,2024-12-12,2026-06-05
LP-2026-02300,R0094,Yara Lee,Established,SCI,College of Science,S014,Biomedical Discovery Foundation,Foundation,Research Project,2026-07-20,2026-07,FY27,59000,Submitted,,0,,,,
LP-2023-02301,R0177,Grace Williams,Established,LAW,School of Law and Public Policy,S010,Global Health Foundation,Foundation,Internal Seed,2023-10-21,2023-10,FY24,164500,Not Funded,,0,2023-12-22,62,,
LP-2024-02302,R0001,Fatima Khan,Senior,LAW,School of Law and Public Policy,S022,Helix Medical Devices,Industry,Research Project,2024-11-01,2024-11,FY25,98600,Active,AW2-2024-02302,88300,2025-03-18,137,2025-03-31,2028-03-30
LP-2026-02303,R0116,Camille Mensah,Early Career,HUM,College of Humanities,S018,Global Development Partnership,International,Research Project,2026-06-02,2026-06,FY26,200900,Not Funded,,0,2026-08-08,67,,
LP-2024-02304,R0125,Daniel Walker,Established,BUS,School of Business,S010,Global Health Foundation,Foundation,Research Project,2024-03-18,2024-03,FY24,262000,Closed,AW2-2024-02304,195200,2024-09-07,173,2024-11-02,2026-11-02
LP-2025-02305,R0118,Lucas Haddad,Senior,SCI,College of Science,S013,Education Access Foundation,Foundation,Equipment,2025-12-29,2025-12,FY26,275800,Active,AW2-2025-02305,225500,2026-04-29,121,2026-07-12,2027-07-12
LP-2024-02306,R0135,Leila Martin,Established,HSC,College of Health Sciences,S013,Education Access Foundation,Foundation,Research Project,2024-06-21,2024-06,FY24,80100,Closed,AW2-2024-02306,57000,2024-09-10,81,2024-10-23,2026-10-23
LP-2023-02307,R0110,Noah Johnson,Early Career,SCI,College of Science,S005,National Science Foundation,Federal,Research Project,2023-09-30,2023-09,FY24,231300,Not Funded,,0,2023-12-26,87,,
LP-2026-02308,R0050,Noah Johnson,Senior,ENG,College of Engineering,S025,Interdisciplinary Catalyst Fund,Internal,Research Project,2026-02-25,2026-02,FY26,56800,Active,AW2-2026-02308,36400,2026-06-12,107,2026-07-29,2027-07-29
LP-2026-02309,R0032,Jonah Smith,Senior,ARC,College of Architecture and Design,S002,Natural Sciences Research Council,Federal,Internal Seed,2026-08-07,2026-08,FY27,67500,Withdrawn,,0,2026-08-31,24,,
LP-2024-02310,R0053,Isabelle Laurent,Early Career,BUS,School of Business,S003,Social Innovation Research Council,Federal,Research Project,2024-03-14,2024-03,FY24,310000,Active,AW2-2024-02310,200500,2024-06-02,80,2024-07-22,2026-07-22
LP-2023-02311,R0102,Samira Kim,Established,SCI,College of Science,S022,Helix Medical Devices,Industry,Research Project,2023-03-30,2023-03,FY23,138200,Closed,AW2-2023-02311,120200,2023-05-18,49,2023-06-29,2024-06-28
LP-2023-02312,R0146,Camille Mensah,Senior,ENG,College of Engineering,S004,Advanced Technology Agency,Federal,Research Project,2023-10-18,2023-10,FY24,69900,Closed,AW2-2023-02312,46600,2024-02-14,119,2024-04-14,2027-04-14
LP-2024-02313,R0113,Isabelle Laurent,Established,LAW,School of Law and Public Policy,S007,Department of Energy and Climate,Government,Research Project,2024-06-09,2024-06,FY24,55500,Active,AW2-2024-02313,39000,2024-12-03,177,2025-01-18,2026-01-18
LP-2025-02314,R0099,Carlos Ito,Senior,SOC,College of Social Innovation,S019,Apex Biotechnologies,Industry,Research Project,2025-12-09,2025-12,FY26,23800,Not Funded,,0,2026-05-03,145,,
LP-2023-02315,R0176,Camille Mensah,Early Career,ARC,College of Architecture and Design,S019,Apex Biotechnologies,Industry,Internal Seed,2023-01-31,2023-01,FY23,448600,Not Funded,,0,2023-06-14,134,,
LP-2025-02316,R0034,Yara Lee,Established,ENG,College of Engineering,S013,Education Access Foundation,Foundation,Research Project,2025-02-01,2025-02,FY25,52100,Not Funded,,0,2025-07-24,173,,
LP-2024-02317,R0087,Grace Williams,Senior,HSC,College of Health Sciences,S024,Faculty Seed Grant Program,Internal,Research Project,2024-03-24,2024-03,FY24,129400,Closed,AW2-2024-02317,103200,2024-05-23,60,2024-07-16,2026-07-16
LP-2024-02318,R0059,Rafael Reyes,Senior,SOC,College of Social Innovation,S005,National Science Foundation,Federal,Fellowship,2024-05-25,2024-05,FY24,673000,Closed,AW2-2024-02318,434300,2024-07-27,63,2024-08-14,2026-02-05
LP-2024-02319,R0175,Sofia Evans,Early Career,HSC,College of Health Sciences,S017,International Research Consortium,International,Fellowship,2024-03-30,2024-03,FY24,264500,Active,AW2-2024-02319,257200,2024-06-23,85,2024-08-06,2026-01-28
LP-2025-02320,R0074,Gabriel Dubois,Established,ENG,College of Engineering,S008,Ontario Research Fund,Provincial/State,Research Project,2025-11-29,2025-11,FY26,110200,Active,AW2-2025-02320,83100,2026-04-21,143,2026-06-22,2027-06-22
LP-2025-02321,R0017,Zain Gupta,Established,LAW,School of Law and Public Policy,S001,National Health Research Council,Federal,Equipment,2025-12-19,2025-12,FY26,42300,Active,AW2-2025-02321,30600,2026-05-01,133,2026-06-20,2029-06-19
LP-2025-02322,R0102,Samira Kim,Established,SCI,College of Science,S021,Vertex Mobility Systems,Industry,Research Project,2025-10-02,2025-10,FY26,164800,Not Funded,,0,2026-02-16,137,,
LP-2023-02323,R0058,Lucas Haddad,Early Career,ENG,College of Engineering,S004,Advanced Technology Agency,Federal,Fellowship,2023-01-24,2023-01,FY23,107400,Not Funded,,0,2023-07-16,173,,
LP-2023-02324,R0021,Victor Singh,Established,BUS,School of Business,S001,National Health Research Council,Federal,Research Project,2023-05-28,2023-05,FY23,201500,Not Funded,,0,2023-07-12,45,,
LP-2024-02325,R0040,Hana Roy,Early Career,ARC,College of Architecture and Design,S004,Advanced Technology Agency,Federal,Research Project,2024-06-30,2024-06,FY24,68400,Not Funded,,0,2024-08-06,37,,
LP-2024-02326,R0117,Grace Williams,Established,BUS,School of Business,S004,Advanced Technology Agency,Federal,Internal Seed,2024-01-15,2024-01,FY24,93000,Not Funded,,0,2024-05-14,120,,
LP-2024-02327,R0175,Sofia Evans,Early Career,HSC,College of Health Sciences,S018,Global Development Partnership,International,Research Project,2024-07-10,2024-07,FY25,66700,Closed,AW2-2024-02327,52200,2024-08-21,42,2024-10-01,2026-10-01
LP-2023-02328,R0121,Fatima Khan,Early Career,LAW,School of Law and Public Policy,S024,Faculty Seed Grant Program,Internal,Training Grant,2023-06-20,2023-06,FY23,244000,Not Funded,,0,2023-08-05,46,,
LP-2025-02329,R0147,Grace Williams,Early Career,SOC,College of Social Innovation,S014,Biomedical Discovery Foundation,Foundation,Equipment,2025-04-23,2025-04,FY25,248800,Withdrawn,,0,2025-08-27,126,,
LP-2026-02330,R0013,Arjun Thomas,Established,BUS,School of Business,S020,Northstar Analytics,Industry,Fellowship,2026-03-16,2026-03,FY26,255800,Not Funded,,0,2026-08-31,168,,
LP-2025-02331,R0168,Elena Patel,Early Career,ARC,College of Architecture and Design,S011,Community Wellbeing Trust,Foundation,Internal Seed,2025-10-16,2025-10,FY26,128500,Not Funded,,0,2025-12-22,67,,
LP-2026-02332,R0009,Carlos Ito,Early Career,LAW,School of Law and Public Policy,S020,Northstar Analytics,Industry,Research Project,2026-01-25,2026-01,FY26,68700,Awarded,AW2-2026-02332,57300,2026-03-09,43,2026-03-27,2027-03-27
LP-2023-02333,R0135,Leila Martin,Established,HSC,College of Health Sciences,S002,Natural Sciences Research Council,Federal,Research Project,2023-10-27,2023-10,FY24,95700,Active,AW2-2023-02333,71800,2024-01-14,79,2024-03-02,2026-03-02
LP-2025-02334,R0115,Sofia Evans,Early Career,SOC,College of Social Innovation,S001,National Health Research Council,Federal,Research Project,2025-05-26,2025-05,FY25,70200,Awarded,AW2-2025-02334,43800,2025-11-30,188,2025-12-22,2027-06-15
LP-2023-02335,R0052,Chloe Chen,Senior,HUM,College of Humanities,S025,Interdisciplinary Catalyst Fund,Internal,Training Grant,2023-05-14,2023-05,FY23,484100,Not Funded,,0,2023-10-13,152,,
LP-2025-02336,R0021,Victor Singh,Established,BUS,School of Business,S020,Northstar Analytics,Industry,Fellowship,2025-03-16,2025-03,FY25,152800,Not Funded,,0,2025-07-03,109,,
LP-2025-02337,R0106,Priya Wang,Early Career,ENG,College of Engineering,S023,Internal Strategic Research Fund,Internal,Equipment,2025-05-17,2025-05,FY25,489100,Closed,AW2-2025-02337,305300,2025-08-25,100,2025-10-05,2028-10-04
LP-2024-02338,R0095,Daniel Walker,Early Career,HSC,College of Health Sciences,S017,International Research Consortium,International,Internal Seed,2024-06-25,2024-06,FY24,93100,Not Funded,,0,2024-10-21,118,,
LP-2025-02339,R0034,Yara Lee,Established,ENG,College of Engineering,S024,Faculty Seed Grant Program,Internal,Research Project,2025-06-25,2025-06,FY25,454500,Closed,AW2-2025-02339,296800,2025-12-20,178,2026-01-24,2028-01-24
LP-2023-02340,R0134,Gabriel Dubois,Early Career,SCI,College of Science,S014,Biomedical Discovery Foundation,Foundation,Research Project,2023-11-01,2023-11,FY24,360300,Not Funded,,0,2023-12-11,40,,
LP-2023-02341,R0125,Daniel Walker,Established,BUS,School of Business,S018,Global Development Partnership,International,Training Grant,2023-03-23,2023-03,FY23,44900,Not Funded,,0,2023-05-08,46,,
LP-2025-02342,R0149,Rafael Reyes,Early Career,BUS,School of Business,S014,Biomedical Discovery Foundation,Foundation,Research Project,2025-03-05,2025-03,FY25,194700,Withdrawn,,0,2025-07-03,120,,
LP-2024-02343,R0060,Amina Ahmed,Established,HUM,College of Humanities,S024,Faculty Seed Grant Program,Internal,Research Project,2024-09-25,2024-09,FY25,217500,Active,AW2-2024-02343,204500,2024-12-15,81,2025-01-27,2026-07-21
LP-2024-02344,R0039,Carlos Ito,Senior,HSC,College of Health Sciences,S001,National Health Research Council,Federal,Research Project,2024-04-28,2024-04,FY24,61500,Not Funded,,0,2024-10-06,161,,
LP-2023-02345,R0094,Yara Lee,Established,SCI,College of Science,S012,Future Cities Foundation,Foundation,Equipment,2023-04-26,2023-04,FY23,24900,Not Funded,,0,2023-08-08,104,,
LP-2023-02346,R0071,Maya Bennett,Early Career,HSC,College of Health Sciences,S006,Department of Public Health,Government,Research Project,2023-04-25,2023-04,FY23,418900,Active,AW2-2023-02346,402100,2023-07-28,94,2023-09-23,2024-09-22
LP-2025-02347,R0118,Lucas Haddad,Senior,SCI,College of Science,S015,Civic Data Collaborative,Nonprofit,Research Project,2025-05-17,2025-05,FY25,27900,Active,AW2-2025-02347,26600,2025-08-09,84,2025-08-21,2027-08-21
LP-2023-02348,R0108,Elena Patel,Established,HUM,College of Humanities,S005,National Science Foundation,Federal,Research Project,2023-11-15,2023-11,FY24,113900,Not Funded,,0,2024-02-08,85,,
LP-2023-02349,R0080,Noah Johnson,Established,ARC,College of Architecture and Design,S025,Interdisciplinary Catalyst Fund,Internal,Research Project,2023-06-03,2023-06,FY23,231700,Not Funded,,0,2023-09-13,102,,
LP-2023-02350,R0087,Grace Williams,Senior,HSC,College of Health Sciences,S019,Apex Biotechnologies,Industry,Training Grant,2023-12-31,2023-12,FY24,459400,Not Funded,,0,2024-02-07,38,,
LP-2026-02351,R0178,Lucas Haddad,Established,ENG,College of Engineering,S023,Internal Strategic Research Fund,Internal,Equipment,2026-05-14,2026-05,FY26,137700,Under Review,,0,,,,
LP-2026-02352,R0163,Arjun Thomas,Early Career,SOC,College of Social Innovation,S018,Global Development Partnership,International,Training Grant,2026-01-14,2026-01,FY26,120200,Active,AW2-2026-02352,80200,2026-07-03,170,2026-07-13,2028-01-04
LP-2024-02353,R0034,Yara Lee,Established,ENG,College of Engineering,S011,Community Wellbeing Trust,Foundation,Internal Seed,2024-01-18,2024-01,FY24,200000,Closed,AW2-2024-02353,159900,2024-03-03,45,2024-04-02,2025-09-24
LP-2023-02354,R0125,Daniel Walker,Established,BUS,School of Business,S006,Department of Public Health,Government,Research Project,2023-10-20,2023-10,FY24,126900,Closed,AW2-2023-02354,83800,2023-11-27,38,2024-01-24,2027-01-23
LP-2025-02355,R0147,Grace Williams,Early Career,SOC,College of Social Innovation,S024,Faculty Seed Grant Program,Internal,Research Project,2025-02-28,2025-02,FY25,163700,Active,AW2-2025-02355,139700,2025-06-07,99,2025-07-17,2027-07-17
LP-2024-02356,R0047,Zain Gupta,Senior,HSC,College of Health Sciences,S009,Massachusetts Innovation Fund,Provincial/State,Research Project,2024-10-13,2024-10,FY25,421500,Not Funded,,0,2025-03-05,143,,
LP-2024-02357,R0085,Sofia Evans,Established,BUS,School of Business,S021,Vertex Mobility Systems,Industry,Fellowship,2024-12-23,2024-12,FY25,88800,Not Funded,,0,2025-04-01,99,,
LP-2026-02358,R0132,Samira Kim,Early Career,HUM,College of Humanities,S012,Future Cities Foundation,Foundation,Fellowship,2026-01-22,2026-01,FY26,129000,Active,AW2-2026-02358,91400,2026-05-06,104,2026-05-27,2027-11-18
LP-2026-02359,R0144,Mei Tran,Early Career,ARC,College of Architecture and Design,S009,Massachusetts Innovation Fund,Provincial/State,Equipment,2026-06-24,2026-06,FY26,228000,Active,AW2-2026-02359,178500,2026-08-31,68,2026-10-19,2028-04-11
LP-2023-02360,R0177,Grace Williams,Established,LAW,School of Law and Public Policy,S012,Future Cities Foundation,Foundation,Training Grant,2023-08-03,2023-08,FY24,220500,Not Funded,,0,2023-11-11,100,,
LP-2024-02361,R0011,Maya Bennett,Early Career,SOC,College of Social Innovation,S004,Advanced Technology Agency,Federal,Research Project,2024-03-26,2024-03,FY24,39500,Closed,AW2-2024-02361,25000,2024-09-02,160,2024-09-16,2026-03-10
LP-2026-02362,R0124,Yara Lee,Established,HUM,College of Humanities,S008,Ontario Research Fund,Provincial/State,Training Grant,2026-02-16,2026-02,FY26,26900,Active,AW2-2026-02362,24900,2026-06-22,126,2026-08-04,2027-08-04
LP-2023-02363,R0151,Fatima Khan,Early Career,HSC,College of Health Sciences,S014,Biomedical Discovery Foundation,Foundation,Research Project,2023-12-18,2023-12,FY24,242200,Active,AW2-2023-02363,162200,2024-04-18,122,2024-07-01,2025-07-01
LP-2023-02364,R0019,Jia Zhou,Early Career,SOC,College of Social Innovation,S024,Faculty Seed Grant Program,Internal,Research Project,2023-09-07,2023-09,FY24,99600,Not Funded,,0,2024-02-20,166,,
LP-2024-02365,R0119,Rafael Reyes,Established,HSC,College of Health Sciences,S024,Faculty Seed Grant Program,Internal,Research Project,2024-01-27,2024-01,FY24,240200,Not Funded,,0,2024-07-11,166,,
LP-2024-02366,R0017,Zain Gupta,Established,LAW,School of Law and Public Policy,S020,Northstar Analytics,Industry,Equipment,2024-03-25,2024-03,FY24,129200,Active,AW2-2024-02366,121600,2024-06-10,77,2024-07-21,2027-07-21
LP-2024-02367,R0148,Lucas Haddad,Established,HUM,College of Humanities,S011,Community Wellbeing Trust,Foundation,Equipment,2024-12-01,2024-12,FY25,143500,Active,AW2-2024-02367,102600,2025-05-01,151,2025-07-14,2026-07-14
LP-2026-02368,R0013,Arjun Thomas,Established,BUS,School of Business,S024,Faculty Seed Grant Program,Internal,Research Project,2026-05-04,2026-05,FY26,49700,Active,AW2-2026-02368,43100,2026-06-19,46,2026-09-01,2027-09-01
LP-2026-02369,R0158,Theo Yamamoto,Established,SCI,College of Science,S011,Community Wellbeing Trust,Foundation,Research Project,2026-07-12,2026-07,FY27,125200,Not Funded,,0,2026-08-31,50,,
LP-2024-02370,R0045,Leila Martin,Early Career,BUS,School of Business,S022,Helix Medical Devices,Industry,Research Project,2024-02-02,2024-02,FY24,214900,Closed,AW2-2024-02370,154300,2024-03-27,54,2024-04-24,2026-04-24
LP-2023-02371,R0128,Theo Yamamoto,Established,ARC,College of Architecture and Design,S006,Department of Public Health,Government,Fellowship,2023-06-07,2023-06,FY23,98100,Active,AW2-2023-02371,67500,2023-11-09,155,2023-12-05,2025-05-28
LP-2024-02372,R0085,Sofia Evans,Established,BUS,School of Business,S012,Future Cities Foundation,Foundation,Training Grant,2024-01-31,2024-01,FY24,289400,Not Funded,,0,2024-04-27,87,,
LP-2024-02373,R0159,Carlos Ito,Early Career,HSC,College of Health Sciences,S007,Department of Energy and Climate,Government,Research Project,2024-03-25,2024-03,FY24,36300,Closed,AW2-2024-02373,26900,2024-05-12,48,2024-07-10,2027-07-10
LP-2026-02374,R0052,Chloe Chen,Senior,HUM,College of Humanities,S018,Global Development Partnership,International,Research Project,2026-07-04,2026-07,FY27,78100,Under Review,,0,,,,
LP-2024-02375,R0097,Nadia Nguyen,Established,LAW,School of Law and Public Policy,S021,Vertex Mobility Systems,Industry,Research Project,2024-01-09,2024-01,FY24,31900,Not Funded,,0,2024-03-17,68,,
LP-2023-02376,R0040,Hana Roy,Early Career,ARC,College of Architecture and Design,S006,Department of Public Health,Government,Training Grant,2023-05-18,2023-05,FY23,53000,Not Funded,,0,2023-09-20,125,,
LP-2025-02377,R0074,Gabriel Dubois,Established,ENG,College of Engineering,S024,Faculty Seed Grant Program,Internal,Equipment,2025-07-03,2025-07,FY26,305200,Not Funded,,0,2026-01-05,186,,
LP-2025-02378,R0110,Noah Johnson,Early Career,SCI,College of Science,S022,Helix Medical Devices,Industry,Research Project,2025-11-20,2025-11,FY26,154100,Active,AW2-2025-02378,99900,2026-02-28,100,2026-03-11,2029-03-10
LP-2024-02379,R0167,Zain Gupta,Established,HSC,College of Health Sciences,S002,Natural Sciences Research Council,Federal,Training Grant,2024-11-29,2024-11,FY25,130500,Not Funded,,0,2025-04-22,144,,
LP-2023-02380,R0060,Amina Ahmed,Established,HUM,College of Humanities,S001,National Health Research Council,Federal,Research Project,2023-11-10,2023-11,FY24,420900,Not Funded,,0,2024-04-25,167,,
LP-2026-02381,R0162,Samira Kim,Established,ENG,College of Engineering,S008,Ontario Research Fund,Provincial/State,Research Project,2026-08-13,2026-08,FY27,86600,Withdrawn,,0,2026-08-31,18,,
LP-2024-02382,R0117,Grace Williams,Established,BUS,School of Business,S018,Global Development Partnership,International,Research Project,2024-09-12,2024-09,FY25,39300,Not Funded,,0,2025-01-30,140,,
LP-2024-02383,R0058,Lucas Haddad,Early Career,ENG,College of Engineering,S024,Faculty Seed Grant Program,Internal,Research Project,2024-11-26,2024-11,FY25,68500,Not Funded,,0,2025-06-03,189,,
LP-2023-02384,R0104,Gabriel Dubois,Early Career,ARC,College of Architecture and Design,S013,Education Access Foundation,Foundation,Training Grant,2023-06-17,2023-06,FY23,37900,Closed,AW2-2023-02384,33100,2023-11-14,150,2023-12-27,2024-12-26
LP-2025-02385,R0073,Arjun Thomas,Early Career,LAW,School of Law and Public Policy,S004,Advanced Technology Agency,Federal,Internal Seed,2025-12-27,2025-12,FY26,125400,Active,AW2-2025-02385,113500,2026-04-13,107,2026-05-05,2029-05-04
LP-2024-02386,R0010,Hana Roy,Early Career,ENG,College of Engineering,S006,Department of Public Health,Government,Equipment,2024-05-29,2024-05,FY24,151300,Active,AW2-2024-02386,144500,2024-07-09,41,2024-08-17,2025-08-17
LP-2026-02387,R0030,Amina Ahmed,Established,SCI,College of Science,S022,Helix Medical Devices,Industry,Training Grant,2026-07-28,2026-07,FY27,159700,Under Review,,0,,,,
LP-2026-02388,R0063,Olivia Costa,Early Career,HSC,College of Health Sciences,S018,Global Development Partnership,International,Training Grant,2026-08-01,2026-08,FY27,199500,Submitted,,0,,,,
LP-2023-02389,R0158,Theo Yamamoto,Established,SCI,College of Science,S012,Future Cities Foundation,Foundation,Research Project,2023-02-06,2023-02,FY23,148600,Not Funded,,0,2023-05-16,99,,
LP-2026-02390,R0098,Theo Yamamoto,Early Career,ENG,College of Engineering,S003,Social Innovation Research Council,Federal,Research Project,2026-08-07,2026-08,FY27,67900,Submitted,,0,,,,
LP-2025-02391,R0177,Grace Williams,Established,LAW,School of Law and Public Policy,S001,National Health Research Council,Federal,Research Project,2025-12-14,2025-12,FY26,59000,Active,AW2-2025-02391,41500,2026-03-08,84,2026-05-11,2027-11-02
LP-2025-02392,R0089,Rafael Reyes,Established,LAW,School of Law and Public Policy,S010,Global Health Foundation,Foundation,Research Project,2025-03-24,2025-03,FY25,29700,Not Funded,,0,2025-08-11,140,,
LP-2026-02393,R0103,Arjun Thomas,Established,HSC,College of Health Sciences,S002,Natural Sciences Research Council,Federal,Training Grant,2026-08-04,2026-08,FY27,46000,Under Review,,0,,,,
LP-2026-02394,R0059,Rafael Reyes,Senior,SOC,College of Social Innovation,S005,National Science Foundation,Federal,Research Project,2026-07-20,2026-07,FY27,624200,Under Review,,0,,,,
LP-2023-02395,R0024,Mei Tran,Established,ARC,College of Architecture and Design,S023,Internal Strategic Research Fund,Internal,Internal Seed,2023-11-15,2023-11,FY24,30300,Closed,AW2-2023-02395,22300,2024-05-15,182,2024-05-27,2026-05-27
LP-2023-02396,R0027,Grace Williams,Early Career,SOC,College of Social Innovation,S007,Department of Energy and Climate,Government,Research Project,2023-04-30,2023-04,FY23,166900,Withdrawn,,0,2023-09-25,148,,
LP-2023-02397,R0141,Victor Singh,Senior,BUS,School of Business,S002,Natural Sciences Research Council,Federal,Equipment,2023-04-02,2023-04,FY23,128500,Not Funded,,0,2023-08-02,122,,
LP-2026-02398,R0091,Fatima Khan,Early Career,SOC,College of Social Innovation,S025,Interdisciplinary Catalyst Fund,Internal,Research Project,2026-01-15,2026-01,FY26,206000,Not Funded,,0,2026-05-30,135,,
LP-2023-02399,R0093,Olivia Costa,Early Career,BUS,School of Business,S003,Social Innovation Research Council,Federal,Fellowship,2023-01-23,2023-01,FY23,59800,Not Funded,,0,2023-02-28,36,,
LP-2025-02400,R0142,Chloe Chen,Established,SCI,College of Science,S005,National Science Foundation,Federal,Research Project,2025-04-19,2025-04,FY25,42900,Active,AW2-2025-02400,27700,2025-09-13,147,2025-11-22,2028-11-21
LP-2025-02401,R0034,Yara Lee,Established,ENG,College of Engineering,S024,Faculty Seed Grant Program,Internal,Research Project,2025-05-16,2025-05,FY25,70800,Awarded,AW2-2025-02401,59500,2025-11-01,169,2025-11-28,2027-11-28
LP-2023-02402,R0175,Sofia Evans,Early Career,HSC,College of Health Sciences,S001,National Health Research Council,Federal,Training Grant,2023-02-23,2023-02,FY23,161300,Not Funded,,0,2023-04-17,53,,
LP-2023-02403,R0096,Jamal Garcia,Established,ARC,College of Architecture and Design,S002,Natural Sciences Research Council,Federal,Research Project,2023-03-08,2023-03,FY23,227900,Not Funded,,0,2023-06-20,104,,
LP-2025-02404,R0125,Daniel Walker,Established,BUS,School of Business,S010,Global Health Foundation,Foundation,Fellowship,2025-05-02,2025-05,FY25,45900,Awarded,AW2-2025-02404,43500,2025-08-10,100,2025-10-05,2028-10-04
LP-2023-02405,R0104,Gabriel Dubois,Early Career,ARC,College of Architecture and Design,S008,Ontario Research Fund,Provincial/State,Internal Seed,2023-12-25,2023-12,FY24,156200,Withdrawn,,0,2024-02-24,61,,
LP-2023-02406,R0065,Daniel Walker,Established,LAW,School of Law and Public Policy,S015,Civic Data Collaborative,Nonprofit,Internal Seed,2023-09-18,2023-09,FY24,58600,Closed,AW2-2023-02406,46500,2023-10-26,38,2023-12-06,2025-05-29
LP-2026-02407,R0180,Amina Ahmed,Established,HUM,College of Humanities,S017,International Research Consortium,International,Equipment,2026-01-11,2026-01,FY26,99400,Not Funded,,0,2026-05-18,127,,
LP-2026-02408,R0103,Arjun Thomas,Established,HSC,College of Health Sciences,S019,Apex Biotechnologies,Industry,Internal Seed,2026-03-20,2026-03,FY26,70800,Not Funded,,0,2026-08-31,164,,
LP-2025-02409,R0050,Noah Johnson,Senior,ENG,College of Engineering,S002,Natural Sciences Research Council,Federal,Internal Seed,2025-06-30,2025-06,FY25,275600,Active,AW2-2025-02409,172200,2025-11-07,130,2025-11-22,2027-05-16
LP-2026-02410,R0166,Priya Wang,Senior,SCI,College of Science,S001,National Health Research Council,Federal,Fellowship,2026-04-22,2026-04,FY26,339900,Under Review,,0,,,,
LP-2024-02411,R0104,Gabriel Dubois,Early Career,ARC,College of Architecture and Design,S002,Natural Sciences Research Council,Federal,Research Project,2024-03-16,2024-03,FY24,57500,Closed,AW2-2024-02411,37700,2024-07-13,119,2024-09-15,2027-09-15
LP-2025-02412,R0025,Sofia Evans,Early Career,LAW,School of Law and Public Policy,S009,Massachusetts Innovation Fund,Provincial/State,Training Grant,2025-11-16,2025-11,FY26,270300,Active,AW2-2025-02412,210000,2026-03-23,127,2026-04-05,2028-04-04
LP-2025-02413,R0148,Lucas Haddad,Established,HUM,College of Humanities,S019,Apex Biotechnologies,Industry,Fellowship,2025-07-26,2025-07,FY26,156900,Active,AW2-2025-02413,99800,2025-09-30,66,2025-11-09,2027-11-09
LP-2025-02414,R0104,Gabriel Dubois,Early Career,ARC,College of Architecture and Design,S005,National Science Foundation,Federal,Research Project,2025-12-31,2025-12,FY26,55900,Not Funded,,0,2026-02-15,46,,
LP-2025-02415,R0084,Mei Tran,Senior,HUM,College of Humanities,S002,Natural Sciences Research Council,Federal,Equipment,2025-11-02,2025-11,FY26,58300,Active,AW2-2025-02415,50500,2025-12-14,42,2026-01-18,2027-01-18
LP-2025-02416,R0099,Carlos Ito,Senior,SOC,College of Social Innovation,S001,National Health Research Council,Federal,Research Project,2025-04-07,2025-04,FY25,242100,Not Funded,,0,2025-05-25,48,,
LP-2023-02417,R0015,Leila Martin,Early Career,HSC,College of Health Sciences,S019,Apex Biotechnologies,Industry,Research Project,2023-07-29,2023-07,FY24,146700,Closed,AW2-2023-02417,111900,2023-11-11,105,2023-12-14,2024-12-13
LP-2023-02418,R0173,Isabelle Laurent,Established,BUS,School of Business,S002,Natural Sciences Research Council,Federal,Research Project,2023-12-22,2023-12,FY24,170400,Not Funded,,0,2024-03-20,89,,
LP-2023-02419,R0132,Samira Kim,Early Career,HUM,College of Humanities,S002,Natural Sciences Research Council,Federal,Internal Seed,2023-12-05,2023-12,FY24,107400,Closed,AW2-2023-02419,92200,2024-03-27,113,2024-05-01,2025-05-01
LP-2024-02420,R0132,Samira Kim,Early Career,HUM,College of Humanities,S002,Natural Sciences Research Council,Federal,Research Project,2024-04-19,2024-04,FY24,121000,Closed,AW2-2024-02420,115800,2024-07-13,85,2024-09-01,2026-09-01
LP-2023-02421,R0108,Elena Patel,Established,HUM,College of Humanities,S007,Department of Energy and Climate,Government,Research Project,2023-12-04,2023-12,FY24,443600,Not Funded,,0,2024-02-01,59,,
LP-2025-02422,R0077,Zain Gupta,Established,BUS,School of Business,S025,Interdisciplinary Catalyst Fund,Internal,Research Project,2025-12-09,2025-12,FY26,63500,Not Funded,,0,2026-02-25,78,,
LP-2023-02423,R0145,Sofia Evans,Senior,LAW,School of Law and Public Policy,S017,International Research Consortium,International,Research Project,2023-11-19,2023-11,FY24,256500,Active,AW2-2023-02423,227400,2024-03-04,106,2024-04-28,2025-10-20
LP-2024-02424,R0057,Grace Williams,Established,LAW,School of Law and Public Policy,S013,Education Access Foundation,Foundation,Research Project,2024-02-20,2024-02,FY24,172800,Not Funded,,0,2024-08-15,177,,
LP-2023-02425,R0099,Carlos Ito,Senior,SOC,College of Social Innovation,S011,Community Wellbeing Trust,Foundation,Research Project,2023-01-17,2023-01,FY23,206500,Closed,AW2-2023-02425,132600,2023-06-05,139,2023-07-22,2025-07-21
LP-2025-02426,R0103,Arjun Thomas,Established,HSC,College of Health Sciences,S015,Civic Data Collaborative,Nonprofit,Research Project,2025-07-06,2025-07,FY26,46300,Active,AW2-2025-02426,46100,2025-10-26,112,2025-11-16,2027-05-10
LP-2024-02427,R0177,Grace Williams,Established,LAW,School of Law and Public Policy,S008,Ontario Research Fund,Provincial/State,Research Project,2024-12-25,2024-12,FY25,78700,Active,AW2-2024-02427,66900,2025-05-07,133,2025-06-24,2028-06-23
LP-2024-02428,R0056,Camille Mensah,Established,ARC,College of Architecture and Design,S016,Urban Resilience Network,Nonprofit,Research Project,2024-02-23,2024-02,FY24,185600,Withdrawn,,0,2024-07-26,154,,
LP-2026-02429,R0142,Chloe Chen,Established,SCI,College of Science,S019,Apex Biotechnologies,Industry,Equipment,2026-06-06,2026-06,FY26,254700,Active,AW2-2026-02429,228700,2026-08-31,86,2026-11-01,2027-11-01
LP-2024-02430,R0022,Chloe Chen,Senior,SCI,College of Science,S019,Apex Biotechnologies,Industry,Research Project,2024-07-12,2024-07,FY25,264900,Closed,AW2-2024-02430,264500,2024-10-06,86,2024-12-19,2025-12-19
LP-2023-02431,R0145,Sofia Evans,Senior,LAW,School of Law and Public Policy,S009,Massachusetts Innovation Fund,Provincial/State,Equipment,2023-04-12,2023-04,FY23,1026500,Closed,AW2-2023-02431,650200,2023-08-27,137,2023-10-30,2024-10-29
LP-2026-02432,R0103,Arjun Thomas,Established,HSC,College of Health Sciences,S023,Internal Strategic Research Fund,Internal,Fellowship,2026-01-09,2026-01,FY26,31700,Awarded,AW2-2026-02432,29800,2026-02-22,44,2026-03-17,2027-03-17
LP-2025-02433,R0147,Grace Williams,Early Career,SOC,College of Social Innovation,S004,Advanced Technology Agency,Federal,Research Project,2025-02-22,2025-02,FY25,313900,Active,AW2-2025-02433,211100,2025-08-15,174,2025-08-30,2027-08-30
LP-2025-02434,R0088,Lucas Haddad,Early Career,ARC,College of Architecture and Design,S022,Helix Medical Devices,Industry,Internal Seed,2025-11-26,2025-11,FY26,176600,Closed,AW2-2025-02434,135000,2026-06-04,190,2026-07-21,2029-07-20
LP-2023-02435,R0135,Leila Martin,Established,HSC,College of Health Sciences,S002,Natural Sciences Research Council,Federal,Internal Seed,2023-02-19,2023-02,FY23,33000,Not Funded,,0,2023-07-08,139,,
LP-2023-02436,R0078,Elena Patel,Senior,SCI,College of Science,S012,Future Cities Foundation,Foundation,Research Project,2023-07-03,2023-07,FY24,39600,Closed,AW2-2023-02436,25800,2023-08-08,36,2023-08-31,2025-02-21
LP-2025-02437,R0044,Gabriel Dubois,Established,HUM,College of Humanities,S006,Department of Public Health,Government,Research Project,2025-02-28,2025-02,FY25,37400,Active,AW2-2025-02437,25000,2025-06-24,116,2025-08-21,2028-08-20
LP-2025-02438,R0141,Victor Singh,Senior,BUS,School of Business,S021,Vertex Mobility Systems,Industry,Research Project,2025-08-28,2025-08,FY26,148400,Awarded,AW2-2025-02438,118200,2026-01-12,137,2026-01-23,2027-01-23
LP-2025-02439,R0170,Noah Johnson,Established,ENG,College of Engineering,S010,Global Health Foundation,Foundation,Equipment,2025-10-16,2025-10,FY26,42800,Active,AW2-2025-02439,42300,2026-03-30,165,2026-06-02,2027-11-24
LP-2025-02440,R0047,Zain Gupta,Senior,HSC,College of Health Sciences,S005,National Science Foundation,Federal,Equipment,2025-01-31,2025-01,FY25,74700,Closed,AW2-2025-02440,69500,2025-05-30,119,2025-08-11,2028-08-10
LP-2025-02441,R0164,Gabriel Dubois,Senior,HUM,College of Humanities,S014,Biomedical Discovery Foundation,Foundation,Research Project,2025-02-20,2025-02,FY25,129700,Not Funded,,0,2025-04-25,64,,
LP-2023-02442,R0042,Samira Kim,Senior,ENG,College of Engineering,S024,Faculty Seed Grant Program,Internal,Equipment,2023-02-15,2023-02,FY23,599300,Not Funded,,0,2023-07-10,145,,
LP-2024-02443,R0006,Jamal Garcia,Established,SCI,College of Science,S022,Helix Medical Devices,Industry,Research Project,2024-06-18,2024-06,FY24,525900,Withdrawn,,0,2024-11-12,147,,
LP-2024-02444,R0035,Daniel Walker,Established,SOC,College of Social Innovation,S005,National Science Foundation,Federal,Research Project,2024-12-02,2024-12,FY25,46800,Closed,AW2-2024-02444,30500,2025-03-30,118,2025-05-15,2028-05-14
LP-2024-02445,R0051,Victor Singh,Established,SOC,College of Social Innovation,S014,Biomedical Discovery Foundation,Foundation,Training Grant,2024-03-25,2024-03,FY24,154100,Closed,AW2-2024-02445,126500,2024-06-03,70,2024-07-17,2026-01-08
LP-2025-02446,R0166,Priya Wang,Senior,SCI,College of Science,S013,Education Access Foundation,Foundation,Internal Seed,2025-09-18,2025-09,FY26,25700,Not Funded,,0,2026-03-22,185,,
LP-2023-02447,R0085,Sofia Evans,Established,BUS,School of Business,S014,Biomedical Discovery Foundation,Foundation,Training Grant,2023-04-12,2023-04,FY23,45200,Closed,AW2-2023-02447,36300,2023-05-19,37,2023-06-17,2026-06-16
LP-2026-02448,R0141,Victor Singh,Senior,BUS,School of Business,S010,Global Health Foundation,Foundation,Research Project,2026-04-02,2026-04,FY26,34400,Not Funded,,0,2026-08-21,141,,
LP-2023-02449,R0094,Yara Lee,Established,SCI,College of Science,S007,Department of Energy and Climate,Government,Research Project,2023-03-14,2023-03,FY23,182400,Active,AW2-2023-02449,146000,2023-08-18,157,2023-09-19,2025-09-18
LP-2025-02450,R0152,Jonah Smith,Early Career,ARC,College of Architecture and Design,S014,Biomedical Discovery Foundation,Foundation,Training Grant,2025-11-02,2025-11,FY26,47200,Active,AW2-2025-02450,33300,2025-12-07,35,2026-02-01,2027-02-01
LP-2026-02451,R0043,Arjun Thomas,Early Career,SOC,College of Social Innovation,S024,Faculty Seed Grant Program,Internal,Research Project,2026-06-02,2026-06,FY26,52300,Withdrawn,,0,2026-07-17,45,,
LP-2025-02452,R0164,Gabriel Dubois,Senior,HUM,College of Humanities,S016,Urban Resilience Network,Nonprofit,Fellowship,2025-08-07,2025-08,FY26,78500,Active,AW2-2025-02452,52600,2026-01-29,175,2026-03-11,2027-09-02
LP-2023-02453,R0108,Elena Patel,Established,HUM,College of Humanities,S006,Department of Public Health,Government,Equipment,2023-03-29,2023-03,FY23,83600,Active,AW2-2023-02453,76400,2023-08-26,150,2023-10-27,2024-10-26
LP-2024-02454,R0048,Elena Patel,Early Career,ARC,College of Architecture and Design,S011,Community Wellbeing Trust,Foundation,Internal Seed,2024-07-29,2024-07,FY25,242300,Closed,AW2-2024-02454,233700,2024-10-01,64,2024-11-02,2027-11-02
LP-2026-02455,R0158,Theo Yamamoto,Established,SCI,College of Science,S024,Faculty Seed Grant Program,Internal,Research Project,2026-01-25,2026-01,FY26,672200,Not Funded,,0,2026-03-07,41,,
LP-2025-02456,R0172,Chloe Chen,Early Career,HUM,College of Humanities,S010,Global Health Foundation,Foundation,Research Project,2025-02-21,2025-02,FY25,64800,Withdrawn,,0,2025-07-13,142,,
LP-2026-02457,R0107,Zain Gupta,Early Career,SOC,College of Social Innovation,S011,Community Wellbeing Trust,Foundation,Research Project,2026-04-18,2026-04,FY26,344700,Under Review,,0,,,,
LP-2024-02458,R0137,Zain Gupta,Established,LAW,School of Law and Public Policy,S010,Global Health Foundation,Foundation,Internal Seed,2024-08-21,2024-08,FY25,197600,Closed,AW2-2024-02458,161200,2025-02-08,171,2025-02-26,2026-08-20
LP-2024-02459,R0109,Jia Zhou,Established,BUS,School of Business,S015,Civic Data Collaborative,Nonprofit,Research Project,2024-07-23,2024-07,FY25,264000,Closed,AW2-2024-02459,218600,2024-12-17,147,2024-12-31,2026-12-31
LP-2025-02460,R0084,Mei Tran,Senior,HUM,College of Humanities,S018,Global Development Partnership,International,Internal Seed,2025-05-24,2025-05,FY25,75300,Awarded,AW2-2025-02460,72300,2025-08-13,81,2025-10-12,2026-10-12
LP-2026-02461,R0177,Grace Williams,Established,LAW,School of Law and Public Policy,S005,National Science Foundation,Federal,Equipment,2026-01-14,2026-01,FY26,93800,Closed,AW2-2026-02461,88100,2026-06-27,164,2026-08-20,2027-08-20
LP-2025-02462,R0129,Carlos Ito,Established,LAW,School of Law and Public Policy,S012,Future Cities Foundation,Foundation,Research Project,2025-08-05,2025-08,FY26,36000,Awarded,AW2-2025-02462,23500,2026-01-25,173,2026-02-10,2027-08-04
LP-2025-02463,R0024,Mei Tran,Established,ARC,College of Architecture and Design,S016,Urban Resilience Network,Nonprofit,Internal Seed,2025-04-28,2025-04,FY25,116400,Not Funded,,0,2025-07-05,68,,
LP-2026-02464,R0174,Mei Tran,Established,SCI,College of Science,S016,Urban Resilience Network,Nonprofit,Research Project,2026-05-27,2026-05,FY26,145200,Not Funded,,0,2026-08-31,96,,
LP-2025-02465,R0039,Carlos Ito,Senior,HSC,College of Health Sciences,S024,Faculty Seed Grant Program,Internal,Equipment,2025-05-30,2025-05,FY25,338900,Withdrawn,,0,2025-08-29,91,,
LP-2026-02466,R0158,Theo Yamamoto,Established,SCI,College of Science,S016,Urban Resilience Network,Nonprofit,Research Project,2026-04-09,2026-04,FY26,64000,Awarded,AW2-2026-02466,56200,2026-06-21,73,2026-08-18,2028-02-09
LP-2023-02467,R0020,Noah Johnson,Senior,HUM,College of Humanities,S023,Internal Strategic Research Fund,Internal,Research Project,2023-03-03,2023-03,FY23,239100,Active,AW2-2023-02467,173200,2023-05-26,84,2023-08-02,2025-08-01
LP-2024-02468,R0088,Lucas Haddad,Early Career,ARC,College of Architecture and Design,S014,Biomedical Discovery Foundation,Foundation,Research Project,2024-02-16,2024-02,FY24,65300,Active,AW2-2024-02468,54600,2024-04-26,70,2024-06-14,2025-06-14
LP-2024-02469,R0166,Priya Wang,Senior,SCI,College of Science,S010,Global Health Foundation,Foundation,Research Project,2024-04-21,2024-04,FY24,366600,Closed,AW2-2024-02469,354000,2024-09-27,159,2024-12-03,2026-12-03
LP-2025-02470,R0123,Olivia Costa,Early Career,SOC,College of Social Innovation,S024,Faculty Seed Grant Program,Internal,Equipment,2025-01-15,2025-01,FY25,128200,Active,AW2-2025-02470,83000,2025-03-06,50,2025-04-19,2026-10-11
LP-2026-02471,R0047,Zain Gupta,Senior,HSC,College of Health Sciences,S010,Global Health Foundation,Foundation,Internal Seed,2026-04-19,2026-04,FY26,525500,Withdrawn,,0,2026-06-18,60,,
LP-2023-02472,R0111,Victor Singh,Senior,HSC,College of Health Sciences,S011,Community Wellbeing Trust,Foundation,Research Project,2023-06-30,2023-06,FY23,70000,Active,AW2-2023-02472,65200,2023-08-31,62,2023-11-05,2025-04-28
LP-2024-02473,R0174,Mei Tran,Established,SCI,College of Science,S010,Global Health Foundation,Foundation,Research Project,2024-04-24,2024-04,FY24,256200,Closed,AW2-2024-02473,166100,2024-10-24,183,2024-12-22,2027-12-22
LP-2025-02474,R0065,Daniel Walker,Established,LAW,School of Law and Public Policy,S011,Community Wellbeing Trust,Foundation,Research Project,2025-02-24,2025-02,FY25,196000,Not Funded,,0,2025-04-19,54,,
LP-2023-02475,R0098,Theo Yamamoto,Early Career,ENG,College of Engineering,S023,Internal Strategic Research Fund,Internal,Research Project,2023-01-21,2023-01,FY23,160200,Not Funded,,0,2023-05-23,122,,
LP-2026-02476,R0010,Hana Roy,Early Career,ENG,College of Engineering,S008,Ontario Research Fund,Provincial/State,Research Project,2026-01-26,2026-01,FY26,98200,Closed,AW2-2026-02476,87700,2026-03-11,44,2026-04-20,2027-10-12
LP-2023-02477,R0124,Yara Lee,Established,HUM,College of Humanities,S021,Vertex Mobility Systems,Industry,Research Project,2023-03-01,2023-03,FY23,96400,Closed,AW2-2023-02477,68900,2023-07-09,130,2023-09-16,2026-09-15
LP-2023-02478,R0002,Jonah Smith,Early Career,ENG,College of Engineering,S017,International Research Consortium,International,Research Project,2023-02-23,2023-02,FY23,44400,Not Funded,,0,2023-08-27,185,,
LP-2025-02479,R0120,Amina Ahmed,Early Career,ARC,College of Architecture and Design,S021,Vertex Mobility Systems,Industry,Research Project,2025-11-24,2025-11,FY26,192200,Not Funded,,0,2026-01-10,47,,
LP-2024-02480,R0033,Olivia Costa,Established,LAW,School of Law and Public Policy,S024,Faculty Seed Grant Program,Internal,Research Project,2024-05-18,2024-05,FY24,161100,Active,AW2-2024-02480,147000,2024-11-03,169,2025-01-10,2027-01-10
LP-2023-02481,R0101,Maya Bennett,Established,BUS,School of Business,S023,Internal Strategic Research Fund,Internal,Fellowship,2023-09-23,2023-09,FY24,74500,Active,AW2-2023-02481,71300,2024-03-15,174,2024-04-15,2026-04-15
LP-2023-02482,R0174,Mei Tran,Established,SCI,College of Science,S001,National Health Research Council,Federal,Research Project,2023-04-15,2023-04,FY23,76400,Not Funded,,0,2023-06-16,62,,
LP-2026-02483,R0150,Amina Ahmed,Established,SCI,College of Science,S018,Global Development Partnership,International,Research Project,2026-05-14,2026-05,FY26,133400,Not Funded,,0,2026-08-31,109,,
LP-2026-02484,R0015,Leila Martin,Early Career,HSC,College of Health Sciences,S025,Interdisciplinary Catalyst Fund,Internal,Fellowship,2026-07-11,2026-07,FY27,160500,Under Review,,0,,,,
LP-2024-02485,R0175,Sofia Evans,Early Career,HSC,College of Health Sciences,S010,Global Health Foundation,Foundation,Research Project,2024-01-30,2024-01,FY24,73300,Not Funded,,0,2024-03-08,38,,
LP-2024-02486,R0047,Zain Gupta,Senior,HSC,College of Health Sciences,S018,Global Development Partnership,International,Research Project,2024-04-05,2024-04,FY24,82000,Withdrawn,,0,2024-07-26,112,,
LP-2026-02487,R0154,Yara Lee,Senior,ENG,College of Engineering,S022,Helix Medical Devices,Industry,Research Project,2026-07-30,2026-07,FY27,466300,Submitted,,0,,,,
LP-2024-02488,R0097,Nadia Nguyen,Established,LAW,School of Law and Public Policy,S024,Faculty Seed Grant Program,Internal,Fellowship,2024-02-29,2024-02,FY24,55400,Active,AW2-2024-02488,48400,2024-05-17,78,2024-07-12,2025-07-12
LP-2025-02489,R0172,Chloe Chen,Early Career,HUM,College of Humanities,S011,Community Wellbeing Trust,Foundation,Research Project,2025-12-14,2025-12,FY26,170600,Active,AW2-2025-02489,114700,2026-06-13,181,2026-07-19,2028-01-10
LP-2025-02490,R0025,Sofia Evans,Early Career,LAW,School of Law and Public Policy,S002,Natural Sciences Research Council,Federal,Research Project,2025-10-15,2025-10,FY26,69500,Awarded,AW2-2025-02490,68300,2025-12-24,70,2026-01-18,2027-01-18
LP-2024-02491,R0027,Grace Williams,Early Career,SOC,College of Social Innovation,S023,Internal Strategic Research Fund,Internal,Equipment,2024-08-16,2024-08,FY25,335900,Not Funded,,0,2024-12-25,131,,
LP-2026-02492,R0168,Elena Patel,Early Career,ARC,College of Architecture and Design,S016,Urban Resilience Network,Nonprofit,Research Project,2026-02-27,2026-02,FY26,202300,Active,AW2-2026-02492,172500,2026-08-18,172,2026-09-19,2028-03-12
LP-2023-02493,R0072,Samira Kim,Established,ARC,College of Architecture and Design,S003,Social Innovation Research Council,Federal,Research Project,2023-05-05,2023-05,FY23,61500,Not Funded,,0,2023-09-29,147,,
LP-2025-02494,R0023,Isabelle Laurent,Established,HSC,College of Health Sciences,S024,Faculty Seed Grant Program,Internal,Internal Seed,2025-12-10,2025-12,FY26,48100,Not Funded,,0,2026-04-11,122,,
LP-2026-02495,R0152,Jonah Smith,Early Career,ARC,College of Architecture and Design,S001,National Health Research Council,Federal,Training Grant,2026-04-07,2026-04,FY26,214800,Active,AW2-2026-02495,205600,2026-08-31,146,2026-11-14,2028-11-13
LP-2025-02496,R0170,Noah Johnson,Established,ENG,College of Engineering,S013,Education Access Foundation,Foundation,Research Project,2025-05-18,2025-05,FY25,47100,Not Funded,,0,2025-08-16,90,,
LP-2023-02497,R0152,Jonah Smith,Early Career,ARC,College of Architecture and Design,S017,International Research Consortium,International,Research Project,2023-09-16,2023-09,FY24,194100,Closed,AW2-2023-02497,162700,2023-12-08,83,2023-12-22,2026-12-21
LP-2024-02498,R0095,Daniel Walker,Early Career,HSC,College of Health Sciences,S019,Apex Biotechnologies,Industry,Research Project,2024-09-04,2024-09,FY25,75500,Withdrawn,,0,2024-10-23,49,,
LP-2023-02499,R0043,Arjun Thomas,Early Career,SOC,College of Social Innovation,S020,Northstar Analytics,Industry,Equipment,2023-09-09,2023-09,FY24,43100,Not Funded,,0,2023-11-10,62,,
LP-2023-02500,R0125,Daniel Walker,Established,BUS,School of Business,S001,National Health Research Council,Federal,Research Project,2023-06-02,2023-06,FY23,41200,Not Funded,,0,2023-07-18,46,,
