PROPOSAL_NO,PI_ID,COLLEGE_TEXT,SPONSOR_NAME,PROPOSAL_TYPE_CD,SUBMIT_DT,REQUEST_AMT,PROP_STATUS_CD,AWARD_NO,AWARD_AMT,DECISION_DT,AWARD_START_DT,AWARD_END_DT,EXTRACT_TS
LP-2026-00001,I1051,College of Social Innovation,Global Health Foundation,EQP,20260718,58100.00,REV,,0.00,,,,20260831 235900
LP-2025-00002,I1052,College of Humanities,Vertex Mobility Systems,RES,20251101,571400.00,ACT,LA-2025-00002,437800.00,20260215,20260308,20290307,20260831 235900
LP-2024-00003,I1142,College of Science,Interdisciplinary Catalyst Fund,RES,20241206,142700.00,ACT,LA-2024-00003,97700.00,20250223,20250404,20280403,20260831 235900
LP-2023-00004,I1029,School of Business,Vertex Mobility Systems,EQP,20230707,96200.00,ACT,LA-2023-00004,71300.00,20231126,20240119,20250712,20260831 235900
LP-2023-00005,I1041,School of Law and Public Policy,Biomedical Discovery Foundation,RES,20230519,80500.00,DCL,,0.00,20230807,,,20260831 235900
LP-2023-00006,I1125,School of Business,Natural Sciences Research Council,RES,20230802,389100.00,ACT,LA-2023-00006,362600.00,20231001,20231104,20251103,20260831 235900
LP-2025-00007,I1057,School of Law and Public Policy,Social Innovation Research Council,INT,20250909,40200.00,ACT,LA-2025-00007,38100.00,20251031,20260101,20280101,20260831 235900
LP-2023-00008,I1167,College of Health Sciences,Vertex Mobility Systems,RES,20230516,59800.00,DCL,,0.00,20231012,,,20260831 235900
LP-2023-00009,I1055,College of Health Sciences,Biomedical Discovery Foundation,INT,20230516,34700.00,DCL,,0.00,20230718,,,20260831 235900
LP-2023-00010,I1113,School of Law and Public Policy,National Science Foundation,TRN,20230325,367900.00,ACT,LA-2023-00010,323700.00,20230720,20230816,20250815,20260831 235900
LP-2024-00011,I1159,College of Health Sciences,Northstar Analytics,RES,20240308,402400.00,CLS,LA-2024-00011,318000.00,20240602,20240713,20260104,20260831 235900
LP-2024-00012,I1177,School of Law and Public Policy,Global Health Foundation,INT,20240402,395500.00,DCL,,0.00,20240823,,,20260831 235900
LP-2026-00013,I1113,School of Law and Public Policy,National Science Foundation,RES,20260615,54700.00,DCL,,0.00,20260820,,,20260831 235900
LP-2024-00014,I1031,College of Health Sciences,Future Cities Foundation,FEL,20240426,224400.00,DCL,,0.00,20240806,,,20260831 235900
LP-2025-00015,I1021,School of Business,Interdisciplinary Catalyst Fund,RES,20250430,123800.00,DCL,,0.00,20250824,,,20260831 235900
LP-2024-00016,I1170,College of Engineering,Department of Energy and Climate,RES,20240725,51600.00,DCL,,0.00,20240901,,,20260831 235900
LP-2024-00017,I1170,College of Engineering,Apex Biotechnologies,INT,20240126,80000.00,CLS,LA-2024-00017,71200.00,20240626,20240902,20260902,20260831 235900
LP-2026-00018,I1012,College of Humanities,Vertex Mobility Systems,INT,20260811,154000.00,REV,,0.00,,,,20260831 235900
LP-2023-00019,I1179,College of Social Innovation,National Health Research Council,RES,20230501,102500.00,CLS,LA-2023-00019,81100.00,20230904,20231030,20251029,20260831 235900
LP-2023-00020,I1004,College of Humanities,National Health Research Council,TRN,20231014,61600.00,DCL,,0.00,20240126,,,20260831 235900
LP-2023-00021,I1089,School of Law and Public Policy,Internal Strategic Research Fund,RES,20230131,145600.00,CLS,LA-2023-00021,100000.00,20230730,20230921,20250314,20260831 235900
LP-2024-00022,I1114,College of Engineering,Biomedical Discovery Foundation,RES,20240829,65200.00,CLS,LA-2024-00022,59600.00,20241111,20241221,20251221,20260831 235900
LP-2025-00023,I1060,College of Humanities,Education Access Foundation,RES,20250727,283000.00,DCL,,0.00,20250903,,,20260831 235900
LP-2024-00024,I1099,College of Social Innovation,Department of Public Health,RES,20240708,261300.00,WD,,0.00,20241002,,,20260831 235900
LP-2023-00025,I1054,College of Science,Department of Public Health,RES,20230204,62500.00,CLS,LA-2023-00025,58500.00,20230614,20230628,20250627,20260831 235900
LP-2023-00026,I1096,College of Architecture and Design,Civic Data Collaborative,EQP,20231128,20700.00,CLS,LA-2023-00026,16600.00,20240519,20240531,20270531,20260831 235900
LP-2023-00027,I1165,School of Business,Education Access Foundation,TRN,20230210,470000.00,ACT,LA-2023-00027,308300.00,20230405,20230613,20260612,20260831 235900
LP-2025-00028,I1163,College of Social Innovation,National Health Research Council,RES,20250807,129300.00,AWD,LA-2025-00028,82100.00,20251229,20260118,20270712,20260831 235900
LP-2023-00029,I1082,College of Engineering,Education Access Foundation,TRN,20231213,209100.00,CLS,LA-2023-00029,141400.00,20240222,20240415,20251007,20260831 235900
LP-2025-00030,I1093,School of Business,National Science Foundation,FEL,20250901,133700.00,DCL,,0.00,20251010,,,20260831 235900
LP-2025-00031,I1059,College of Social Innovation,Advanced Technology Agency,EQP,20250116,56700.00,ACT,LA-2025-00031,37000.00,20250428,20250707,20280706,20260831 235900
LP-2024-00032,I1164,College of Humanities,Natural Sciences Research Council,RES,20240607,74200.00,ACT,LA-2024-00032,51500.00,20240913,20241004,20260328,20260831 235900
LP-2024-00033,I1105,School of Law and Public Policy,Natural Sciences Research Council,FEL,20240810,392400.00,DCL,,0.00,20241103,,,20260831 235900
LP-2026-00034,I1122,College of Engineering,Community Wellbeing Trust,INT,20260212,50100.00,DCL,,0.00,20260628,,,20260831 235900
LP-2025-00035,I1084,College of Humanities,Interdisciplinary Catalyst Fund,INT,20250321,32900.00,DCL,,0.00,20250611,,,20260831 235900
LP-2024-00036,I1090,College of Engineering,Global Health Foundation,RES,20240702,57500.00,ACT,LA-2024-00036,41600.00,20240806,20240906,20250906,20260831 235900
LP-2024-00037,I1089,School of Law and Public Policy,Apex Biotechnologies,EQP,20241014,44900.00,WD,,0.00,20250101,,,20260831 235900
LP-2023-00038,I1151,College of Health Sciences,Apex Biotechnologies,RES,20230306,382400.00,CLS,LA-2023-00038,302100.00,20230812,20230916,20250309,20260831 235900
LP-2026-00039,I1027,College of Social Innovation,Social Innovation Research Council,RES,20260213,108500.00,DCL,,0.00,20260518,,,20260831 235900
LP-2025-00040,I1143,College of Health Sciences,Biomedical Discovery Foundation,RES,20250327,142600.00,ACT,LA-2025-00040,104700.00,20250709,20250918,20270918,20260831 235900
LP-2024-00041,I1079,College of Health Sciences,Global Health Foundation,RES,20240314,40700.00,DCL,,0.00,20240426,,,20260831 235900
LP-2024-00042,I1060,College of Humanities,National Health Research Council,RES,20240814,112400.00,DCL,,0.00,20241218,,,20260831 235900
LP-2026-00043,I1059,College of Social Innovation,Faculty Seed Grant Program,RES,20260313,182300.00,ACT,LA-2026-00043,163800.00,20260711,20260724,20270724,20260831 235900
LP-2023-00044,I1092,College of Humanities,National Health Research Council,RES,20231221,73800.00,DCL,,0.00,20240618,,,20260831 235900
LP-2026-00045,I1144,College of Architecture and Design,Helix Medical Devices,RES,20260410,15000.00,AWD,LA-2026-00045,10700.00,20260809,20261011,20281010,20260831 235900
LP-2025-00046,I1171,College of Social Innovation,Education Access Foundation,RES,20251017,81500.00,ACT,LA-2025-00046,55500.00,20260301,20260330,20290329,20260831 235900
LP-2026-00047,I1102,College of Science,Biomedical Discovery Foundation,RES,20260513,53700.00,REV,,0.00,,,,20260831 235900
LP-2023-00048,I1029,School of Business,Vertex Mobility Systems,RES,20230128,410600.00,ACT,LA-2023-00048,343900.00,20230701,20230716,20260715,20260831 235900
LP-2025-00049,I1010,College of Engineering,Vertex Mobility Systems,RES,20251116,357100.00,DCL,,0.00,20260216,,,20260831 235900
LP-2025-00050,I1103,College of Health Sciences,Natural Sciences Research Council,RES,20250610,15000.00,ACT,LA-2025-00050,11700.00,20251115,20260107,20270701,20260831 235900
LP-2026-00051,I1026,College of Engineering,Civic Data Collaborative,TRN,20260120,52400.00,DCL,,0.00,20260325,,,20260831 235900
LP-2024-00052,I1010,College of Engineering,Department of Energy and Climate,TRN,20240329,109500.00,ACT,LA-2024-00052,72900.00,20240601,20240704,20260704,20260831 235900
LP-2025-00053,I1007,College of Health Sciences,Faculty Seed Grant Program,RES,20250917,68200.00,WD,,0.00,20260110,,,20260831 235900
LP-2024-00054,I1123,College of Social Innovation,Advanced Technology Agency,INT,20240406,340600.00,DCL,,0.00,20240921,,,20260831 235900
LP-2025-00055,I1180,College of Humanities,Future Cities Foundation,RES,20250810,291300.00,CLS,LA-2025-00055,255300.00,20251109,20251210,20281209,20260831 235900
LP-2024-00056,I1048,College of Architecture and Design,Social Innovation Research Council,RES,20240425,56900.00,CLS,LA-2024-00056,50600.00,20240629,20240810,20260810,20260831 235900
LP-2025-00057,I1131,College of Social Innovation,Biomedical Discovery Foundation,RES,20250518,73400.00,DCL,,0.00,20250823,,,20260831 235900
LP-2023-00058,I1119,College of Health Sciences,Northstar Analytics,RES,20230403,195500.00,ACT,LA-2023-00058,190900.00,20230731,20230925,20260924,20260831 235900
LP-2025-00059,I1112,College of Architecture and Design,Urban Resilience Network,EQP,20250103,150400.00,DCL,,0.00,20250409,,,20260831 235900
LP-2023-00060,I1147,College of Social Innovation,Internal Strategic Research Fund,RES,20231029,222600.00,ACT,LA-2023-00060,202500.00,20240108,20240321,20260321,20260831 235900
LP-2023-00061,I1088,College of Architecture and Design,Faculty Seed Grant Program,RES,20230810,71300.00,DCL,,0.00,20231127,,,20260831 235900
LP-2024-00062,I1158,College of Science,Northstar Analytics,RES,20241204,105100.00,ACT,LA-2024-00062,71700.00,20250111,20250227,20260227,20260831 235900
LP-2023-00063,I1145,School of Law and Public Policy,Social Innovation Research Council,RES,20230805,121900.00,DCL,,0.00,20231010,,,20260831 235900
LP-2024-00064,I1074,College of Engineering,Future Cities Foundation,FEL,20240914,167700.00,ACT,LA-2024-00064,141700.00,20241201,20250205,20270205,20260831 235900
LP-2025-00065,I1068,College of Humanities,Department of Public Health,EQP,20250114,290100.00,ACT,LA-2025-00065,217500.00,20250513,20250607,20260607,20260831 235900
LP-2025-00066,I1136,College of Architecture and Design,Northstar Analytics,FEL,20250814,102300.00,ACT,LA-2025-00066,84700.00,20251028,20260111,20270705,20260831 235900
LP-2024-00067,I1013,School of Business,Ontario Research Fund,RES,20240123,250600.00,CLS,LA-2024-00067,181600.00,20240418,20240520,20270520,20260831 235900
LP-2023-00068,I1107,College of Social Innovation,Interdisciplinary Catalyst Fund,FEL,20230219,203800.00,CLS,LA-2023-00068,197700.00,20230719,20230908,20250301,20260831 235900
LP-2026-00069,I1068,College of Humanities,National Science Foundation,RES,20260205,221800.00,DCL,,0.00,20260315,,,20260831 235900
LP-2026-00070,I1075,College of Social Innovation,Advanced Technology Agency,FEL,20260228,92000.00,DCL,,0.00,20260520,,,20260831 235900
LP-2025-00071,I1151,College of Health Sciences,National Science Foundation,TRN,20251021,215100.00,DCL,,0.00,20260115,,,20260831 235900
LP-2023-00072,I1047,College of Health Sciences,National Health Research Council,RES,20230617,36300.00,DCL,,0.00,20231214,,,20260831 235900
LP-2024-00073,I1024,College of Architecture and Design,National Health Research Council,RES,20241204,272000.00,DCL,,0.00,20250222,,,20260831 235900
LP-2023-00074,I1122,College of Engineering,Ontario Research Fund,EQP,20230303,96100.00,ACT,LA-2023-00074,90400.00,20230618,20230824,20260823,20260831 235900
LP-2023-00075,I1035,College of Social Innovation,Education Access Foundation,RES,20230302,46500.00,DCL,,0.00,20230820,,,20260831 235900
LP-2024-00076,I1066,College of Engineering,Natural Sciences Research Council,RES,20241230,1228500.00,DCL,,0.00,20250318,,,20260831 235900
LP-2025-00077,I1110,College of Science,Department of Public Health,TRN,20250916,314600.00,CLS,LA-2025-00077,292800.00,20251107,20251123,20271123,20260831 235900
LP-2025-00078,I1101,School of Business,International Research Consortium,RES,20251227,164600.00,AWD,LA-2025-00078,154300.00,20260307,20260417,20290416,20260831 235900
LP-2024-00079,I1090,College of Engineering,Community Wellbeing Trust,RES,20240228,193300.00,CLS,LA-2024-00079,153500.00,20240503,20240623,20251215,20260831 235900
LP-2024-00080,I1119,College of Health Sciences,Global Health Foundation,TRN,20240818,747300.00,CLS,LA-2024-00080,723700.00,20241214,20250221,20260221,20260831 235900
LP-2023-00081,I1065,School of Law and Public Policy,Apex Biotechnologies,RES,20230709,437800.00,DCL,,0.00,20231129,,,20260831 235900
LP-2023-00082,I1069,School of Business,Biomedical Discovery Foundation,RES,20231122,20900.00,ACT,LA-2023-00082,19800.00,20240503,20240609,20260609,20260831 235900
LP-2024-00083,I1133,School of Business,Interdisciplinary Catalyst Fund,EQP,20240310,175700.00,DCL,,0.00,20240518,,,20260831 235900
LP-2024-00084,I1077,School of Business,Apex Biotechnologies,RES,20240717,144000.00,DCL,,0.00,20250112,,,20260831 235900
LP-2024-00085,I1144,College of Architecture and Design,Global Development Partnership,RES,20240618,138000.00,DCL,,0.00,20240825,,,20260831 235900
LP-2025-00086,I1031,College of Health Sciences,Interdisciplinary Catalyst Fund,INT,20250208,143200.00,DCL,,0.00,20250319,,,20260831 235900
LP-2025-00087,I1095,College of Health Sciences,Natural Sciences Research Council,RES,20250629,212200.00,CLS,LA-2025-00087,166200.00,20250917,20251102,20281101,20260831 235900
LP-2025-00088,I1151,College of Health Sciences,Civic Data Collaborative,RES,20251007,107400.00,AWD,LA-2025-00088,72300.00,20260202,20260314,20270905,20260831 235900
LP-2023-00089,I1027,College of Social Innovation,Department of Public Health,RES,20230504,106400.00,CLS,LA-2023-00089,103400.00,20230829,20231018,20250410,20260831 235900
LP-2023-00090,I1123,College of Social Innovation,National Health Research Council,TRN,20231121,98900.00,CLS,LA-2023-00090,96100.00,20240210,20240309,20250309,20260831 235900
LP-2024-00091,I1095,College of Health Sciences,Northstar Analytics,RES,20240218,23400.00,CLS,LA-2024-00091,22200.00,20240520,20240627,20260627,20260831 235900
LP-2026-00092,I1060,College of Humanities,Global Development Partnership,FEL,20260113,73500.00,ACT,LA-2026-00092,69100.00,20260322,20260531,20280530,20260831 235900
LP-2023-00093,I1034,College of Engineering,Department of Energy and Climate,RES,20230706,319500.00,WD,,0.00,20230908,,,20260831 235900
LP-2023-00094,I1018,College of Engineering,Massachusetts Innovation Fund,INT,20230429,134800.00,DCL,,0.00,20230619,,,20260831 235900
LP-2025-00095,I1177,School of Law and Public Policy,Biomedical Discovery Foundation,RES,20251028,50400.00,DCL,,0.00,20260401,,,20260831 235900
LP-2024-00096,I1023,College of Health Sciences,National Health Research Council,RES,20240811,37500.00,CLS,LA-2024-00096,24300.00,20240920,20241127,20271127,20260831 235900
LP-2025-00097,I1005,School of Business,Social Innovation Research Council,RES,20251203,224000.00,CLS,LA-2025-00097,145800.00,20260604,20260621,20271213,20260831 235900
LP-2023-00098,I1096,College of Architecture and Design,National Health Research Council,RES,20231009,66800.00,ACT,LA-2023-00098,45800.00,20231212,20240119,20260118,20260831 235900
LP-2024-00099,I1176,College of Architecture and Design,Community Wellbeing Trust,RES,20240722,56700.00,ACT,LA-2024-00099,49100.00,20250125,20250325,20270325,20260831 235900
LP-2025-00100,I1054,College of Science,Interdisciplinary Catalyst Fund,RES,20250606,68700.00,DCL,,0.00,20250831,,,20260831 235900
LP-2025-00101,I1101,School of Business,Global Health Foundation,RES,20251016,56100.00,ACT,LA-2025-00101,38900.00,20260207,20260219,20270813,20260831 235900
LP-2024-00102,I1148,College of Humanities,Social Innovation Research Council,RES,20241113,62000.00,ACT,LA-2024-00102,51200.00,20250308,20250503,20260503,20260831 235900
LP-2026-00103,I1008,College of Architecture and Design,Social Innovation Research Council,INT,20260530,440500.00,REV,,0.00,,,,20260831 235900
LP-2023-00104,I1083,College of Social Innovation,Biomedical Discovery Foundation,FEL,20231201,58400.00,DCL,,0.00,20240309,,,20260831 235900
LP-2026-00105,I1179,College of Social Innovation,National Health Research Council,INT,20260516,206300.00,DCL,,0.00,20260620,,,20260831 235900
LP-2023-00106,I1088,College of Architecture and Design,National Science Foundation,RES,20230829,80800.00,CLS,LA-2023-00106,55800.00,20240222,20240313,20250904,20260831 235900
LP-2024-00107,I1089,School of Law and Public Policy,Urban Resilience Network,INT,20240830,545800.00,CLS,LA-2024-00107,445200.00,20241220,20250110,20270110,20260831 235900
LP-2026-00108,I1160,College of Architecture and Design,Helix Medical Devices,RES,20260621,168300.00,REV,,0.00,,,,20260831 235900
LP-2023-00109,I1092,College of Humanities,Civic Data Collaborative,RES,20231225,510700.00,WD,,0.00,20240524,,,20260831 235900
LP-2026-00110,I1112,College of Architecture and Design,Education Access Foundation,EQP,20260319,164000.00,DCL,,0.00,20260814,,,20260831 235900
LP-2023-00111,I1165,School of Business,Interdisciplinary Catalyst Fund,RES,20230910,90900.00,WD,,0.00,20231121,,,20260831 235900
LP-2024-00112,I1038,College of Science,Social Innovation Research Council,FEL,20240411,112100.00,ACT,LA-2024-00112,102000.00,20240930,20241010,20261010,20260831 235900
LP-2024-00113,I1158,College of Science,Global Health Foundation,TRN,20240915,81700.00,ACT,LA-2024-00113,81000.00,20241027,20241107,20261107,20260831 235900
LP-2023-00114,I1095,College of Health Sciences,Internal Strategic Research Fund,INT,20230112,31600.00,ACT,LA-2023-00114,26600.00,20230312,20230525,20240524,20260831 235900
LP-2023-00115,I1099,College of Social Innovation,Interdisciplinary Catalyst Fund,RES,20230719,120600.00,CLS,LA-2023-00115,83700.00,20231211,20240120,20250119,20260831 235900
LP-2023-00116,I1013,School of Business,Biomedical Discovery Foundation,RES,20230413,84500.00,WD,,0.00,20230612,,,20260831 235900
LP-2025-00117,I1143,College of Health Sciences,Global Development Partnership,EQP,20251203,15000.00,DCL,,0.00,20260421,,,20260831 235900
LP-2024-00118,I1083,College of Social Innovation,Helix Medical Devices,RES,20240113,100600.00,DCL,,0.00,20240309,,,20260831 235900
LP-2024-00119,I1113,School of Law and Public Policy,National Health Research Council,RES,20240521,87400.00,CLS,LA-2024-00119,65200.00,20240815,20240930,20270930,20260831 235900
LP-2026-00120,I1122,College of Engineering,National Health Research Council,INT,20260418,295900.00,WD,,0.00,20260823,,,20260831 235900
LP-2023-00121,I1147,College of Social Innovation,National Health Research Council,RES,20230630,156800.00,DCL,,0.00,20230917,,,20260831 235900
LP-2026-00122,I1094,College of Science,Department of Public Health,RES,20260706,178300.00,DCL,,0.00,20260831,,,20260831 235900
LP-2024-00123,I1007,College of Health Sciences,National Science Foundation,RES,20240925,712900.00,CLS,LA-2024-00123,506000.00,20250117,20250224,20260818,20260831 235900
LP-2023-00124,I1124,College of Humanities,National Health Research Council,EQP,20230619,105300.00,DCL,,0.00,20230920,,,20260831 235900
LP-2025-00125,I1119,College of Health Sciences,Department of Energy and Climate,RES,20251224,145200.00,DCL,,0.00,20260318,,,20260831 235900
LP-2025-00126,I1046,College of Science,Ontario Research Fund,RES,20251224,64500.00,CLS,LA-2025-00126,59500.00,20260130,20260327,20290326,20260831 235900
LP-2024-00127,I1082,College of Engineering,Faculty Seed Grant Program,FEL,20240109,108100.00,DCL,,0.00,20240418,,,20260831 235900
LP-2026-00128,I1113,School of Law and Public Policy,Department of Public Health,RES,20260202,137500.00,ACT,LA-2026-00128,118700.00,20260316,20260507,20290506,20260831 235900
LP-2023-00129,I1051,College of Social Innovation,Vertex Mobility Systems,RES,20230713,111200.00,CLS,LA-2023-00129,74200.00,20230830,20231013,20251012,20260831 235900
LP-2023-00130,I1053,School of Business,National Health Research Council,RES,20230113,109900.00,DCL,,0.00,20230512,,,20260831 235900
LP-2024-00131,I1023,College of Health Sciences,National Science Foundation,RES,20240502,283100.00,ACT,LA-2024-00131,267400.00,20241103,20241115,20261115,20260831 235900
LP-2025-00132,I1092,College of Humanities,Civic Data Collaborative,RES,20250701,414300.00,ACT,LA-2025-00132,408200.00,20251019,20251221,20281220,20260831 235900
LP-2026-00133,I1088,College of Architecture and Design,Ontario Research Fund,FEL,20260511,122100.00,ACT,LA-2026-00133,80100.00,20260825,20261008,20271008,20260831 235900
LP-2023-00134,I1028,College of Humanities,Ontario Research Fund,FEL,20231118,147000.00,CLS,LA-2023-00134,97100.00,20240416,20240507,20250507,20260831 235900
LP-2025-00135,I1002,College of Engineering,National Health Research Council,EQP,20250116,1205100.00,DCL,,0.00,20250713,,,20260831 235900
LP-2024-00136,I1052,College of Humanities,Ontario Research Fund,TRN,20241213,83300.00,ACT,LA-2024-00136,67900.00,20250520,20250617,20261209,20260831 235900
LP-2024-00137,I1144,College of Architecture and Design,International Research Consortium,RES,20240913,191800.00,ACT,LA-2024-00137,158800.00,20241027,20241212,20260605,20260831 235900
LP-2023-00138,I1155,College of Social Innovation,Interdisciplinary Catalyst Fund,INT,20230531,161900.00,CLS,LA-2023-00138,119000.00,20230926,20231124,20241123,20260831 235900
LP-2023-00139,I1110,College of Science,National Science Foundation,RES,20230613,80000.00,DCL,,0.00,20230809,,,20260831 235900
LP-2023-00140,I1135,College of Health Sciences,Community Wellbeing Trust,FEL,20230225,37000.00,CLS,LA-2023-00140,30400.00,20230715,20230801,20250731,20260831 235900
LP-2025-00141,I1099,College of Social Innovation,Urban Resilience Network,RES,20250517,304200.00,AWD,LA-2025-00141,297700.00,20251121,20260126,20270720,20260831 235900
LP-2024-00142,I1086,College of Science,Biomedical Discovery Foundation,RES,20241006,224300.00,ACT,LA-2024-00142,141700.00,20250204,20250309,20260309,20260831 235900
LP-2024-00143,I1049,School of Law and Public Policy,Global Health Foundation,RES,20240727,367500.00,DCL,,0.00,20250124,,,20260831 235900
LP-2024-00144,I1070,College of Science,Department of Energy and Climate,RES,20241022,481700.00,ACT,LA-2024-00144,426200.00,20250127,20250330,20260330,20260831 235900
LP-2024-00145,I1060,College of Humanities,Global Health Foundation,RES,20240513,165000.00,ACT,LA-2024-00145,115500.00,20240921,20241201,20260525,20260831 235900
LP-2024-00146,I1080,College of Architecture and Design,Faculty Seed Grant Program,INT,20241127,28200.00,CLS,LA-2024-00146,19100.00,20250514,20250708,20260708,20260831 235900
LP-2025-00147,I1007,College of Health Sciences,Natural Sciences Research Council,RES,20250615,64500.00,ACT,LA-2025-00147,45800.00,20250822,20251010,20261010,20260831 235900
LP-2026-00148,I1140,College of Humanities,Department of Energy and Climate,RES,20260424,61200.00,REV,,0.00,,,,20260831 235900
LP-2023-00149,I1082,College of Engineering,Department of Public Health,FEL,20230605,252500.00,CLS,LA-2023-00149,227200.00,20230824,20231013,20261012,20260831 235900
LP-2026-00150,I1087,College of Health Sciences,Apex Biotechnologies,RES,20260228,127900.00,ACT,LA-2026-00150,90800.00,20260713,20260913,20290912,20260831 235900
LP-2025-00151,I1016,College of Architecture and Design,Department of Public Health,RES,20250716,162900.00,ACT,LA-2025-00151,127200.00,20251122,20260126,20280126,20260831 235900
LP-2026-00152,I1075,College of Social Innovation,Community Wellbeing Trust,RES,20260711,95000.00,DCL,,0.00,20260831,,,20260831 235900
LP-2024-00153,I1044,College of Humanities,Civic Data Collaborative,FEL,20240904,127100.00,DCL,,0.00,20250102,,,20260831 235900
LP-2024-00154,I1031,College of Health Sciences,Interdisciplinary Catalyst Fund,EQP,20240517,110900.00,WD,,0.00,20240817,,,20260831 235900
LP-2026-00155,I1051,College of Social Innovation,Department of Energy and Climate,RES,20260111,195800.00,DCL,,0.00,20260520,,,20260831 235900
LP-2024-00156,I1053,School of Business,Global Development Partnership,TRN,20240328,342300.00,CLS,LA-2024-00156,271600.00,20240701,20240801,20270801,20260831 235900
LP-2026-00157,I1161,School of Law and Public Policy,National Science Foundation,EQP,20260711,132500.00,AWD,LA-2026-00157,106800.00,20260831,20261017,20291016,20260831 235900
LP-2024-00158,I1101,School of Business,Biomedical Discovery Foundation,RES,20241117,261500.00,ACT,LA-2024-00158,177700.00,20250405,20250504,20280503,20260831 235900
LP-2025-00159,I1142,College of Science,Natural Sciences Research Council,TRN,20251115,235100.00,DCL,,0.00,20260428,,,20260831 235900
LP-2023-00160,I1036,College of Humanities,Urban Resilience Network,RES,20230110,132400.00,DCL,,0.00,20230227,,,20260831 235900
LP-2024-00161,I1028,College of Humanities,Department of Public Health,RES,20240707,411700.00,CLS,LA-2024-00161,383600.00,20241118,20250110,20260110,20260831 235900
LP-2023-00162,I1091,College of Social Innovation,Urban Resilience Network,RES,20230919,160700.00,DCL,,0.00,20240113,,,20260831 235900
LP-2026-00163,I1121,School of Law and Public Policy,Natural Sciences Research Council,RES,20260118,98800.00,DCL,,0.00,20260318,,,20260831 235900
LP-2025-00164,I1119,College of Health Sciences,Natural Sciences Research Council,FEL,20250522,134300.00,DCL,,0.00,20251115,,,20260831 235900
LP-2025-00165,I1128,College of Architecture and Design,Faculty Seed Grant Program,RES,20250309,357600.00,CLS,LA-2025-00165,323100.00,20250629,20250902,20280901,20260831 235900
LP-2025-00166,I1169,School of Law and Public Policy,Global Health Foundation,RES,20250918,252900.00,DCL,,0.00,20251026,,,20260831 235900
LP-2023-00167,I1107,College of Social Innovation,Faculty Seed Grant Program,RES,20230401,226400.00,DCL,,0.00,20230824,,,20260831 235900
LP-2025-00168,I1054,College of Science,Massachusetts Innovation Fund,INT,20250927,503200.00,ACT,LA-2025-00168,374800.00,20260402,20260522,20280521,20260831 235900
LP-2023-00169,I1124,College of Humanities,Biomedical Discovery Foundation,TRN,20231215,176300.00,CLS,LA-2023-00169,143500.00,20240204,20240418,20260418,20260831 235900
LP-2023-00170,I1138,College of Engineering,Biomedical Discovery Foundation,RES,20230530,35900.00,CLS,LA-2023-00170,28800.00,20231009,20231221,20261220,20260831 235900
LP-2025-00171,I1073,School of Law and Public Policy,Social Innovation Research Council,RES,20250126,158000.00,ACT,LA-2025-00171,99100.00,20250615,20250714,20260714,20260831 235900
LP-2025-00172,I1124,College of Humanities,Ontario Research Fund,RES,20250903,172800.00,CLS,LA-2025-00172,120700.00,20251021,20251210,20261210,20260831 235900
LP-2025-00173,I1049,School of Law and Public Policy,Northstar Analytics,EQP,20250827,53400.00,ACT,LA-2025-00173,48100.00,20260225,20260425,20280424,20260831 235900
LP-2026-00174,I1118,College of Science,Social Innovation Research Council,FEL,20260609,329500.00,WD,,0.00,20260825,,,20260831 235900
LP-2023-00175,I1064,College of Architecture and Design,Internal Strategic Research Fund,RES,20230814,83700.00,DCL,,0.00,20240213,,,20260831 235900
LP-2025-00176,I1136,College of Architecture and Design,Internal Strategic Research Fund,RES,20251114,656900.00,ACT,LA-2025-00176,548600.00,20260428,20260515,20280514,20260831 235900
LP-2024-00177,I1051,College of Social Innovation,Urban Resilience Network,INT,20241114,37400.00,ACT,LA-2024-00177,31100.00,20250303,20250325,20260916,20260831 235900
LP-2024-00178,I1030,College of Science,Internal Strategic Research Fund,RES,20240523,65200.00,DCL,,0.00,20241104,,,20260831 235900
LP-2025-00179,I1120,College of Architecture and Design,Apex Biotechnologies,RES,20251018,50600.00,ACT,LA-2025-00179,49800.00,20251209,20260128,20270722,20260831 235900
LP-2023-00180,I1176,College of Architecture and Design,Northstar Analytics,RES,20230721,47700.00,CLS,LA-2023-00180,40500.00,20231021,20231205,20241204,20260831 235900
LP-2023-00181,I1081,School of Law and Public Policy,Ontario Research Fund,FEL,20230929,155200.00,DCL,,0.00,20240319,,,20260831 235900
LP-2023-00182,I1162,College of Engineering,Faculty Seed Grant Program,RES,20230703,101300.00,CLS,LA-2023-00182,64100.00,20231005,20231101,20261031,20260831 235900
LP-2024-00183,I1065,School of Law and Public Policy,Global Health Foundation,RES,20240702,83400.00,DCL,,0.00,20240930,,,20260831 235900
LP-2023-00184,I1170,College of Engineering,Interdisciplinary Catalyst Fund,RES,20230307,192100.00,ACT,LA-2023-00184,143400.00,20230415,20230601,20250531,20260831 235900
LP-2026-00185,I1047,College of Health Sciences,Apex Biotechnologies,RES,20260327,301200.00,ACT,LA-2026-00185,215100.00,20260830,20261025,20291024,20260831 235900
LP-2026-00186,I1136,College of Architecture and Design,Department of Public Health,RES,20260220,39000.00,ACT,LA-2026-00186,31400.00,20260503,20260627,20271219,20260831 235900
LP-2023-00187,I1128,College of Architecture and Design,Massachusetts Innovation Fund,RES,20231217,149300.00,CLS,LA-2023-00187,128500.00,20240418,20240617,20270617,20260831 235900
LP-2025-00188,I1045,School of Business,Advanced Technology Agency,EQP,20250126,141100.00,ACT,LA-2025-00188,113700.00,20250326,20250609,20270609,20260831 235900
LP-2023-00189,I1083,College of Social Innovation,National Health Research Council,RES,20230816,592800.00,CLS,LA-2023-00189,458800.00,20231212,20240102,20270101,20260831 235900
LP-2025-00190,I1131,College of Social Innovation,Department of Public Health,RES,20251217,105200.00,CLS,LA-2025-00190,92700.00,20260224,20260311,20290310,20260831 235900
LP-2026-00191,I1064,College of Architecture and Design,Natural Sciences Research Council,RES,20260302,123200.00,DCL,,0.00,20260611,,,20260831 235900
LP-2023-00192,I1089,School of Law and Public Policy,Vertex Mobility Systems,RES,20230212,234100.00,ACT,LA-2023-00192,222500.00,20230720,20230815,20260814,20260831 235900
LP-2025-00193,I1030,College of Science,Internal Strategic Research Fund,RES,20250219,228000.00,ACT,LA-2025-00193,227800.00,20250827,20251108,20281107,20260831 235900
LP-2026-00194,I1052,College of Humanities,Ontario Research Fund,RES,20260415,58700.00,AWD,LA-2026-00194,48300.00,20260831,20261019,20291018,20260831 235900
LP-2024-00195,I1036,College of Humanities,National Health Research Council,RES,20241021,152400.00,AWD,LA-2024-00195,137600.00,20250109,20250301,20270301,20260831 235900
LP-2025-00196,I1156,College of Humanities,Advanced Technology Agency,RES,20250418,68200.00,AWD,LA-2025-00196,49200.00,20250911,20251026,20270419,20260831 235900
LP-2025-00197,I1173,School of Business,Department of Energy and Climate,EQP,20250406,50500.00,ACT,LA-2025-00197,44100.00,20250615,20250718,20270718,20260831 235900
LP-2023-00198,I1085,School of Business,National Health Research Council,TRN,20230627,240900.00,CLS,LA-2023-00198,237900.00,20230821,20231027,20261026,20260831 235900
LP-2023-00199,I1068,College of Humanities,Apex Biotechnologies,RES,20230417,275400.00,DCL,,0.00,20230613,,,20260831 235900
LP-2025-00200,I1037,School of Business,Helix Medical Devices,RES,20251221,86200.00,ACT,LA-2025-00200,78300.00,20260626,20260712,20280711,20260831 235900
LP-2025-00201,I1135,College of Health Sciences,Apex Biotechnologies,TRN,20251008,175700.00,DCL,,0.00,20260323,,,20260831 235900
LP-2025-00202,I1064,College of Architecture and Design,Department of Public Health,RES,20250221,103800.00,ACT,LA-2025-00202,91600.00,20250523,20250611,20260611,20260831 235900
LP-2025-00203,I1180,College of Humanities,Urban Resilience Network,RES,20250122,286500.00,DCL,,0.00,20250616,,,20260831 235900
LP-2025-00204,I1107,College of Social Innovation,Internal Strategic Research Fund,RES,20250507,106400.00,DCL,,0.00,20250826,,,20260831 235900
LP-2025-00205,I1110,College of Science,Social Innovation Research Council,RES,20251109,79900.00,AWD,LA-2025-00205,57900.00,20260221,20260413,20280412,20260831 235900
LP-2026-00206,I1097,School of Law and Public Policy,Vertex Mobility Systems,FEL,20260810,30600.00,SUB,,0.00,,,,20260831 235900
LP-2025-00207,I1124,College of Humanities,Social Innovation Research Council,RES,20250730,153500.00,DCL,,0.00,20250925,,,20260831 235900
LP-2025-00208,I1103,College of Health Sciences,Civic Data Collaborative,RES,20250511,15000.00,ACT,LA-2025-00208,12400.00,20250621,20250829,20270220,20260831 235900
LP-2026-00209,I1158,College of Science,National Science Foundation,RES,20260416,61000.00,REV,,0.00,,,,20260831 235900
LP-2025-00210,I1082,College of Engineering,Department of Public Health,RES,20250404,214400.00,DCL,,0.00,20250522,,,20260831 235900
LP-2024-00211,I1107,College of Social Innovation,Faculty Seed Grant Program,RES,20240626,86100.00,ACT,LA-2024-00211,73400.00,20241103,20250114,20280114,20260831 235900
LP-2024-00212,I1129,School of Law and Public Policy,Interdisciplinary Catalyst Fund,RES,20240130,16300.00,WD,,0.00,20240406,,,20260831 235900
LP-2024-00213,I1091,College of Social Innovation,Faculty Seed Grant Program,RES,20240916,70700.00,CLS,LA-2024-00213,62300.00,20250323,20250408,20260408,20260831 235900
LP-2025-00214,I1148,College of Humanities,National Science Foundation,RES,20251025,142400.00,DCL,,0.00,20260427,,,20260831 235900
LP-2023-00215,I1067,College of Social Innovation,Community Wellbeing Trust,RES,20230815,325400.00,CLS,LA-2023-00215,226500.00,20231127,20240210,20250803,20260831 235900
LP-2023-00216,I1118,College of Science,National Science Foundation,TRN,20231217,389900.00,CLS,LA-2023-00216,343800.00,20240312,20240417,20260417,20260831 235900
LP-2025-00217,I1092,College of Humanities,Internal Strategic Research Fund,INT,20251125,195000.00,ACT,LA-2025-00217,152000.00,20260407,20260529,20270529,20260831 235900
LP-2024-00218,I1140,College of Humanities,National Science Foundation,RES,20241210,127200.00,CLS,LA-2024-00218,125200.00,20250424,20250615,20270615,20260831 235900
LP-2023-00219,I1131,College of Social Innovation,Apex Biotechnologies,RES,20230930,167900.00,CLS,LA-2023-00219,125200.00,20231214,20231227,20251226,20260831 235900
LP-2023-00220,I1040,College of Architecture and Design,Apex Biotechnologies,TRN,20230202,205600.00,CLS,LA-2023-00220,135400.00,20230619,20230705,20250704,20260831 235900
LP-2025-00221,I1088,College of Architecture and Design,Education Access Foundation,RES,20250617,109400.00,AWD,LA-2025-00221,98000.00,20251121,20260203,20270203,20260831 235900
LP-2024-00222,I1021,School of Business,Department of Public Health,RES,20240113,166100.00,DCL,,0.00,20240613,,,20260831 235900
LP-2023-00223,I1050,College of Engineering,International Research Consortium,RES,20230610,356600.00,DCL,,0.00,20230910,,,20260831 235900
LP-2024-00224,I1057,School of Law and Public Policy,Internal Strategic Research Fund,RES,20241112,109000.00,ACT,LA-2024-00224,105900.00,20250130,20250323,20260323,20260831 235900
LP-2023-00225,I1034,College of Engineering,Natural Sciences Research Council,RES,20230925,65900.00,WD,,0.00,20231031,,,20260831 235900
LP-2024-00226,I1178,College of Engineering,Education Access Foundation,RES,20240619,60900.00,DCL,,0.00,20240725,,,20260831 235900
LP-2025-00227,I1166,College of Science,Internal Strategic Research Fund,RES,20250317,438000.00,CLS,LA-2025-00227,389600.00,20250818,20250927,20270321,20260831 235900
LP-2026-00228,I1133,School of Business,Global Health Foundation,RES,20260421,86200.00,ACT,LA-2026-00228,60600.00,20260831,20261108,20281107,20260831 235900
LP-2025-00229,I1057,School of Law and Public Policy,Biomedical Discovery Foundation,RES,20251128,106100.00,DCL,,0.00,20260504,,,20260831 235900
LP-2024-00230,I1147,College of Social Innovation,Massachusetts Innovation Fund,EQP,20240922,39100.00,CLS,LA-2024-00230,38900.00,20250311,20250520,20280519,20260831 235900
LP-2023-00231,I1075,College of Social Innovation,National Health Research Council,RES,20230110,178300.00,CLS,LA-2023-00231,145900.00,20230520,20230705,20250704,20260831 235900
LP-2023-00232,I1001,School of Law and Public Policy,National Health Research Council,TRN,20230701,455500.00,DCL,,0.00,20230830,,,20260831 235900
LP-2025-00233,I1048,College of Architecture and Design,Northstar Analytics,RES,20250103,153500.00,DCL,,0.00,20250327,,,20260831 235900
LP-2024-00234,I1155,College of Social Innovation,Future Cities Foundation,EQP,20241116,453000.00,AWD,LA-2024-00234,289300.00,20250403,20250611,20261203,20260831 235900
LP-2026-00235,I1131,College of Social Innovation,Department of Energy and Climate,RES,20260725,366300.00,REV,,0.00,,,,20260831 235900
LP-2025-00236,I1147,College of Social Innovation,National Health Research Council,RES,20250621,245600.00,AWD,LA-2025-00236,161100.00,20251110,20260102,20280102,20260831 235900
LP-2024-00237,I1131,College of Social Innovation,Community Wellbeing Trust,RES,20241120,267700.00,DCL,,0.00,20250219,,,20260831 235900
LP-2025-00238,I1147,College of Social Innovation,Social Innovation Research Council,RES,20250903,71800.00,AWD,LA-2025-00238,58800.00,20251126,20260114,20270114,20260831 235900
LP-2023-00239,I1109,School of Business,Department of Energy and Climate,RES,20230618,76000.00,DCL,,0.00,20231114,,,20260831 235900
LP-2024-00240,I1122,College of Engineering,Faculty Seed Grant Program,RES,20240228,133100.00,DCL,,0.00,20240428,,,20260831 235900
LP-2025-00241,I1070,College of Science,Interdisciplinary Catalyst Fund,TRN,20250227,32800.00,DCL,,0.00,20250813,,,20260831 235900
LP-2026-00242,I1109,School of Business,Social Innovation Research Council,RES,20260108,73900.00,CLS,LA-2026-00242,49300.00,20260402,20260429,20271021,20260831 235900
LP-2025-00243,I1019,College of Social Innovation,Natural Sciences Research Council,EQP,20250819,140800.00,DCL,,0.00,20251218,,,20260831 235900
LP-2024-00244,I1103,College of Health Sciences,Civic Data Collaborative,RES,20240523,73200.00,DCL,,0.00,20240701,,,20260831 235900
LP-2025-00245,I1035,College of Social Innovation,Global Health Foundation,RES,20251231,111600.00,ACT,LA-2025-00245,110600.00,20260515,20260627,20290626,20260831 235900
LP-2024-00246,I1139,College of Social Innovation,National Health Research Council,TRN,20241128,68900.00,DCL,,0.00,20250315,,,20260831 235900
LP-2025-00247,I1152,College of Architecture and Design,Social Innovation Research Council,RES,20250318,624900.00,DCL,,0.00,20250621,,,20260831 235900
LP-2024-00248,I1049,School of Law and Public Policy,Global Health Foundation,RES,20240603,92400.00,DCL,,0.00,20240917,,,20260831 235900
LP-2024-00249,I1180,College of Humanities,Interdisciplinary Catalyst Fund,TRN,20240715,76800.00,DCL,,0.00,20240926,,,20260831 235900
LP-2023-00250,I1131,College of Social Innovation,Community Wellbeing Trust,RES,20230302,230100.00,DCL,,0.00,20230513,,,20260831 235900
LP-2023-00251,I1063,College of Health Sciences,Advanced Technology Agency,RES,20230504,45600.00,CLS,LA-2023-00251,33700.00,20231013,20231103,20241102,20260831 235900
LP-2026-00252,I1097,School of Law and Public Policy,Advanced Technology Agency,TRN,20260807,157000.00,REV,,0.00,,,,20260831 235900
LP-2026-00253,I1018,College of Engineering,Faculty Seed Grant Program,RES,20260810,201800.00,REV,,0.00,,,,20260831 235900
LP-2023-00254,I1156,College of Humanities,National Health Research Council,TRN,20230704,832300.00,DCL,,0.00,20231202,,,20260831 235900
LP-2025-00255,I1113,School of Law and Public Policy,Advanced Technology Agency,RES,20250831,69500.00,DCL,,0.00,20251214,,,20260831 235900
LP-2025-00256,I1158,College of Science,National Science Foundation,RES,20250527,154900.00,ACT,LA-2025-00256,107200.00,20250904,20250914,20270914,20260831 235900
LP-2024-00257,I1007,College of Health Sciences,National Science Foundation,RES,20240614,633000.00,DCL,,0.00,20240902,,,20260831 235900
LP-2025-00258,I1175,College of Health Sciences,Future Cities Foundation,RES,20250517,239700.00,DCL,,0.00,20250914,,,20260831 235900
LP-2024-00259,I1009,School of Law and Public Policy,Northstar Analytics,TRN,20240701,25000.00,DCL,,0.00,20241116,,,20260831 235900
LP-2026-00260,I1083,College of Social Innovation,Faculty Seed Grant Program,RES,20260325,70600.00,DCL,,0.00,20260429,,,20260831 235900
LP-2024-00261,I1020,College of Humanities,Ontario Research Fund,TRN,20240712,128000.00,CLS,LA-2024-00261,89000.00,20250108,20250216,20260216,20260831 235900
LP-2023-00262,I1002,College of Engineering,Department of Public Health,RES,20230316,269300.00,DCL,,0.00,20230919,,,20260831 235900
LP-2023-00263,I1129,School of Law and Public Policy,Massachusetts Innovation Fund,INT,20230222,49600.00,CLS,LA-2023-00263,44500.00,20230602,20230628,20240627,20260831 235900
LP-2023-00264,I1029,School of Business,Community Wellbeing Trust,RES,20230901,66300.00,CLS,LA-2023-00264,60800.00,20231101,20240103,20260102,20260831 235900
LP-2024-00265,I1079,College of Health Sciences,Internal Strategic Research Fund,TRN,20241222,176700.00,AWD,LA-2024-00265,152700.00,20250605,20250816,20260816,20260831 235900
LP-2023-00266,I1093,School of Business,National Science Foundation,RES,20230504,89300.00,CLS,LA-2023-00266,72200.00,20230823,20230910,20250909,20260831 235900
LP-2024-00267,I1061,School of Business,Helix Medical Devices,INT,20240104,54900.00,DCL,,0.00,20240331,,,20260831 235900
LP-2024-00268,I1166,College of Science,Urban Resilience Network,INT,20241214,161400.00,ACT,LA-2024-00268,157000.00,20250128,20250328,20270328,20260831 235900
LP-2023-00269,I1036,College of Humanities,Internal Strategic Research Fund,EQP,20230904,159600.00,ACT,LA-2023-00269,128900.00,20240114,20240216,20250215,20260831 235900
LP-2024-00270,I1165,School of Business,Community Wellbeing Trust,RES,20240323,348800.00,WD,,0.00,20240427,,,20260831 235900
LP-2023-00271,I1036,College of Humanities,National Health Research Council,RES,20230511,124500.00,DCL,,0.00,20230905,,,20260831 235900
LP-2025-00272,I1069,School of Business,Natural Sciences Research Council,RES,20250709,68800.00,ACT,LA-2025-00272,59500.00,20250920,20251013,20281012,20260831 235900
LP-2025-00273,I1131,College of Social Innovation,Interdisciplinary Catalyst Fund,RES,20250313,51500.00,ACT,LA-2025-00273,43800.00,20250821,20251014,20281013,20260831 235900
LP-2024-00274,I1038,College of Science,Vertex Mobility Systems,INT,20241217,65500.00,ACT,LA-2024-00274,41900.00,20250314,20250508,20280507,20260831 235900
LP-2025-00275,I1048,College of Architecture and Design,Vertex Mobility Systems,TRN,20250711,134600.00,DCL,,0.00,20251121,,,20260831 235900
LP-2026-00276,I1057,School of Law and Public Policy,Interdisciplinary Catalyst Fund,RES,20260807,63300.00,REV,,0.00,,,,20260831 235900
LP-2024-00277,I1156,College of Humanities,Education Access Foundation,TRN,20240618,168100.00,DCL,,0.00,20240814,,,20260831 235900
LP-2023-00278,I1172,College of Humanities,Department of Energy and Climate,RES,20230703,484700.00,DCL,,0.00,20230809,,,20260831 235900
LP-2025-00279,I1138,College of Engineering,Urban Resilience Network,RES,20251229,263700.00,ACT,LA-2025-00279,176200.00,20260424,20260624,20290623,20260831 235900
LP-2025-00280,I1124,College of Humanities,National Health Research Council,RES,20251104,165300.00,DCL,,0.00,20260111,,,20260831 235900
LP-2025-00281,I1057,School of Law and Public Policy,Urban Resilience Network,RES,20250305,68700.00,DCL,,0.00,20250614,,,20260831 235900
LP-2023-00282,I1143,College of Health Sciences,Ontario Research Fund,EQP,20230213,219000.00,CLS,LA-2023-00282,169100.00,20230407,20230508,20241029,20260831 235900
LP-2026-00283,I1028,College of Humanities,Social Innovation Research Council,RES,20260512,197300.00,DCL,,0.00,20260728,,,20260831 235900
LP-2023-00284,I1097,School of Law and Public Policy,Massachusetts Innovation Fund,EQP,20230410,158000.00,DCL,,0.00,20230814,,,20260831 235900
LP-2023-00285,I1015,College of Health Sciences,Faculty Seed Grant Program,INT,20230702,75000.00,CLS,LA-2023-00285,66000.00,20231102,20231204,20250527,20260831 235900
LP-2026-00286,I1006,College of Science,Education Access Foundation,RES,20260605,647400.00,REV,,0.00,,,,20260831 235900
LP-2023-00287,I1058,College of Engineering,Helix Medical Devices,INT,20230329,30000.00,DCL,,0.00,20230822,,,20260831 235900
LP-2025-00288,I1032,College of Architecture and Design,Department of Public Health,RES,20250107,60900.00,ACT,LA-2025-00288,42000.00,20250708,20250731,20270122,20260831 235900
LP-2023-00289,I1003,College of Social Innovation,Faculty Seed Grant Program,RES,20230403,59400.00,WD,,0.00,20230707,,,20260831 235900
LP-2024-00290,I1027,College of Social Innovation,Advanced Technology Agency,RES,20240120,130200.00,DCL,,0.00,20240323,,,20260831 235900
LP-2025-00291,I1108,College of Humanities,National Health Research Council,RES,20251025,98600.00,DCL,,0.00,20260220,,,20260831 235900
LP-2024-00292,I1096,College of Architecture and Design,Faculty Seed Grant Program,INT,20240707,275600.00,CLS,LA-2024-00292,209800.00,20240918,20241122,20251122,20260831 235900
LP-2026-00293,I1144,College of Architecture and Design,Global Development Partnership,EQP,20260504,209200.00,ACT,LA-2026-00293,167200.00,20260805,20261006,20280329,20260831 235900
LP-2025-00294,I1068,College of Humanities,Apex Biotechnologies,RES,20250721,189300.00,DCL,,0.00,20251228,,,20260831 235900
LP-2026-00295,I1137,School of Law and Public Policy,Social Innovation Research Council,TRN,20260209,410000.00,DCL,,0.00,20260429,,,20260831 235900
LP-2024-00296,I1014,College of Science,Department of Public Health,TRN,20240922,169300.00,ACT,LA-2024-00296,109500.00,20241223,20250201,20260201,20260831 235900
LP-2024-00297,I1127,College of Health Sciences,National Health Research Council,RES,20241220,61300.00,ACT,LA-2024-00297,58400.00,20250617,20250810,20260810,20260831 235900
LP-2023-00298,I1131,College of Social Innovation,Natural Sciences Research Council,RES,20230823,130200.00,CLS,LA-2023-00298,109100.00,20231215,20240208,20270207,20260831 235900
LP-2024-00299,I1146,College of Engineering,Social Innovation Research Council,TRN,20241211,212100.00,ACT,LA-2024-00299,187400.00,20250209,20250424,20280423,20260831 235900
LP-2024-00300,I1037,School of Business,Apex Biotechnologies,RES,20240416,255500.00,ACT,LA-2024-00300,205700.00,20240902,20241110,20260504,20260831 235900
LP-2025-00301,I1145,School of Law and Public Policy,Natural Sciences Research Council,RES,20251025,105500.00,ACT,LA-2025-00301,82500.00,20260315,20260511,20280510,20260831 235900
LP-2024-00302,I1170,College of Engineering,Vertex Mobility Systems,RES,20240812,118700.00,WD,,0.00,20241019,,,20260831 235900
LP-2023-00303,I1165,School of Business,Social Innovation Research Council,TRN,20231116,204800.00,ACT,LA-2023-00303,144000.00,20240105,20240316,20250316,20260831 235900
LP-2025-00304,I1155,College of Social Innovation,National Health Research Council,RES,20250224,46700.00,ACT,LA-2025-00304,45400.00,20250629,20250825,20280824,20260831 235900
LP-2026-00305,I1009,School of Law and Public Policy,Advanced Technology Agency,INT,20260316,124400.00,ACT,LA-2026-00305,122400.00,20260831,20261006,20291005,20260831 235900
LP-2025-00306,I1079,College of Health Sciences,Education Access Foundation,RES,20250117,67600.00,ACT,LA-2025-00306,44100.00,20250328,20250423,20270423,20260831 235900
LP-2025-00307,I1136,College of Architecture and Design,Interdisciplinary Catalyst Fund,INT,20251021,62600.00,ACT,LA-2025-00307,40300.00,20260320,20260508,20290507,20260831 235900
LP-2023-00308,I1085,School of Business,Department of Energy and Climate,FEL,20231018,119300.00,CLS,LA-2023-00308,79100.00,20240117,20240204,20250728,20260831 235900
LP-2026-00309,I1145,School of Law and Public Policy,National Health Research Council,TRN,20260511,18000.00,ACT,LA-2026-00309,13000.00,20260831,20260918,20270918,20260831 235900
LP-2024-00310,I1058,College of Engineering,National Science Foundation,RES,20240913,48200.00,ACT,LA-2024-00310,39800.00,20241111,20250118,20270118,20260831 235900
LP-2023-00311,I1049,School of Law and Public Policy,Natural Sciences Research Council,EQP,20230411,56000.00,DCL,,0.00,20230721,,,20260831 235900
LP-2024-00312,I1003,College of Social Innovation,Biomedical Discovery Foundation,RES,20241219,304300.00,DCL,,0.00,20250602,,,20260831 235900
LP-2025-00313,I1005,School of Business,Natural Sciences Research Council,RES,20250728,404000.00,DCL,,0.00,20251212,,,20260831 235900
LP-2023-00314,I1109,School of Business,Faculty Seed Grant Program,RES,20231028,108300.00,CLS,LA-2023-00314,67700.00,20240214,20240406,20250406,20260831 235900
LP-2024-00315,I1057,School of Law and Public Policy,Global Development Partnership,RES,20240716,53900.00,WD,,0.00,20250107,,,20260831 235900
LP-2024-00316,I1094,College of Science,Biomedical Discovery Foundation,RES,20241202,179200.00,DCL,,0.00,20250411,,,20260831 235900
LP-2025-00317,I1067,College of Social Innovation,Global Health Foundation,RES,20251016,66400.00,DCL,,0.00,20260314,,,20260831 235900
LP-2023-00318,I1165,School of Business,Faculty Seed Grant Program,EQP,20230418,167000.00,DCL,,0.00,20231015,,,20260831 235900
LP-2024-00319,I1169,School of Law and Public Policy,Helix Medical Devices,EQP,20240820,23000.00,DCL,,0.00,20241205,,,20260831 235900
LP-2024-00320,I1108,College of Humanities,Biomedical Discovery Foundation,RES,20241106,98500.00,WD,,0.00,20250420,,,20260831 235900
LP-2023-00321,I1084,College of Humanities,Social Innovation Research Council,RES,20230505,117400.00,CLS,LA-2023-00321,73700.00,20230710,20230914,20260913,20260831 235900
LP-2025-00322,I1045,School of Business,Apex Biotechnologies,RES,20250720,33300.00,ACT,LA-2025-00322,31900.00,20251211,20251227,20261227,20260831 235900
LP-2023-00323,I1005,School of Business,Advanced Technology Agency,RES,20230813,127800.00,CLS,LA-2023-00323,105200.00,20231123,20231221,20241220,20260831 235900
LP-2024-00324,I1104,College of Architecture and Design,Biomedical Discovery Foundation,EQP,20240419,42000.00,DCL,,0.00,20240713,,,20260831 235900
LP-2023-00325,I1087,College of Health Sciences,National Health Research Council,TRN,20230420,103500.00,CLS,LA-2023-00325,90600.00,20231002,20231129,20250522,20260831 235900
LP-2023-00326,I1137,School of Law and Public Policy,Massachusetts Innovation Fund,RES,20230809,45200.00,CLS,LA-2023-00326,34200.00,20231018,20231030,20250422,20260831 235900
LP-2025-00327,I1156,College of Humanities,Future Cities Foundation,RES,20250106,171600.00,DCL,,0.00,20250214,,,20260831 235900
LP-2024-00328,I1145,School of Law and Public Policy,Interdisciplinary Catalyst Fund,INT,20240131,101900.00,DCL,,0.00,20240414,,,20260831 235900
LP-2026-00329,I1005,School of Business,National Health Research Council,INT,20260214,485200.00,DCL,,0.00,20260609,,,20260831 235900
LP-2023-00330,I1043,College of Social Innovation,National Health Research Council,EQP,20230903,397100.00,ACT,LA-2023-00330,381500.00,20240111,20240128,20270127,20260831 235900
LP-2024-00331,I1178,College of Engineering,Biomedical Discovery Foundation,TRN,20240524,445600.00,DCL,,0.00,20241017,,,20260831 235900
LP-2025-00332,I1173,School of Business,National Science Foundation,EQP,20251128,188100.00,ACT,LA-2025-00332,120000.00,20260213,20260320,20290319,20260831 235900
LP-2025-00333,I1163,College of Social Innovation,Department of Public Health,INT,20250603,61300.00,ACT,LA-2025-00333,48900.00,20250713,20250905,20260905,20260831 235900
LP-2023-00334,I1143,College of Health Sciences,Helix Medical Devices,TRN,20230417,532500.00,DCL,,0.00,20230612,,,20260831 235900
LP-2025-00335,I1091,College of Social Innovation,Global Health Foundation,RES,20250518,72900.00,DCL,,0.00,20250824,,,20260831 235900
LP-2026-00336,I1086,College of Science,Ontario Research Fund,RES,20260526,52900.00,DCL,,0.00,20260831,,,20260831 235900
LP-2024-00337,I1110,College of Science,Vertex Mobility Systems,INT,20241126,132800.00,ACT,LA-2024-00337,118500.00,20250205,20250215,20260215,20260831 235900
LP-2025-00338,I1086,College of Science,Helix Medical Devices,EQP,20250218,21700.00,DCL,,0.00,20250401,,,20260831 235900
LP-2024-00339,I1054,College of Science,National Science Foundation,INT,20240715,286200.00,DCL,,0.00,20240820,,,20260831 235900
LP-2025-00340,I1001,School of Law and Public Policy,Global Health Foundation,FEL,20250603,89900.00,CLS,LA-2025-00340,86800.00,20251126,20260103,20270103,20260831 235900
LP-2023-00341,I1099,College of Social Innovation,Internal Strategic Research Fund,RES,20230817,457800.00,ACT,LA-2023-00341,379800.00,20240125,20240303,20250303,20260831 235900
LP-2024-00342,I1008,College of Architecture and Design,Social Innovation Research Council,RES,20241018,186000.00,AWD,LA-2024-00342,173600.00,20250223,20250401,20260923,20260831 235900
LP-2025-00343,I1041,School of Law and Public Policy,Education Access Foundation,RES,20250414,297300.00,DCL,,0.00,20250916,,,20260831 235900
LP-2026-00344,I1166,College of Science,Ontario Research Fund,RES,20260414,135600.00,AWD,LA-2026-00344,91200.00,20260831,20261014,20281013,20260831 235900
LP-2025-00345,I1047,College of Health Sciences,Massachusetts Innovation Fund,RES,20251124,114500.00,DCL,,0.00,20260526,,,20260831 235900
LP-2025-00346,I1089,School of Law and Public Policy,Apex Biotechnologies,RES,20250806,126400.00,DCL,,0.00,20251122,,,20260831 235900
LP-2023-00347,I1140,College of Humanities,Vertex Mobility Systems,TRN,20231214,92600.00,DCL,,0.00,20240405,,,20260831 235900
LP-2026-00348,I1178,College of Engineering,National Health Research Council,RES,20260720,76100.00,REV,,0.00,,,,20260831 235900
LP-2023-00349,I1176,College of Architecture and Design,Natural Sciences Research Council,RES,20230804,171700.00,ACT,LA-2023-00349,156300.00,20231223,20240301,20250823,20260831 235900
LP-2025-00350,I1022,College of Science,National Science Foundation,RES,20250923,143600.00,ACT,LA-2025-00350,97900.00,20251217,20260122,20280122,20260831 235900
LP-2023-00351,I1149,School of Business,Future Cities Foundation,RES,20230115,96900.00,DCL,,0.00,20230718,,,20260831 235900
LP-2025-00352,I1105,School of Law and Public Policy,Massachusetts Innovation Fund,RES,20250610,60200.00,ACT,LA-2025-00352,42900.00,20250808,20250925,20260925,20260831 235900
LP-2024-00353,I1010,College of Engineering,National Science Foundation,RES,20240306,41200.00,CLS,LA-2024-00353,36600.00,20240722,20240826,20270826,20260831 235900
LP-2023-00354,I1087,College of Health Sciences,Social Innovation Research Council,RES,20231012,67000.00,CLS,LA-2023-00354,66600.00,20240302,20240322,20270322,20260831 235900
LP-2026-00355,I1154,College of Engineering,Global Health Foundation,TRN,20260218,77400.00,ACT,LA-2026-00355,56800.00,20260328,20260609,20290608,20260831 235900
LP-2026-00356,I1114,College of Engineering,Future Cities Foundation,RES,20260606,44000.00,DCL,,0.00,20260811,,,20260831 235900
LP-2025-00357,I1088,College of Architecture and Design,Ontario Research Fund,RES,20250216,309700.00,ACT,LA-2025-00357,270900.00,20250811,20251009,20270402,20260831 235900
LP-2023-00358,I1174,College of Science,Interdisciplinary Catalyst Fund,INT,20231219,40100.00,CLS,LA-2023-00358,34300.00,20240612,20240815,20260206,20260831 235900
LP-2023-00359,I1118,College of Science,Department of Public Health,RES,20230507,62000.00,DCL,,0.00,20230906,,,20260831 235900
LP-2024-00360,I1055,College of Health Sciences,Social Innovation Research Council,RES,20240225,71800.00,CLS,LA-2024-00360,45800.00,20240415,20240604,20251126,20260831 235900
LP-2023-00361,I1034,College of Engineering,Global Development Partnership,RES,20230307,103900.00,DCL,,0.00,20230426,,,20260831 235900
LP-2024-00362,I1117,School of Business,Education Access Foundation,RES,20240205,74000.00,ACT,LA-2024-00362,62600.00,20240721,20240901,20260901,20260831 235900
LP-2024-00363,I1052,College of Humanities,Global Development Partnership,INT,20240901,53800.00,CLS,LA-2024-00363,50900.00,20241101,20241201,20261201,20260831 235900
LP-2025-00364,I1004,College of Humanities,International Research Consortium,RES,20250829,96200.00,ACT,LA-2025-00364,71100.00,20251025,20251207,20270531,20260831 235900
LP-2026-00365,I1015,College of Health Sciences,National Science Foundation,RES,20260118,88700.00,ACT,LA-2026-00365,70900.00,20260517,20260702,20271224,20260831 235900
LP-2025-00366,I1085,School of Business,Faculty Seed Grant Program,FEL,20251130,34500.00,AWD,LA-2025-00366,23700.00,20260331,20260428,20271020,20260831 235900
LP-2023-00367,I1101,School of Business,Natural Sciences Research Council,EQP,20230125,83500.00,DCL,,0.00,20230415,,,20260831 235900
LP-2023-00368,I1040,College of Architecture and Design,International Research Consortium,RES,20230116,50500.00,DCL,,0.00,20230514,,,20260831 235900
LP-2023-00369,I1125,School of Business,Biomedical Discovery Foundation,RES,20230511,102400.00,CLS,LA-2023-00369,97700.00,20230913,20231123,20261122,20260831 235900
LP-2025-00370,I1178,College of Engineering,Ontario Research Fund,TRN,20250220,76100.00,DCL,,0.00,20250720,,,20260831 235900
LP-2023-00371,I1018,College of Engineering,Natural Sciences Research Council,FEL,20231111,149500.00,ACT,LA-2023-00371,135100.00,20240205,20240304,20250304,20260831 235900
LP-2023-00372,I1095,College of Health Sciences,Interdisciplinary Catalyst Fund,INT,20231113,33000.00,ACT,LA-2023-00372,21900.00,20240105,20240124,20260123,20260831 235900
LP-2023-00373,I1017,School of Law and Public Policy,National Health Research Council,RES,20230208,594700.00,DCL,,0.00,20230617,,,20260831 235900
LP-2023-00374,I1137,School of Law and Public Policy,Advanced Technology Agency,FEL,20230828,87600.00,DCL,,0.00,20240226,,,20260831 235900
LP-2025-00375,I1136,College of Architecture and Design,Helix Medical Devices,INT,20250315,932200.00,ACT,LA-2025-00375,747300.00,20250626,20250715,20260715,20260831 235900
LP-2026-00376,I1010,College of Engineering,Vertex Mobility Systems,EQP,20260127,61700.00,DCL,,0.00,20260703,,,20260831 235900
LP-2026-00377,I1083,College of Social Innovation,Faculty Seed Grant Program,RES,20260127,75200.00,DCL,,0.00,20260422,,,20260831 235900
LP-2024-00378,I1134,College of Science,National Science Foundation,TRN,20240610,520100.00,DCL,,0.00,20241016,,,20260831 235900
LP-2026-00379,I1138,College of Engineering,National Science Foundation,TRN,20260807,61400.00,REV,,0.00,,,,20260831 235900
LP-2025-00380,I1081,School of Law and Public Policy,Natural Sciences Research Council,TRN,20250219,76100.00,DCL,,0.00,20250410,,,20260831 235900
LP-2023-00381,I1111,College of Health Sciences,Vertex Mobility Systems,RES,20230412,32000.00,DCL,,0.00,20230808,,,20260831 235900
LP-2025-00382,I1072,College of Architecture and Design,Natural Sciences Research Council,RES,20250918,354300.00,DCL,,0.00,20251114,,,20260831 235900
LP-2023-00383,I1140,College of Humanities,Community Wellbeing Trust,RES,20230518,45900.00,CLS,LA-2023-00383,45400.00,20231028,20231225,20261224,20260831 235900
LP-2024-00384,I1178,College of Engineering,Vertex Mobility Systems,EQP,20240317,201700.00,ACT,LA-2024-00384,168700.00,20240602,20240813,20250813,20260831 235900
LP-2023-00385,I1033,School of Law and Public Policy,Interdisciplinary Catalyst Fund,RES,20230909,132300.00,DCL,,0.00,20240129,,,20260831 235900
LP-2024-00386,I1073,School of Law and Public Policy,Faculty Seed Grant Program,RES,20241116,123100.00,AWD,LA-2024-00386,88200.00,20250426,20250705,20270705,20260831 235900
LP-2026-00387,I1117,School of Business,Ontario Research Fund,RES,20260708,141300.00,ACT,LA-2026-00387,140900.00,20260831,20261102,20271102,20260831 235900
LP-2023-00388,I1170,College of Engineering,Natural Sciences Research Council,RES,20231219,112400.00,WD,,0.00,20240303,,,20260831 235900
LP-2024-00389,I1144,College of Architecture and Design,Advanced Technology Agency,TRN,20241125,121900.00,DCL,,0.00,20250116,,,20260831 235900
LP-2024-00390,I1042,College of Engineering,National Science Foundation,EQP,20240110,36600.00,WD,,0.00,20240704,,,20260831 235900
LP-2023-00391,I1162,College of Engineering,Helix Medical Devices,RES,20230320,68100.00,DCL,,0.00,20230519,,,20260831 235900
LP-2025-00392,I1115,College of Social Innovation,Vertex Mobility Systems,RES,20250507,180700.00,DCL,,0.00,20250901,,,20260831 235900
LP-2023-00393,I1167,College of Health Sciences,Interdisciplinary Catalyst Fund,RES,20231202,48400.00,CLS,LA-2023-00393,41800.00,20240419,20240512,20270512,20260831 235900
LP-2023-00394,I1161,School of Law and Public Policy,Department of Public Health,TRN,20230509,539200.00,DCL,,0.00,20231005,,,20260831 235900
LP-2026-00395,I1113,School of Law and Public Policy,Global Development Partnership,TRN,20260607,34700.00,REV,,0.00,,,,20260831 235900
LP-2023-00396,I1044,College of Humanities,Education Access Foundation,RES,20230408,283600.00,DCL,,0.00,20230821,,,20260831 235900
LP-2025-00397,I1103,College of Health Sciences,Social Innovation Research Council,INT,20250806,77300.00,CLS,LA-2025-00397,51200.00,20251004,20251118,20271118,20260831 235900
LP-2025-00398,I1082,College of Engineering,Ontario Research Fund,RES,20250719,103900.00,DCL,,0.00,20260108,,,20260831 235900
LP-2026-00399,I1073,School of Law and Public Policy,Community Wellbeing Trust,RES,20260228,33400.00,DCL,,0.00,20260705,,,20260831 235900
LP-2023-00400,I1142,College of Science,Education Access Foundation,RES,20231221,141700.00,ACT,LA-2023-00400,134300.00,20240505,20240714,20250714,20260831 235900
LP-2024-00401,I1178,College of Engineering,Northstar Analytics,RES,20240916,32400.00,DCL,,0.00,20241111,,,20260831 235900
LP-2026-00402,I1113,School of Law and Public Policy,National Health Research Council,RES,20260419,40200.00,ACT,LA-2026-00402,31100.00,20260703,20260909,20280908,20260831 235900
LP-2023-00403,I1075,College of Social Innovation,Social Innovation Research Council,TRN,20230404,82300.00,DCL,,0.00,20230728,,,20260831 235900
LP-2024-00404,I1037,School of Business,International Research Consortium,FEL,20240422,364300.00,ACT,LA-2024-00404,329100.00,20240731,20241005,20251005,20260831 235900
LP-2025-00405,I1062,College of Science,Advanced Technology Agency,RES,20251201,147800.00,CLS,LA-2025-00405,140000.00,20260531,20260729,20280120,20260831 235900
LP-2025-00406,I1031,College of Health Sciences,Community Wellbeing Trust,RES,20251214,271400.00,ACT,LA-2025-00406,237200.00,20260407,20260525,20280524,20260831 235900
LP-2025-00407,I1158,College of Science,Ontario Research Fund,RES,20251125,241700.00,CLS,LA-2025-00407,237600.00,20260109,20260207,20280207,20260831 235900
LP-2023-00408,I1061,School of Business,Ontario Research Fund,RES,20231217,90700.00,WD,,0.00,20240418,,,20260831 235900
LP-2024-00409,I1082,College of Engineering,Helix Medical Devices,RES,20241201,169700.00,DCL,,0.00,20250325,,,20260831 235900
LP-2025-00410,I1062,College of Science,Ontario Research Fund,RES,20250318,84400.00,ACT,LA-2025-00410,52900.00,20250728,20251002,20270326,20260831 235900
LP-2024-00411,I1124,College of Humanities,International Research Consortium,RES,20240627,170100.00,DCL,,0.00,20241111,,,20260831 235900
LP-2023-00412,I1056,College of Architecture and Design,Education Access Foundation,RES,20230129,361800.00,DCL,,0.00,20230723,,,20260831 235900
LP-2024-00413,I1089,School of Law and Public Policy,Community Wellbeing Trust,RES,20241020,433400.00,ACT,LA-2024-00413,310500.00,20250421,20250607,20280606,20260831 235900
LP-2026-00414,I1105,School of Law and Public Policy,Department of Public Health,RES,20260104,65000.00,DCL,,0.00,20260628,,,20260831 235900
LP-2024-00415,I1129,School of Law and Public Policy,Apex Biotechnologies,TRN,20241229,48900.00,ACT,LA-2024-00415,47600.00,20250610,20250711,20260711,20260831 235900
LP-2024-00416,I1009,School of Law and Public Policy,Internal Strategic Research Fund,RES,20240606,165500.00,DCL,,0.00,20241121,,,20260831 235900
LP-2023-00417,I1165,School of Business,National Science Foundation,RES,20230317,77700.00,CLS,LA-2023-00417,56300.00,20230625,20230723,20250113,20260831 235900
LP-2025-00418,I1020,College of Humanities,Global Health Foundation,RES,20250521,110800.00,DCL,,0.00,20250726,,,20260831 235900
LP-2026-00419,I1008,College of Architecture and Design,Natural Sciences Research Council,RES,20260204,69200.00,DCL,,0.00,20260419,,,20260831 235900
LP-2025-00420,I1042,College of Engineering,Social Innovation Research Council,TRN,20250828,96800.00,CLS,LA-2025-00420,64200.00,20251220,20260124,20290123,20260831 235900
LP-2025-00421,I1170,College of Engineering,Future Cities Foundation,RES,20251204,156300.00,DCL,,0.00,20260405,,,20260831 235900
LP-2023-00422,I1045,School of Business,Future Cities Foundation,TRN,20230524,229800.00,CLS,LA-2023-00422,221800.00,20230804,20230823,20250213,20260831 235900
LP-2023-00423,I1062,College of Science,Social Innovation Research Council,RES,20230909,169400.00,DCL,,0.00,20240119,,,20260831 235900
LP-2023-00424,I1084,College of Humanities,National Health Research Council,FEL,20231020,85100.00,WD,,0.00,20240101,,,20260831 235900
LP-2025-00425,I1069,School of Business,Ontario Research Fund,RES,20250506,86600.00,AWD,LA-2025-00425,58100.00,20250830,20251020,20261020,20260831 235900
LP-2024-00426,I1114,College of Engineering,Ontario Research Fund,RES,20240829,534800.00,CLS,LA-2024-00426,430400.00,20250119,20250207,20260207,20260831 235900
LP-2024-00427,I1067,College of Social Innovation,Social Innovation Research Council,RES,20240824,149600.00,CLS,LA-2024-00427,131900.00,20250103,20250303,20270303,20260831 235900
LP-2026-00428,I1090,College of Engineering,Urban Resilience Network,RES,20260409,83300.00,AWD,LA-2026-00428,52800.00,20260831,20260926,20280319,20260831 235900
LP-2025-00429,I1034,College of Engineering,Department of Public Health,RES,20250613,530900.00,DCL,,0.00,20251005,,,20260831 235900
LP-2024-00430,I1101,School of Business,Urban Resilience Network,RES,20241005,326200.00,ACT,LA-2024-00430,212800.00,20241120,20241228,20271228,20260831 235900
LP-2025-00431,I1064,College of Architecture and Design,Natural Sciences Research Council,RES,20251014,31400.00,DCL,,0.00,20251201,,,20260831 235900
LP-2025-00432,I1154,College of Engineering,National Health Research Council,FEL,20251203,38900.00,CLS,LA-2025-00432,26900.00,20260129,20260225,20270225,20260831 235900
LP-2026-00433,I1035,College of Social Innovation,Global Development Partnership,RES,20260620,190900.00,WD,,0.00,20260831,,,20260831 235900
LP-2024-00434,I1028,College of Humanities,Global Development Partnership,RES,20241001,225700.00,DCL,,0.00,20250120,,,20260831 235900
LP-2023-00435,I1148,College of Humanities,Social Innovation Research Council,TRN,20231030,320800.00,CLS,LA-2023-00435,315400.00,20231222,20240125,20260124,20260831 235900
LP-2023-00436,I1053,School of Business,Social Innovation Research Council,RES,20230628,219200.00,DCL,,0.00,20231117,,,20260831 235900
LP-2025-00437,I1141,School of Business,Civic Data Collaborative,RES,20250425,52700.00,DCL,,0.00,20250929,,,20260831 235900
LP-2026-00438,I1129,School of Law and Public Policy,Interdisciplinary Catalyst Fund,RES,20260601,88300.00,REV,,0.00,,,,20260831 235900
LP-2025-00439,I1080,College of Architecture and Design,Community Wellbeing Trust,TRN,20250922,284300.00,ACT,LA-2025-00439,205500.00,20260118,20260219,20280219,20260831 235900
LP-2024-00440,I1171,College of Social Innovation,Northstar Analytics,TRN,20240806,323500.00,ACT,LA-2024-00440,293900.00,20241112,20250106,20270106,20260831 235900
LP-2023-00441,I1142,College of Science,Northstar Analytics,RES,20230323,133600.00,DCL,,0.00,20230601,,,20260831 235900
LP-2025-00442,I1160,College of Architecture and Design,Advanced Technology Agency,RES,20250208,69000.00,ACT,LA-2025-00442,61100.00,20250528,20250613,20261205,20260831 235900
LP-2024-00443,I1083,College of Social Innovation,National Science Foundation,RES,20240820,154400.00,DCL,,0.00,20241001,,,20260831 235900
LP-2024-00444,I1010,College of Engineering,Apex Biotechnologies,RES,20240802,137200.00,WD,,0.00,20250112,,,20260831 235900
LP-2024-00445,I1110,College of Science,Future Cities Foundation,RES,20241017,209500.00,DCL,,0.00,20250415,,,20260831 235900
LP-2025-00446,I1040,College of Architecture and Design,National Health Research Council,TRN,20251026,155000.00,ACT,LA-2025-00446,125600.00,20260310,20260320,20270320,20260831 235900
LP-2024-00447,I1089,School of Law and Public Policy,Apex Biotechnologies,FEL,20240303,97900.00,ACT,LA-2024-00447,66800.00,20240605,20240802,20260802,20260831 235900
LP-2025-00448,I1117,School of Business,Interdisciplinary Catalyst Fund,RES,20251008,90900.00,DCL,,0.00,20260129,,,20260831 235900
LP-2025-00449,I1178,College of Engineering,Global Health Foundation,INT,20250605,83600.00,ACT,LA-2025-00449,52500.00,20251030,20251220,20281219,20260831 235900
LP-2025-00450,I1110,College of Science,Future Cities Foundation,EQP,20250824,59400.00,CLS,LA-2025-00450,40100.00,20251225,20260119,20290118,20260831 235900
LP-2024-00451,I1048,College of Architecture and Design,Social Innovation Research Council,RES,20241018,74300.00,DCL,,0.00,20250109,,,20260831 235900
LP-2026-00452,I1023,College of Health Sciences,Helix Medical Devices,FEL,20260614,524900.00,REV,,0.00,,,,20260831 235900
LP-2025-00453,I1035,College of Social Innovation,Social Innovation Research Council,RES,20250519,467600.00,DCL,,0.00,20250808,,,20260831 235900
LP-2026-00454,I1060,College of Humanities,International Research Consortium,EQP,20260727,292700.00,REV,,0.00,,,,20260831 235900
LP-2024-00455,I1049,School of Law and Public Policy,Northstar Analytics,RES,20240626,172000.00,CLS,LA-2024-00455,110000.00,20241017,20241104,20251104,20260831 235900
LP-2023-00456,I1174,College of Science,Internal Strategic Research Fund,RES,20230320,79500.00,CLS,LA-2023-00456,73800.00,20230610,20230708,20250707,20260831 235900
LP-2025-00457,I1130,College of Engineering,Natural Sciences Research Council,RES,20250926,250000.00,WD,,0.00,20251206,,,20260831 235900
LP-2026-00458,I1040,College of Architecture and Design,Interdisciplinary Catalyst Fund,RES,20260523,148600.00,DCL,,0.00,20260712,,,20260831 235900
LP-2026-00459,I1031,College of Health Sciences,Civic Data Collaborative,TRN,20260620,85100.00,DCL,,0.00,20260831,,,20260831 235900
LP-2023-00460,I1079,College of Health Sciences,Internal Strategic Research Fund,TRN,20230228,524900.00,CLS,LA-2023-00460,377100.00,20230905,20231023,20250415,20260831 235900
LP-2023-00461,I1155,College of Social Innovation,Future Cities Foundation,RES,20230921,53100.00,DCL,,0.00,20231202,,,20260831 235900
LP-2025-00462,I1135,College of Health Sciences,Interdisciplinary Catalyst Fund,INT,20250330,110000.00,DCL,,0.00,20250531,,,20260831 235900
LP-2026-00463,I1180,College of Humanities,National Science Foundation,INT,20260503,70600.00,WD,,0.00,20260826,,,20260831 235900
LP-2023-00464,I1031,College of Health Sciences,Education Access Foundation,EQP,20230430,157700.00,ACT,LA-2023-00464,103500.00,20230824,20231026,20250418,20260831 235900
LP-2026-00465,I1022,College of Science,National Science Foundation,EQP,20260117,128300.00,ACT,LA-2026-00465,84900.00,20260507,20260716,20280715,20260831 235900
LP-2023-00466,I1074,College of Engineering,Interdisciplinary Catalyst Fund,INT,20230311,284600.00,DCL,,0.00,20230508,,,20260831 235900
LP-2025-00467,I1073,School of Law and Public Policy,National Health Research Council,FEL,20251014,277800.00,DCL,,0.00,20251208,,,20260831 235900
LP-2025-00468,I1073,School of Law and Public Policy,Department of Energy and Climate,EQP,20250409,75800.00,AWD,LA-2025-00468,49500.00,20251009,20251112,20270506,20260831 235900
LP-2025-00469,I1014,College of Science,National Health Research Council,RES,20250727,83400.00,ACT,LA-2025-00469,79200.00,20251101,20260114,20270708,20260831 235900
LP-2023-00470,I1112,College of Architecture and Design,Faculty Seed Grant Program,RES,20230221,35600.00,CLS,LA-2023-00470,22400.00,20230809,20231015,20251014,20260831 235900
LP-2026-00471,I1121,School of Law and Public Policy,Social Innovation Research Council,RES,20260116,58700.00,AWD,LA-2026-00471,48500.00,20260223,20260409,20271001,20260831 235900
LP-2026-00472,I1139,College of Social Innovation,Ontario Research Fund,RES,20260327,99700.00,DCL,,0.00,20260831,,,20260831 235900
LP-2026-00473,I1039,College of Health Sciences,International Research Consortium,RES,20260318,75700.00,DCL,,0.00,20260523,,,20260831 235900
LP-2023-00474,I1091,College of Social Innovation,Helix Medical Devices,RES,20230924,168800.00,CLS,LA-2023-00474,129800.00,20240119,20240223,20270222,20260831 235900
LP-2026-00475,I1157,School of Business,National Science Foundation,RES,20260625,58100.00,REV,,0.00,,,,20260831 235900
LP-2023-00476,I1027,College of Social Innovation,Helix Medical Devices,RES,20231030,667400.00,DCL,,0.00,20240119,,,20260831 235900
LP-2026-00477,I1006,College of Science,Northstar Analytics,RES,20260703,68100.00,REV,,0.00,,,,20260831 235900
LP-2025-00478,I1057,School of Law and Public Policy,Global Health Foundation,RES,20250822,103300.00,AWD,LA-2025-00478,92700.00,20251221,20260116,20270116,20260831 235900
LP-2026-00479,I1024,College of Architecture and Design,Interdisciplinary Catalyst Fund,RES,20260601,203900.00,DCL,,0.00,20260831,,,20260831 235900
LP-2025-00480,I1068,College of Humanities,National Science Foundation,INT,20251025,178300.00,DCL,,0.00,20260408,,,20260831 235900
LP-2025-00481,I1149,School of Business,Helix Medical Devices,EQP,20250119,90800.00,DCL,,0.00,20250415,,,20260831 235900
LP-2025-00482,I1080,College of Architecture and Design,Natural Sciences Research Council,FEL,20250406,84800.00,ACT,LA-2025-00482,79400.00,20250614,20250626,20280625,20260831 235900
LP-2023-00483,I1134,College of Science,Massachusetts Innovation Fund,RES,20230812,86900.00,DCL,,0.00,20231023,,,20260831 235900
LP-2023-00484,I1023,College of Health Sciences,National Health Research Council,RES,20230412,269700.00,DCL,,0.00,20230921,,,20260831 235900
LP-2025-00485,I1090,College of Engineering,Helix Medical Devices,RES,20251109,34800.00,AWD,LA-2025-00485,33900.00,20251228,20260301,20290228,20260831 235900
LP-2023-00486,I1173,School of Business,Global Health Foundation,RES,20231030,118100.00,CLS,LA-2023-00486,108700.00,20240208,20240307,20270307,20260831 235900
LP-2024-00487,I1134,College of Science,Civic Data Collaborative,RES,20240113,339400.00,DCL,,0.00,20240601,,,20260831 235900
LP-2023-00488,I1115,College of Social Innovation,Faculty Seed Grant Program,RES,20230328,46200.00,WD,,0.00,20230629,,,20260831 235900
LP-2023-00489,I1124,College of Humanities,Department of Public Health,RES,20231221,121500.00,CLS,LA-2023-00489,102500.00,20240317,20240426,20260426,20260831 235900
LP-2025-00490,I1097,School of Law and Public Policy,Community Wellbeing Trust,RES,20250121,74400.00,DCL,,0.00,20250417,,,20260831 235900
LP-2025-00491,I1007,College of Health Sciences,Department of Energy and Climate,INT,20250319,484500.00,ACT,LA-2025-00491,472200.00,20250502,20250525,20270525,20260831 235900
LP-2025-00492,I1132,College of Humanities,Interdisciplinary Catalyst Fund,RES,20250123,294300.00,DCL,,0.00,20250606,,,20260831 235900
LP-2026-00493,I1107,College of Social Innovation,Biomedical Discovery Foundation,RES,20260403,284700.00,DCL,,0.00,20260525,,,20260831 235900
LP-2023-00494,I1128,College of Architecture and Design,Global Development Partnership,EQP,20230306,154200.00,CLS,LA-2023-00494,147000.00,20230712,20230811,20250201,20260831 235900
LP-2023-00495,I1029,School of Business,Ontario Research Fund,RES,20231226,186200.00,DCL,,0.00,20240330,,,20260831 235900
LP-2025-00496,I1142,College of Science,Biomedical Discovery Foundation,RES,20250204,18600.00,DCL,,0.00,20250424,,,20260831 235900
LP-2026-00497,I1104,College of Architecture and Design,Vertex Mobility Systems,TRN,20260813,74800.00,REV,,0.00,,,,20260831 235900
LP-2024-00498,I1063,College of Health Sciences,Faculty Seed Grant Program,RES,20240203,111900.00,CLS,LA-2024-00498,72900.00,20240425,20240605,20270605,20260831 235900
LP-2026-00499,I1017,School of Law and Public Policy,Helix Medical Devices,RES,20260603,92400.00,REV,,0.00,,,,20260831 235900
LP-2023-00500,I1135,College of Health Sciences,Vertex Mobility Systems,INT,20230313,874700.00,DCL,,0.00,20230716,,,20260831 235900
LP-2026-00501,I1008,College of Architecture and Design,Department of Public Health,RES,20260213,19100.00,AWD,LA-2026-00501,14500.00,20260613,20260722,20290721,20260831 235900
LP-2023-00502,I1082,College of Engineering,Department of Energy and Climate,RES,20231107,58400.00,DCL,,0.00,20231230,,,20260831 235900
LP-2023-00503,I1013,School of Business,Interdisciplinary Catalyst Fund,RES,20230511,230400.00,DCL,,0.00,20230704,,,20260831 235900
LP-2024-00504,I1075,College of Social Innovation,Natural Sciences Research Council,RES,20240910,82500.00,DCL,,0.00,20241113,,,20260831 235900
LP-2023-00505,I1092,College of Humanities,Department of Public Health,RES,20230808,164200.00,DCL,,0.00,20231025,,,20260831 235900
LP-2023-00506,I1028,College of Humanities,Vertex Mobility Systems,RES,20230625,304500.00,DCL,,0.00,20231002,,,20260831 235900
LP-2026-00507,I1013,School of Business,Internal Strategic Research Fund,FEL,20260625,406300.00,AWD,LA-2026-00507,272800.00,20260831,20261114,20291113,20260831 235900
LP-2026-00508,I1144,College of Architecture and Design,Northstar Analytics,FEL,20260425,304700.00,REV,,0.00,,,,20260831 235900
LP-2023-00509,I1145,School of Law and Public Policy,Urban Resilience Network,RES,20230818,73200.00,ACT,LA-2023-00509,61300.00,20240202,20240311,20260311,20260831 235900
LP-2024-00510,I1156,College of Humanities,Vertex Mobility Systems,TRN,20240417,276400.00,CLS,LA-2024-00510,176800.00,20240708,20240917,20250917,20260831 235900
LP-2023-00511,I1072,College of Architecture and Design,Department of Public Health,INT,20230303,116500.00,CLS,LA-2023-00511,74000.00,20230625,20230830,20250829,20260831 235900
LP-2025-00512,I1136,College of Architecture and Design,International Research Consortium,RES,20250220,171700.00,ACT,LA-2025-00512,113200.00,20250808,20250919,20260919,20260831 235900
LP-2025-00513,I1119,College of Health Sciences,Department of Public Health,RES,20250806,198900.00,ACT,LA-2025-00513,188300.00,20260207,20260313,20270904,20260831 235900
LP-2026-00514,I1046,College of Science,International Research Consortium,RES,20260409,27700.00,REV,,0.00,,,,20260831 235900
LP-2024-00515,I1055,College of Health Sciences,Department of Energy and Climate,RES,20240731,18700.00,DCL,,0.00,20250203,,,20260831 235900
LP-2025-00516,I1080,College of Architecture and Design,Faculty Seed Grant Program,INT,20251116,194100.00,WD,,0.00,20260113,,,20260831 235900
LP-2023-00517,I1103,College of Health Sciences,Internal Strategic Research Fund,RES,20231112,244000.00,DCL,,0.00,20240406,,,20260831 235900
LP-2025-00518,I1081,School of Law and Public Policy,Massachusetts Innovation Fund,RES,20250116,198600.00,DCL,,0.00,20250715,,,20260831 235900
LP-2025-00519,I1048,College of Architecture and Design,Future Cities Foundation,TRN,20251117,65000.00,DCL,,0.00,20260511,,,20260831 235900
LP-2024-00520,I1082,College of Engineering,Northstar Analytics,RES,20240603,77400.00,CLS,LA-2024-00520,69000.00,20240822,20241014,20251014,20260831 235900
LP-2026-00521,I1108,College of Humanities,Vertex Mobility Systems,RES,20260714,38700.00,WD,,0.00,20260831,,,20260831 235900
LP-2026-00522,I1157,School of Business,Future Cities Foundation,RES,20260522,56000.00,DCL,,0.00,20260831,,,20260831 235900
LP-2026-00523,I1130,College of Engineering,Department of Public Health,RES,20260507,122400.00,REV,,0.00,,,,20260831 235900
LP-2023-00524,I1091,College of Social Innovation,Vertex Mobility Systems,TRN,20230621,180500.00,DCL,,0.00,20231102,,,20260831 235900
LP-2025-00525,I1113,School of Law and Public Policy,Faculty Seed Grant Program,TRN,20251015,15000.00,AWD,LA-2025-00525,9400.00,20251216,20260120,20280120,20260831 235900
LP-2023-00526,I1011,College of Social Innovation,Global Health Foundation,RES,20230307,67300.00,CLS,LA-2023-00526,60500.00,20230415,20230603,20250602,20260831 235900
LP-2025-00527,I1069,School of Business,Community Wellbeing Trust,RES,20251016,87600.00,ACT,LA-2025-00527,68600.00,20260105,20260218,20270812,20260831 235900
LP-2025-00528,I1078,College of Science,Community Wellbeing Trust,TRN,20250915,75400.00,ACT,LA-2025-00528,55700.00,20260306,20260416,20271008,20260831 235900
LP-2023-00529,I1013,School of Business,Community Wellbeing Trust,RES,20231123,102700.00,DCL,,0.00,20240420,,,20260831 235900
LP-2024-00530,I1029,School of Business,Advanced Technology Agency,INT,20240520,313300.00,ACT,LA-2024-00530,286500.00,20241115,20241221,20271221,20260831 235900
LP-2026-00531,I1045,School of Business,Global Health Foundation,EQP,20260510,210700.00,DCL,,0.00,20260617,,,20260831 235900
LP-2023-00532,I1051,College of Social Innovation,Northstar Analytics,TRN,20231019,56200.00,WD,,0.00,20231207,,,20260831 235900
LP-2023-00533,I1026,College of Engineering,Vertex Mobility Systems,RES,20231215,128500.00,DCL,,0.00,20240423,,,20260831 235900
LP-2024-00534,I1073,School of Law and Public Policy,Interdisciplinary Catalyst Fund,RES,20240605,550300.00,DCL,,0.00,20240720,,,20260831 235900
LP-2024-00535,I1129,School of Law and Public Policy,Natural Sciences Research Council,RES,20240601,52100.00,DCL,,0.00,20240911,,,20260831 235900
LP-2023-00536,I1119,College of Health Sciences,Advanced Technology Agency,RES,20231015,311400.00,ACT,LA-2023-00536,310900.00,20240127,20240223,20250222,20260831 235900
LP-2025-00537,I1132,College of Humanities,Interdisciplinary Catalyst Fund,TRN,20250406,213400.00,ACT,LA-2025-00537,201300.00,20250611,20250712,20270103,20260831 235900
LP-2024-00538,I1179,College of Social Innovation,Helix Medical Devices,INT,20240201,309300.00,ACT,LA-2024-00538,227700.00,20240416,20240504,20251026,20260831 235900
LP-2026-00539,I1178,College of Engineering,Internal Strategic Research Fund,RES,20260812,165700.00,REV,,0.00,,,,20260831 235900
LP-2024-00540,I1093,School of Business,Northstar Analytics,RES,20240204,74000.00,WD,,0.00,20240704,,,20260831 235900
LP-2024-00541,I1161,School of Law and Public Policy,Future Cities Foundation,RES,20240225,154400.00,ACT,LA-2024-00541,128600.00,20240423,20240601,20250601,20260831 235900
LP-2025-00542,I1058,College of Engineering,Department of Public Health,RES,20250116,83500.00,ACT,LA-2025-00542,53700.00,20250619,20250731,20260731,20260831 235900
LP-2026-00543,I1068,College of Humanities,Department of Public Health,RES,20260728,267700.00,WD,,0.00,20260831,,,20260831 235900
LP-2023-00544,I1009,School of Law and Public Policy,Advanced Technology Agency,INT,20230120,59600.00,CLS,LA-2023-00544,42600.00,20230622,20230816,20260815,20260831 235900
LP-2023-00545,I1060,College of Humanities,National Science Foundation,TRN,20230421,147400.00,ACT,LA-2023-00545,146800.00,20231007,20231215,20251214,20260831 235900
LP-2026-00546,I1129,School of Law and Public Policy,Advanced Technology Agency,TRN,20260421,70000.00,ACT,LA-2026-00546,46500.00,20260831,20261025,20281024,20260831 235900
LP-2026-00547,I1141,School of Business,Department of Public Health,FEL,20260528,250600.00,DCL,,0.00,20260831,,,20260831 235900
LP-2024-00548,I1077,School of Business,Biomedical Discovery Foundation,RES,20240502,511300.00,DCL,,0.00,20240715,,,20260831 235900
LP-2025-00549,I1067,College of Social Innovation,Northstar Analytics,INT,20251122,288200.00,DCL,,0.00,20260519,,,20260831 235900
LP-2024-00550,I1085,School of Business,Helix Medical Devices,RES,20240709,233900.00,DCL,,0.00,20241104,,,20260831 235900
LP-2026-00551,I1106,College of Engineering,Advanced Technology Agency,EQP,20260726,69700.00,REV,,0.00,,,,20260831 235900
LP-2024-00552,I1099,College of Social Innovation,National Health Research Council,RES,20240406,172200.00,DCL,,0.00,20241003,,,20260831 235900
LP-2025-00553,I1099,College of Social Innovation,Northstar Analytics,EQP,20250205,329800.00,AWD,LA-2025-00553,207600.00,20250724,20250907,20260907,20260831 235900
LP-2025-00554,I1099,College of Social Innovation,Vertex Mobility Systems,RES,20250207,56700.00,DCL,,0.00,20250411,,,20260831 235900
LP-2024-00555,I1123,College of Social Innovation,Urban Resilience Network,RES,20241228,35100.00,ACT,LA-2024-00555,28700.00,20250412,20250503,20280502,20260831 235900
LP-2024-00556,I1167,College of Health Sciences,Biomedical Discovery Foundation,INT,20240723,204200.00,DCL,,0.00,20241130,,,20260831 235900
LP-2023-00557,I1004,College of Humanities,Helix Medical Devices,RES,20230909,157900.00,DCL,,0.00,20231125,,,20260831 235900
LP-2026-00558,I1060,College of Humanities,Department of Energy and Climate,TRN,20260330,1514300.00,DCL,,0.00,20260712,,,20260831 235900
LP-2025-00559,I1046,College of Science,Interdisciplinary Catalyst Fund,INT,20250903,44300.00,DCL,,0.00,20251211,,,20260831 235900
LP-2025-00560,I1027,College of Social Innovation,Global Health Foundation,RES,20250525,39100.00,ACT,LA-2025-00560,25700.00,20251031,20251226,20271226,20260831 235900
LP-2023-00561,I1146,College of Engineering,Urban Resilience Network,RES,20230111,295700.00,CLS,LA-2023-00561,215400.00,20230416,20230618,20241209,20260831 235900
LP-2024-00562,I1084,College of Humanities,Advanced Technology Agency,INT,20241122,104600.00,DCL,,0.00,20250221,,,20260831 235900
LP-2023-00563,I1104,College of Architecture and Design,Department of Energy and Climate,RES,20231126,80500.00,DCL,,0.00,20240501,,,20260831 235900
LP-2024-00564,I1132,College of Humanities,Ontario Research Fund,INT,20240920,225200.00,CLS,LA-2024-00564,197500.00,20241104,20250116,20260116,20260831 235900
LP-2024-00565,I1095,College of Health Sciences,National Science Foundation,RES,20240907,32200.00,CLS,LA-2024-00565,23000.00,20250211,20250313,20270313,20260831 235900
LP-2025-00566,I1098,College of Engineering,Community Wellbeing Trust,FEL,20250702,92600.00,AWD,LA-2025-00566,58300.00,20251230,20260305,20270305,20260831 235900
LP-2023-00567,I1080,College of Architecture and Design,Ontario Research Fund,RES,20230302,197600.00,ACT,LA-2023-00567,123100.00,20230523,20230712,20260711,20260831 235900
LP-2024-00568,I1067,College of Social Innovation,Apex Biotechnologies,FEL,20240124,110100.00,CLS,LA-2024-00568,80700.00,20240601,20240812,20260812,20260831 235900
LP-2025-00569,I1004,College of Humanities,Biomedical Discovery Foundation,RES,20250605,20100.00,AWD,LA-2025-00569,13300.00,20251211,20251230,20271230,20260831 235900
LP-2025-00570,I1152,College of Architecture and Design,National Health Research Council,INT,20250130,469100.00,DCL,,0.00,20250506,,,20260831 235900
LP-2023-00571,I1169,School of Law and Public Policy,Biomedical Discovery Foundation,TRN,20231216,127800.00,CLS,LA-2023-00571,86600.00,20240621,20240820,20250820,20260831 235900
LP-2024-00572,I1131,College of Social Innovation,National Science Foundation,RES,20241117,283300.00,AWD,LA-2024-00572,213400.00,20250326,20250602,20261124,20260831 235900
LP-2023-00573,I1152,College of Architecture and Design,Massachusetts Innovation Fund,EQP,20231127,40200.00,CLS,LA-2023-00573,29700.00,20240510,20240526,20251117,20260831 235900
LP-2025-00574,I1118,College of Science,Interdisciplinary Catalyst Fund,RES,20250609,116500.00,ACT,LA-2025-00574,115600.00,20250816,20250925,20270319,20260831 235900
LP-2025-00575,I1103,College of Health Sciences,Advanced Technology Agency,TRN,20250408,256300.00,ACT,LA-2025-00575,251700.00,20250710,20250920,20270314,20260831 235900
LP-2024-00576,I1088,College of Architecture and Design,Natural Sciences Research Council,RES,20240916,199800.00,ACT,LA-2024-00576,126000.00,20250206,20250219,20270219,20260831 235900
LP-2024-00577,I1130,College of Engineering,Future Cities Foundation,RES,20240731,113700.00,DCL,,0.00,20241016,,,20260831 235900
LP-2026-00578,I1110,College of Science,Advanced Technology Agency,RES,20260505,86300.00,AWD,LA-2026-00578,82100.00,20260831,20261011,20281010,20260831 235900
LP-2024-00579,I1095,College of Health Sciences,Social Innovation Research Council,RES,20240213,69000.00,ACT,LA-2024-00579,47600.00,20240617,20240804,20250804,20260831 235900
LP-2026-00580,I1126,College of Science,Northstar Analytics,RES,20260217,159700.00,DCL,,0.00,20260413,,,20260831 235900
LP-2024-00581,I1150,College of Science,Department of Energy and Climate,EQP,20240229,167500.00,ACT,LA-2024-00581,166100.00,20240807,20240903,20260225,20260831 235900
LP-2023-00582,I1037,School of Business,Vertex Mobility Systems,RES,20230712,331900.00,CLS,LA-2023-00582,226100.00,20231119,20240103,20250626,20260831 235900
LP-2023-00583,I1124,College of Humanities,Natural Sciences Research Council,EQP,20230303,65100.00,WD,,0.00,20230608,,,20260831 235900
LP-2024-00584,I1149,School of Business,Community Wellbeing Trust,RES,20240104,99500.00,DCL,,0.00,20240422,,,20260831 235900
LP-2023-00585,I1098,College of Engineering,Ontario Research Fund,TRN,20230626,221500.00,CLS,LA-2023-00585,181300.00,20231011,20231218,20251217,20260831 235900
LP-2024-00586,I1022,College of Science,National Health Research Council,EQP,20241007,425000.00,ACT,LA-2024-00586,385300.00,20250410,20250422,20260422,20260831 235900
LP-2023-00587,I1112,College of Architecture and Design,Department of Energy and Climate,RES,20230821,218100.00,CLS,LA-2023-00587,179700.00,20231106,20231216,20251215,20260831 235900
LP-2024-00588,I1008,College of Architecture and Design,Department of Energy and Climate,TRN,20241230,215300.00,DCL,,0.00,20250505,,,20260831 235900
LP-2023-00589,I1132,College of Humanities,Helix Medical Devices,RES,20231227,57400.00,DCL,,0.00,20240429,,,20260831 235900
LP-2025-00590,I1074,College of Engineering,Massachusetts Innovation Fund,RES,20250820,48400.00,ACT,LA-2025-00590,32500.00,20251221,20260214,20280214,20260831 235900
LP-2024-00591,I1104,College of Architecture and Design,Interdisciplinary Catalyst Fund,RES,20240218,66800.00,CLS,LA-2024-00591,53300.00,20240425,20240629,20260629,20260831 235900
LP-2026-00592,I1035,College of Social Innovation,Future Cities Foundation,TRN,20260506,358500.00,ACT,LA-2026-00592,278800.00,20260822,20261009,20271009,20260831 235900
LP-2023-00593,I1122,College of Engineering,International Research Consortium,FEL,20230928,589400.00,CLS,LA-2023-00593,413400.00,20231222,20240123,20260122,20260831 235900
LP-2024-00594,I1145,School of Law and Public Policy,Future Cities Foundation,RES,20240917,181200.00,DCL,,0.00,20250325,,,20260831 235900
LP-2025-00595,I1119,College of Health Sciences,National Science Foundation,RES,20250412,51900.00,ACT,LA-2025-00595,33700.00,20250914,20251007,20271007,20260831 235900
LP-2025-00596,I1051,College of Social Innovation,International Research Consortium,FEL,20250728,301100.00,DCL,,0.00,20250914,,,20260831 235900
LP-2023-00597,I1027,College of Social Innovation,Internal Strategic Research Fund,RES,20231009,164300.00,DCL,,0.00,20231225,,,20260831 235900
LP-2023-00598,I1002,College of Engineering,Global Development Partnership,RES,20231007,185500.00,CLS,LA-2023-00598,185400.00,20240324,20240520,20270520,20260831 235900
LP-2026-00599,I1067,College of Social Innovation,Biomedical Discovery Foundation,RES,20260310,72300.00,DCL,,0.00,20260708,,,20260831 235900
LP-2023-00600,I1010,College of Engineering,Biomedical Discovery Foundation,TRN,20230314,32200.00,ACT,LA-2023-00600,26400.00,20230726,20230812,20240811,20260831 235900
LP-2023-00601,I1053,School of Business,National Science Foundation,FEL,20230915,111900.00,CLS,LA-2023-00601,110000.00,20240304,20240423,20260423,20260831 235900
LP-2024-00602,I1031,College of Health Sciences,Interdisciplinary Catalyst Fund,TRN,20240322,652400.00,CLS,LA-2024-00602,445100.00,20240917,20241008,20271008,20260831 235900
LP-2024-00603,I1039,College of Health Sciences,Department of Public Health,TRN,20240303,345400.00,DCL,,0.00,20240429,,,20260831 235900
LP-2024-00604,I1159,College of Health Sciences,National Science Foundation,RES,20241120,272900.00,DCL,,0.00,20250222,,,20260831 235900
LP-2024-00605,I1137,School of Law and Public Policy,Community Wellbeing Trust,FEL,20240325,98100.00,DCL,,0.00,20240608,,,20260831 235900
LP-2023-00606,I1170,College of Engineering,Civic Data Collaborative,RES,20230129,34600.00,DCL,,0.00,20230330,,,20260831 235900
LP-2025-00607,I1049,School of Law and Public Policy,Apex Biotechnologies,RES,20250222,814500.00,DCL,,0.00,20250617,,,20260831 235900
LP-2023-00608,I1023,College of Health Sciences,Advanced Technology Agency,RES,20230809,87100.00,CLS,LA-2023-00608,68100.00,20240105,20240203,20250727,20260831 235900
LP-2023-00609,I1102,College of Science,Internal Strategic Research Fund,RES,20230714,123800.00,CLS,LA-2023-00609,84400.00,20231230,20240212,20260211,20260831 235900
LP-2025-00610,I1124,College of Humanities,Faculty Seed Grant Program,RES,20251101,249300.00,DCL,,0.00,20260110,,,20260831 235900
LP-2023-00611,I1011,College of Social Innovation,Natural Sciences Research Council,RES,20231227,144900.00,CLS,LA-2023-00611,115700.00,20240211,20240321,20250321,20260831 235900
LP-2024-00612,I1133,School of Business,Future Cities Foundation,FEL,20241103,164400.00,DCL,,0.00,20250101,,,20260831 235900
LP-2023-00613,I1164,College of Humanities,Northstar Analytics,EQP,20230226,31400.00,CLS,LA-2023-00613,26700.00,20230629,20230817,20250207,20260831 235900
LP-2023-00614,I1008,College of Architecture and Design,Northstar Analytics,FEL,20231018,34100.00,CLS,LA-2023-00614,24600.00,20231223,20240207,20260206,20260831 235900
LP-2023-00615,I1098,College of Engineering,Global Development Partnership,RES,20230124,50400.00,CLS,LA-2023-00615,37300.00,20230308,20230503,20260502,20260831 235900
LP-2025-00616,I1151,College of Health Sciences,National Health Research Council,RES,20250828,24400.00,DCL,,0.00,20260119,,,20260831 235900
LP-2026-00617,I1045,School of Business,Future Cities Foundation,RES,20260726,294900.00,REV,,0.00,,,,20260831 235900
LP-2024-00618,I1107,College of Social Innovation,Massachusetts Innovation Fund,RES,20240513,73100.00,ACT,LA-2024-00618,70000.00,20240622,20240828,20250828,20260831 235900
LP-2023-00619,I1170,College of Engineering,Biomedical Discovery Foundation,INT,20230513,73200.00,DCL,,0.00,20231117,,,20260831 235900
LP-2025-00620,I1135,College of Health Sciences,Faculty Seed Grant Program,TRN,20251126,912400.00,ACT,LA-2025-00620,688300.00,20260518,20260708,20290707,20260831 235900
LP-2026-00621,I1030,College of Science,Global Health Foundation,RES,20260612,118000.00,ACT,LA-2026-00621,105000.00,20260831,20260928,20280321,20260831 235900
LP-2024-00622,I1167,College of Health Sciences,Social Innovation Research Council,TRN,20241231,265200.00,ACT,LA-2024-00622,219200.00,20250302,20250428,20260428,20260831 235900
LP-2024-00623,I1083,College of Social Innovation,Interdisciplinary Catalyst Fund,FEL,20240608,154600.00,DCL,,0.00,20241011,,,20260831 235900
LP-2024-00624,I1030,College of Science,Advanced Technology Agency,RES,20240222,260000.00,CLS,LA-2024-00624,163900.00,20240419,20240523,20250523,20260831 235900
LP-2024-00625,I1073,School of Law and Public Policy,Massachusetts Innovation Fund,RES,20240305,74500.00,DCL,,0.00,20240908,,,20260831 235900
LP-2023-00626,I1136,College of Architecture and Design,Urban Resilience Network,EQP,20231227,120200.00,DCL,,0.00,20240609,,,20260831 235900
LP-2024-00627,I1101,School of Business,National Health Research Council,FEL,20240817,122100.00,CLS,LA-2024-00627,104500.00,20250220,20250308,20260830,20260831 235900
LP-2023-00628,I1013,School of Business,Civic Data Collaborative,RES,20230914,371500.00,ACT,LA-2023-00628,347600.00,20240309,20240512,20260512,20260831 235900
LP-2025-00629,I1083,College of Social Innovation,Natural Sciences Research Council,RES,20251016,109400.00,DCL,,0.00,20260311,,,20260831 235900
LP-2026-00630,I1060,College of Humanities,National Health Research Council,RES,20260715,38300.00,DCL,,0.00,20260831,,,20260831 235900
LP-2026-00631,I1084,College of Humanities,National Science Foundation,TRN,20260331,44200.00,ACT,LA-2026-00631,29800.00,20260603,20260724,20280115,20260831 235900
LP-2025-00632,I1068,College of Humanities,Apex Biotechnologies,RES,20250210,92500.00,ACT,LA-2025-00632,80700.00,20250628,20250811,20280810,20260831 235900
LP-2023-00633,I1006,College of Science,Northstar Analytics,EQP,20230924,147400.00,WD,,0.00,20240217,,,20260831 235900
LP-2024-00634,I1006,College of Science,National Science Foundation,RES,20240907,384700.00,CLS,LA-2024-00634,332200.00,20250128,20250219,20270219,20260831 235900
LP-2025-00635,I1002,College of Engineering,Faculty Seed Grant Program,RES,20250315,350800.00,DCL,,0.00,20250504,,,20260831 235900
LP-2023-00636,I1134,College of Science,International Research Consortium,RES,20231208,25700.00,CLS,LA-2023-00636,24700.00,20240415,20240620,20260620,20260831 235900
LP-2026-00637,I1009,School of Law and Public Policy,Biomedical Discovery Foundation,RES,20260124,60900.00,AWD,LA-2026-00637,50700.00,20260522,20260726,20280117,20260831 235900
LP-2023-00638,I1051,College of Social Innovation,Internal Strategic Research Fund,RES,20231231,26300.00,WD,,0.00,20240220,,,20260831 235900
LP-2026-00639,I1104,College of Architecture and Design,Interdisciplinary Catalyst Fund,RES,20260803,107800.00,SUB,,0.00,,,,20260831 235900
LP-2023-00640,I1171,College of Social Innovation,Department of Public Health,RES,20230513,92800.00,DCL,,0.00,20230628,,,20260831 235900
LP-2024-00641,I1127,College of Health Sciences,Civic Data Collaborative,RES,20240906,88900.00,CLS,LA-2024-00641,78400.00,20250225,20250401,20260923,20260831 235900
LP-2026-00642,I1094,College of Science,National Health Research Council,RES,20260731,46500.00,REV,,0.00,,,,20260831 235900
LP-2024-00643,I1132,College of Humanities,Department of Public Health,INT,20241203,339000.00,DCL,,0.00,20250326,,,20260831 235900
LP-2025-00644,I1111,College of Health Sciences,Northstar Analytics,RES,20250325,113200.00,ACT,LA-2025-00644,89600.00,20250902,20251013,20271013,20260831 235900
LP-2023-00645,I1099,College of Social Innovation,Department of Public Health,TRN,20230817,81100.00,DCL,,0.00,20240113,,,20260831 235900
LP-2025-00646,I1055,College of Health Sciences,Internal Strategic Research Fund,RES,20250205,222900.00,ACT,LA-2025-00646,183800.00,20250728,20250928,20260928,20260831 235900
LP-2026-00647,I1022,College of Science,Global Health Foundation,FEL,20260629,190500.00,AWD,LA-2026-00647,170000.00,20260831,20261021,20281020,20260831 235900
LP-2024-00648,I1124,College of Humanities,Vertex Mobility Systems,FEL,20240807,143700.00,DCL,,0.00,20241013,,,20260831 235900
LP-2023-00649,I1081,School of Law and Public Policy,Global Health Foundation,RES,20231221,117000.00,ACT,LA-2023-00649,89600.00,20240512,20240603,20251125,20260831 235900
LP-2023-00650,I1135,College of Health Sciences,Future Cities Foundation,RES,20231219,270800.00,DCL,,0.00,20240414,,,20260831 235900
LP-2025-00651,I1134,College of Science,Civic Data Collaborative,INT,20251104,164700.00,DCL,,0.00,20260428,,,20260831 235900
LP-2025-00652,I1154,College of Engineering,Helix Medical Devices,RES,20250811,287800.00,WD,,0.00,20251014,,,20260831 235900
LP-2024-00653,I1002,College of Engineering,International Research Consortium,RES,20240417,118200.00,ACT,LA-2024-00653,83700.00,20240717,20240917,20260917,20260831 235900
LP-2023-00654,I1021,School of Business,Urban Resilience Network,RES,20230303,113100.00,DCL,,0.00,20230623,,,20260831 235900
LP-2025-00655,I1131,College of Social Innovation,Community Wellbeing Trust,INT,20250325,106000.00,ACT,LA-2025-00655,67700.00,20250918,20251118,20270512,20260831 235900
LP-2025-00656,I1106,College of Engineering,Natural Sciences Research Council,RES,20250328,36700.00,DCL,,0.00,20250502,,,20260831 235900
LP-2026-00657,I1167,College of Health Sciences,Natural Sciences Research Council,EQP,20260810,84400.00,SUB,,0.00,,,,20260831 235900
LP-2024-00658,I1003,College of Social Innovation,Education Access Foundation,RES,20240121,172700.00,CLS,LA-2024-00658,113900.00,20240529,20240705,20270705,20260831 235900
LP-2025-00659,I1059,College of Social Innovation,Helix Medical Devices,TRN,20250109,272700.00,ACT,LA-2025-00659,196500.00,20250706,20250817,20270208,20260831 235900
LP-2026-00660,I1024,College of Architecture and Design,Massachusetts Innovation Fund,TRN,20260521,74700.00,DCL,,0.00,20260831,,,20260831 235900
LP-2023-00661,I1119,College of Health Sciences,Natural Sciences Research Council,TRN,20230913,154300.00,ACT,LA-2023-00661,125500.00,20231114,20231229,20241228,20260831 235900
LP-2024-00662,I1148,College of Humanities,Global Development Partnership,INT,20240628,76300.00,CLS,LA-2024-00662,71200.00,20250103,20250206,20260731,20260831 235900
LP-2025-00663,I1105,School of Law and Public Policy,Department of Energy and Climate,RES,20251210,282300.00,CLS,LA-2025-00663,247800.00,20260322,20260605,20280604,20260831 235900
LP-2024-00664,I1034,College of Engineering,Education Access Foundation,RES,20241205,563000.00,CLS,LA-2024-00664,503200.00,20250129,20250213,20270213,20260831 235900
LP-2025-00665,I1158,College of Science,Interdisciplinary Catalyst Fund,RES,20251230,129400.00,ACT,LA-2025-00665,100900.00,20260530,20260809,20270809,20260831 235900
LP-2025-00666,I1037,School of Business,Future Cities Foundation,RES,20250211,25100.00,ACT,LA-2025-00666,15800.00,20250611,20250725,20270725,20260831 235900
LP-2023-00667,I1081,School of Law and Public Policy,Education Access Foundation,INT,20230416,23500.00,DCL,,0.00,20230822,,,20260831 235900
LP-2024-00668,I1090,College of Engineering,Faculty Seed Grant Program,RES,20241207,187800.00,DCL,,0.00,20250511,,,20260831 235900
LP-2023-00669,I1120,College of Architecture and Design,Natural Sciences Research Council,RES,20230907,105900.00,DCL,,0.00,20240120,,,20260831 235900
LP-2023-00670,I1149,School of Business,Helix Medical Devices,RES,20230321,424200.00,DCL,,0.00,20230920,,,20260831 235900
LP-2026-00671,I1078,College of Science,Department of Public Health,RES,20260513,143300.00,ACT,LA-2026-00671,117100.00,20260826,20261105,20291104,20260831 235900
LP-2026-00672,I1172,College of Humanities,National Science Foundation,RES,20260216,457100.00,CLS,LA-2026-00672,406800.00,20260701,20260817,20270817,20260831 235900
LP-2024-00673,I1085,School of Business,Interdisciplinary Catalyst Fund,RES,20240830,64500.00,DCL,,0.00,20241128,,,20260831 235900
LP-2024-00674,I1115,College of Social Innovation,Advanced Technology Agency,EQP,20241027,145800.00,CLS,LA-2024-00674,93000.00,20250309,20250501,20261023,20260831 235900
LP-2025-00675,I1125,School of Business,Community Wellbeing Trust,TRN,20250128,136700.00,ACT,LA-2025-00675,118400.00,20250328,20250407,20270407,20260831 235900
LP-2026-00676,I1049,School of Law and Public Policy,Global Development Partnership,RES,20260208,194700.00,DCL,,0.00,20260523,,,20260831 235900
LP-2026-00677,I1077,School of Business,Northstar Analytics,RES,20260417,53200.00,AWD,LA-2026-00677,47900.00,20260721,20260912,20290911,20260831 235900
LP-2025-00678,I1148,College of Humanities,Department of Public Health,FEL,20250129,90700.00,ACT,LA-2025-00678,69000.00,20250723,20250915,20270309,20260831 235900
LP-2024-00679,I1041,School of Law and Public Policy,Civic Data Collaborative,INT,20241102,96900.00,DCL,,0.00,20241225,,,20260831 235900
LP-2025-00680,I1058,College of Engineering,Vertex Mobility Systems,EQP,20250613,31600.00,ACT,LA-2025-00680,26100.00,20250811,20251001,20270325,20260831 235900
LP-2024-00681,I1009,School of Law and Public Policy,Biomedical Discovery Foundation,RES,20240531,318900.00,DCL,,0.00,20240916,,,20260831 235900
LP-2026-00682,I1149,School of Business,Department of Energy and Climate,RES,20260314,75200.00,WD,,0.00,20260515,,,20260831 235900
LP-2025-00683,I1003,College of Social Innovation,Department of Public Health,RES,20251010,142100.00,ACT,LA-2025-00683,96200.00,20251210,20260109,20270109,20260831 235900
LP-2026-00684,I1165,School of Business,Department of Public Health,FEL,20260514,56600.00,REV,,0.00,,,,20260831 235900
LP-2023-00685,I1180,College of Humanities,International Research Consortium,RES,20231121,220400.00,CLS,LA-2023-00685,199900.00,20240404,20240529,20260529,20260831 235900
LP-2024-00686,I1089,School of Law and Public Policy,National Science Foundation,RES,20240526,77000.00,DCL,,0.00,20241011,,,20260831 235900
LP-2025-00687,I1104,College of Architecture and Design,Department of Public Health,FEL,20251222,144100.00,ACT,LA-2025-00687,142800.00,20260404,20260421,20271013,20260831 235900
LP-2026-00688,I1063,College of Health Sciences,Global Health Foundation,TRN,20260226,88100.00,DCL,,0.00,20260727,,,20260831 235900
LP-2025-00689,I1041,School of Law and Public Policy,Social Innovation Research Council,TRN,20250622,46000.00,ACT,LA-2025-00689,40700.00,20250825,20251031,20281030,20260831 235900
LP-2026-00690,I1173,School of Business,Apex Biotechnologies,TRN,20260512,31100.00,WD,,0.00,20260713,,,20260831 235900
LP-2025-00691,I1167,College of Health Sciences,Internal Strategic Research Fund,RES,20250905,195900.00,DCL,,0.00,20251108,,,20260831 235900
LP-2026-00692,I1148,College of Humanities,Department of Energy and Climate,FEL,20260717,185500.00,ACT,LA-2026-00692,154500.00,20260831,20260924,20280317,20260831 235900
LP-2026-00693,I1051,College of Social Innovation,Internal Strategic Research Fund,RES,20260627,167000.00,DCL,,0.00,20260831,,,20260831 235900
LP-2023-00694,I1133,School of Business,Helix Medical Devices,RES,20231017,41900.00,ACT,LA-2023-00694,34200.00,20240224,20240409,20250409,20260831 235900
LP-2025-00695,I1138,College of Engineering,Global Development Partnership,RES,20250624,182400.00,ACT,LA-2025-00695,129700.00,20251007,20251217,20270610,20260831 235900
LP-2026-00696,I1108,College of Humanities,Interdisciplinary Catalyst Fund,RES,20260209,469900.00,DCL,,0.00,20260519,,,20260831 235900
LP-2026-00697,I1063,College of Health Sciences,Northstar Analytics,RES,20260227,138000.00,DCL,,0.00,20260426,,,20260831 235900
LP-2024-00698,I1053,School of Business,Interdisciplinary Catalyst Fund,INT,20241212,293900.00,AWD,LA-2024-00698,242200.00,20250405,20250425,20280424,20260831 235900
LP-2023-00699,I1080,College of Architecture and Design,Department of Public Health,FEL,20230526,202600.00,ACT,LA-2023-00699,172900.00,20230913,20231102,20250425,20260831 235900
LP-2024-00700,I1103,College of Health Sciences,Global Health Foundation,RES,20240302,739200.00,DCL,,0.00,20240427,,,20260831 235900
LP-2024-00701,I1131,College of Social Innovation,National Health Research Council,RES,20240502,90200.00,DCL,,0.00,20240816,,,20260831 235900
LP-2025-00702,I1021,School of Business,Vertex Mobility Systems,RES,20251228,48600.00,ACT,LA-2025-00702,41700.00,20260625,20260819,20280818,20260831 235900
LP-2026-00703,I1108,College of Humanities,National Science Foundation,RES,20260306,62600.00,CLS,LA-2026-00703,61900.00,20260727,20260831,20280222,20260831 235900
LP-2025-00704,I1161,School of Law and Public Policy,Helix Medical Devices,RES,20250725,106500.00,AWD,LA-2025-00704,105300.00,20251029,20251124,20281123,20260831 235900
LP-2024-00705,I1152,College of Architecture and Design,Advanced Technology Agency,RES,20240203,88400.00,DCL,,0.00,20240422,,,20260831 235900
LP-2026-00706,I1121,School of Law and Public Policy,Social Innovation Research Council,RES,20260507,43400.00,AWD,LA-2026-00706,31500.00,20260818,20261009,20271009,20260831 235900
LP-2023-00707,I1148,College of Humanities,Internal Strategic Research Fund,FEL,20231119,33300.00,ACT,LA-2023-00707,27400.00,20240302,20240427,20251019,20260831 235900
LP-2024-00708,I1165,School of Business,Urban Resilience Network,RES,20241220,410800.00,ACT,LA-2024-00708,295200.00,20250510,20250724,20260724,20260831 235900
LP-2026-00709,I1133,School of Business,National Science Foundation,FEL,20260502,69600.00,REV,,0.00,,,,20260831 235900
LP-2024-00710,I1046,College of Science,Faculty Seed Grant Program,RES,20240307,168200.00,DCL,,0.00,20240715,,,20260831 235900
LP-2024-00711,I1142,College of Science,National Science Foundation,RES,20240810,250500.00,DCL,,0.00,20250113,,,20260831 235900
LP-2024-00712,I1076,College of Humanities,Community Wellbeing Trust,RES,20241105,150600.00,DCL,,0.00,20241220,,,20260831 235900
LP-2023-00713,I1147,College of Social Innovation,Global Health Foundation,RES,20231021,146900.00,CLS,LA-2023-00713,144100.00,20231231,20240219,20250218,20260831 235900
LP-2025-00714,I1130,College of Engineering,Global Development Partnership,RES,20250430,40100.00,ACT,LA-2025-00714,36500.00,20250615,20250810,20280809,20260831 235900
LP-2024-00715,I1098,College of Engineering,Future Cities Foundation,EQP,20241126,97500.00,AWD,LA-2024-00715,86300.00,20250228,20250413,20260413,20260831 235900
LP-2023-00716,I1105,School of Law and Public Policy,Global Health Foundation,INT,20230709,210800.00,ACT,LA-2023-00716,140000.00,20231213,20240106,20250105,20260831 235900
LP-2023-00717,I1020,College of Humanities,Social Innovation Research Council,RES,20231109,55200.00,DCL,,0.00,20240325,,,20260831 235900
LP-2024-00718,I1028,College of Humanities,National Science Foundation,RES,20240727,535100.00,DCL,,0.00,20250127,,,20260831 235900
LP-2025-00719,I1040,College of Architecture and Design,Northstar Analytics,INT,20250606,77700.00,DCL,,0.00,20250916,,,20260831 235900
LP-2026-00720,I1018,College of Engineering,Apex Biotechnologies,TRN,20260713,81600.00,REV,,0.00,,,,20260831 235900
LP-2024-00721,I1148,College of Humanities,Social Innovation Research Council,RES,20240208,54300.00,DCL,,0.00,20240811,,,20260831 235900
LP-2024-00722,I1064,College of Architecture and Design,Community Wellbeing Trust,RES,20241020,215900.00,AWD,LA-2024-00722,180500.00,20250217,20250303,20280302,20260831 235900
LP-2023-00723,I1054,College of Science,Helix Medical Devices,RES,20231206,34100.00,CLS,LA-2023-00723,26000.00,20240311,20240330,20250330,20260831 235900
LP-2023-00724,I1126,College of Science,Urban Resilience Network,INT,20231015,75600.00,DCL,,0.00,20240422,,,20260831 235900
LP-2025-00725,I1167,College of Health Sciences,Department of Energy and Climate,RES,20250225,149200.00,DCL,,0.00,20250508,,,20260831 235900
LP-2023-00726,I1161,School of Law and Public Policy,Vertex Mobility Systems,RES,20230527,52900.00,DCL,,0.00,20231119,,,20260831 235900
LP-2026-00727,I1130,College of Engineering,Education Access Foundation,RES,20260711,327400.00,AWD,LA-2026-00727,309600.00,20260828,20260922,20280921,20260831 235900
LP-2023-00728,I1038,College of Science,Advanced Technology Agency,RES,20230721,27400.00,CLS,LA-2023-00728,26400.00,20240103,20240225,20250818,20260831 235900
LP-2024-00729,I1145,School of Law and Public Policy,Social Innovation Research Council,RES,20240310,252800.00,CLS,LA-2024-00729,174100.00,20240711,20240908,20250908,20260831 235900
LP-2023-00730,I1095,College of Health Sciences,Biomedical Discovery Foundation,RES,20230731,202000.00,ACT,LA-2023-00730,185300.00,20230922,20231018,20251017,20260831 235900
LP-2026-00731,I1007,College of Health Sciences,Natural Sciences Research Council,RES,20260427,1339700.00,ACT,LA-2026-00731,943100.00,20260822,20261023,20271023,20260831 235900
LP-2023-00732,I1137,School of Law and Public Policy,National Health Research Council,TRN,20230824,63100.00,ACT,LA-2023-00732,54600.00,20230930,20231123,20241122,20260831 235900
LP-2026-00733,I1133,School of Business,Natural Sciences Research Council,TRN,20260105,61300.00,DCL,,0.00,20260606,,,20260831 235900
LP-2025-00734,I1082,College of Engineering,Faculty Seed Grant Program,FEL,20250327,55100.00,ACT,LA-2025-00734,46200.00,20250902,20251025,20270418,20260831 235900
LP-2024-00735,I1034,College of Engineering,Civic Data Collaborative,RES,20241021,214000.00,CLS,LA-2024-00735,192300.00,20250414,20250520,20280519,20260831 235900
LP-2023-00736,I1057,School of Law and Public Policy,Global Health Foundation,RES,20230914,52500.00,ACT,LA-2023-00736,49800.00,20231207,20240117,20250116,20260831 235900
LP-2024-00737,I1137,School of Law and Public Policy,National Science Foundation,INT,20240915,103300.00,DCL,,0.00,20250131,,,20260831 235900
LP-2025-00738,I1068,College of Humanities,Northstar Analytics,INT,20251201,65600.00,DCL,,0.00,20260526,,,20260831 235900
LP-2026-00739,I1001,School of Law and Public Policy,Natural Sciences Research Council,RES,20260222,161500.00,DCL,,0.00,20260805,,,20260831 235900
LP-2024-00740,I1110,College of Science,Natural Sciences Research Council,RES,20240813,247100.00,WD,,0.00,20240921,,,20260831 235900
LP-2025-00741,I1129,School of Law and Public Policy,International Research Consortium,RES,20250214,38100.00,ACT,LA-2025-00741,24600.00,20250611,20250713,20270104,20260831 235900
LP-2026-00742,I1120,College of Architecture and Design,Apex Biotechnologies,TRN,20260410,22700.00,ACT,LA-2026-00742,17700.00,20260605,20260705,20270705,20260831 235900
LP-2023-00743,I1107,College of Social Innovation,Faculty Seed Grant Program,RES,20230210,129100.00,DCL,,0.00,20230612,,,20260831 235900
LP-2023-00744,I1153,School of Law and Public Policy,Interdisciplinary Catalyst Fund,EQP,20231208,57900.00,CLS,LA-2023-00744,40400.00,20240117,20240302,20250824,20260831 235900
LP-2025-00745,I1166,College of Science,Department of Public Health,RES,20251225,162900.00,ACT,LA-2025-00745,151300.00,20260309,20260420,20280419,20260831 235900
LP-2026-00746,I1013,School of Business,National Health Research Council,RES,20260406,210200.00,DCL,,0.00,20260819,,,20260831 235900
LP-2023-00747,I1144,College of Architecture and Design,Biomedical Discovery Foundation,RES,20231115,1439300.00,DCL,,0.00,20231223,,,20260831 235900
LP-2024-00748,I1096,College of Architecture and Design,Global Health Foundation,TRN,20240602,53200.00,DCL,,0.00,20240723,,,20260831 235900
LP-2026-00749,I1106,College of Engineering,Interdisciplinary Catalyst Fund,TRN,20260206,136900.00,CLS,LA-2026-00749,109100.00,20260812,20261022,20281021,20260831 235900
LP-2025-00750,I1087,College of Health Sciences,Internal Strategic Research Fund,FEL,20250628,290100.00,CLS,LA-2025-00750,220500.00,20250912,20251026,20271026,20260831 235900
LP-2023-00751,I1060,College of Humanities,Education Access Foundation,INT,20231118,160900.00,DCL,,0.00,20240114,,,20260831 235900
LP-2024-00752,I1039,College of Health Sciences,National Health Research Council,RES,20241004,197100.00,ACT,LA-2024-00752,176100.00,20250112,20250201,20260726,20260831 235900
LP-2025-00753,I1098,College of Engineering,Global Health Foundation,INT,20250920,48200.00,WD,,0.00,20260111,,,20260831 235900
LP-2023-00754,I1117,School of Business,Ontario Research Fund,RES,20231016,157900.00,CLS,LA-2023-00754,123200.00,20240228,20240423,20250423,20260831 235900
LP-2024-00755,I1150,College of Science,Northstar Analytics,RES,20240513,59300.00,ACT,LA-2024-00755,54000.00,20240915,20241016,20260409,20260831 235900
LP-2026-00756,I1116,College of Humanities,Department of Public Health,TRN,20260124,113900.00,DCL,,0.00,20260325,,,20260831 235900
LP-2024-00757,I1172,College of Humanities,Biomedical Discovery Foundation,RES,20240111,244600.00,CLS,LA-2024-00757,240500.00,20240327,20240415,20251007,20260831 235900
LP-2024-00758,I1126,College of Science,Vertex Mobility Systems,RES,20240714,78400.00,DCL,,0.00,20241209,,,20260831 235900
LP-2026-00759,I1151,College of Health Sciences,National Health Research Council,FEL,20260503,29600.00,REV,,0.00,,,,20260831 235900
LP-2025-00760,I1035,College of Social Innovation,Natural Sciences Research Council,INT,20250218,126800.00,AWD,LA-2025-00760,96700.00,20250421,20250621,20280620,20260831 235900
LP-2026-00761,I1177,School of Law and Public Policy,Department of Energy and Climate,RES,20260706,869100.00,AWD,LA-2026-00761,767300.00,20260831,20261030,20281029,20260831 235900
LP-2026-00762,I1145,School of Law and Public Policy,Faculty Seed Grant Program,EQP,20260614,84400.00,DCL,,0.00,20260831,,,20260831 235900
LP-2024-00763,I1083,College of Social Innovation,Natural Sciences Research Council,RES,20240718,62100.00,DCL,,0.00,20240906,,,20260831 235900
LP-2024-00764,I1048,College of Architecture and Design,Advanced Technology Agency,EQP,20241227,220800.00,CLS,LA-2024-00764,162400.00,20250215,20250225,20260225,20260831 235900
LP-2026-00765,I1014,College of Science,Faculty Seed Grant Program,RES,20260218,38600.00,AWD,LA-2026-00765,34800.00,20260717,20260912,20290911,20260831 235900
LP-2024-00766,I1004,College of Humanities,Natural Sciences Research Council,RES,20241103,249400.00,ACT,LA-2024-00766,178700.00,20241208,20250114,20270114,20260831 235900
LP-2024-00767,I1099,College of Social Innovation,Education Access Foundation,INT,20240521,250400.00,CLS,LA-2024-00767,231200.00,20241011,20241125,20251125,20260831 235900
LP-2023-00768,I1139,College of Social Innovation,Department of Public Health,RES,20230727,53800.00,ACT,LA-2023-00768,53100.00,20230926,20231105,20241104,20260831 235900
LP-2023-00769,I1178,College of Engineering,Department of Energy and Climate,RES,20230713,63600.00,ACT,LA-2023-00769,43000.00,20230914,20231120,20261119,20260831 235900
LP-2024-00770,I1071,College of Health Sciences,Northstar Analytics,RES,20241112,444000.00,ACT,LA-2024-00770,288300.00,20250115,20250211,20260805,20260831 235900
LP-2023-00771,I1093,School of Business,Global Health Foundation,RES,20230126,494100.00,CLS,LA-2023-00771,334600.00,20230707,20230811,20260810,20260831 235900
LP-2023-00772,I1170,College of Engineering,Faculty Seed Grant Program,EQP,20230421,85400.00,DCL,,0.00,20230607,,,20260831 235900
LP-2024-00773,I1120,College of Architecture and Design,Global Development Partnership,FEL,20240124,52900.00,ACT,LA-2024-00773,42500.00,20240325,20240513,20260513,20260831 235900
LP-2025-00774,I1180,College of Humanities,Department of Public Health,RES,20250125,112700.00,ACT,LA-2025-00774,95200.00,20250316,20250409,20260409,20260831 235900
LP-2024-00775,I1151,College of Health Sciences,Helix Medical Devices,RES,20240919,76400.00,WD,,0.00,20241229,,,20260831 235900
LP-2026-00776,I1038,College of Science,Helix Medical Devices,RES,20260714,50600.00,AWD,LA-2026-00776,46900.00,20260831,20261101,20281031,20260831 235900
LP-2025-00777,I1037,School of Business,Ontario Research Fund,FEL,20250325,214400.00,DCL,,0.00,20250624,,,20260831 235900
LP-2023-00778,I1093,School of Business,Internal Strategic Research Fund,TRN,20231216,145200.00,DCL,,0.00,20240417,,,20260831 235900
LP-2023-00779,I1135,College of Health Sciences,Faculty Seed Grant Program,RES,20231025,82800.00,ACT,LA-2023-00779,80000.00,20240213,20240416,20260416,20260831 235900
LP-2024-00780,I1045,School of Business,Northstar Analytics,TRN,20241229,27400.00,CLS,LA-2024-00780,25500.00,20250227,20250512,20280511,20260831 235900
LP-2026-00781,I1061,School of Business,Ontario Research Fund,FEL,20260216,81100.00,DCL,,0.00,20260704,,,20260831 235900
LP-2026-00782,I1172,College of Humanities,Vertex Mobility Systems,RES,20260810,108000.00,SUB,,0.00,,,,20260831 235900
LP-2025-00783,I1137,School of Law and Public Policy,Department of Public Health,RES,20251026,156300.00,DCL,,0.00,20251202,,,20260831 235900
LP-2025-00784,I1020,College of Humanities,Vertex Mobility Systems,RES,20251212,63300.00,ACT,LA-2025-00784,46100.00,20260315,20260506,20271028,20260831 235900
LP-2025-00785,I1166,College of Science,Department of Public Health,RES,20250214,164500.00,WD,,0.00,20250604,,,20260831 235900
LP-2025-00786,I1067,College of Social Innovation,National Health Research Council,RES,20251026,15000.00,DCL,,0.00,20260113,,,20260831 235900
LP-2024-00787,I1025,School of Law and Public Policy,Future Cities Foundation,RES,20240331,207400.00,DCL,,0.00,20240702,,,20260831 235900
LP-2025-00788,I1158,College of Science,Natural Sciences Research Council,TRN,20250929,56300.00,DCL,,0.00,20260403,,,20260831 235900
LP-2026-00789,I1027,College of Social Innovation,Biomedical Discovery Foundation,RES,20260523,42900.00,ACT,LA-2026-00789,35900.00,20260831,20261109,20280502,20260831 235900
LP-2025-00790,I1055,College of Health Sciences,Community Wellbeing Trust,RES,20250828,48800.00,DCL,,0.00,20251216,,,20260831 235900
LP-2025-00791,I1145,School of Law and Public Policy,Interdisciplinary Catalyst Fund,RES,20250821,58300.00,ACT,LA-2025-00791,49500.00,20251106,20260109,20290108,20260831 235900
LP-2024-00792,I1079,College of Health Sciences,Urban Resilience Network,EQP,20240922,214700.00,DCL,,0.00,20241118,,,20260831 235900
LP-2023-00793,I1106,College of Engineering,National Science Foundation,RES,20230921,81500.00,CLS,LA-2023-00793,58300.00,20240131,20240215,20250808,20260831 235900
LP-2025-00794,I1034,College of Engineering,Faculty Seed Grant Program,FEL,20250512,180700.00,WD,,0.00,20250922,,,20260831 235900
LP-2023-00795,I1087,College of Health Sciences,Education Access Foundation,RES,20230324,194800.00,DCL,,0.00,20230716,,,20260831 235900
LP-2023-00796,I1051,College of Social Innovation,Internal Strategic Research Fund,TRN,20231206,251300.00,DCL,,0.00,20240506,,,20260831 235900
LP-2026-00797,I1057,School of Law and Public Policy,Biomedical Discovery Foundation,TRN,20260502,143700.00,ACT,LA-2026-00797,137600.00,20260629,20260911,20290910,20260831 235900
LP-2025-00798,I1095,College of Health Sciences,Department of Public Health,RES,20250416,78100.00,DCL,,0.00,20250902,,,20260831 235900
LP-2024-00799,I1136,College of Architecture and Design,Department of Public Health,RES,20240819,41600.00,CLS,LA-2024-00799,28900.00,20241216,20250218,20280218,20260831 235900
LP-2024-00800,I1017,School of Law and Public Policy,Helix Medical Devices,TRN,20241001,205600.00,AWD,LA-2024-00800,153100.00,20250121,20250302,20260824,20260831 235900
LP-2025-00801,I1143,College of Health Sciences,Civic Data Collaborative,RES,20250503,158600.00,ACT,LA-2025-00801,131600.00,20250914,20251005,20270329,20260831 235900
LP-2023-00802,I1053,School of Business,Vertex Mobility Systems,EQP,20230520,97300.00,ACT,LA-2023-00802,77500.00,20231104,20231222,20250614,20260831 235900
LP-2023-00803,I1117,School of Business,Helix Medical Devices,RES,20231002,40200.00,DCL,,0.00,20231115,,,20260831 235900
LP-2024-00804,I1002,College of Engineering,Natural Sciences Research Council,RES,20240106,132100.00,DCL,,0.00,20240416,,,20260831 235900
LP-2024-00805,I1061,School of Business,Faculty Seed Grant Program,RES,20241208,175000.00,DCL,,0.00,20250114,,,20260831 235900
LP-2026-00806,I1176,College of Architecture and Design,Department of Energy and Climate,INT,20260615,82600.00,ACT,LA-2026-00806,69800.00,20260725,20260901,20290831,20260831 235900
LP-2025-00807,I1087,College of Health Sciences,Faculty Seed Grant Program,RES,20250713,325200.00,DCL,,0.00,20250927,,,20260831 235900
LP-2026-00808,I1045,School of Business,National Health Research Council,RES,20260326,124200.00,ACT,LA-2026-00808,91400.00,20260606,20260805,20280804,20260831 235900
LP-2025-00809,I1019,College of Social Innovation,Biomedical Discovery Foundation,RES,20250625,89200.00,DCL,,0.00,20251205,,,20260831 235900
LP-2023-00810,I1125,School of Business,Natural Sciences Research Council,INT,20230125,49500.00,DCL,,0.00,20230531,,,20260831 235900
LP-2023-00811,I1152,College of Architecture and Design,Advanced Technology Agency,TRN,20230722,118400.00,DCL,,0.00,20231005,,,20260831 235900
LP-2023-00812,I1172,College of Humanities,National Science Foundation,TRN,20230407,98600.00,CLS,LA-2023-00812,71900.00,20230930,20231122,20261121,20260831 235900
LP-2025-00813,I1157,School of Business,Global Health Foundation,TRN,20250127,220900.00,ACT,LA-2025-00813,190900.00,20250711,20250831,20280830,20260831 235900
LP-2023-00814,I1024,College of Architecture and Design,Biomedical Discovery Foundation,RES,20231010,250800.00,CLS,LA-2023-00814,176800.00,20240413,20240621,20250621,20260831 235900
LP-2025-00815,I1131,College of Social Innovation,Natural Sciences Research Council,FEL,20250708,210000.00,WD,,0.00,20251008,,,20260831 235900
LP-2023-00816,I1045,School of Business,Northstar Analytics,FEL,20230825,100300.00,DCL,,0.00,20231115,,,20260831 235900
LP-2023-00817,I1143,College of Health Sciences,Department of Public Health,RES,20231110,186100.00,DCL,,0.00,20240318,,,20260831 235900
LP-2024-00818,I1129,School of Law and Public Policy,Natural Sciences Research Council,RES,20240921,48500.00,DCL,,0.00,20241030,,,20260831 235900
LP-2024-00819,I1178,College of Engineering,Biomedical Discovery Foundation,RES,20240924,240200.00,CLS,LA-2024-00819,218300.00,20250218,20250413,20270413,20260831 235900
LP-2025-00820,I1052,College of Humanities,Urban Resilience Network,INT,20250123,155400.00,ACT,LA-2025-00820,136100.00,20250510,20250718,20270718,20260831 235900
LP-2023-00821,I1014,College of Science,National Health Research Council,EQP,20230310,125900.00,DCL,,0.00,20230711,,,20260831 235900
LP-2026-00822,I1157,School of Business,National Science Foundation,TRN,20260509,185900.00,ACT,LA-2026-00822,151300.00,20260831,20260926,20280925,20260831 235900
LP-2023-00823,I1017,School of Law and Public Policy,National Health Research Council,RES,20230208,29400.00,CLS,LA-2023-00823,28800.00,20230609,20230713,20260712,20260831 235900
LP-2026-00824,I1040,College of Architecture and Design,Social Innovation Research Council,RES,20260227,223700.00,DCL,,0.00,20260707,,,20260831 235900
LP-2025-00825,I1138,College of Engineering,Northstar Analytics,RES,20251013,95800.00,ACT,LA-2025-00825,76700.00,20260101,20260117,20270711,20260831 235900
LP-2025-00826,I1016,College of Architecture and Design,Community Wellbeing Trust,TRN,20251107,213900.00,DCL,,0.00,20260220,,,20260831 235900
LP-2024-00827,I1126,College of Science,Natural Sciences Research Council,TRN,20240907,178000.00,CLS,LA-2024-00827,120900.00,20241102,20241130,20271130,20260831 235900
LP-2023-00828,I1164,College of Humanities,Advanced Technology Agency,TRN,20230304,93000.00,ACT,LA-2023-00828,82400.00,20230603,20230701,20241222,20260831 235900
LP-2025-00829,I1129,School of Law and Public Policy,National Science Foundation,FEL,20250313,90500.00,ACT,LA-2025-00829,69500.00,20250509,20250531,20280530,20260831 235900
LP-2025-00830,I1057,School of Law and Public Policy,Interdisciplinary Catalyst Fund,RES,20250422,48000.00,ACT,LA-2025-00830,41700.00,20250701,20250829,20260829,20260831 235900
LP-2026-00831,I1180,College of Humanities,Apex Biotechnologies,RES,20260811,48300.00,REV,,0.00,,,,20260831 235900
LP-2023-00832,I1079,College of Health Sciences,Northstar Analytics,RES,20231118,291300.00,DCL,,0.00,20240312,,,20260831 235900
LP-2025-00833,I1140,College of Humanities,Apex Biotechnologies,TRN,20250115,163800.00,DCL,,0.00,20250313,,,20260831 235900
LP-2024-00834,I1078,College of Science,Global Health Foundation,RES,20240528,125000.00,DCL,,0.00,20240907,,,20260831 235900
LP-2026-00835,I1175,College of Health Sciences,Community Wellbeing Trust,RES,20260120,116200.00,DCL,,0.00,20260425,,,20260831 235900
LP-2026-00836,I1062,College of Science,Global Health Foundation,TRN,20260110,239400.00,ACT,LA-2026-00836,230100.00,20260707,20260912,20270912,20260831 235900
LP-2024-00837,I1006,College of Science,Global Development Partnership,RES,20240123,184200.00,DCL,,0.00,20240703,,,20260831 235900
LP-2025-00838,I1015,College of Health Sciences,Biomedical Discovery Foundation,RES,20250606,290900.00,DCL,,0.00,20251124,,,20260831 235900
LP-2026-00839,I1088,College of Architecture and Design,Interdisciplinary Catalyst Fund,INT,20260516,140700.00,ACT,LA-2026-00839,111300.00,20260715,20260907,20280906,20260831 235900
LP-2025-00840,I1039,College of Health Sciences,Community Wellbeing Trust,RES,20250702,226900.00,DCL,,0.00,20251111,,,20260831 235900
LP-2026-00841,I1123,College of Social Innovation,Helix Medical Devices,TRN,20260522,138800.00,ACT,LA-2026-00841,121200.00,20260830,20260915,20290914,20260831 235900
LP-2024-00842,I1126,College of Science,Interdisciplinary Catalyst Fund,EQP,20241020,68200.00,DCL,,0.00,20241224,,,20260831 235900
LP-2024-00843,I1125,School of Business,Department of Energy and Climate,RES,20241229,100900.00,DCL,,0.00,20250510,,,20260831 235900
LP-2024-00844,I1167,College of Health Sciences,Community Wellbeing Trust,TRN,20240705,77400.00,ACT,LA-2024-00844,48300.00,20241022,20241208,20261208,20260831 235900
LP-2023-00845,I1108,College of Humanities,Education Access Foundation,RES,20231222,73600.00,DCL,,0.00,20240409,,,20260831 235900
LP-2023-00846,I1067,College of Social Innovation,International Research Consortium,RES,20230302,64800.00,DCL,,0.00,20230906,,,20260831 235900
LP-2023-00847,I1138,College of Engineering,International Research Consortium,EQP,20231021,52900.00,CLS,LA-2023-00847,34400.00,20240229,20240503,20260503,20260831 235900
LP-2026-00848,I1136,College of Architecture and Design,National Health Research Council,RES,20260302,165700.00,CLS,LA-2026-00848,152500.00,20260805,20260830,20280221,20260831 235900
LP-2023-00849,I1041,School of Law and Public Policy,Future Cities Foundation,EQP,20231217,169200.00,ACT,LA-2023-00849,144600.00,20240308,20240319,20260319,20260831 235900
LP-2024-00850,I1050,College of Engineering,Biomedical Discovery Foundation,EQP,20240509,81800.00,DCL,,0.00,20240701,,,20260831 235900
LP-2023-00851,I1031,College of Health Sciences,National Health Research Council,INT,20230501,47900.00,ACT,LA-2023-00851,34600.00,20230629,20230807,20250806,20260831 235900
LP-2026-00852,I1116,College of Humanities,Community Wellbeing Trust,TRN,20260324,247800.00,CLS,LA-2026-00852,164000.00,20260506,20260525,20270525,20260831 235900
LP-2026-00853,I1179,College of Social Innovation,Department of Public Health,RES,20260408,103300.00,REV,,0.00,,,,20260831 235900
LP-2026-00854,I1178,College of Engineering,Natural Sciences Research Council,RES,20260115,242300.00,ACT,LA-2026-00854,209000.00,20260312,20260323,20280322,20260831 235900
LP-2023-00855,I1039,College of Health Sciences,Interdisciplinary Catalyst Fund,RES,20231110,79300.00,CLS,LA-2023-00855,52900.00,20240301,20240327,20270327,20260831 235900
LP-2025-00856,I1029,School of Business,Natural Sciences Research Council,EQP,20250813,61300.00,DCL,,0.00,20260218,,,20260831 235900
LP-2025-00857,I1023,College of Health Sciences,National Science Foundation,EQP,20250522,42200.00,ACT,LA-2025-00857,39300.00,20250911,20251020,20270413,20260831 235900
LP-2026-00858,I1156,College of Humanities,Department of Public Health,RES,20260702,109300.00,ACT,LA-2026-00858,99900.00,20260831,20261003,20281002,20260831 235900
LP-2025-00859,I1084,College of Humanities,Biomedical Discovery Foundation,TRN,20251225,358600.00,ACT,LA-2025-00859,325200.00,20260225,20260422,20290421,20260831 235900
LP-2023-00860,I1023,College of Health Sciences,International Research Consortium,TRN,20231219,27700.00,DCL,,0.00,20240406,,,20260831 235900
LP-2025-00861,I1043,College of Social Innovation,Biomedical Discovery Foundation,RES,20250606,147500.00,AWD,LA-2025-00861,99000.00,20250916,20251103,20270427,20260831 235900
LP-2025-00862,I1026,College of Engineering,National Health Research Council,RES,20250708,76900.00,DCL,,0.00,20251020,,,20260831 235900
LP-2024-00863,I1112,College of Architecture and Design,International Research Consortium,TRN,20240915,128800.00,DCL,,0.00,20250114,,,20260831 235900
LP-2024-00864,I1145,School of Law and Public Policy,Education Access Foundation,FEL,20240824,78100.00,DCL,,0.00,20250110,,,20260831 235900
LP-2024-00865,I1066,College of Engineering,Interdisciplinary Catalyst Fund,RES,20240815,241100.00,DCL,,0.00,20241107,,,20260831 235900
LP-2025-00866,I1073,School of Law and Public Policy,Community Wellbeing Trust,RES,20250930,344200.00,ACT,LA-2025-00866,226700.00,20260109,20260318,20270318,20260831 235900
LP-2023-00867,I1014,College of Science,Apex Biotechnologies,RES,20230924,422200.00,CLS,LA-2023-00867,378200.00,20240212,20240402,20270402,20260831 235900
LP-2024-00868,I1132,College of Humanities,National Science Foundation,EQP,20241028,156200.00,DCL,,0.00,20250410,,,20260831 235900
LP-2023-00869,I1006,College of Science,Helix Medical Devices,FEL,20230701,47700.00,CLS,LA-2023-00869,39600.00,20231102,20231222,20261221,20260831 235900
LP-2026-00870,I1091,College of Social Innovation,Biomedical Discovery Foundation,TRN,20260727,236500.00,SUB,,0.00,,,,20260831 235900
LP-2025-00871,I1080,College of Architecture and Design,Social Innovation Research Council,RES,20250822,91900.00,DCL,,0.00,20251103,,,20260831 235900
LP-2025-00872,I1103,College of Health Sciences,Interdisciplinary Catalyst Fund,RES,20250221,331800.00,ACT,LA-2025-00872,321600.00,20250606,20250723,20270114,20260831 235900
LP-2023-00873,I1011,College of Social Innovation,Ontario Research Fund,RES,20230606,89500.00,ACT,LA-2023-00873,62500.00,20231106,20231225,20250617,20260831 235900
LP-2024-00874,I1046,College of Science,Advanced Technology Agency,RES,20240406,181300.00,DCL,,0.00,20240928,,,20260831 235900
LP-2024-00875,I1111,College of Health Sciences,Apex Biotechnologies,RES,20240601,16700.00,DCL,,0.00,20240826,,,20260831 235900
LP-2024-00876,I1085,School of Business,Advanced Technology Agency,RES,20240322,41400.00,CLS,LA-2024-00876,37400.00,20240519,20240612,20270612,20260831 235900
LP-2023-00877,I1180,College of Humanities,Future Cities Foundation,TRN,20230405,617000.00,DCL,,0.00,20230515,,,20260831 235900
LP-2025-00878,I1103,College of Health Sciences,Community Wellbeing Trust,FEL,20250324,192800.00,DCL,,0.00,20250619,,,20260831 235900
LP-2023-00879,I1138,College of Engineering,Social Innovation Research Council,RES,20231205,65900.00,DCL,,0.00,20240505,,,20260831 235900
LP-2025-00880,I1069,School of Business,Natural Sciences Research Council,RES,20251007,272500.00,AWD,LA-2025-00880,251100.00,20260226,20260406,20270406,20260831 235900
LP-2025-00881,I1087,College of Health Sciences,Interdisciplinary Catalyst Fund,TRN,20251018,124400.00,ACT,LA-2025-00881,106400.00,20260323,20260424,20280423,20260831 235900
LP-2026-00882,I1047,College of Health Sciences,Apex Biotechnologies,RES,20260804,115100.00,SUB,,0.00,,,,20260831 235900
LP-2025-00883,I1091,College of Social Innovation,Education Access Foundation,INT,20251109,98000.00,DCL,,0.00,20260510,,,20260831 235900
LP-2024-00884,I1045,School of Business,Apex Biotechnologies,TRN,20240207,248900.00,DCL,,0.00,20240404,,,20260831 235900
LP-2025-00885,I1129,School of Law and Public Policy,National Health Research Council,RES,20251003,328200.00,DCL,,0.00,20260206,,,20260831 235900
LP-2025-00886,I1103,College of Health Sciences,Department of Public Health,FEL,20250329,713800.00,CLS,LA-2025-00886,453000.00,20250910,20251111,20271111,20260831 235900
LP-2024-00887,I1074,College of Engineering,Social Innovation Research Council,RES,20240102,317800.00,DCL,,0.00,20240314,,,20260831 235900
LP-2025-00888,I1058,College of Engineering,Advanced Technology Agency,RES,20251112,78400.00,ACT,LA-2025-00888,54100.00,20260218,20260321,20290320,20260831 235900
LP-2024-00889,I1089,School of Law and Public Policy,Global Development Partnership,RES,20240715,121800.00,DCL,,0.00,20240828,,,20260831 235900
LP-2023-00890,I1037,School of Business,Helix Medical Devices,RES,20231222,222700.00,WD,,0.00,20240508,,,20260831 235900
LP-2024-00891,I1179,College of Social Innovation,Department of Energy and Climate,RES,20240403,436200.00,DCL,,0.00,20240621,,,20260831 235900
LP-2026-00892,I1066,College of Engineering,Interdisciplinary Catalyst Fund,TRN,20260313,76300.00,CLS,LA-2026-00892,53800.00,20260512,20260720,20270720,20260831 235900
LP-2024-00893,I1105,School of Law and Public Policy,Interdisciplinary Catalyst Fund,FEL,20240416,82500.00,CLS,LA-2024-00893,78700.00,20240725,20240827,20260218,20260831 235900
LP-2026-00894,I1005,School of Business,Biomedical Discovery Foundation,INT,20260528,68600.00,ACT,LA-2026-00894,56000.00,20260831,20261004,20281003,20260831 235900
LP-2025-00895,I1153,School of Law and Public Policy,Internal Strategic Research Fund,RES,20250522,57900.00,DCL,,0.00,20250901,,,20260831 235900
LP-2025-00896,I1119,College of Health Sciences,Ontario Research Fund,EQP,20250213,93300.00,ACT,LA-2025-00896,76700.00,20250802,20250911,20260911,20260831 235900
LP-2023-00897,I1010,College of Engineering,Department of Public Health,RES,20230618,59800.00,ACT,LA-2023-00897,56700.00,20231216,20240131,20270130,20260831 235900
LP-2025-00898,I1158,College of Science,Internal Strategic Research Fund,RES,20250823,290300.00,WD,,0.00,20260207,,,20260831 235900
LP-2024-00899,I1025,School of Law and Public Policy,Helix Medical Devices,RES,20240104,26700.00,DCL,,0.00,20240216,,,20260831 235900
LP-2025-00900,I1077,School of Business,Massachusetts Innovation Fund,FEL,20250920,126900.00,ACT,LA-2025-00900,105300.00,20251117,20251210,20261210,20260831 235900
LP-2026-00901,I1069,School of Business,Department of Energy and Climate,RES,20260111,62100.00,ACT,LA-2026-00901,57200.00,20260618,20260716,20280107,20260831 235900
LP-2024-00902,I1022,College of Science,Biomedical Discovery Foundation,RES,20240521,33800.00,DCL,,0.00,20241119,,,20260831 235900
LP-2026-00903,I1121,School of Law and Public Policy,Northstar Analytics,FEL,20260308,35700.00,ACT,LA-2026-00903,32200.00,20260709,20260724,20280115,20260831 235900
LP-2025-00904,I1137,School of Law and Public Policy,Ontario Research Fund,TRN,20250927,107500.00,WD,,0.00,20251214,,,20260831 235900
LP-2024-00905,I1122,College of Engineering,Civic Data Collaborative,FEL,20240411,192800.00,DCL,,0.00,20240825,,,20260831 235900
LP-2023-00906,I1041,School of Law and Public Policy,Interdisciplinary Catalyst Fund,RES,20230227,75100.00,DCL,,0.00,20230409,,,20260831 235900
LP-2023-00907,I1087,College of Health Sciences,Ontario Research Fund,RES,20230202,54400.00,CLS,LA-2023-00907,52800.00,20230404,20230606,20250605,20260831 235900
LP-2025-00908,I1047,College of Health Sciences,Biomedical Discovery Foundation,RES,20250409,353900.00,ACT,LA-2025-00908,227200.00,20250816,20250929,20270323,20260831 235900
LP-2024-00909,I1041,School of Law and Public Policy,Future Cities Foundation,TRN,20240426,147300.00,DCL,,0.00,20241001,,,20260831 235900
LP-2026-00910,I1114,College of Engineering,Department of Energy and Climate,RES,20260709,282300.00,REV,,0.00,,,,20260831 235900
LP-2023-00911,I1144,College of Architecture and Design,Social Innovation Research Council,RES,20231027,130500.00,DCL,,0.00,20240108,,,20260831 235900
LP-2023-00912,I1105,School of Law and Public Policy,Natural Sciences Research Council,RES,20231212,84300.00,CLS,LA-2023-00912,69200.00,20240604,20240619,20260619,20260831 235900
LP-2025-00913,I1141,School of Business,Department of Energy and Climate,EQP,20251116,124400.00,DCL,,0.00,20260225,,,20260831 235900
LP-2025-00914,I1003,College of Social Innovation,Natural Sciences Research Council,RES,20250223,148600.00,DCL,,0.00,20250511,,,20260831 235900
LP-2026-00915,I1083,College of Social Innovation,Vertex Mobility Systems,TRN,20260428,544300.00,REV,,0.00,,,,20260831 235900
LP-2025-00916,I1100,College of Humanities,Helix Medical Devices,EQP,20250416,133900.00,ACT,LA-2025-00916,130100.00,20251017,20251103,20281102,20260831 235900
LP-2023-00917,I1064,College of Architecture and Design,Advanced Technology Agency,RES,20230617,121400.00,DCL,,0.00,20231122,,,20260831 235900
LP-2026-00918,I1083,College of Social Innovation,Natural Sciences Research Council,RES,20260317,71700.00,ACT,LA-2026-00918,57000.00,20260831,20261023,20281022,20260831 235900
LP-2023-00919,I1064,College of Architecture and Design,Faculty Seed Grant Program,EQP,20230422,273100.00,DCL,,0.00,20230803,,,20260831 235900
LP-2025-00920,I1067,College of Social Innovation,National Health Research Council,RES,20250118,95800.00,ACT,LA-2025-00920,71700.00,20250514,20250703,20270703,20260831 235900
LP-2024-00921,I1171,College of Social Innovation,Internal Strategic Research Fund,RES,20240817,368100.00,CLS,LA-2024-00921,360800.00,20250214,20250429,20280428,20260831 235900
LP-2025-00922,I1036,College of Humanities,Ontario Research Fund,TRN,20250411,24400.00,ACT,LA-2025-00922,15800.00,20250628,20250726,20280725,20260831 235900
LP-2024-00923,I1015,College of Health Sciences,Department of Public Health,TRN,20240314,198100.00,ACT,LA-2024-00923,134800.00,20240427,20240608,20260608,20260831 235900
LP-2024-00924,I1149,School of Business,Urban Resilience Network,FEL,20241118,44000.00,CLS,LA-2024-00924,34100.00,20250424,20250515,20261106,20260831 235900
LP-2024-00925,I1155,College of Social Innovation,National Health Research Council,RES,20240611,210800.00,DCL,,0.00,20241209,,,20260831 235900
LP-2023-00926,I1065,School of Law and Public Policy,Ontario Research Fund,EQP,20230502,83000.00,DCL,,0.00,20230615,,,20260831 235900
LP-2025-00927,I1147,College of Social Innovation,Department of Energy and Climate,FEL,20251007,52600.00,DCL,,0.00,20260124,,,20260831 235900
LP-2025-00928,I1108,College of Humanities,Future Cities Foundation,RES,20250116,60200.00,ACT,LA-2025-00928,39600.00,20250717,20250831,20280830,20260831 235900
LP-2025-00929,I1148,College of Humanities,Global Health Foundation,TRN,20250611,122300.00,DCL,,0.00,20251020,,,20260831 235900
LP-2024-00930,I1170,College of Engineering,International Research Consortium,TRN,20241127,349700.00,ACT,LA-2024-00930,327500.00,20250228,20250313,20270313,20260831 235900
LP-2024-00931,I1144,College of Architecture and Design,Interdisciplinary Catalyst Fund,RES,20240823,53900.00,ACT,LA-2024-00931,50500.00,20241020,20241111,20261111,20260831 235900
LP-2024-00932,I1063,College of Health Sciences,Interdisciplinary Catalyst Fund,RES,20241208,122400.00,CLS,LA-2024-00932,116700.00,20250605,20250808,20270808,20260831 235900
LP-2024-00933,I1146,College of Engineering,National Health Research Council,RES,20241223,105000.00,ACT,LA-2024-00933,82400.00,20250512,20250718,20260718,20260831 235900
LP-2023-00934,I1040,College of Architecture and Design,Natural Sciences Research Council,FEL,20230908,107900.00,CLS,LA-2023-00934,80500.00,20240229,20240418,20270418,20260831 235900
LP-2024-00935,I1108,College of Humanities,Global Health Foundation,RES,20240722,199800.00,CLS,LA-2024-00935,142700.00,20240907,20241101,20260425,20260831 235900
LP-2024-00936,I1140,College of Humanities,National Science Foundation,FEL,20240126,32600.00,WD,,0.00,20240505,,,20260831 235900
LP-2024-00937,I1149,School of Business,Advanced Technology Agency,FEL,20240709,277500.00,DCL,,0.00,20241117,,,20260831 235900
LP-2025-00938,I1056,College of Architecture and Design,Department of Energy and Climate,INT,20250212,332300.00,DCL,,0.00,20250501,,,20260831 235900
LP-2024-00939,I1092,College of Humanities,National Science Foundation,TRN,20240628,55200.00,CLS,LA-2024-00939,39400.00,20240828,20241027,20260420,20260831 235900
LP-2025-00940,I1013,School of Business,Natural Sciences Research Council,RES,20250727,60500.00,AWD,LA-2025-00940,60400.00,20251023,20260102,20270102,20260831 235900
LP-2026-00941,I1047,College of Health Sciences,National Health Research Council,RES,20260718,100800.00,REV,,0.00,,,,20260831 235900
LP-2023-00942,I1134,College of Science,Apex Biotechnologies,EQP,20231029,280700.00,DCL,,0.00,20240221,,,20260831 235900
LP-2026-00943,I1090,College of Engineering,Apex Biotechnologies,RES,20260328,129400.00,DCL,,0.00,20260519,,,20260831 235900
LP-2024-00944,I1129,School of Law and Public Policy,Ontario Research Fund,INT,20240128,46600.00,WD,,0.00,20240402,,,20260831 235900
LP-2023-00945,I1045,School of Business,Ontario Research Fund,EQP,20230626,80500.00,CLS,LA-2023-00945,50600.00,20230827,20231002,20241001,20260831 235900
LP-2026-00946,I1038,College of Science,Vertex Mobility Systems,RES,20260322,46500.00,AWD,LA-2026-00946,29300.00,20260829,20261015,20291014,20260831 235900
LP-2026-00947,I1094,College of Science,Internal Strategic Research Fund,RES,20260502,83800.00,DCL,,0.00,20260831,,,20260831 235900
LP-2023-00948,I1019,College of Social Innovation,Global Health Foundation,EQP,20230112,81300.00,WD,,0.00,20230312,,,20260831 235900
LP-2026-00949,I1155,College of Social Innovation,Advanced Technology Agency,RES,20260306,159700.00,CLS,LA-2026-00949,126700.00,20260816,20261002,20281001,20260831 235900
LP-2024-00950,I1179,College of Social Innovation,Interdisciplinary Catalyst Fund,INT,20240413,80600.00,CLS,LA-2024-00950,61100.00,20240717,20240817,20260817,20260831 235900
LP-2026-00951,I1058,College of Engineering,Education Access Foundation,RES,20260730,257300.00,SUB,,0.00,,,,20260831 235900
LP-2025-00952,I1176,College of Architecture and Design,Education Access Foundation,RES,20250705,80800.00,ACT,LA-2025-00952,75200.00,20251227,20260126,20280126,20260831 235900
LP-2023-00953,I1109,School of Business,Social Innovation Research Council,FEL,20230326,65200.00,DCL,,0.00,20230719,,,20260831 235900
LP-2026-00954,I1029,School of Business,Department of Public Health,RES,20260116,104800.00,DCL,,0.00,20260320,,,20260831 235900
LP-2023-00955,I1142,College of Science,Natural Sciences Research Council,RES,20231008,92200.00,DCL,,0.00,20240408,,,20260831 235900
LP-2025-00956,I1122,College of Engineering,Global Health Foundation,FEL,20250403,155900.00,DCL,,0.00,20250718,,,20260831 235900
LP-2026-00957,I1091,College of Social Innovation,Civic Data Collaborative,RES,20260811,66600.00,REV,,0.00,,,,20260831 235900
LP-2025-00958,I1053,School of Business,Social Innovation Research Council,FEL,20250218,212100.00,AWD,LA-2025-00958,190400.00,20250623,20250903,20280902,20260831 235900
LP-2025-00959,I1131,College of Social Innovation,Internal Strategic Research Fund,RES,20250330,96700.00,CLS,LA-2025-00959,73600.00,20250713,20250923,20260923,20260831 235900
LP-2023-00960,I1138,College of Engineering,Advanced Technology Agency,EQP,20231127,129500.00,ACT,LA-2023-00960,117700.00,20240415,20240627,20250627,20260831 235900
LP-2025-00961,I1034,College of Engineering,National Health Research Council,RES,20250227,218100.00,AWD,LA-2025-00961,178500.00,20250724,20250816,20260816,20260831 235900
LP-2025-00962,I1166,College of Science,National Health Research Council,EQP,20250722,55200.00,DCL,,0.00,20251015,,,20260831 235900
LP-2026-00963,I1169,School of Law and Public Policy,Community Wellbeing Trust,RES,20260227,31500.00,DCL,,0.00,20260625,,,20260831 235900
LP-2024-00964,I1155,College of Social Innovation,Vertex Mobility Systems,INT,20240521,45800.00,CLS,LA-2024-00964,36000.00,20240808,20241010,20261010,20260831 235900
LP-2024-00965,I1078,College of Science,Urban Resilience Network,RES,20240110,15000.00,CLS,LA-2024-00965,14200.00,20240422,20240705,20250705,20260831 235900
LP-2023-00966,I1077,School of Business,Interdisciplinary Catalyst Fund,RES,20230226,78700.00,ACT,LA-2023-00966,71800.00,20230628,20230911,20250910,20260831 235900
LP-2024-00967,I1076,College of Humanities,Department of Public Health,RES,20240207,418200.00,DCL,,0.00,20240621,,,20260831 235900
LP-2026-00968,I1071,College of Health Sciences,Vertex Mobility Systems,RES,20260301,425700.00,DCL,,0.00,20260506,,,20260831 235900
LP-2025-00969,I1027,College of Social Innovation,Social Innovation Research Council,TRN,20251208,337900.00,ACT,LA-2025-00969,303300.00,20260404,20260508,20280507,20260831 235900
LP-2026-00970,I1128,College of Architecture and Design,Urban Resilience Network,TRN,20260329,745900.00,DCL,,0.00,20260705,,,20260831 235900
LP-2024-00971,I1030,College of Science,Education Access Foundation,RES,20240216,92200.00,DCL,,0.00,20240409,,,20260831 235900
LP-2024-00972,I1083,College of Social Innovation,Global Health Foundation,RES,20240416,124200.00,ACT,LA-2024-00972,110000.00,20240614,20240712,20270712,20260831 235900
LP-2024-00973,I1164,College of Humanities,Interdisciplinary Catalyst Fund,RES,20240305,218200.00,ACT,LA-2024-00973,141400.00,20240419,20240618,20250618,20260831 235900
LP-2024-00974,I1110,College of Science,Community Wellbeing Trust,INT,20240912,405100.00,DCL,,0.00,20250217,,,20260831 235900
LP-2025-00975,I1151,College of Health Sciences,National Science Foundation,INT,20250102,98600.00,CLS,LA-2025-00975,75500.00,20250220,20250305,20260827,20260831 235900
LP-2026-00976,I1015,College of Health Sciences,Department of Public Health,RES,20260722,94800.00,REV,,0.00,,,,20260831 235900
LP-2025-00977,I1147,College of Social Innovation,Ontario Research Fund,INT,20250905,129300.00,ACT,LA-2025-00977,102300.00,20260217,20260401,20290331,20260831 235900
LP-2026-00978,I1148,College of Humanities,National Health Research Council,EQP,20260405,204800.00,DCL,,0.00,20260806,,,20260831 235900
LP-2026-00979,I1176,College of Architecture and Design,Internal Strategic Research Fund,RES,20260629,143000.00,WD,,0.00,20260811,,,20260831 235900
LP-2025-00980,I1036,College of Humanities,National Health Research Council,FEL,20250308,52900.00,CLS,LA-2025-00980,38800.00,20250704,20250719,20260719,20260831 235900
LP-2025-00981,I1078,College of Science,Community Wellbeing Trust,FEL,20250104,79000.00,ACT,LA-2025-00981,77900.00,20250211,20250423,20270423,20260831 235900
LP-2024-00982,I1100,College of Humanities,Vertex Mobility Systems,RES,20241110,305400.00,ACT,LA-2024-00982,245000.00,20250118,20250218,20270218,20260831 235900
LP-2026-00983,I1029,School of Business,Social Innovation Research Council,RES,20260117,396000.00,ACT,LA-2026-00983,304300.00,20260519,20260530,20270530,20260831 235900
LP-2026-00984,I1038,College of Science,Biomedical Discovery Foundation,INT,20260221,15000.00,ACT,LA-2026-00984,13100.00,20260719,20260905,20270905,20260831 235900
LP-2025-00985,I1117,School of Business,Community Wellbeing Trust,RES,20250616,101100.00,ACT,LA-2025-00985,84500.00,20251102,20260105,20290104,20260831 235900
LP-2023-00986,I1101,School of Business,Natural Sciences Research Council,RES,20230421,125800.00,ACT,LA-2023-00986,107400.00,20230924,20231120,20250513,20260831 235900
LP-2024-00987,I1095,College of Health Sciences,National Science Foundation,RES,20240618,47100.00,DCL,,0.00,20240916,,,20260831 235900
LP-2024-00988,I1151,College of Health Sciences,Global Health Foundation,RES,20241201,51700.00,DCL,,0.00,20250503,,,20260831 235900
LP-2026-00989,I1171,College of Social Innovation,Advanced Technology Agency,RES,20260216,271000.00,DCL,,0.00,20260717,,,20260831 235900
LP-2024-00990,I1083,College of Social Innovation,Community Wellbeing Trust,TRN,20240405,277500.00,CLS,LA-2024-00990,238100.00,20240824,20240916,20260916,20260831 235900
LP-2024-00991,I1117,School of Business,Faculty Seed Grant Program,RES,20240617,316100.00,DCL,,0.00,20241014,,,20260831 235900
LP-2023-00992,I1086,College of Science,Natural Sciences Research Council,RES,20231130,35300.00,CLS,LA-2023-00992,28700.00,20240202,20240319,20250319,20260831 235900
LP-2023-00993,I1108,College of Humanities,Vertex Mobility Systems,INT,20230225,294600.00,DCL,,0.00,20230530,,,20260831 235900
LP-2024-00994,I1133,School of Business,National Health Research Council,RES,20240113,30800.00,CLS,LA-2024-00994,26400.00,20240703,20240728,20250728,20260831 235900
LP-2025-00995,I1083,College of Social Innovation,Urban Resilience Network,RES,20251212,105300.00,CLS,LA-2025-00995,75400.00,20260316,20260530,20271121,20260831 235900
LP-2026-00996,I1117,School of Business,Advanced Technology Agency,TRN,20260317,191000.00,DCL,,0.00,20260503,,,20260831 235900
LP-2025-00997,I1085,School of Business,Education Access Foundation,FEL,20250419,25600.00,AWD,LA-2025-00997,23900.00,20250702,20250915,20260915,20260831 235900
LP-2023-00998,I1076,College of Humanities,Apex Biotechnologies,RES,20230719,207500.00,CLS,LA-2023-00998,177200.00,20231103,20231214,20261213,20260831 235900
LP-2023-00999,I1061,School of Business,Global Health Foundation,RES,20231025,35100.00,DCL,,0.00,20240405,,,20260831 235900
LP-2026-01000,I1147,College of Social Innovation,Urban Resilience Network,RES,20260703,92400.00,ACT,LA-2026-01000,78300.00,20260830,20261027,20281026,20260831 235900
LP-2024-01001,I1051,College of Social Innovation,Education Access Foundation,TRN,20240314,106100.00,ACT,LA-2024-01001,81500.00,20240722,20240904,20250904,20260831 235900
LP-2023-01002,I1171,College of Social Innovation,Biomedical Discovery Foundation,INT,20230409,86200.00,DCL,,0.00,20230826,,,20260831 235900
LP-2026-01003,I1066,College of Engineering,International Research Consortium,INT,20260731,155400.00,REV,,0.00,,,,20260831 235900
LP-2026-01004,I1085,School of Business,National Health Research Council,RES,20260201,40400.00,ACT,LA-2026-01004,26100.00,20260716,20260923,20290922,20260831 235900
LP-2024-01005,I1161,School of Law and Public Policy,Social Innovation Research Council,RES,20240119,17900.00,DCL,,0.00,20240619,,,20260831 235900
LP-2025-01006,I1008,College of Architecture and Design,Internal Strategic Research Fund,RES,20251023,456500.00,AWD,LA-2025-01006,343900.00,20260112,20260324,20270324,20260831 235900
LP-2026-01007,I1155,College of Social Innovation,National Health Research Council,RES,20260501,153700.00,DCL,,0.00,20260714,,,20260831 235900
LP-2025-01008,I1135,College of Health Sciences,Future Cities Foundation,RES,20250403,900600.00,DCL,,0.00,20250618,,,20260831 235900
LP-2026-01009,I1164,College of Humanities,Natural Sciences Research Council,RES,20260202,308400.00,DCL,,0.00,20260402,,,20260831 235900
LP-2024-01010,I1074,College of Engineering,Education Access Foundation,EQP,20240412,112900.00,DCL,,0.00,20240517,,,20260831 235900
LP-2026-01011,I1097,School of Law and Public Policy,Global Development Partnership,RES,20260206,173400.00,AWD,LA-2026-01011,142300.00,20260629,20260826,20280217,20260831 235900
LP-2026-01012,I1044,College of Humanities,National Health Research Council,RES,20260512,141100.00,ACT,LA-2026-01012,87500.00,20260831,20261009,20271009,20260831 235900
LP-2025-01013,I1101,School of Business,Department of Public Health,RES,20251218,30400.00,DCL,,0.00,20260412,,,20260831 235900
LP-2023-01014,I1158,College of Science,Apex Biotechnologies,FEL,20230912,443400.00,DCL,,0.00,20240311,,,20260831 235900
LP-2025-01015,I1109,School of Business,Vertex Mobility Systems,RES,20250905,73600.00,DCL,,0.00,20251120,,,20260831 235900
LP-2024-01016,I1046,College of Science,Advanced Technology Agency,RES,20240617,74000.00,CLS,LA-2024-01016,60600.00,20241002,20241120,20260514,20260831 235900
LP-2023-01017,I1125,School of Business,National Health Research Council,RES,20230310,362000.00,ACT,LA-2023-01017,359200.00,20230829,20231104,20261103,20260831 235900
LP-2026-01018,I1173,School of Business,National Science Foundation,TRN,20260814,96600.00,SUB,,0.00,,,,20260831 235900
LP-2024-01019,I1107,College of Social Innovation,Global Health Foundation,RES,20240529,296400.00,CLS,LA-2024-01019,196600.00,20240927,20241210,20261210,20260831 235900
LP-2025-01020,I1065,School of Law and Public Policy,Apex Biotechnologies,RES,20250713,394800.00,ACT,LA-2025-01020,322500.00,20250907,20251010,20281009,20260831 235900
LP-2024-01021,I1150,College of Science,Civic Data Collaborative,INT,20240316,126300.00,DCL,,0.00,20240727,,,20260831 235900
LP-2025-01022,I1115,College of Social Innovation,Helix Medical Devices,RES,20251227,29000.00,DCL,,0.00,20260606,,,20260831 235900
LP-2023-01023,I1166,College of Science,Faculty Seed Grant Program,TRN,20230420,171800.00,WD,,0.00,20230722,,,20260831 235900
LP-2026-01024,I1044,College of Humanities,Community Wellbeing Trust,RES,20260201,351400.00,DCL,,0.00,20260505,,,20260831 235900
LP-2026-01025,I1048,College of Architecture and Design,Interdisciplinary Catalyst Fund,RES,20260627,105000.00,DCL,,0.00,20260825,,,20260831 235900
LP-2026-01026,I1052,College of Humanities,Advanced Technology Agency,RES,20260702,159800.00,DCL,,0.00,20260831,,,20260831 235900
LP-2026-01027,I1071,College of Health Sciences,Department of Public Health,RES,20260209,38200.00,ACT,LA-2026-01027,25500.00,20260416,20260510,20290509,20260831 235900
LP-2024-01028,I1089,School of Law and Public Policy,Vertex Mobility Systems,EQP,20241003,156500.00,AWD,LA-2024-01028,144800.00,20250228,20250427,20261019,20260831 235900
LP-2025-01029,I1152,College of Architecture and Design,Civic Data Collaborative,RES,20250119,57700.00,DCL,,0.00,20250620,,,20260831 235900
LP-2025-01030,I1124,College of Humanities,Social Innovation Research Council,TRN,20251015,49900.00,ACT,LA-2025-01030,46800.00,20251216,20260301,20290228,20260831 235900
LP-2025-01031,I1117,School of Business,Apex Biotechnologies,RES,20250908,76800.00,ACT,LA-2025-01031,56000.00,20260206,20260330,20290329,20260831 235900
LP-2024-01032,I1178,College of Engineering,Biomedical Discovery Foundation,FEL,20240612,298900.00,DCL,,0.00,20240808,,,20260831 235900
LP-2026-01033,I1053,School of Business,Education Access Foundation,RES,20260327,53200.00,ACT,LA-2026-01033,49200.00,20260501,20260605,20271127,20260831 235900
LP-2023-01034,I1039,College of Health Sciences,Education Access Foundation,TRN,20231211,50900.00,CLS,LA-2023-01034,41500.00,20240225,20240501,20250501,20260831 235900
LP-2024-01035,I1002,College of Engineering,Civic Data Collaborative,EQP,20240720,277400.00,ACT,LA-2024-01035,225200.00,20240911,20241120,20271120,20260831 235900
LP-2025-01036,I1060,College of Humanities,Helix Medical Devices,FEL,20251218,188500.00,DCL,,0.00,20260601,,,20260831 235900
LP-2026-01037,I1129,School of Law and Public Policy,Ontario Research Fund,INT,20260216,32600.00,AWD,LA-2026-01037,26100.00,20260405,20260509,20290508,20260831 235900
LP-2025-01038,I1053,School of Business,Community Wellbeing Trust,INT,20250514,124000.00,AWD,LA-2025-01038,87900.00,20250621,20250705,20261227,20260831 235900
LP-2025-01039,I1046,College of Science,National Science Foundation,RES,20250226,132600.00,ACT,LA-2025-01039,86000.00,20250412,20250601,20260601,20260831 235900
LP-2026-01040,I1057,School of Law and Public Policy,Advanced Technology Agency,RES,20260126,295400.00,DCL,,0.00,20260416,,,20260831 235900
LP-2024-01041,I1075,College of Social Innovation,Vertex Mobility Systems,RES,20240311,116500.00,CLS,LA-2024-01041,100000.00,20240727,20241010,20261010,20260831 235900
LP-2024-01042,I1095,College of Health Sciences,Community Wellbeing Trust,RES,20241112,1693800.00,CLS,LA-2024-01042,1480000.00,20250415,20250505,20270505,20260831 235900
LP-2025-01043,I1096,College of Architecture and Design,Internal Strategic Research Fund,FEL,20250813,20300.00,ACT,LA-2025-01043,12600.00,20250917,20251008,20271008,20260831 235900
LP-2024-01044,I1072,College of Architecture and Design,National Science Foundation,RES,20240707,60200.00,DCL,,0.00,20240930,,,20260831 235900
LP-2025-01045,I1091,College of Social Innovation,National Health Research Council,RES,20250324,76900.00,AWD,LA-2025-01045,64700.00,20250814,20251014,20261014,20260831 235900
LP-2026-01046,I1084,College of Humanities,Interdisciplinary Catalyst Fund,RES,20260330,17500.00,ACT,LA-2026-01046,14400.00,20260709,20260724,20280723,20260831 235900
LP-2023-01047,I1142,College of Science,National Health Research Council,RES,20230511,615400.00,CLS,LA-2023-01047,400900.00,20231106,20231127,20241126,20260831 235900
LP-2024-01048,I1072,College of Architecture and Design,Apex Biotechnologies,RES,20240201,54800.00,CLS,LA-2024-01048,53200.00,20240606,20240616,20260616,20260831 235900
LP-2025-01049,I1017,School of Law and Public Policy,Helix Medical Devices,EQP,20250403,84700.00,CLS,LA-2025-01049,73900.00,20250603,20250802,20270802,20260831 235900
LP-2025-01050,I1018,College of Engineering,Internal Strategic Research Fund,RES,20251028,95700.00,DCL,,0.00,20260205,,,20260831 235900
LP-2023-01051,I1099,College of Social Innovation,Helix Medical Devices,RES,20231213,30500.00,DCL,,0.00,20240423,,,20260831 235900
LP-2024-01052,I1088,College of Architecture and Design,Apex Biotechnologies,RES,20241104,234500.00,ACT,LA-2024-01052,171200.00,20250120,20250212,20280212,20260831 235900
LP-2025-01053,I1120,College of Architecture and Design,National Health Research Council,EQP,20251101,28300.00,DCL,,0.00,20260128,,,20260831 235900
LP-2025-01054,I1171,College of Social Innovation,Urban Resilience Network,RES,20251003,64600.00,DCL,,0.00,20260317,,,20260831 235900
LP-2023-01055,I1056,College of Architecture and Design,National Science Foundation,RES,20231119,79100.00,DCL,,0.00,20240514,,,20260831 235900
LP-2025-01056,I1070,College of Science,Department of Public Health,RES,20251215,127000.00,ACT,LA-2025-01056,105700.00,20260208,20260310,20270310,20260831 235900
LP-2023-01057,I1066,College of Engineering,National Health Research Council,RES,20230906,74800.00,DCL,,0.00,20231227,,,20260831 235900
LP-2025-01058,I1166,College of Science,Urban Resilience Network,RES,20250128,77500.00,ACT,LA-2025-01058,48300.00,20250510,20250614,20280613,20260831 235900
LP-2023-01059,I1078,College of Science,Department of Energy and Climate,RES,20230219,47200.00,ACT,LA-2023-01059,43300.00,20230426,20230609,20240608,20260831 235900
LP-2026-01060,I1073,School of Law and Public Policy,Future Cities Foundation,RES,20260424,321700.00,DCL,,0.00,20260831,,,20260831 235900
LP-2024-01061,I1174,College of Science,National Science Foundation,FEL,20240503,360000.00,CLS,LA-2024-01061,237300.00,20241010,20241217,20260610,20260831 235900
LP-2024-01062,I1090,College of Engineering,National Science Foundation,INT,20240315,78800.00,WD,,0.00,20240506,,,20260831 235900
LP-2025-01063,I1131,College of Social Innovation,Social Innovation Research Council,INT,20250216,580300.00,ACT,LA-2025-01063,395200.00,20250505,20250525,20260525,20260831 235900
LP-2023-01064,I1132,College of Humanities,Helix Medical Devices,TRN,20230218,714300.00,CLS,LA-2023-01064,613700.00,20230509,20230709,20241230,20260831 235900
LP-2023-01065,I1017,School of Law and Public Policy,Internal Strategic Research Fund,TRN,20231109,154700.00,CLS,LA-2023-01065,102900.00,20240502,20240709,20250709,20260831 235900
LP-2023-01066,I1154,College of Engineering,National Health Research Council,RES,20231020,120000.00,DCL,,0.00,20231231,,,20260831 235900
LP-2024-01067,I1102,College of Science,Apex Biotechnologies,EQP,20240727,221400.00,ACT,LA-2024-01067,148200.00,20250126,20250210,20270210,20260831 235900
LP-2023-01068,I1067,College of Social Innovation,Helix Medical Devices,INT,20230209,49100.00,ACT,LA-2023-01068,39500.00,20230516,20230527,20240526,20260831 235900
LP-2024-01069,I1060,College of Humanities,Apex Biotechnologies,RES,20240807,406000.00,CLS,LA-2024-01069,333100.00,20241211,20250125,20270125,20260831 235900
LP-2026-01070,I1023,College of Health Sciences,Natural Sciences Research Council,RES,20260623,150300.00,REV,,0.00,,,,20260831 235900
LP-2025-01071,I1097,School of Law and Public Policy,Natural Sciences Research Council,RES,20250402,206900.00,ACT,LA-2025-01071,130000.00,20251001,20251113,20271113,20260831 235900
LP-2024-01072,I1008,College of Architecture and Design,Community Wellbeing Trust,INT,20240421,132900.00,CLS,LA-2024-01072,94100.00,20240816,20240902,20260224,20260831 235900
LP-2026-01073,I1173,School of Business,Civic Data Collaborative,RES,20260611,315700.00,REV,,0.00,,,,20260831 235900
LP-2025-01074,I1101,School of Business,Biomedical Discovery Foundation,RES,20250202,188700.00,CLS,LA-2025-01074,152900.00,20250316,20250424,20261016,20260831 235900
LP-2023-01075,I1095,College of Health Sciences,Department of Public Health,EQP,20230829,281300.00,CLS,LA-2023-01075,180700.00,20231009,20231020,20250412,20260831 235900
LP-2025-01076,I1010,College of Engineering,Northstar Analytics,RES,20250808,351300.00,ACT,LA-2025-01076,301300.00,20260209,20260324,20270324,20260831 235900
LP-2025-01077,I1159,College of Health Sciences,Helix Medical Devices,RES,20250619,86500.00,DCL,,0.00,20251201,,,20260831 235900
LP-2026-01078,I1030,College of Science,Massachusetts Innovation Fund,RES,20260707,58500.00,REV,,0.00,,,,20260831 235900
LP-2024-01079,I1107,College of Social Innovation,Education Access Foundation,INT,20240423,20700.00,DCL,,0.00,20240922,,,20260831 235900
LP-2023-01080,I1103,College of Health Sciences,Advanced Technology Agency,TRN,20230921,22200.00,CLS,LA-2023-01080,14600.00,20231226,20240310,20260310,20260831 235900
LP-2025-01081,I1023,College of Health Sciences,Biomedical Discovery Foundation,RES,20250331,36300.00,DCL,,0.00,20250701,,,20260831 235900
LP-2023-01082,I1077,School of Business,Helix Medical Devices,RES,20230928,78800.00,CLS,LA-2023-01082,59400.00,20231109,20231123,20261122,20260831 235900
LP-2024-01083,I1168,College of Architecture and Design,Urban Resilience Network,RES,20240301,73400.00,ACT,LA-2024-01083,54300.00,20240618,20240629,20250629,20260831 235900
LP-2026-01084,I1167,College of Health Sciences,Department of Public Health,RES,20260629,242000.00,AWD,LA-2026-01084,191100.00,20260830,20261014,20291013,20260831 235900
LP-2024-01085,I1004,College of Humanities,Northstar Analytics,RES,20240728,18200.00,CLS,LA-2024-01085,15200.00,20241219,20250214,20270214,20260831 235900
LP-2023-01086,I1103,College of Health Sciences,National Science Foundation,EQP,20231109,198200.00,DCL,,0.00,20240312,,,20260831 235900
LP-2025-01087,I1165,School of Business,Interdisciplinary Catalyst Fund,EQP,20250725,110100.00,DCL,,0.00,20260125,,,20260831 235900
LP-2023-01088,I1168,College of Architecture and Design,Department of Energy and Climate,RES,20230413,44500.00,DCL,,0.00,20230719,,,20260831 235900
LP-2025-01089,I1075,College of Social Innovation,Faculty Seed Grant Program,RES,20250525,278200.00,CLS,LA-2025-01089,248200.00,20250708,20250811,20270811,20260831 235900
LP-2023-01090,I1156,College of Humanities,Internal Strategic Research Fund,RES,20230813,53300.00,DCL,,0.00,20231025,,,20260831 235900
LP-2024-01091,I1098,College of Engineering,Department of Public Health,RES,20240519,73500.00,DCL,,0.00,20240715,,,20260831 235900
LP-2025-01092,I1131,College of Social Innovation,Global Health Foundation,RES,20250627,103100.00,ACT,LA-2025-01092,84900.00,20250917,20251031,20271031,20260831 235900
LP-2025-01093,I1126,College of Science,Apex Biotechnologies,FEL,20251129,137000.00,DCL,,0.00,20260516,,,20260831 235900
LP-2023-01094,I1103,College of Health Sciences,Education Access Foundation,RES,20230727,60900.00,ACT,LA-2023-01094,49100.00,20231220,20240207,20250731,20260831 235900
LP-2025-01095,I1145,School of Law and Public Policy,Helix Medical Devices,RES,20251204,81200.00,DCL,,0.00,20260602,,,20260831 235900
LP-2023-01096,I1156,College of Humanities,Massachusetts Innovation Fund,INT,20231018,190200.00,DCL,,0.00,20240126,,,20260831 235900
LP-2023-01097,I1116,College of Humanities,Social Innovation Research Council,RES,20230311,238900.00,ACT,LA-2023-01097,203600.00,20230816,20230918,20250917,20260831 235900
LP-2025-01098,I1089,School of Law and Public Policy,International Research Consortium,FEL,20250915,130900.00,DCL,,0.00,20260309,,,20260831 235900
LP-2025-01099,I1046,College of Science,Helix Medical Devices,INT,20251128,82100.00,CLS,LA-2025-01099,70400.00,20260226,20260331,20280330,20260831 235900
LP-2026-01100,I1020,College of Humanities,Apex Biotechnologies,RES,20260723,77300.00,SUB,,0.00,,,,20260831 235900
LP-2024-01101,I1112,College of Architecture and Design,Department of Public Health,RES,20240529,129300.00,CLS,LA-2024-01101,102400.00,20241118,20250116,20260116,20260831 235900
LP-2023-01102,I1133,School of Business,Education Access Foundation,RES,20230921,130700.00,CLS,LA-2023-01102,117900.00,20240110,20240202,20250726,20260831 235900
LP-2024-01103,I1157,School of Business,Future Cities Foundation,RES,20240903,80700.00,DCL,,0.00,20241204,,,20260831 235900
LP-2023-01104,I1033,School of Law and Public Policy,National Health Research Council,TRN,20230630,630200.00,DCL,,0.00,20230823,,,20260831 235900
LP-2024-01105,I1046,College of Science,National Health Research Council,RES,20240622,27600.00,DCL,,0.00,20240819,,,20260831 235900
LP-2024-01106,I1090,College of Engineering,Vertex Mobility Systems,FEL,20240731,112500.00,CLS,LA-2024-01106,91900.00,20241221,20250108,20270108,20260831 235900
LP-2026-01107,I1101,School of Business,Vertex Mobility Systems,RES,20260510,299300.00,REV,,0.00,,,,20260831 235900
LP-2023-01108,I1053,School of Business,Education Access Foundation,EQP,20231031,209100.00,CLS,LA-2023-01108,187900.00,20240323,20240515,20270515,20260831 235900
LP-2026-01109,I1166,College of Science,Natural Sciences Research Council,RES,20260610,87000.00,ACT,LA-2026-01109,59700.00,20260831,20260916,20290915,20260831 235900
LP-2026-01110,I1167,College of Health Sciences,Vertex Mobility Systems,EQP,20260509,21500.00,REV,,0.00,,,,20260831 235900
LP-2026-01111,I1029,School of Business,Ontario Research Fund,RES,20260505,175000.00,ACT,LA-2026-01111,170900.00,20260708,20260815,20280814,20260831 235900
LP-2025-01112,I1157,School of Business,Natural Sciences Research Council,EQP,20250514,295800.00,DCL,,0.00,20250827,,,20260831 235900
LP-2024-01113,I1087,College of Health Sciences,Interdisciplinary Catalyst Fund,RES,20240910,119400.00,CLS,LA-2024-01113,92700.00,20250203,20250306,20280305,20260831 235900
LP-2023-01114,I1055,College of Health Sciences,Future Cities Foundation,RES,20230813,113500.00,CLS,LA-2023-01114,78700.00,20240213,20240402,20260402,20260831 235900
LP-2024-01115,I1074,College of Engineering,Northstar Analytics,RES,20240216,677000.00,CLS,LA-2024-01115,589700.00,20240803,20240822,20270822,20260831 235900
LP-2026-01116,I1086,College of Science,Natural Sciences Research Council,FEL,20260324,193700.00,ACT,LA-2026-01116,167100.00,20260723,20260813,20290812,20260831 235900
LP-2025-01117,I1013,School of Business,Biomedical Discovery Foundation,RES,20251213,51900.00,AWD,LA-2025-01117,49800.00,20260426,20260606,20290605,20260831 235900
LP-2025-01118,I1100,College of Humanities,Community Wellbeing Trust,RES,20250607,107400.00,WD,,0.00,20251028,,,20260831 235900
LP-2025-01119,I1081,School of Law and Public Policy,Interdisciplinary Catalyst Fund,RES,20250621,137000.00,ACT,LA-2025-01119,88000.00,20251118,20260116,20280116,20260831 235900
LP-2025-01120,I1134,College of Science,Global Health Foundation,INT,20250305,75200.00,DCL,,0.00,20250822,,,20260831 235900
LP-2023-01121,I1096,College of Architecture and Design,Future Cities Foundation,FEL,20230201,138800.00,CLS,LA-2023-01121,117600.00,20230611,20230814,20250813,20260831 235900
LP-2023-01122,I1024,College of Architecture and Design,Ontario Research Fund,INT,20230319,74400.00,CLS,LA-2023-01122,56000.00,20230720,20230917,20250916,20260831 235900
LP-2024-01123,I1095,College of Health Sciences,Education Access Foundation,RES,20240731,151900.00,CLS,LA-2024-01123,104300.00,20250110,20250218,20280218,20260831 235900
LP-2023-01124,I1114,College of Engineering,Department of Public Health,TRN,20231010,618800.00,CLS,LA-2023-01124,615500.00,20240208,20240411,20260411,20260831 235900
LP-2023-01125,I1019,College of Social Innovation,Community Wellbeing Trust,RES,20231107,39000.00,CLS,LA-2023-01125,33000.00,20240324,20240417,20250417,20260831 235900
LP-2026-01126,I1024,College of Architecture and Design,Natural Sciences Research Council,RES,20260806,379200.00,REV,,0.00,,,,20260831 235900
LP-2023-01127,I1129,School of Law and Public Policy,National Health Research Council,TRN,20230727,680000.00,DCL,,0.00,20230916,,,20260831 235900
LP-2026-01128,I1025,School of Law and Public Policy,Natural Sciences Research Council,RES,20260608,125300.00,AWD,LA-2026-01128,102800.00,20260831,20261005,20280328,20260831 235900
LP-2024-01129,I1059,College of Social Innovation,Urban Resilience Network,INT,20240519,28200.00,WD,,0.00,20240729,,,20260831 235900
LP-2023-01130,I1057,School of Law and Public Policy,Social Innovation Research Council,RES,20230322,73500.00,ACT,LA-2023-01130,58500.00,20230704,20230818,20250817,20260831 235900
LP-2024-01131,I1060,College of Humanities,Urban Resilience Network,RES,20240311,306800.00,ACT,LA-2024-01131,276100.00,20240905,20241114,20271114,20260831 235900
LP-2025-01132,I1043,College of Social Innovation,Department of Public Health,RES,20251215,116900.00,DCL,,0.00,20260322,,,20260831 235900
LP-2025-01133,I1077,School of Business,Natural Sciences Research Council,RES,20250405,431300.00,ACT,LA-2025-01133,429200.00,20250804,20251012,20271012,20260831 235900
LP-2024-01134,I1043,College of Social Innovation,Helix Medical Devices,RES,20240531,38000.00,DCL,,0.00,20241008,,,20260831 235900
LP-2024-01135,I1029,School of Business,National Science Foundation,RES,20240723,371300.00,DCL,,0.00,20241005,,,20260831 235900
LP-2023-01136,I1044,College of Humanities,Social Innovation Research Council,TRN,20230307,109500.00,CLS,LA-2023-01136,68600.00,20230525,20230806,20240805,20260831 235900
LP-2025-01137,I1140,College of Humanities,Global Health Foundation,EQP,20250212,126000.00,DCL,,0.00,20250329,,,20260831 235900
LP-2024-01138,I1092,College of Humanities,Global Development Partnership,RES,20240120,192900.00,WD,,0.00,20240313,,,20260831 235900
LP-2026-01139,I1090,College of Engineering,National Science Foundation,RES,20260330,24000.00,ACT,LA-2026-01139,20300.00,20260618,20260713,20280712,20260831 235900
LP-2024-01140,I1076,College of Humanities,Department of Public Health,RES,20240405,138300.00,DCL,,0.00,20240725,,,20260831 235900
LP-2024-01141,I1171,College of Social Innovation,Community Wellbeing Trust,RES,20241201,54100.00,DCL,,0.00,20250111,,,20260831 235900
LP-2023-01142,I1089,School of Law and Public Policy,Helix Medical Devices,RES,20230324,455500.00,DCL,,0.00,20230528,,,20260831 235900
LP-2024-01143,I1091,College of Social Innovation,Department of Energy and Climate,RES,20240216,110000.00,DCL,,0.00,20240423,,,20260831 235900
LP-2025-01144,I1050,College of Engineering,Department of Energy and Climate,RES,20250228,304700.00,CLS,LA-2025-01144,231900.00,20250515,20250711,20260711,20260831 235900
LP-2023-01145,I1059,College of Social Innovation,National Health Research Council,FEL,20230617,81600.00,ACT,LA-2023-01145,66500.00,20230824,20231007,20241006,20260831 235900
LP-2024-01146,I1062,College of Science,Future Cities Foundation,RES,20240414,98900.00,DCL,,0.00,20240714,,,20260831 235900
LP-2024-01147,I1156,College of Humanities,National Health Research Council,RES,20240913,399200.00,WD,,0.00,20241222,,,20260831 235900
LP-2024-01148,I1017,School of Law and Public Policy,Faculty Seed Grant Program,RES,20241019,40600.00,ACT,LA-2024-01148,25700.00,20250213,20250317,20260908,20260831 235900
LP-2023-01149,I1113,School of Law and Public Policy,Department of Public Health,RES,20230317,191500.00,CLS,LA-2023-01149,184700.00,20230829,20231110,20251109,20260831 235900
LP-2023-01150,I1171,College of Social Innovation,Department of Public Health,RES,20230327,74400.00,DCL,,0.00,20230530,,,20260831 235900
LP-2025-01151,I1061,School of Business,Ontario Research Fund,RES,20251204,254700.00,DCL,,0.00,20260116,,,20260831 235900
LP-2023-01152,I1041,School of Law and Public Policy,Faculty Seed Grant Program,RES,20231114,264700.00,CLS,LA-2023-01152,176500.00,20240305,20240515,20250515,20260831 235900
LP-2025-01153,I1147,College of Social Innovation,Interdisciplinary Catalyst Fund,RES,20250620,228800.00,CLS,LA-2025-01153,181100.00,20250828,20251013,20281012,20260831 235900
LP-2024-01154,I1099,College of Social Innovation,Future Cities Foundation,RES,20240802,138900.00,ACT,LA-2024-01154,103000.00,20241103,20241222,20251222,20260831 235900
LP-2023-01155,I1080,College of Architecture and Design,Department of Energy and Climate,RES,20230925,75100.00,DCL,,0.00,20240330,,,20260831 235900
LP-2026-01156,I1056,College of Architecture and Design,Natural Sciences Research Council,RES,20260720,176100.00,SUB,,0.00,,,,20260831 235900
LP-2025-01157,I1073,School of Law and Public Policy,Advanced Technology Agency,RES,20250813,99000.00,DCL,,0.00,20251016,,,20260831 235900
LP-2024-01158,I1145,School of Law and Public Policy,Education Access Foundation,RES,20240903,71200.00,CLS,LA-2024-01158,67800.00,20250129,20250414,20280413,20260831 235900
LP-2026-01159,I1173,School of Business,Community Wellbeing Trust,TRN,20260119,124500.00,DCL,,0.00,20260528,,,20260831 235900
LP-2024-01160,I1100,College of Humanities,Helix Medical Devices,RES,20240131,68800.00,CLS,LA-2024-01160,63100.00,20240315,20240406,20250928,20260831 235900
LP-2025-01161,I1113,School of Law and Public Policy,International Research Consortium,INT,20250423,577900.00,CLS,LA-2025-01161,533300.00,20250927,20251128,20271128,20260831 235900
LP-2025-01162,I1071,College of Health Sciences,Future Cities Foundation,INT,20250727,114600.00,ACT,LA-2025-01162,110100.00,20251112,20260118,20270118,20260831 235900
LP-2023-01163,I1060,College of Humanities,Community Wellbeing Trust,TRN,20230224,220000.00,CLS,LA-2023-01163,140500.00,20230701,20230804,20240803,20260831 235900
LP-2025-01164,I1015,College of Health Sciences,Biomedical Discovery Foundation,RES,20250513,102300.00,DCL,,0.00,20250828,,,20260831 235900
LP-2025-01165,I1031,College of Health Sciences,Vertex Mobility Systems,TRN,20251111,107600.00,ACT,LA-2025-01165,106600.00,20251226,20260212,20270212,20260831 235900
LP-2024-01166,I1052,College of Humanities,Future Cities Foundation,RES,20240926,15000.00,DCL,,0.00,20250223,,,20260831 235900
LP-2025-01167,I1059,College of Social Innovation,Department of Energy and Climate,EQP,20250611,40600.00,ACT,LA-2025-01167,31300.00,20250716,20250923,20280922,20260831 235900
LP-2024-01168,I1108,College of Humanities,Global Development Partnership,RES,20241220,149900.00,CLS,LA-2024-01168,132600.00,20250525,20250610,20280609,20260831 235900
LP-2023-01169,I1017,School of Law and Public Policy,Northstar Analytics,TRN,20230602,20300.00,CLS,LA-2023-01169,14100.00,20231005,20231101,20250424,20260831 235900
LP-2025-01170,I1128,College of Architecture and Design,Global Health Foundation,TRN,20250711,270300.00,DCL,,0.00,20251223,,,20260831 235900
LP-2024-01171,I1127,College of Health Sciences,Faculty Seed Grant Program,INT,20240702,559200.00,DCL,,0.00,20250108,,,20260831 235900
LP-2025-01172,I1167,College of Health Sciences,Social Innovation Research Council,RES,20250717,122800.00,DCL,,0.00,20251211,,,20260831 235900
LP-2025-01173,I1080,College of Architecture and Design,Social Innovation Research Council,EQP,20251207,112300.00,DCL,,0.00,20260512,,,20260831 235900
LP-2024-01174,I1084,College of Humanities,Urban Resilience Network,RES,20240825,105900.00,CLS,LA-2024-01174,71100.00,20250226,20250426,20270426,20260831 235900
LP-2024-01175,I1056,College of Architecture and Design,Internal Strategic Research Fund,TRN,20240603,99000.00,CLS,LA-2024-01175,96400.00,20240710,20240907,20260301,20260831 235900
LP-2024-01176,I1085,School of Business,Internal Strategic Research Fund,RES,20240208,96100.00,CLS,LA-2024-01176,80100.00,20240619,20240717,20270717,20260831 235900
LP-2025-01177,I1042,College of Engineering,Education Access Foundation,RES,20250401,236000.00,DCL,,0.00,20250616,,,20260831 235900
LP-2025-01178,I1057,School of Law and Public Policy,International Research Consortium,RES,20250307,201600.00,WD,,0.00,20250817,,,20260831 235900
LP-2025-01179,I1072,College of Architecture and Design,Civic Data Collaborative,TRN,20250205,23100.00,ACT,LA-2025-01179,15600.00,20250321,20250420,20260420,20260831 235900
LP-2025-01180,I1163,College of Social Innovation,Global Health Foundation,RES,20250306,50200.00,CLS,LA-2025-01180,38300.00,20250410,20250505,20280504,20260831 235900
LP-2026-01181,I1176,College of Architecture and Design,Department of Public Health,RES,20260707,87500.00,AWD,LA-2026-01181,73000.00,20260831,20260922,20280921,20260831 235900
LP-2024-01182,I1061,School of Business,Natural Sciences Research Council,FEL,20240730,54200.00,DCL,,0.00,20240923,,,20260831 235900
LP-2023-01183,I1141,School of Business,Community Wellbeing Trust,RES,20230219,124700.00,CLS,LA-2023-01183,113300.00,20230707,20230907,20260906,20260831 235900
LP-2026-01184,I1021,School of Business,Education Access Foundation,RES,20260410,103700.00,AWD,LA-2026-01184,89300.00,20260620,20260818,20290817,20260831 235900
LP-2023-01185,I1010,College of Engineering,Apex Biotechnologies,RES,20230717,69000.00,CLS,LA-2023-01185,44800.00,20240120,20240220,20270219,20260831 235900
LP-2026-01186,I1139,College of Social Innovation,Future Cities Foundation,TRN,20260210,120000.00,DCL,,0.00,20260716,,,20260831 235900
LP-2024-01187,I1066,College of Engineering,Interdisciplinary Catalyst Fund,TRN,20240627,203700.00,CLS,LA-2024-01187,196900.00,20241120,20250119,20260713,20260831 235900
LP-2026-01188,I1119,College of Health Sciences,International Research Consortium,RES,20260110,341200.00,DCL,,0.00,20260406,,,20260831 235900
LP-2024-01189,I1160,College of Architecture and Design,National Health Research Council,RES,20240922,162500.00,DCL,,0.00,20250227,,,20260831 235900
LP-2025-01190,I1029,School of Business,National Science Foundation,EQP,20250820,235000.00,AWD,LA-2025-01190,219000.00,20251023,20251224,20270617,20260831 235900
LP-2024-01191,I1158,College of Science,Advanced Technology Agency,EQP,20240410,332000.00,ACT,LA-2024-01191,279900.00,20240531,20240626,20251218,20260831 235900
LP-2023-01192,I1026,College of Engineering,National Health Research Council,INT,20231014,215300.00,WD,,0.00,20240420,,,20260831 235900
LP-2025-01193,I1064,College of Architecture and Design,Department of Public Health,RES,20250123,358200.00,DCL,,0.00,20250616,,,20260831 235900
LP-2024-01194,I1113,School of Law and Public Policy,Interdisciplinary Catalyst Fund,EQP,20241108,486300.00,DCL,,0.00,20250427,,,20260831 235900
LP-2026-01195,I1083,College of Social Innovation,Natural Sciences Research Council,RES,20260115,51600.00,ACT,LA-2026-01195,35000.00,20260418,20260606,20280605,20260831 235900
LP-2024-01196,I1066,College of Engineering,Biomedical Discovery Foundation,INT,20241119,101100.00,ACT,LA-2024-01196,94200.00,20250513,20250523,20261114,20260831 235900
LP-2023-01197,I1021,School of Business,Civic Data Collaborative,RES,20231001,222700.00,DCL,,0.00,20240107,,,20260831 235900
LP-2023-01198,I1176,College of Architecture and Design,Civic Data Collaborative,RES,20230213,106600.00,CLS,LA-2023-01198,103500.00,20230722,20230909,20260908,20260831 235900
LP-2025-01199,I1168,College of Architecture and Design,Apex Biotechnologies,EQP,20251115,57900.00,ACT,LA-2025-01199,41500.00,20260109,20260220,20270814,20260831 235900
LP-2024-01200,I1128,College of Architecture and Design,Ontario Research Fund,TRN,20240727,348500.00,DCL,,0.00,20241123,,,20260831 235900
LP-2023-01201,I1129,School of Law and Public Policy,Global Health Foundation,RES,20230726,36800.00,DCL,,0.00,20231030,,,20260831 235900
LP-2024-01202,I1013,School of Business,Vertex Mobility Systems,FEL,20240817,258600.00,DCL,,0.00,20240927,,,20260831 235900
LP-2024-01203,I1112,College of Architecture and Design,Urban Resilience Network,EQP,20240607,132800.00,CLS,LA-2024-01203,109100.00,20241212,20250212,20270212,20260831 235900
LP-2026-01204,I1017,School of Law and Public Policy,National Health Research Council,EQP,20260112,156800.00,AWD,LA-2026-01204,124300.00,20260318,20260429,20270429,20260831 235900
LP-2025-01205,I1126,College of Science,Global Development Partnership,TRN,20250617,146200.00,CLS,LA-2025-01205,135000.00,20250803,20250911,20280910,20260831 235900
LP-2023-01206,I1160,College of Architecture and Design,Social Innovation Research Council,RES,20230502,313400.00,DCL,,0.00,20230617,,,20260831 235900
LP-2025-01207,I1134,College of Science,Global Health Foundation,RES,20251214,796700.00,DCL,,0.00,20260309,,,20260831 235900
LP-2023-01208,I1133,School of Business,Massachusetts Innovation Fund,RES,20230817,179700.00,CLS,LA-2023-01208,134200.00,20240207,20240331,20270331,20260831 235900
LP-2025-01209,I1176,College of Architecture and Design,Internal Strategic Research Fund,TRN,20250729,82500.00,AWD,LA-2025-01209,70500.00,20260131,20260212,20290211,20260831 235900
LP-2024-01210,I1130,College of Engineering,National Health Research Council,RES,20241118,145100.00,AWD,LA-2024-01210,99000.00,20250309,20250405,20260927,20260831 235900
LP-2025-01211,I1163,College of Social Innovation,Natural Sciences Research Council,TRN,20250208,86700.00,DCL,,0.00,20250811,,,20260831 235900
LP-2026-01212,I1065,School of Law and Public Policy,Internal Strategic Research Fund,RES,20260330,114900.00,DCL,,0.00,20260712,,,20260831 235900
LP-2023-01213,I1102,College of Science,Faculty Seed Grant Program,RES,20231115,30400.00,CLS,LA-2023-01213,25200.00,20240515,20240608,20270608,20260831 235900
LP-2023-01214,I1075,College of Social Innovation,National Health Research Council,RES,20230609,96000.00,CLS,LA-2023-01214,85800.00,20231212,20240115,20260114,20260831 235900
LP-2023-01215,I1179,College of Social Innovation,National Science Foundation,RES,20231225,226100.00,ACT,LA-2023-01215,178200.00,20240321,20240419,20250419,20260831 235900
LP-2023-01216,I1051,College of Social Innovation,Natural Sciences Research Council,RES,20230526,110300.00,CLS,LA-2023-01216,109200.00,20231023,20231114,20251113,20260831 235900
LP-2024-01217,I1176,College of Architecture and Design,National Health Research Council,EQP,20240912,139000.00,CLS,LA-2024-01217,121800.00,20250210,20250306,20260828,20260831 235900
LP-2023-01218,I1121,School of Law and Public Policy,Social Innovation Research Council,RES,20230606,109800.00,CLS,LA-2023-01218,71200.00,20230726,20231003,20261002,20260831 235900
LP-2026-01219,I1073,School of Law and Public Policy,Community Wellbeing Trust,FEL,20260504,140400.00,DCL,,0.00,20260831,,,20260831 235900
LP-2025-01220,I1162,College of Engineering,Community Wellbeing Trust,INT,20250802,33200.00,ACT,LA-2025-01220,30600.00,20251014,20251206,20270530,20260831 235900
LP-2026-01221,I1164,College of Humanities,Future Cities Foundation,RES,20260125,149600.00,ACT,LA-2026-01221,128200.00,20260502,20260606,20280605,20260831 235900
LP-2023-01222,I1067,College of Social Innovation,Future Cities Foundation,RES,20230802,75900.00,ACT,LA-2023-01222,49900.00,20240204,20240326,20250917,20260831 235900
LP-2024-01223,I1018,College of Engineering,Internal Strategic Research Fund,RES,20240617,90700.00,CLS,LA-2024-01223,85900.00,20240909,20241115,20251115,20260831 235900
LP-2025-01224,I1113,School of Law and Public Policy,Department of Energy and Climate,TRN,20250705,160900.00,DCL,,0.00,20260111,,,20260831 235900
LP-2023-01225,I1112,College of Architecture and Design,Civic Data Collaborative,TRN,20230708,386100.00,CLS,LA-2023-01225,267400.00,20231217,20231229,20241228,20260831 235900
LP-2023-01226,I1148,College of Humanities,Natural Sciences Research Council,RES,20230517,179300.00,CLS,LA-2023-01226,114400.00,20230910,20231120,20250513,20260831 235900
LP-2024-01227,I1006,College of Science,Helix Medical Devices,RES,20240907,115900.00,DCL,,0.00,20250314,,,20260831 235900
LP-2024-01228,I1012,College of Humanities,Advanced Technology Agency,FEL,20241228,30900.00,DCL,,0.00,20250219,,,20260831 235900
LP-2026-01229,I1047,College of Health Sciences,National Health Research Council,RES,20260201,15000.00,ACT,LA-2026-01229,14600.00,20260406,20260501,20270501,20260831 235900
LP-2023-01230,I1119,College of Health Sciences,Global Development Partnership,INT,20230409,975500.00,WD,,0.00,20230604,,,20260831 235900
LP-2026-01231,I1025,School of Law and Public Policy,Global Development Partnership,INT,20260611,180600.00,ACT,LA-2026-01231,141500.00,20260831,20261006,20280329,20260831 235900
LP-2024-01232,I1168,College of Architecture and Design,Social Innovation Research Council,RES,20240718,93900.00,DCL,,0.00,20241214,,,20260831 235900
LP-2024-01233,I1099,College of Social Innovation,Department of Energy and Climate,RES,20240604,112000.00,CLS,LA-2024-01233,73700.00,20240909,20241003,20261003,20260831 235900
LP-2023-01234,I1046,College of Science,Northstar Analytics,RES,20230401,80100.00,DCL,,0.00,20230926,,,20260831 235900
LP-2023-01235,I1041,School of Law and Public Policy,Community Wellbeing Trust,TRN,20230710,66100.00,CLS,LA-2023-01235,63500.00,20231006,20231212,20251211,20260831 235900
LP-2023-01236,I1080,College of Architecture and Design,Department of Energy and Climate,RES,20230607,63300.00,ACT,LA-2023-01236,40500.00,20230825,20231008,20241007,20260831 235900
LP-2024-01237,I1142,College of Science,Advanced Technology Agency,RES,20240526,42400.00,DCL,,0.00,20240910,,,20260831 235900
LP-2026-01238,I1087,College of Health Sciences,Global Health Foundation,TRN,20260613,50500.00,DCL,,0.00,20260725,,,20260831 235900
LP-2023-01239,I1055,College of Health Sciences,Ontario Research Fund,RES,20231024,20200.00,ACT,LA-2023-01239,17600.00,20240316,20240329,20250329,20260831 235900
LP-2024-01240,I1073,School of Law and Public Policy,National Science Foundation,RES,20240304,76500.00,DCL,,0.00,20240511,,,20260831 235900
LP-2025-01241,I1099,College of Social Innovation,Natural Sciences Research Council,INT,20250425,112000.00,DCL,,0.00,20250531,,,20260831 235900
LP-2025-01242,I1024,College of Architecture and Design,Education Access Foundation,RES,20251119,46600.00,ACT,LA-2025-01242,31800.00,20260525,20260628,20270628,20260831 235900
LP-2023-01243,I1048,College of Architecture and Design,Civic Data Collaborative,RES,20230127,233400.00,DCL,,0.00,20230620,,,20260831 235900
LP-2024-01244,I1129,School of Law and Public Policy,National Science Foundation,RES,20240502,152100.00,DCL,,0.00,20240913,,,20260831 235900
LP-2023-01245,I1108,College of Humanities,Northstar Analytics,TRN,20230924,296400.00,DCL,,0.00,20240312,,,20260831 235900
LP-2025-01246,I1083,College of Social Innovation,Social Innovation Research Council,TRN,20250106,188400.00,AWD,LA-2025-01246,117100.00,20250612,20250822,20270213,20260831 235900
LP-2025-01247,I1095,College of Health Sciences,Internal Strategic Research Fund,RES,20250822,103600.00,ACT,LA-2025-01247,88600.00,20251121,20260111,20280111,20260831 235900
LP-2024-01248,I1113,School of Law and Public Policy,Social Innovation Research Council,RES,20240317,365400.00,DCL,,0.00,20240608,,,20260831 235900
LP-2024-01249,I1128,College of Architecture and Design,Natural Sciences Research Council,RES,20240313,95400.00,WD,,0.00,20240509,,,20260831 235900
LP-2024-01250,I1020,College of Humanities,Interdisciplinary Catalyst Fund,RES,20240404,205700.00,CLS,LA-2024-01250,202800.00,20240901,20241114,20251114,20260831 235900
LP-2023-01251,I1087,College of Health Sciences,Advanced Technology Agency,EQP,20230126,98900.00,DCL,,0.00,20230314,,,20260831 235900
LP-2023-01252,I1022,College of Science,Ontario Research Fund,RES,20230908,433100.00,CLS,LA-2023-01252,353200.00,20231110,20231212,20250604,20260831 235900
LP-2023-01253,I1164,College of Humanities,Natural Sciences Research Council,RES,20231116,295600.00,CLS,LA-2023-01253,226800.00,20240115,20240214,20250807,20260831 235900
LP-2026-01254,I1050,College of Engineering,Advanced Technology Agency,RES,20260609,120700.00,AWD,LA-2026-01254,113400.00,20260831,20261026,20280418,20260831 235900
LP-2023-01255,I1169,School of Law and Public Policy,International Research Consortium,EQP,20230601,57400.00,WD,,0.00,20231123,,,20260831 235900
LP-2025-01256,I1122,College of Engineering,Apex Biotechnologies,TRN,20250324,257000.00,DCL,,0.00,20250827,,,20260831 235900
LP-2025-01257,I1053,School of Business,National Health Research Council,RES,20250703,325600.00,AWD,LA-2025-01257,321900.00,20251212,20260211,20280211,20260831 235900
LP-2023-01258,I1089,School of Law and Public Policy,Interdisciplinary Catalyst Fund,TRN,20230414,230200.00,DCL,,0.00,20230821,,,20260831 235900
LP-2023-01259,I1172,College of Humanities,Education Access Foundation,RES,20230426,145600.00,ACT,LA-2023-01259,138900.00,20230826,20231105,20241104,20260831 235900
LP-2024-01260,I1043,College of Social Innovation,Future Cities Foundation,RES,20240106,84100.00,DCL,,0.00,20240528,,,20260831 235900
LP-2024-01261,I1046,College of Science,Department of Energy and Climate,INT,20240329,57300.00,CLS,LA-2024-01261,51300.00,20240721,20240921,20260315,20260831 235900
LP-2024-01262,I1001,School of Law and Public Policy,Community Wellbeing Trust,RES,20240418,64300.00,DCL,,0.00,20240723,,,20260831 235900
LP-2023-01263,I1009,School of Law and Public Policy,International Research Consortium,RES,20230828,287400.00,ACT,LA-2023-01263,225500.00,20231125,20231226,20251225,20260831 235900
LP-2026-01264,I1132,College of Humanities,Urban Resilience Network,TRN,20260629,124100.00,DCL,,0.00,20260831,,,20260831 235900
LP-2025-01265,I1165,School of Business,Education Access Foundation,RES,20250306,160600.00,AWD,LA-2025-01265,104000.00,20250813,20250929,20270929,20260831 235900
LP-2025-01266,I1142,College of Science,Internal Strategic Research Fund,RES,20251205,136400.00,AWD,LA-2025-01266,108800.00,20260428,20260625,20290624,20260831 235900
LP-2023-01267,I1070,College of Science,Department of Energy and Climate,EQP,20230423,104600.00,DCL,,0.00,20230813,,,20260831 235900
LP-2025-01268,I1069,School of Business,Future Cities Foundation,RES,20251020,159000.00,WD,,0.00,20251228,,,20260831 235900
LP-2024-01269,I1172,College of Humanities,National Health Research Council,RES,20240212,82800.00,CLS,LA-2024-01269,65600.00,20240813,20240904,20270904,20260831 235900
LP-2023-01270,I1036,College of Humanities,Internal Strategic Research Fund,RES,20230422,66900.00,CLS,LA-2023-01270,41900.00,20230611,20230715,20260714,20260831 235900
LP-2025-01271,I1113,School of Law and Public Policy,Department of Energy and Climate,RES,20250914,154900.00,ACT,LA-2025-01271,148500.00,20251107,20260116,20270116,20260831 235900
LP-2024-01272,I1059,College of Social Innovation,Civic Data Collaborative,RES,20241225,716000.00,DCL,,0.00,20250609,,,20260831 235900
LP-2026-01273,I1129,School of Law and Public Policy,Interdisciplinary Catalyst Fund,INT,20260704,87200.00,REV,,0.00,,,,20260831 235900
LP-2026-01274,I1154,College of Engineering,Biomedical Discovery Foundation,RES,20260507,348200.00,AWD,LA-2026-01274,338000.00,20260831,20260920,20290919,20260831 235900
LP-2026-01275,I1033,School of Law and Public Policy,Massachusetts Innovation Fund,INT,20260808,47800.00,REV,,0.00,,,,20260831 235900
LP-2026-01276,I1137,School of Law and Public Policy,Internal Strategic Research Fund,RES,20260616,26600.00,DCL,,0.00,20260831,,,20260831 235900
LP-2023-01277,I1065,School of Law and Public Policy,National Science Foundation,RES,20230408,549900.00,DCL,,0.00,20230528,,,20260831 235900
LP-2026-01278,I1112,College of Architecture and Design,Faculty Seed Grant Program,INT,20260609,442500.00,ACT,LA-2026-01278,343300.00,20260831,20261102,20271102,20260831 235900
LP-2024-01279,I1094,College of Science,Northstar Analytics,TRN,20240223,78000.00,ACT,LA-2024-01279,73300.00,20240601,20240811,20260811,20260831 235900
LP-2023-01280,I1177,School of Law and Public Policy,Interdisciplinary Catalyst Fund,INT,20230827,306100.00,DCL,,0.00,20240302,,,20260831 235900
LP-2025-01281,I1056,College of Architecture and Design,Education Access Foundation,RES,20250906,99000.00,ACT,LA-2025-01281,92300.00,20251201,20260205,20290204,20260831 235900
LP-2025-01282,I1059,College of Social Innovation,Faculty Seed Grant Program,RES,20250203,70700.00,DCL,,0.00,20250327,,,20260831 235900
LP-2026-01283,I1025,School of Law and Public Policy,Internal Strategic Research Fund,RES,20260222,238300.00,DCL,,0.00,20260519,,,20260831 235900
LP-2025-01284,I1123,College of Social Innovation,Ontario Research Fund,RES,20250127,265500.00,ACT,LA-2025-01284,214200.00,20250507,20250606,20261128,20260831 235900
LP-2024-01285,I1061,School of Business,Biomedical Discovery Foundation,TRN,20240902,90400.00,ACT,LA-2024-01285,89600.00,20250225,20250423,20270423,20260831 235900
LP-2024-01286,I1034,College of Engineering,Interdisciplinary Catalyst Fund,RES,20240110,83100.00,ACT,LA-2024-01286,80200.00,20240615,20240817,20250817,20260831 235900
LP-2025-01287,I1015,College of Health Sciences,National Health Research Council,RES,20250412,567100.00,DCL,,0.00,20250715,,,20260831 235900
LP-2025-01288,I1083,College of Social Innovation,Global Development Partnership,RES,20250619,52500.00,DCL,,0.00,20251022,,,20260831 235900
LP-2026-01289,I1170,College of Engineering,National Health Research Council,RES,20260115,347000.00,DCL,,0.00,20260619,,,20260831 235900
LP-2023-01290,I1113,School of Law and Public Policy,Social Innovation Research Council,RES,20230116,123300.00,ACT,LA-2023-01290,98300.00,20230518,20230611,20241202,20260831 235900
LP-2024-01291,I1102,College of Science,Internal Strategic Research Fund,RES,20240104,46500.00,WD,,0.00,20240324,,,20260831 235900
LP-2025-01292,I1066,College of Engineering,Ontario Research Fund,RES,20250314,60500.00,DCL,,0.00,20250518,,,20260831 235900
LP-2024-01293,I1164,College of Humanities,National Science Foundation,RES,20240927,197000.00,DCL,,0.00,20250108,,,20260831 235900
LP-2025-01294,I1092,College of Humanities,Advanced Technology Agency,EQP,20251005,255300.00,WD,,0.00,20260310,,,20260831 235900
LP-2026-01295,I1146,College of Engineering,National Health Research Council,TRN,20260219,124900.00,DCL,,0.00,20260613,,,20260831 235900
LP-2023-01296,I1164,College of Humanities,Interdisciplinary Catalyst Fund,RES,20231124,37700.00,CLS,LA-2023-01296,32900.00,20240202,20240413,20251005,20260831 235900
LP-2025-01297,I1034,College of Engineering,Biomedical Discovery Foundation,INT,20250614,70900.00,DCL,,0.00,20251102,,,20260831 235900
LP-2026-01298,I1097,School of Law and Public Policy,Natural Sciences Research Council,EQP,20260106,173900.00,DCL,,0.00,20260628,,,20260831 235900
LP-2023-01299,I1025,School of Law and Public Policy,Natural Sciences Research Council,RES,20230207,31900.00,DCL,,0.00,20230418,,,20260831 235900
LP-2023-01300,I1033,School of Law and Public Policy,Community Wellbeing Trust,RES,20230423,113800.00,DCL,,0.00,20230830,,,20260831 235900
LP-2025-01301,I1049,School of Law and Public Policy,National Health Research Council,RES,20250319,59500.00,DCL,,0.00,20250519,,,20260831 235900
LP-2025-01302,I1160,College of Architecture and Design,Faculty Seed Grant Program,RES,20250620,27700.00,CLS,LA-2025-01302,26600.00,20250728,20250908,20280907,20260831 235900
LP-2025-01303,I1048,College of Architecture and Design,Biomedical Discovery Foundation,INT,20250613,35800.00,AWD,LA-2025-01303,35500.00,20250813,20250830,20270221,20260831 235900
LP-2023-01304,I1033,School of Law and Public Policy,Faculty Seed Grant Program,RES,20230226,83700.00,ACT,LA-2023-01304,52800.00,20230405,20230529,20260528,20260831 235900
LP-2026-01305,I1128,College of Architecture and Design,Northstar Analytics,INT,20260117,67600.00,ACT,LA-2026-01305,47700.00,20260303,20260318,20290317,20260831 235900
LP-2024-01306,I1042,College of Engineering,Natural Sciences Research Council,RES,20240613,76000.00,ACT,LA-2024-01306,48000.00,20241023,20241201,20261201,20260831 235900
LP-2025-01307,I1016,College of Architecture and Design,Advanced Technology Agency,RES,20250917,320900.00,ACT,LA-2025-01307,240700.00,20260103,20260316,20270907,20260831 235900
LP-2023-01308,I1090,College of Engineering,Vertex Mobility Systems,FEL,20230309,334600.00,DCL,,0.00,20230428,,,20260831 235900
LP-2023-01309,I1007,College of Health Sciences,Future Cities Foundation,TRN,20230101,40200.00,ACT,LA-2023-01309,26200.00,20230319,20230519,20250518,20260831 235900
LP-2025-01310,I1022,College of Science,Civic Data Collaborative,FEL,20250118,176000.00,DCL,,0.00,20250330,,,20260831 235900
LP-2023-01311,I1155,College of Social Innovation,Ontario Research Fund,TRN,20231020,70400.00,CLS,LA-2023-01311,44300.00,20231229,20240218,20270217,20260831 235900
LP-2025-01312,I1051,College of Social Innovation,Helix Medical Devices,RES,20251121,166200.00,DCL,,0.00,20260326,,,20260831 235900
LP-2024-01313,I1166,College of Science,Social Innovation Research Council,RES,20241101,128200.00,ACT,LA-2024-01313,115400.00,20250122,20250212,20260212,20260831 235900
LP-2025-01314,I1034,College of Engineering,National Health Research Council,RES,20250624,51500.00,ACT,LA-2025-01314,38500.00,20250817,20251018,20261018,20260831 235900
LP-2025-01315,I1092,College of Humanities,Advanced Technology Agency,RES,20250821,481800.00,DCL,,0.00,20251008,,,20260831 235900
LP-2025-01316,I1098,College of Engineering,Social Innovation Research Council,EQP,20250819,98400.00,ACT,LA-2025-01316,65700.00,20251210,20260117,20270711,20260831 235900
LP-2024-01317,I1137,School of Law and Public Policy,Global Health Foundation,FEL,20240402,97700.00,CLS,LA-2024-01317,89600.00,20240625,20240828,20270828,20260831 235900
LP-2023-01318,I1079,College of Health Sciences,National Health Research Council,INT,20230802,332000.00,CLS,LA-2023-01318,308400.00,20231112,20240120,20250119,20260831 235900
LP-2024-01319,I1164,College of Humanities,Global Health Foundation,RES,20240816,40800.00,DCL,,0.00,20241120,,,20260831 235900
LP-2023-01320,I1038,College of Science,Urban Resilience Network,RES,20230109,113900.00,DCL,,0.00,20230621,,,20260831 235900
LP-2023-01321,I1174,College of Science,Global Health Foundation,RES,20230318,295900.00,CLS,LA-2023-01321,238900.00,20230601,20230802,20260801,20260831 235900
LP-2024-01322,I1076,College of Humanities,Global Development Partnership,INT,20240822,118900.00,DCL,,0.00,20240930,,,20260831 235900
LP-2025-01323,I1059,College of Social Innovation,Community Wellbeing Trust,RES,20250808,108500.00,ACT,LA-2025-01323,95200.00,20251112,20260116,20270116,20260831 235900
LP-2025-01324,I1102,College of Science,Helix Medical Devices,RES,20251125,320400.00,DCL,,0.00,20260418,,,20260831 235900
LP-2025-01325,I1027,College of Social Innovation,National Health Research Council,RES,20250422,224800.00,ACT,LA-2025-01325,188400.00,20250529,20250710,20260710,20260831 235900
LP-2024-01326,I1086,College of Science,Global Health Foundation,RES,20240217,47600.00,CLS,LA-2024-01326,44500.00,20240408,20240426,20251018,20260831 235900
LP-2024-01327,I1052,College of Humanities,National Science Foundation,RES,20240130,100200.00,CLS,LA-2024-01327,72600.00,20240331,20240523,20251114,20260831 235900
LP-2025-01328,I1135,College of Health Sciences,Natural Sciences Research Council,TRN,20251225,55900.00,CLS,LA-2025-01328,45100.00,20260607,20260724,20280115,20260831 235900
LP-2025-01329,I1174,College of Science,Helix Medical Devices,TRN,20250315,495400.00,CLS,LA-2025-01329,445800.00,20250424,20250622,20261214,20260831 235900
LP-2026-01330,I1155,College of Social Innovation,Future Cities Foundation,FEL,20260223,382100.00,DCL,,0.00,20260820,,,20260831 235900
LP-2025-01331,I1039,College of Health Sciences,Global Development Partnership,EQP,20250512,61900.00,ACT,LA-2025-01331,61100.00,20251027,20251207,20281206,20260831 235900
LP-2024-01332,I1125,School of Business,Faculty Seed Grant Program,INT,20240702,230700.00,ACT,LA-2024-01332,224400.00,20240929,20241025,20251025,20260831 235900
LP-2025-01333,I1116,College of Humanities,Department of Energy and Climate,RES,20251126,276200.00,DCL,,0.00,20260529,,,20260831 235900
LP-2023-01334,I1026,College of Engineering,Faculty Seed Grant Program,TRN,20230611,92300.00,ACT,LA-2023-01334,63700.00,20231001,20231209,20261208,20260831 235900
LP-2025-01335,I1043,College of Social Innovation,Interdisciplinary Catalyst Fund,FEL,20251031,428700.00,DCL,,0.00,20260322,,,20260831 235900
LP-2024-01336,I1122,College of Engineering,Biomedical Discovery Foundation,INT,20241116,78900.00,WD,,0.00,20250111,,,20260831 235900
LP-2024-01337,I1135,College of Health Sciences,Biomedical Discovery Foundation,RES,20241130,66300.00,ACT,LA-2024-01337,64000.00,20250602,20250813,20270204,20260831 235900
LP-2025-01338,I1155,College of Social Innovation,Department of Public Health,RES,20251118,41400.00,DCL,,0.00,20260212,,,20260831 235900
LP-2023-01339,I1019,College of Social Innovation,Department of Energy and Climate,EQP,20230701,89500.00,DCL,,0.00,20231215,,,20260831 235900
LP-2023-01340,I1042,College of Engineering,International Research Consortium,RES,20230527,386300.00,DCL,,0.00,20230707,,,20260831 235900
LP-2023-01341,I1155,College of Social Innovation,Department of Public Health,RES,20230605,122400.00,DCL,,0.00,20230908,,,20260831 235900
LP-2023-01342,I1028,College of Humanities,Natural Sciences Research Council,RES,20230618,66700.00,DCL,,0.00,20231001,,,20260831 235900
LP-2026-01343,I1108,College of Humanities,National Health Research Council,RES,20260514,412900.00,REV,,0.00,,,,20260831 235900
LP-2026-01344,I1047,College of Health Sciences,Global Development Partnership,EQP,20260107,146700.00,ACT,LA-2026-01344,122800.00,20260610,20260621,20270621,20260831 235900
LP-2025-01345,I1171,College of Social Innovation,Internal Strategic Research Fund,RES,20251210,295900.00,CLS,LA-2025-01345,206200.00,20260605,20260717,20290716,20260831 235900
LP-2024-01346,I1171,College of Social Innovation,National Health Research Council,RES,20240701,127200.00,DCL,,0.00,20240824,,,20260831 235900
LP-2023-01347,I1056,College of Architecture and Design,Internal Strategic Research Fund,RES,20230831,465100.00,CLS,LA-2023-01347,442700.00,20240207,20240403,20250403,20260831 235900
LP-2024-01348,I1049,School of Law and Public Policy,Natural Sciences Research Council,INT,20240916,662300.00,ACT,LA-2024-01348,444300.00,20241201,20250207,20260801,20260831 235900
LP-2024-01349,I1062,College of Science,Department of Public Health,TRN,20241210,203100.00,ACT,LA-2024-01349,154000.00,20250125,20250326,20280325,20260831 235900
LP-2024-01350,I1154,College of Engineering,National Science Foundation,RES,20240915,185600.00,DCL,,0.00,20250106,,,20260831 235900
LP-2023-01351,I1172,College of Humanities,Faculty Seed Grant Program,RES,20231030,90100.00,DCL,,0.00,20240228,,,20260831 235900
LP-2026-01352,I1105,School of Law and Public Policy,Biomedical Discovery Foundation,RES,20260718,66500.00,REV,,0.00,,,,20260831 235900
LP-2023-01353,I1017,School of Law and Public Policy,Civic Data Collaborative,EQP,20230520,368900.00,CLS,LA-2023-01353,327500.00,20230808,20230821,20240820,20260831 235900
LP-2025-01354,I1005,School of Business,Biomedical Discovery Foundation,RES,20250927,128200.00,ACT,LA-2025-01354,92000.00,20251202,20260103,20270627,20260831 235900
LP-2023-01355,I1116,College of Humanities,National Science Foundation,RES,20230407,98200.00,CLS,LA-2023-01355,86800.00,20230928,20231118,20251117,20260831 235900
LP-2026-01356,I1006,College of Science,Global Development Partnership,INT,20260103,148700.00,ACT,LA-2026-01356,131800.00,20260627,20260726,20270726,20260831 235900
LP-2023-01357,I1093,School of Business,Global Development Partnership,EQP,20230413,122400.00,CLS,LA-2023-01357,88000.00,20230821,20231019,20251018,20260831 235900
LP-2025-01358,I1155,College of Social Innovation,Social Innovation Research Council,RES,20250506,323200.00,ACT,LA-2025-01358,235100.00,20250905,20251107,20271107,20260831 235900
LP-2026-01359,I1068,College of Humanities,Social Innovation Research Council,INT,20260101,560500.00,ACT,LA-2026-01359,355300.00,20260503,20260513,20290512,20260831 235900
LP-2025-01360,I1061,School of Business,Northstar Analytics,RES,20250116,108700.00,ACT,LA-2025-01360,70300.00,20250512,20250602,20261124,20260831 235900
LP-2025-01361,I1067,College of Social Innovation,Urban Resilience Network,RES,20251102,133700.00,ACT,LA-2025-01361,104900.00,20260317,20260425,20271017,20260831 235900
LP-2025-01362,I1046,College of Science,Internal Strategic Research Fund,RES,20250725,57900.00,WD,,0.00,20251125,,,20260831 235900
LP-2026-01363,I1131,College of Social Innovation,Education Access Foundation,RES,20260706,78500.00,ACT,LA-2026-01363,74000.00,20260831,20260923,20270923,20260831 235900
LP-2025-01364,I1043,College of Social Innovation,Department of Energy and Climate,RES,20250731,86100.00,DCL,,0.00,20260108,,,20260831 235900
LP-2026-01365,I1065,School of Law and Public Policy,Department of Energy and Climate,INT,20260628,180100.00,ACT,LA-2026-01365,167500.00,20260831,20260911,20270911,20260831 235900
LP-2024-01366,I1005,School of Business,National Health Research Council,FEL,20240930,22300.00,DCL,,0.00,20250405,,,20260831 235900
LP-2023-01367,I1040,College of Architecture and Design,Social Innovation Research Council,RES,20230712,132900.00,DCL,,0.00,20231211,,,20260831 235900
LP-2026-01368,I1049,School of Law and Public Policy,Natural Sciences Research Council,RES,20260802,89600.00,REV,,0.00,,,,20260831 235900
LP-2024-01369,I1158,College of Science,National Health Research Council,EQP,20241216,1400900.00,AWD,LA-2024-01369,1296100.00,20250620,20250805,20260805,20260831 235900
LP-2024-01370,I1009,School of Law and Public Policy,National Health Research Council,RES,20241023,333800.00,DCL,,0.00,20250212,,,20260831 235900
LP-2023-01371,I1074,College of Engineering,Advanced Technology Agency,RES,20231219,203600.00,CLS,LA-2023-01371,150100.00,20240316,20240428,20250428,20260831 235900
LP-2026-01372,I1164,College of Humanities,Department of Energy and Climate,FEL,20260813,17000.00,SUB,,0.00,,,,20260831 235900
LP-2023-01373,I1118,College of Science,Massachusetts Innovation Fund,INT,20230311,72900.00,DCL,,0.00,20230626,,,20260831 235900
LP-2024-01374,I1022,College of Science,Helix Medical Devices,RES,20241001,104600.00,ACT,LA-2024-01374,77200.00,20250320,20250507,20260507,20260831 235900
LP-2023-01375,I1148,College of Humanities,Apex Biotechnologies,RES,20230531,47600.00,CLS,LA-2023-01375,37100.00,20231012,20231126,20251125,20260831 235900
LP-2024-01376,I1031,College of Health Sciences,Internal Strategic Research Fund,EQP,20240521,1156900.00,CLS,LA-2024-01376,853800.00,20241119,20250110,20280110,20260831 235900
LP-2026-01377,I1041,School of Law and Public Policy,National Science Foundation,INT,20260722,49600.00,SUB,,0.00,,,,20260831 235900
LP-2026-01378,I1175,College of Health Sciences,Northstar Analytics,RES,20260301,219400.00,DCL,,0.00,20260721,,,20260831 235900
LP-2023-01379,I1114,College of Engineering,Education Access Foundation,EQP,20231027,109700.00,DCL,,0.00,20240125,,,20260831 235900
LP-2026-01380,I1180,College of Humanities,Education Access Foundation,RES,20260406,96800.00,REV,,0.00,,,,20260831 235900
LP-2026-01381,I1008,College of Architecture and Design,Vertex Mobility Systems,RES,20260102,233200.00,ACT,LA-2026-01381,221100.00,20260509,20260623,20290622,20260831 235900
LP-2023-01382,I1161,School of Law and Public Policy,Natural Sciences Research Council,RES,20230722,51700.00,CLS,LA-2023-01382,42200.00,20231105,20240103,20250626,20260831 235900
LP-2023-01383,I1126,College of Science,Internal Strategic Research Fund,RES,20231017,93100.00,DCL,,0.00,20231206,,,20260831 235900
LP-2025-01384,I1033,School of Law and Public Policy,Northstar Analytics,INT,20250219,268400.00,ACT,LA-2025-01384,248600.00,20250507,20250621,20270621,20260831 235900
LP-2024-01385,I1104,College of Architecture and Design,Future Cities Foundation,FEL,20241031,187500.00,ACT,LA-2024-01385,152000.00,20250407,20250603,20280602,20260831 235900
LP-2023-01386,I1050,College of Engineering,National Health Research Council,EQP,20230716,99000.00,CLS,LA-2023-01386,83900.00,20240116,20240226,20250225,20260831 235900
LP-2025-01387,I1164,College of Humanities,Social Innovation Research Council,INT,20250201,146000.00,ACT,LA-2025-01387,105400.00,20250502,20250523,20261114,20260831 235900
LP-2023-01388,I1130,College of Engineering,Biomedical Discovery Foundation,RES,20230327,595000.00,CLS,LA-2023-01388,539900.00,20230514,20230614,20260613,20260831 235900
LP-2023-01389,I1034,College of Engineering,Internal Strategic Research Fund,RES,20230825,230200.00,CLS,LA-2023-01389,203800.00,20231204,20240107,20250630,20260831 235900
LP-2025-01390,I1046,College of Science,Global Development Partnership,RES,20250306,51800.00,DCL,,0.00,20250426,,,20260831 235900
LP-2025-01391,I1165,School of Business,National Health Research Council,EQP,20251103,266500.00,DCL,,0.00,20260404,,,20260831 235900
LP-2025-01392,I1123,College of Social Innovation,Global Health Foundation,RES,20250223,30300.00,AWD,LA-2025-01392,21800.00,20250725,20250816,20260816,20260831 235900
LP-2024-01393,I1113,School of Law and Public Policy,Future Cities Foundation,RES,20241115,242500.00,DCL,,0.00,20250101,,,20260831 235900
LP-2025-01394,I1042,College of Engineering,Apex Biotechnologies,RES,20250804,126100.00,DCL,,0.00,20251018,,,20260831 235900
LP-2023-01395,I1126,College of Science,Global Development Partnership,RES,20230924,191100.00,CLS,LA-2023-01395,164700.00,20240119,20240203,20250727,20260831 235900
LP-2023-01396,I1098,College of Engineering,Education Access Foundation,RES,20230618,454500.00,DCL,,0.00,20231120,,,20260831 235900
LP-2026-01397,I1161,School of Law and Public Policy,Massachusetts Innovation Fund,RES,20260529,178100.00,DCL,,0.00,20260724,,,20260831 235900
LP-2024-01398,I1080,College of Architecture and Design,Urban Resilience Network,INT,20241104,34200.00,ACT,LA-2024-01398,32800.00,20250101,20250212,20260212,20260831 235900
LP-2025-01399,I1003,College of Social Innovation,Northstar Analytics,FEL,20250114,64000.00,ACT,LA-2025-01399,59300.00,20250422,20250628,20261220,20260831 235900
LP-2024-01400,I1037,School of Business,Helix Medical Devices,FEL,20240829,247200.00,CLS,LA-2024-01400,229500.00,20250220,20250321,20270321,20260831 235900
LP-2024-01401,I1063,College of Health Sciences,Department of Energy and Climate,RES,20241012,982500.00,CLS,LA-2024-01401,893000.00,20250219,20250424,20260424,20260831 235900
LP-2025-01402,I1084,College of Humanities,Internal Strategic Research Fund,TRN,20250622,256000.00,ACT,LA-2025-01402,212900.00,20251005,20251129,20270523,20260831 235900
LP-2024-01403,I1095,College of Health Sciences,Faculty Seed Grant Program,RES,20240411,137400.00,DCL,,0.00,20240910,,,20260831 235900
LP-2023-01404,I1082,College of Engineering,Social Innovation Research Council,TRN,20230402,173600.00,ACT,LA-2023-01404,126100.00,20230818,20230930,20250323,20260831 235900
LP-2023-01405,I1074,College of Engineering,Social Innovation Research Council,RES,20230102,83900.00,CLS,LA-2023-01405,74500.00,20230421,20230508,20250507,20260831 235900
LP-2023-01406,I1124,College of Humanities,Internal Strategic Research Fund,FEL,20230112,95100.00,WD,,0.00,20230629,,,20260831 235900
LP-2023-01407,I1034,College of Engineering,Future Cities Foundation,RES,20230923,31900.00,ACT,LA-2023-01407,29900.00,20240115,20240327,20250327,20260831 235900
LP-2023-01408,I1076,College of Humanities,Internal Strategic Research Fund,RES,20230221,196600.00,CLS,LA-2023-01408,174300.00,20230512,20230717,20250107,20260831 235900
LP-2026-01409,I1072,College of Architecture and Design,Helix Medical Devices,RES,20260808,18100.00,SUB,,0.00,,,,20260831 235900
LP-2024-01410,I1116,College of Humanities,Urban Resilience Network,INT,20240511,31900.00,DCL,,0.00,20240704,,,20260831 235900
LP-2026-01411,I1155,College of Social Innovation,Internal Strategic Research Fund,RES,20260314,110700.00,DCL,,0.00,20260831,,,20260831 235900
LP-2023-01412,I1143,College of Health Sciences,Natural Sciences Research Council,RES,20231212,228900.00,DCL,,0.00,20240508,,,20260831 235900
LP-2025-01413,I1059,College of Social Innovation,Massachusetts Innovation Fund,RES,20250330,118500.00,ACT,LA-2025-01413,76800.00,20250713,20250918,20270312,20260831 235900
LP-2024-01414,I1080,College of Architecture and Design,Social Innovation Research Council,EQP,20240730,15000.00,CLS,LA-2024-01414,14100.00,20241028,20241128,20271128,20260831 235900
LP-2023-01415,I1120,College of Architecture and Design,Natural Sciences Research Council,RES,20231105,330300.00,DCL,,0.00,20240225,,,20260831 235900
LP-2026-01416,I1147,College of Social Innovation,Department of Energy and Climate,RES,20260512,87400.00,WD,,0.00,20260831,,,20260831 235900
LP-2026-01417,I1163,College of Social Innovation,Advanced Technology Agency,TRN,20260321,114600.00,ACT,LA-2026-01417,79400.00,20260831,20261003,20280326,20260831 235900
LP-2024-01418,I1145,School of Law and Public Policy,Ontario Research Fund,RES,20240728,195500.00,CLS,LA-2024-01418,166900.00,20241023,20250104,20270104,20260831 235900
LP-2023-01419,I1148,College of Humanities,Natural Sciences Research Council,TRN,20230519,89900.00,DCL,,0.00,20230814,,,20260831 235900
LP-2025-01420,I1071,College of Health Sciences,Natural Sciences Research Council,FEL,20250309,163400.00,DCL,,0.00,20250518,,,20260831 235900
LP-2024-01421,I1076,College of Humanities,Interdisciplinary Catalyst Fund,RES,20240715,184000.00,DCL,,0.00,20241018,,,20260831 235900
LP-2024-01422,I1091,College of Social Innovation,National Science Foundation,RES,20240325,120400.00,ACT,LA-2024-01422,114500.00,20240524,20240620,20250620,20260831 235900
LP-2025-01423,I1092,College of Humanities,Natural Sciences Research Council,RES,20250815,63000.00,CLS,LA-2025-01423,53000.00,20260106,20260315,20290314,20260831 235900
LP-2024-01424,I1068,College of Humanities,Interdisciplinary Catalyst Fund,RES,20240225,150000.00,DCL,,0.00,20240524,,,20260831 235900
LP-2025-01425,I1030,College of Science,Ontario Research Fund,RES,20251104,78200.00,ACT,LA-2025-01425,63400.00,20260512,20260525,20280524,20260831 235900
LP-2024-01426,I1015,College of Health Sciences,National Science Foundation,RES,20241129,95700.00,ACT,LA-2024-01426,90800.00,20250118,20250216,20270216,20260831 235900
LP-2024-01427,I1016,College of Architecture and Design,Vertex Mobility Systems,FEL,20240428,66500.00,DCL,,0.00,20240923,,,20260831 235900
LP-2026-01428,I1035,College of Social Innovation,Urban Resilience Network,RES,20260417,146700.00,WD,,0.00,20260831,,,20260831 235900
LP-2025-01429,I1037,School of Business,Department of Public Health,RES,20251106,407700.00,CLS,LA-2025-01429,346900.00,20260424,20260701,20290630,20260831 235900
LP-2025-01430,I1116,College of Humanities,Natural Sciences Research Council,FEL,20250426,60600.00,AWD,LA-2025-01430,44100.00,20250613,20250708,20260708,20260831 235900
LP-2025-01431,I1180,College of Humanities,Future Cities Foundation,INT,20251008,57200.00,ACT,LA-2025-01431,54900.00,20251226,20260203,20280203,20260831 235900
LP-2023-01432,I1002,College of Engineering,Ontario Research Fund,INT,20231030,356600.00,DCL,,0.00,20240219,,,20260831 235900
LP-2023-01433,I1016,College of Architecture and Design,Northstar Analytics,RES,20230620,312500.00,CLS,LA-2023-01433,194800.00,20231121,20240106,20270105,20260831 235900
LP-2025-01434,I1037,School of Business,Northstar Analytics,RES,20251102,324400.00,DCL,,0.00,20260202,,,20260831 235900
LP-2023-01435,I1131,College of Social Innovation,Internal Strategic Research Fund,INT,20230610,108200.00,CLS,LA-2023-01435,97800.00,20231015,20231123,20251122,20260831 235900
LP-2025-01436,I1096,College of Architecture and Design,Department of Public Health,RES,20250101,167300.00,DCL,,0.00,20250306,,,20260831 235900
LP-2024-01437,I1040,College of Architecture and Design,Education Access Foundation,RES,20241213,58300.00,DCL,,0.00,20250515,,,20260831 235900
LP-2026-01438,I1008,College of Architecture and Design,Vertex Mobility Systems,TRN,20260305,203500.00,ACT,LA-2026-01438,162200.00,20260521,20260724,20290723,20260831 235900
LP-2024-01439,I1017,School of Law and Public Policy,Apex Biotechnologies,FEL,20240923,199500.00,DCL,,0.00,20241119,,,20260831 235900
LP-2026-01440,I1141,School of Business,Social Innovation Research Council,RES,20260311,72700.00,ACT,LA-2026-01440,54200.00,20260620,20260717,20280108,20260831 235900
LP-2024-01441,I1082,College of Engineering,Urban Resilience Network,RES,20240529,34900.00,DCL,,0.00,20240731,,,20260831 235900
LP-2025-01442,I1166,College of Science,Global Health Foundation,RES,20250926,106400.00,DCL,,0.00,20251128,,,20260831 235900
LP-2023-01443,I1173,School of Business,International Research Consortium,RES,20230225,86000.00,DCL,,0.00,20230509,,,20260831 235900
LP-2026-01444,I1050,College of Engineering,National Science Foundation,TRN,20260625,73000.00,ACT,LA-2026-01444,46900.00,20260831,20260918,20290917,20260831 235900
LP-2024-01445,I1033,School of Law and Public Policy,National Health Research Council,EQP,20240817,45700.00,CLS,LA-2024-01445,32500.00,20241012,20241117,20251117,20260831 235900
LP-2023-01446,I1002,College of Engineering,Apex Biotechnologies,TRN,20230506,99500.00,DCL,,0.00,20230624,,,20260831 235900
LP-2025-01447,I1081,School of Law and Public Policy,Social Innovation Research Council,TRN,20251003,236400.00,DCL,,0.00,20251115,,,20260831 235900
LP-2026-01448,I1155,College of Social Innovation,Urban Resilience Network,EQP,20260330,178200.00,CLS,LA-2026-01448,148000.00,20260813,20260901,20280223,20260831 235900
LP-2025-01449,I1035,College of Social Innovation,National Health Research Council,RES,20250822,184300.00,DCL,,0.00,20260107,,,20260831 235900
LP-2023-01450,I1053,School of Business,Ontario Research Fund,RES,20230201,36700.00,ACT,LA-2023-01450,30700.00,20230512,20230529,20240528,20260831 235900
LP-2025-01451,I1096,College of Architecture and Design,Biomedical Discovery Foundation,RES,20251218,217900.00,AWD,LA-2025-01451,146100.00,20260316,20260420,20280419,20260831 235900
LP-2025-01452,I1047,College of Health Sciences,Civic Data Collaborative,TRN,20250128,38700.00,ACT,LA-2025-01452,28400.00,20250424,20250617,20270617,20260831 235900
LP-2025-01453,I1162,College of Engineering,Department of Public Health,INT,20250707,296800.00,DCL,,0.00,20251203,,,20260831 235900
LP-2024-01454,I1134,College of Science,Natural Sciences Research Council,RES,20240502,259900.00,DCL,,0.00,20241107,,,20260831 235900
LP-2025-01455,I1161,School of Law and Public Policy,National Health Research Council,RES,20250131,163700.00,ACT,LA-2025-01455,138300.00,20250715,20250813,20270813,20260831 235900
LP-2025-01456,I1143,College of Health Sciences,Department of Public Health,RES,20250109,155900.00,AWD,LA-2025-01456,131400.00,20250627,20250817,20260817,20260831 235900
LP-2024-01457,I1029,School of Business,National Science Foundation,RES,20240131,124700.00,CLS,LA-2024-01457,89000.00,20240417,20240508,20251030,20260831 235900
LP-2024-01458,I1134,College of Science,National Health Research Council,TRN,20240707,52700.00,DCL,,0.00,20240922,,,20260831 235900
LP-2023-01459,I1042,College of Engineering,Biomedical Discovery Foundation,FEL,20230910,126300.00,CLS,LA-2023-01459,89700.00,20240112,20240301,20250301,20260831 235900
LP-2025-01460,I1051,College of Social Innovation,Global Development Partnership,FEL,20251111,95300.00,ACT,LA-2025-01460,70200.00,20260417,20260519,20280518,20260831 235900
LP-2024-01461,I1137,School of Law and Public Policy,Department of Public Health,EQP,20240125,118800.00,ACT,LA-2024-01461,76500.00,20240709,20240808,20270808,20260831 235900
LP-2023-01462,I1146,College of Engineering,Department of Public Health,TRN,20230403,92500.00,DCL,,0.00,20230612,,,20260831 235900
LP-2025-01463,I1115,College of Social Innovation,Natural Sciences Research Council,RES,20250320,378500.00,ACT,LA-2025-01463,325700.00,20250507,20250719,20270719,20260831 235900
LP-2024-01464,I1159,College of Health Sciences,Social Innovation Research Council,RES,20241111,58000.00,DCL,,0.00,20250413,,,20260831 235900
LP-2025-01465,I1148,College of Humanities,Advanced Technology Agency,RES,20250310,181700.00,ACT,LA-2025-01465,115000.00,20250813,20251020,20281019,20260831 235900
LP-2025-01466,I1129,School of Law and Public Policy,Department of Energy and Climate,RES,20250801,180700.00,ACT,LA-2025-01466,159900.00,20260103,20260209,20280209,20260831 235900
LP-2025-01467,I1157,School of Business,Community Wellbeing Trust,RES,20250531,36000.00,ACT,LA-2025-01467,28600.00,20250831,20250930,20270930,20260831 235900
LP-2024-01468,I1036,College of Humanities,Faculty Seed Grant Program,RES,20240318,42300.00,CLS,LA-2024-01468,39400.00,20240829,20240930,20250930,20260831 235900
LP-2024-01469,I1159,College of Health Sciences,Urban Resilience Network,RES,20240102,617500.00,DCL,,0.00,20240516,,,20260831 235900
LP-2023-01470,I1119,College of Health Sciences,Helix Medical Devices,RES,20231019,94700.00,CLS,LA-2023-01470,82600.00,20231227,20240311,20250902,20260831 235900
LP-2023-01471,I1026,College of Engineering,Global Health Foundation,RES,20230704,45800.00,WD,,0.00,20231215,,,20260831 235900
LP-2025-01472,I1154,College of Engineering,National Science Foundation,FEL,20251118,308900.00,DCL,,0.00,20260501,,,20260831 235900
LP-2023-01473,I1035,College of Social Innovation,Social Innovation Research Council,FEL,20231102,33800.00,WD,,0.00,20231212,,,20260831 235900
LP-2023-01474,I1029,School of Business,Biomedical Discovery Foundation,EQP,20230908,113000.00,ACT,LA-2023-01474,74000.00,20231222,20240125,20270124,20260831 235900
LP-2023-01475,I1064,College of Architecture and Design,Ontario Research Fund,RES,20230701,78900.00,CLS,LA-2023-01475,56000.00,20240104,20240221,20250220,20260831 235900
LP-2025-01476,I1129,School of Law and Public Policy,Faculty Seed Grant Program,RES,20250127,987900.00,DCL,,0.00,20250612,,,20260831 235900
LP-2025-01477,I1095,College of Health Sciences,Faculty Seed Grant Program,RES,20250623,122500.00,DCL,,0.00,20250729,,,20260831 235900
LP-2024-01478,I1039,College of Health Sciences,Northstar Analytics,RES,20240408,28500.00,DCL,,0.00,20240921,,,20260831 235900
LP-2025-01479,I1017,School of Law and Public Policy,Ontario Research Fund,RES,20250114,103000.00,AWD,LA-2025-01479,84900.00,20250605,20250719,20270719,20260831 235900
LP-2024-01480,I1152,College of Architecture and Design,Social Innovation Research Council,FEL,20240822,814400.00,CLS,LA-2024-01480,600300.00,20250106,20250210,20280210,20260831 235900
LP-2024-01481,I1010,College of Engineering,Internal Strategic Research Fund,RES,20240831,170000.00,ACT,LA-2024-01481,137100.00,20241116,20241217,20261217,20260831 235900
LP-2023-01482,I1158,College of Science,Internal Strategic Research Fund,RES,20230728,170900.00,ACT,LA-2023-01482,140400.00,20231002,20231127,20241126,20260831 235900
LP-2026-01483,I1139,College of Social Innovation,Apex Biotechnologies,RES,20260715,126900.00,AWD,LA-2026-01483,122800.00,20260831,20261010,20280402,20260831 235900
LP-2026-01484,I1170,College of Engineering,Vertex Mobility Systems,RES,20260209,114400.00,ACT,LA-2026-01484,100700.00,20260814,20260919,20290918,20260831 235900
LP-2026-01485,I1047,College of Health Sciences,Natural Sciences Research Council,RES,20260728,198600.00,SUB,,0.00,,,,20260831 235900
LP-2024-01486,I1088,College of Architecture and Design,Internal Strategic Research Fund,RES,20240401,104900.00,WD,,0.00,20240815,,,20260831 235900
LP-2024-01487,I1040,College of Architecture and Design,Internal Strategic Research Fund,RES,20240810,974800.00,CLS,LA-2024-01487,703000.00,20250105,20250209,20260209,20260831 235900
LP-2024-01488,I1023,College of Health Sciences,Civic Data Collaborative,RES,20240325,317200.00,WD,,0.00,20240802,,,20260831 235900
LP-2024-01489,I1072,College of Architecture and Design,Global Health Foundation,EQP,20240607,41200.00,ACT,LA-2024-01489,34900.00,20240831,20241015,20251015,20260831 235900
LP-2026-01490,I1143,College of Health Sciences,Department of Public Health,FEL,20260306,430200.00,ACT,LA-2026-01490,386200.00,20260731,20260816,20290815,20260831 235900
LP-2025-01491,I1098,College of Engineering,National Science Foundation,FEL,20251203,127700.00,ACT,LA-2025-01491,115700.00,20260417,20260615,20270615,20260831 235900
LP-2025-01492,I1066,College of Engineering,Ontario Research Fund,FEL,20251023,92600.00,CLS,LA-2025-01492,69000.00,20260424,20260606,20280605,20260831 235900
LP-2026-01493,I1015,College of Health Sciences,Vertex Mobility Systems,INT,20260625,139200.00,REV,,0.00,,,,20260831 235900
LP-2024-01494,I1110,College of Science,Social Innovation Research Council,INT,20240803,65300.00,ACT,LA-2024-01494,58500.00,20250204,20250310,20280309,20260831 235900
LP-2024-01495,I1121,School of Law and Public Policy,Future Cities Foundation,RES,20240315,166500.00,ACT,LA-2024-01495,157900.00,20240901,20241012,20271012,20260831 235900
LP-2025-01496,I1064,College of Architecture and Design,Global Health Foundation,FEL,20250807,190900.00,DCL,,0.00,20251119,,,20260831 235900
LP-2023-01497,I1028,College of Humanities,Biomedical Discovery Foundation,RES,20231210,28800.00,DCL,,0.00,20240611,,,20260831 235900
LP-2023-01498,I1042,College of Engineering,National Science Foundation,RES,20230812,22900.00,DCL,,0.00,20240201,,,20260831 235900
LP-2025-01499,I1073,School of Law and Public Policy,Massachusetts Innovation Fund,INT,20250629,164500.00,DCL,,0.00,20250905,,,20260831 235900
LP-2026-01500,I1110,College of Science,Northstar Analytics,FEL,20260705,45700.00,REV,,0.00,,,,20260831 235900
LP-2025-01501,I1097,School of Law and Public Policy,Biomedical Discovery Foundation,TRN,20250529,50700.00,ACT,LA-2025-01501,33300.00,20251008,20251202,20270526,20260831 235900
LP-2025-01502,I1098,College of Engineering,Global Health Foundation,RES,20251103,96900.00,DCL,,0.00,20260215,,,20260831 235900
LP-2023-01503,I1052,College of Humanities,Education Access Foundation,RES,20230517,332000.00,ACT,LA-2023-01503,269100.00,20230723,20231002,20241001,20260831 235900
LP-2024-01504,I1137,School of Law and Public Policy,Department of Energy and Climate,EQP,20240906,97700.00,DCL,,0.00,20250131,,,20260831 235900
LP-2026-01505,I1153,School of Law and Public Policy,National Science Foundation,EQP,20260127,99500.00,ACT,LA-2026-01505,94600.00,20260725,20261004,20280327,20260831 235900
LP-2023-01506,I1013,School of Business,Global Health Foundation,EQP,20230108,188600.00,DCL,,0.00,20230514,,,20260831 235900
LP-2025-01507,I1173,School of Business,Helix Medical Devices,TRN,20251228,101100.00,AWD,LA-2025-01507,92100.00,20260328,20260529,20290528,20260831 235900
LP-2024-01508,I1152,College of Architecture and Design,Ontario Research Fund,RES,20240720,59700.00,DCL,,0.00,20241224,,,20260831 235900
LP-2024-01509,I1077,School of Business,National Health Research Council,RES,20240314,169100.00,CLS,LA-2024-01509,150100.00,20240713,20240805,20250805,20260831 235900
LP-2023-01510,I1041,School of Law and Public Policy,Ontario Research Fund,RES,20230909,149300.00,DCL,,0.00,20231125,,,20260831 235900
LP-2025-01511,I1070,College of Science,Urban Resilience Network,RES,20250503,196500.00,AWD,LA-2025-01511,145800.00,20250909,20251013,20281012,20260831 235900
LP-2024-01512,I1017,School of Law and Public Policy,Northstar Analytics,TRN,20240522,78700.00,DCL,,0.00,20241013,,,20260831 235900
LP-2026-01513,I1132,College of Humanities,Social Innovation Research Council,RES,20260306,49000.00,AWD,LA-2026-01513,32500.00,20260504,20260609,20271201,20260831 235900
LP-2024-01514,I1123,College of Social Innovation,Apex Biotechnologies,RES,20241228,199000.00,AWD,LA-2024-01514,152000.00,20250222,20250407,20280406,20260831 235900
LP-2024-01515,I1071,College of Health Sciences,Future Cities Foundation,RES,20240927,124800.00,CLS,LA-2024-01515,93600.00,20250216,20250309,20260309,20260831 235900
LP-2025-01516,I1176,College of Architecture and Design,Faculty Seed Grant Program,INT,20250324,39600.00,AWD,LA-2025-01516,29300.00,20250612,20250725,20260725,20260831 235900
LP-2023-01517,I1134,College of Science,National Science Foundation,RES,20231216,180500.00,CLS,LA-2023-01517,142500.00,20240228,20240508,20251030,20260831 235900
LP-2025-01518,I1030,College of Science,Natural Sciences Research Council,RES,20250902,91300.00,DCL,,0.00,20251207,,,20260831 235900
LP-2023-01519,I1109,School of Business,Interdisciplinary Catalyst Fund,INT,20230630,58800.00,DCL,,0.00,20230908,,,20260831 235900
LP-2023-01520,I1084,College of Humanities,Ontario Research Fund,RES,20230806,314800.00,DCL,,0.00,20231220,,,20260831 235900
LP-2025-01521,I1055,College of Health Sciences,Biomedical Discovery Foundation,RES,20251018,602100.00,DCL,,0.00,20260212,,,20260831 235900
LP-2024-01522,I1065,School of Law and Public Policy,International Research Consortium,RES,20241201,164700.00,AWD,LA-2024-01522,148900.00,20250107,20250310,20260310,20260831 235900
LP-2026-01523,I1118,College of Science,National Health Research Council,INT,20260125,350800.00,ACT,LA-2026-01523,287200.00,20260409,20260419,20280418,20260831 235900
LP-2025-01524,I1066,College of Engineering,Natural Sciences Research Council,RES,20250624,41700.00,ACT,LA-2025-01524,35400.00,20251209,20251225,20281224,20260831 235900
LP-2023-01525,I1165,School of Business,Civic Data Collaborative,INT,20230501,243200.00,DCL,,0.00,20230906,,,20260831 235900
LP-2024-01526,I1003,College of Social Innovation,National Science Foundation,RES,20240324,167700.00,DCL,,0.00,20240812,,,20260831 235900
LP-2025-01527,I1110,College of Science,Vertex Mobility Systems,TRN,20251014,59800.00,DCL,,0.00,20251206,,,20260831 235900
LP-2026-01528,I1014,College of Science,National Science Foundation,RES,20260704,68400.00,DCL,,0.00,20260831,,,20260831 235900
LP-2025-01529,I1057,School of Law and Public Policy,Interdisciplinary Catalyst Fund,RES,20250615,378300.00,DCL,,0.00,20251105,,,20260831 235900
LP-2023-01530,I1063,College of Health Sciences,Vertex Mobility Systems,EQP,20230118,28600.00,ACT,LA-2023-01530,25200.00,20230704,20230825,20250824,20260831 235900
LP-2026-01531,I1134,College of Science,Ontario Research Fund,RES,20260727,80400.00,REV,,0.00,,,,20260831 235900
LP-2026-01532,I1067,College of Social Innovation,Interdisciplinary Catalyst Fund,FEL,20260503,98800.00,ACT,LA-2026-01532,65400.00,20260807,20260821,20270821,20260831 235900
LP-2026-01533,I1081,School of Law and Public Policy,Natural Sciences Research Council,TRN,20260808,115500.00,REV,,0.00,,,,20260831 235900
LP-2025-01534,I1072,College of Architecture and Design,Helix Medical Devices,RES,20251021,63000.00,AWD,LA-2025-01534,59900.00,20260429,20260614,20270614,20260831 235900
LP-2023-01535,I1146,College of Engineering,Apex Biotechnologies,RES,20230201,37800.00,CLS,LA-2023-01535,30300.00,20230323,20230521,20260520,20260831 235900
LP-2023-01536,I1120,College of Architecture and Design,Ontario Research Fund,RES,20230812,59900.00,DCL,,0.00,20231210,,,20260831 235900
LP-2025-01537,I1137,School of Law and Public Policy,Natural Sciences Research Council,TRN,20250906,218500.00,CLS,LA-2025-01537,137300.00,20260113,20260222,20290221,20260831 235900
LP-2024-01538,I1142,College of Science,Community Wellbeing Trust,EQP,20240325,554500.00,DCL,,0.00,20240926,,,20260831 235900
LP-2025-01539,I1112,College of Architecture and Design,Social Innovation Research Council,FEL,20250701,376800.00,ACT,LA-2025-01539,258700.00,20251125,20251229,20271229,20260831 235900
LP-2024-01540,I1093,School of Business,Social Innovation Research Council,RES,20240504,79900.00,DCL,,0.00,20240608,,,20260831 235900
LP-2025-01541,I1126,College of Science,Department of Public Health,EQP,20250516,84600.00,DCL,,0.00,20250928,,,20260831 235900
LP-2025-01542,I1105,School of Law and Public Policy,National Science Foundation,FEL,20251111,302700.00,CLS,LA-2025-01542,265100.00,20260413,20260424,20290423,20260831 235900
LP-2025-01543,I1004,College of Humanities,Internal Strategic Research Fund,RES,20250416,47400.00,WD,,0.00,20250524,,,20260831 235900
LP-2023-01544,I1111,College of Health Sciences,National Science Foundation,RES,20230812,125100.00,DCL,,0.00,20230916,,,20260831 235900
LP-2025-01545,I1007,College of Health Sciences,National Science Foundation,RES,20250616,183800.00,DCL,,0.00,20251127,,,20260831 235900
LP-2023-01546,I1077,School of Business,National Health Research Council,RES,20231012,45400.00,WD,,0.00,20240226,,,20260831 235900
LP-2024-01547,I1176,College of Architecture and Design,Education Access Foundation,EQP,20240827,39500.00,ACT,LA-2024-01547,24800.00,20241027,20241115,20251115,20260831 235900
LP-2025-01548,I1093,School of Business,Advanced Technology Agency,RES,20250817,114200.00,ACT,LA-2025-01548,112900.00,20251210,20260203,20270728,20260831 235900
LP-2024-01549,I1042,College of Engineering,Northstar Analytics,RES,20240118,83800.00,DCL,,0.00,20240511,,,20260831 235900
LP-2024-01550,I1114,College of Engineering,Education Access Foundation,FEL,20240116,121600.00,DCL,,0.00,20240324,,,20260831 235900
LP-2025-01551,I1170,College of Engineering,Apex Biotechnologies,RES,20251209,43100.00,WD,,0.00,20260122,,,20260831 235900
LP-2024-01552,I1013,School of Business,International Research Consortium,RES,20240707,35300.00,WD,,0.00,20241204,,,20260831 235900
LP-2024-01553,I1176,College of Architecture and Design,Faculty Seed Grant Program,RES,20240319,63800.00,ACT,LA-2024-01553,55800.00,20240513,20240611,20250611,20260831 235900
LP-2026-01554,I1046,College of Science,Interdisciplinary Catalyst Fund,EQP,20260507,84800.00,ACT,LA-2026-01554,70500.00,20260702,20260904,20270904,20260831 235900
LP-2023-01555,I1007,College of Health Sciences,Northstar Analytics,RES,20231010,132900.00,ACT,LA-2023-01555,82800.00,20240411,20240519,20251110,20260831 235900
LP-2024-01556,I1031,College of Health Sciences,Global Health Foundation,RES,20240903,27800.00,CLS,LA-2024-01556,18900.00,20250101,20250123,20270123,20260831 235900
LP-2026-01557,I1033,School of Law and Public Policy,Social Innovation Research Council,RES,20260404,57200.00,AWD,LA-2026-01557,45900.00,20260827,20260908,20290907,20260831 235900
LP-2026-01558,I1171,College of Social Innovation,Global Development Partnership,RES,20260721,31600.00,SUB,,0.00,,,,20260831 235900
LP-2025-01559,I1080,College of Architecture and Design,Vertex Mobility Systems,RES,20250529,49200.00,ACT,LA-2025-01559,40600.00,20251028,20251228,20281227,20260831 235900
LP-2024-01560,I1034,College of Engineering,Internal Strategic Research Fund,INT,20240610,44600.00,DCL,,0.00,20241115,,,20260831 235900
LP-2023-01561,I1173,School of Business,Natural Sciences Research Council,RES,20230723,269900.00,CLS,LA-2023-01561,226300.00,20231020,20231115,20250508,20260831 235900
LP-2023-01562,I1170,College of Engineering,Natural Sciences Research Council,RES,20230320,192700.00,WD,,0.00,20230907,,,20260831 235900
LP-2026-01563,I1079,College of Health Sciences,Interdisciplinary Catalyst Fund,FEL,20260604,117000.00,REV,,0.00,,,,20260831 235900
LP-2026-01564,I1159,College of Health Sciences,Biomedical Discovery Foundation,RES,20260301,52200.00,DCL,,0.00,20260621,,,20260831 235900
LP-2023-01565,I1157,School of Business,Department of Public Health,RES,20230326,125000.00,CLS,LA-2023-01565,124900.00,20230901,20230921,20240920,20260831 235900
LP-2023-01566,I1043,College of Social Innovation,Interdisciplinary Catalyst Fund,FEL,20230623,1011500.00,ACT,LA-2023-01566,720300.00,20231219,20240125,20250718,20260831 235900
LP-2026-01567,I1101,School of Business,Interdisciplinary Catalyst Fund,RES,20260517,43400.00,DCL,,0.00,20260831,,,20260831 235900
LP-2024-01568,I1141,School of Business,International Research Consortium,RES,20241205,244100.00,DCL,,0.00,20250222,,,20260831 235900
LP-2023-01569,I1060,College of Humanities,Interdisciplinary Catalyst Fund,RES,20230628,122600.00,DCL,,0.00,20230910,,,20260831 235900
LP-2026-01570,I1106,College of Engineering,Natural Sciences Research Council,TRN,20260420,52900.00,ACT,LA-2026-01570,36100.00,20260611,20260704,20290703,20260831 235900
LP-2023-01571,I1108,College of Humanities,National Science Foundation,RES,20230805,34900.00,ACT,LA-2023-01571,33200.00,20231106,20240113,20250706,20260831 235900
LP-2024-01572,I1042,College of Engineering,Civic Data Collaborative,RES,20240423,54100.00,DCL,,0.00,20240901,,,20260831 235900
LP-2025-01573,I1012,College of Humanities,National Science Foundation,INT,20250428,241600.00,DCL,,0.00,20250924,,,20260831 235900
LP-2023-01574,I1066,College of Engineering,Urban Resilience Network,EQP,20231029,95400.00,CLS,LA-2023-01574,69500.00,20240226,20240409,20270409,20260831 235900
LP-2023-01575,I1038,College of Science,Natural Sciences Research Council,RES,20230302,234100.00,ACT,LA-2023-01575,212300.00,20230617,20230729,20250119,20260831 235900
LP-2023-01576,I1088,College of Architecture and Design,Biomedical Discovery Foundation,INT,20230614,100100.00,CLS,LA-2023-01576,100100.00,20231022,20231202,20241201,20260831 235900
LP-2024-01577,I1133,School of Business,Social Innovation Research Council,TRN,20240329,175400.00,ACT,LA-2024-01577,139500.00,20240505,20240528,20251119,20260831 235900
LP-2026-01578,I1104,College of Architecture and Design,National Science Foundation,RES,20260209,172300.00,ACT,LA-2026-01578,148900.00,20260612,20260822,20280213,20260831 235900
LP-2026-01579,I1119,College of Health Sciences,Interdisciplinary Catalyst Fund,RES,20260722,1127300.00,REV,,0.00,,,,20260831 235900
LP-2023-01580,I1138,College of Engineering,Education Access Foundation,EQP,20230111,57000.00,ACT,LA-2023-01580,47600.00,20230704,20230717,20260716,20260831 235900
LP-2025-01581,I1064,College of Architecture and Design,Department of Energy and Climate,RES,20250329,67700.00,DCL,,0.00,20250929,,,20260831 235900
LP-2026-01582,I1162,College of Engineering,Apex Biotechnologies,EQP,20260612,199900.00,ACT,LA-2026-01582,149700.00,20260831,20261009,20291008,20260831 235900
LP-2025-01583,I1071,College of Health Sciences,Massachusetts Innovation Fund,RES,20250405,120100.00,ACT,LA-2025-01583,117300.00,20250614,20250812,20260812,20260831 235900
LP-2025-01584,I1044,College of Humanities,Education Access Foundation,RES,20251126,197100.00,ACT,LA-2025-01584,137900.00,20260223,20260327,20270918,20260831 235900
LP-2025-01585,I1089,School of Law and Public Policy,Faculty Seed Grant Program,RES,20250627,133600.00,CLS,LA-2025-01585,88800.00,20250907,20250927,20270321,20260831 235900
LP-2024-01586,I1161,School of Law and Public Policy,Northstar Analytics,RES,20240911,234100.00,DCL,,0.00,20241113,,,20260831 235900
LP-2024-01587,I1118,College of Science,Social Innovation Research Council,RES,20240430,177900.00,DCL,,0.00,20240806,,,20260831 235900
LP-2023-01588,I1157,School of Business,Global Development Partnership,EQP,20230713,229700.00,CLS,LA-2023-01588,154800.00,20240118,20240312,20250312,20260831 235900
LP-2026-01589,I1117,School of Business,Northstar Analytics,EQP,20260120,103300.00,DCL,,0.00,20260610,,,20260831 235900
LP-2024-01590,I1032,College of Architecture and Design,National Science Foundation,TRN,20240123,198200.00,DCL,,0.00,20240413,,,20260831 235900
LP-2025-01591,I1119,College of Health Sciences,Vertex Mobility Systems,INT,20250612,249400.00,ACT,LA-2025-01591,214900.00,20250927,20251119,20270513,20260831 235900
LP-2025-01592,I1165,School of Business,Helix Medical Devices,TRN,20251223,487500.00,AWD,LA-2025-01592,376000.00,20260213,20260301,20270823,20260831 235900
LP-2024-01593,I1034,College of Engineering,Ontario Research Fund,RES,20240326,110600.00,ACT,LA-2024-01593,91300.00,20240714,20240803,20260125,20260831 235900
LP-2024-01594,I1026,College of Engineering,Northstar Analytics,INT,20241221,146100.00,DCL,,0.00,20250314,,,20260831 235900
LP-2025-01595,I1065,School of Law and Public Policy,Global Development Partnership,RES,20250329,456400.00,DCL,,0.00,20250830,,,20260831 235900
LP-2024-01596,I1069,School of Business,Internal Strategic Research Fund,RES,20241210,25300.00,ACT,LA-2024-01596,16700.00,20250426,20250527,20260527,20260831 235900
LP-2024-01597,I1053,School of Business,Natural Sciences Research Council,RES,20241218,209800.00,CLS,LA-2024-01597,138500.00,20250603,20250617,20280616,20260831 235900
LP-2023-01598,I1165,School of Business,Natural Sciences Research Council,FEL,20231231,87100.00,DCL,,0.00,20240508,,,20260831 235900
LP-2024-01599,I1082,College of Engineering,Social Innovation Research Council,RES,20241102,24100.00,DCL,,0.00,20241207,,,20260831 235900
LP-2026-01600,I1007,College of Health Sciences,Global Health Foundation,TRN,20260327,331100.00,ACT,LA-2026-01600,330700.00,20260602,20260620,20280619,20260831 235900
LP-2025-01601,I1102,College of Science,Vertex Mobility Systems,RES,20250723,124300.00,DCL,,0.00,20251219,,,20260831 235900
LP-2023-01602,I1112,College of Architecture and Design,Social Innovation Research Council,FEL,20230113,56200.00,DCL,,0.00,20230517,,,20260831 235900
LP-2024-01603,I1017,School of Law and Public Policy,Community Wellbeing Trust,RES,20240105,453800.00,CLS,LA-2024-01603,318300.00,20240509,20240530,20260530,20260831 235900
LP-2026-01604,I1012,College of Humanities,Social Innovation Research Council,RES,20260520,124100.00,REV,,0.00,,,,20260831 235900
LP-2026-01605,I1079,College of Health Sciences,Social Innovation Research Council,EQP,20260418,70600.00,AWD,LA-2026-01605,57300.00,20260619,20260812,20280811,20260831 235900
LP-2025-01606,I1102,College of Science,Apex Biotechnologies,INT,20251118,118200.00,DCL,,0.00,20260328,,,20260831 235900
LP-2024-01607,I1085,School of Business,Department of Public Health,RES,20240917,119500.00,ACT,LA-2024-01607,115100.00,20250318,20250509,20261031,20260831 235900
LP-2023-01608,I1173,School of Business,Interdisciplinary Catalyst Fund,EQP,20231023,114700.00,DCL,,0.00,20240302,,,20260831 235900
LP-2026-01609,I1004,College of Humanities,Future Cities Foundation,RES,20260312,58600.00,DCL,,0.00,20260817,,,20260831 235900
LP-2024-01610,I1178,College of Engineering,Natural Sciences Research Council,RES,20240303,135200.00,CLS,LA-2024-01610,115300.00,20240630,20240901,20250901,20260831 235900
LP-2026-01611,I1044,College of Humanities,Department of Energy and Climate,RES,20260213,125500.00,ACT,LA-2026-01611,83900.00,20260409,20260424,20290423,20260831 235900
LP-2025-01612,I1164,College of Humanities,Northstar Analytics,TRN,20251107,691200.00,ACT,LA-2025-01612,576100.00,20260514,20260728,20290727,20260831 235900
LP-2025-01613,I1028,College of Humanities,Education Access Foundation,TRN,20250722,200600.00,DCL,,0.00,20251010,,,20260831 235900
LP-2025-01614,I1107,College of Social Innovation,National Science Foundation,RES,20250404,66600.00,DCL,,0.00,20250909,,,20260831 235900
LP-2026-01615,I1026,College of Engineering,Community Wellbeing Trust,INT,20260308,189600.00,DCL,,0.00,20260831,,,20260831 235900
LP-2024-01616,I1158,College of Science,Internal Strategic Research Fund,TRN,20240127,95000.00,ACT,LA-2024-01616,80700.00,20240707,20240920,20250920,20260831 235900
LP-2024-01617,I1039,College of Health Sciences,Interdisciplinary Catalyst Fund,EQP,20240910,15000.00,DCL,,0.00,20250124,,,20260831 235900
LP-2025-01618,I1058,College of Engineering,Interdisciplinary Catalyst Fund,FEL,20250518,67700.00,DCL,,0.00,20250924,,,20260831 235900
LP-2024-01619,I1103,College of Health Sciences,National Science Foundation,EQP,20240126,33000.00,CLS,LA-2024-01619,31100.00,20240516,20240701,20260701,20260831 235900
LP-2024-01620,I1072,College of Architecture and Design,Community Wellbeing Trust,RES,20241028,555500.00,DCL,,0.00,20250207,,,20260831 235900
LP-2026-01621,I1092,College of Humanities,Natural Sciences Research Council,RES,20260530,38000.00,DCL,,0.00,20260831,,,20260831 235900
LP-2023-01622,I1096,College of Architecture and Design,Natural Sciences Research Council,RES,20231128,106800.00,CLS,LA-2023-01622,90700.00,20240131,20240220,20270219,20260831 235900
LP-2025-01623,I1050,College of Engineering,National Science Foundation,TRN,20250109,785100.00,ACT,LA-2025-01623,513600.00,20250228,20250504,20261026,20260831 235900
LP-2024-01624,I1025,School of Law and Public Policy,Helix Medical Devices,RES,20241125,46400.00,CLS,LA-2024-01624,33200.00,20250206,20250309,20270309,20260831 235900
LP-2024-01625,I1077,School of Business,Natural Sciences Research Council,TRN,20240801,242000.00,CLS,LA-2024-01625,163900.00,20240927,20241023,20261023,20260831 235900
LP-2026-01626,I1067,College of Social Innovation,Community Wellbeing Trust,RES,20260101,59300.00,WD,,0.00,20260403,,,20260831 235900
LP-2023-01627,I1030,College of Science,Helix Medical Devices,INT,20231215,159500.00,CLS,LA-2023-01627,147600.00,20240416,20240506,20250506,20260831 235900
LP-2025-01628,I1089,School of Law and Public Policy,Faculty Seed Grant Program,RES,20251228,63600.00,DCL,,0.00,20260520,,,20260831 235900
LP-2023-01629,I1075,College of Social Innovation,Vertex Mobility Systems,RES,20230203,174800.00,CLS,LA-2023-01629,142300.00,20230605,20230708,20250707,20260831 235900
LP-2026-01630,I1122,College of Engineering,Northstar Analytics,RES,20260527,103300.00,REV,,0.00,,,,20260831 235900
LP-2023-01631,I1159,College of Health Sciences,International Research Consortium,FEL,20231210,7216200.00,CLS,LA-2023-01631,5383600.00,20240302,20240319,20260319,20260831 235900
LP-2025-01632,I1005,School of Business,National Science Foundation,FEL,20250902,244400.00,ACT,LA-2025-01632,209600.00,20251205,20251230,20261230,20260831 235900
LP-2024-01633,I1097,School of Law and Public Policy,Global Development Partnership,TRN,20240315,212200.00,WD,,0.00,20240602,,,20260831 235900
LP-2026-01634,I1036,College of Humanities,National Health Research Council,RES,20260622,45300.00,DCL,,0.00,20260822,,,20260831 235900
LP-2023-01635,I1005,School of Business,Department of Public Health,RES,20231216,89100.00,WD,,0.00,20240407,,,20260831 235900
LP-2023-01636,I1108,College of Humanities,Interdisciplinary Catalyst Fund,RES,20230812,82500.00,CLS,LA-2023-01636,75700.00,20240118,20240402,20260402,20260831 235900
LP-2025-01637,I1080,College of Architecture and Design,Community Wellbeing Trust,TRN,20250526,115500.00,AWD,LA-2025-01637,84600.00,20251025,20260104,20280104,20260831 235900
LP-2023-01638,I1041,School of Law and Public Policy,Natural Sciences Research Council,FEL,20230223,20100.00,CLS,LA-2023-01638,15300.00,20230421,20230603,20250602,20260831 235900
LP-2024-01639,I1074,College of Engineering,Natural Sciences Research Council,TRN,20240321,104000.00,DCL,,0.00,20240819,,,20260831 235900
LP-2025-01640,I1029,School of Business,Natural Sciences Research Council,EQP,20250629,101200.00,DCL,,0.00,20251120,,,20260831 235900
LP-2024-01641,I1009,School of Law and Public Policy,Civic Data Collaborative,RES,20241025,931500.00,ACT,LA-2024-01641,864500.00,20250408,20250514,20270514,20260831 235900
LP-2025-01642,I1118,College of Science,Internal Strategic Research Fund,RES,20250926,74400.00,ACT,LA-2025-01642,72200.00,20260228,20260425,20271017,20260831 235900
LP-2025-01643,I1060,College of Humanities,Faculty Seed Grant Program,RES,20250725,412000.00,WD,,0.00,20251109,,,20260831 235900
LP-2026-01644,I1065,School of Law and Public Policy,Faculty Seed Grant Program,INT,20260124,428400.00,DCL,,0.00,20260729,,,20260831 235900
LP-2024-01645,I1002,College of Engineering,Massachusetts Innovation Fund,RES,20240822,142700.00,DCL,,0.00,20241219,,,20260831 235900
LP-2025-01646,I1166,College of Science,Internal Strategic Research Fund,RES,20251202,53400.00,ACT,LA-2025-01646,46100.00,20260425,20260629,20271221,20260831 235900
LP-2023-01647,I1050,College of Engineering,National Health Research Council,RES,20230517,114800.00,ACT,LA-2023-01647,73700.00,20230813,20231015,20250407,20260831 235900
LP-2023-01648,I1100,College of Humanities,Global Health Foundation,RES,20230718,55500.00,CLS,LA-2023-01648,41000.00,20231108,20231127,20251126,20260831 235900
LP-2025-01649,I1047,College of Health Sciences,Community Wellbeing Trust,RES,20250531,78300.00,ACT,LA-2025-01649,58900.00,20251130,20260206,20270731,20260831 235900
LP-2023-01650,I1041,School of Law and Public Policy,Department of Energy and Climate,RES,20230407,109900.00,ACT,LA-2023-01650,80800.00,20230914,20231012,20251011,20260831 235900
LP-2023-01651,I1071,College of Health Sciences,Internal Strategic Research Fund,EQP,20231119,457900.00,CLS,LA-2023-01651,304000.00,20240508,20240607,20251129,20260831 235900
LP-2025-01652,I1147,College of Social Innovation,Biomedical Discovery Foundation,INT,20250118,80000.00,ACT,LA-2025-01652,68800.00,20250716,20250908,20260908,20260831 235900
LP-2025-01653,I1014,College of Science,Natural Sciences Research Council,RES,20250620,58300.00,DCL,,0.00,20250802,,,20260831 235900
LP-2024-01654,I1162,College of Engineering,National Health Research Council,RES,20241207,87300.00,DCL,,0.00,20250325,,,20260831 235900
LP-2024-01655,I1150,College of Science,Community Wellbeing Trust,RES,20240216,85800.00,WD,,0.00,20240716,,,20260831 235900
LP-2024-01656,I1157,School of Business,Department of Energy and Climate,RES,20240625,177100.00,CLS,LA-2024-01656,159900.00,20240904,20241016,20260409,20260831 235900
LP-2025-01657,I1128,College of Architecture and Design,National Health Research Council,RES,20250422,283800.00,ACT,LA-2025-01657,261800.00,20250906,20251115,20281114,20260831 235900
LP-2024-01658,I1113,School of Law and Public Policy,Faculty Seed Grant Program,INT,20240715,172600.00,WD,,0.00,20241230,,,20260831 235900
LP-2023-01659,I1136,College of Architecture and Design,Vertex Mobility Systems,RES,20230322,299700.00,ACT,LA-2023-01659,202300.00,20230703,20230824,20250214,20260831 235900
LP-2024-01660,I1003,College of Social Innovation,Interdisciplinary Catalyst Fund,RES,20240203,120000.00,WD,,0.00,20240724,,,20260831 235900
LP-2023-01661,I1006,College of Science,Faculty Seed Grant Program,INT,20231124,209100.00,ACT,LA-2023-01661,150900.00,20240325,20240420,20251012,20260831 235900
LP-2023-01662,I1126,College of Science,Advanced Technology Agency,RES,20230902,106900.00,DCL,,0.00,20231203,,,20260831 235900
LP-2024-01663,I1001,School of Law and Public Policy,Global Health Foundation,RES,20240902,82200.00,ACT,LA-2024-01663,69400.00,20250101,20250211,20280211,20260831 235900
LP-2024-01664,I1098,College of Engineering,Natural Sciences Research Council,RES,20240722,96600.00,DCL,,0.00,20250110,,,20260831 235900
LP-2026-01665,I1023,College of Health Sciences,Ontario Research Fund,INT,20260324,188000.00,ACT,LA-2026-01665,152300.00,20260501,20260601,20270601,20260831 235900
LP-2024-01666,I1118,College of Science,National Science Foundation,EQP,20240602,37300.00,DCL,,0.00,20240713,,,20260831 235900
LP-2024-01667,I1159,College of Health Sciences,Advanced Technology Agency,RES,20241109,187400.00,ACT,LA-2024-01667,177900.00,20241222,20250129,20270129,20260831 235900
LP-2024-01668,I1068,College of Humanities,Social Innovation Research Council,RES,20240522,90800.00,WD,,0.00,20241104,,,20260831 235900
LP-2025-01669,I1026,College of Engineering,Global Health Foundation,RES,20251111,112700.00,WD,,0.00,20260428,,,20260831 235900
LP-2023-01670,I1055,College of Health Sciences,International Research Consortium,RES,20230621,333300.00,CLS,LA-2023-01670,321000.00,20231111,20240108,20260107,20260831 235900
LP-2024-01671,I1111,College of Health Sciences,Vertex Mobility Systems,RES,20240515,360100.00,DCL,,0.00,20240802,,,20260831 235900
LP-2025-01672,I1126,College of Science,Northstar Analytics,RES,20251228,132800.00,CLS,LA-2025-01672,127500.00,20260703,20260903,20270903,20260831 235900
LP-2024-01673,I1114,College of Engineering,Global Development Partnership,RES,20240413,451600.00,CLS,LA-2024-01673,359700.00,20240626,20240717,20270717,20260831 235900
LP-2025-01674,I1057,School of Law and Public Policy,National Science Foundation,RES,20250724,62100.00,DCL,,0.00,20250922,,,20260831 235900
LP-2024-01675,I1112,College of Architecture and Design,International Research Consortium,RES,20240605,94100.00,DCL,,0.00,20241011,,,20260831 235900
LP-2025-01676,I1011,College of Social Innovation,Vertex Mobility Systems,RES,20250505,306300.00,DCL,,0.00,20250925,,,20260831 235900
LP-2025-01677,I1075,College of Social Innovation,International Research Consortium,EQP,20250916,250100.00,ACT,LA-2025-01677,226000.00,20260103,20260203,20270728,20260831 235900
LP-2025-01678,I1080,College of Architecture and Design,Global Development Partnership,RES,20251110,389400.00,DCL,,0.00,20260223,,,20260831 235900
LP-2024-01679,I1133,School of Business,National Health Research Council,INT,20240811,105300.00,CLS,LA-2024-01679,83500.00,20250126,20250206,20270206,20260831 235900
LP-2025-01680,I1024,College of Architecture and Design,Interdisciplinary Catalyst Fund,TRN,20250225,124500.00,ACT,LA-2025-01680,83600.00,20250529,20250801,20270123,20260831 235900
LP-2025-01681,I1034,College of Engineering,Biomedical Discovery Foundation,RES,20250717,66300.00,AWD,LA-2025-01681,57900.00,20251130,20260120,20270120,20260831 235900
LP-2024-01682,I1159,College of Health Sciences,Northstar Analytics,INT,20240816,212000.00,CLS,LA-2024-01682,137300.00,20241231,20250213,20260807,20260831 235900
LP-2025-01683,I1147,College of Social Innovation,Vertex Mobility Systems,RES,20250505,170300.00,DCL,,0.00,20250729,,,20260831 235900
LP-2024-01684,I1129,School of Law and Public Policy,Natural Sciences Research Council,RES,20240511,115300.00,DCL,,0.00,20241030,,,20260831 235900
LP-2025-01685,I1014,College of Science,Internal Strategic Research Fund,RES,20250126,230600.00,DCL,,0.00,20250723,,,20260831 235900
LP-2025-01686,I1074,College of Engineering,Social Innovation Research Council,INT,20250625,154900.00,ACT,LA-2025-01686,109900.00,20251004,20251206,20281205,20260831 235900
LP-2026-01687,I1033,School of Law and Public Policy,Global Development Partnership,TRN,20260811,243000.00,REV,,0.00,,,,20260831 235900
LP-2023-01688,I1165,School of Business,Interdisciplinary Catalyst Fund,RES,20230717,183300.00,DCL,,0.00,20240112,,,20260831 235900
LP-2023-01689,I1125,School of Business,National Health Research Council,TRN,20230703,15000.00,CLS,LA-2023-01689,11900.00,20230820,20231021,20251020,20260831 235900
LP-2023-01690,I1017,School of Law and Public Policy,Global Development Partnership,EQP,20230222,350700.00,DCL,,0.00,20230602,,,20260831 235900
LP-2025-01691,I1004,College of Humanities,Advanced Technology Agency,RES,20251130,164700.00,ACT,LA-2025-01691,151200.00,20260514,20260627,20280626,20260831 235900
LP-2025-01692,I1097,School of Law and Public Policy,Advanced Technology Agency,INT,20250813,48800.00,DCL,,0.00,20251119,,,20260831 235900
LP-2025-01693,I1119,College of Health Sciences,Natural Sciences Research Council,RES,20251110,37100.00,DCL,,0.00,20260217,,,20260831 235900
LP-2024-01694,I1035,College of Social Innovation,Department of Public Health,FEL,20240816,504300.00,WD,,0.00,20250104,,,20260831 235900
LP-2023-01695,I1051,College of Social Innovation,Global Health Foundation,RES,20230714,368000.00,DCL,,0.00,20231220,,,20260831 235900
LP-2023-01696,I1127,College of Health Sciences,Advanced Technology Agency,RES,20231030,62700.00,DCL,,0.00,20231210,,,20260831 235900
LP-2025-01697,I1011,College of Social Innovation,Ontario Research Fund,TRN,20250204,45300.00,ACT,LA-2025-01697,43400.00,20250629,20250808,20270808,20260831 235900
LP-2025-01698,I1180,College of Humanities,Apex Biotechnologies,EQP,20250727,72500.00,ACT,LA-2025-01698,71500.00,20251231,20260121,20270121,20260831 235900
LP-2026-01699,I1044,College of Humanities,Department of Public Health,INT,20260630,401700.00,ACT,LA-2026-01699,383100.00,20260831,20261011,20280403,20260831 235900
LP-2026-01700,I1062,College of Science,Urban Resilience Network,FEL,20260124,116600.00,DCL,,0.00,20260705,,,20260831 235900
LP-2023-01701,I1062,College of Science,Civic Data Collaborative,RES,20231012,238100.00,DCL,,0.00,20240127,,,20260831 235900
LP-2026-01702,I1161,School of Law and Public Policy,National Science Foundation,EQP,20260709,55400.00,DCL,,0.00,20260831,,,20260831 235900
LP-2023-01703,I1067,College of Social Innovation,Apex Biotechnologies,RES,20230408,84300.00,WD,,0.00,20230604,,,20260831 235900
LP-2026-01704,I1179,College of Social Innovation,Ontario Research Fund,RES,20260303,165700.00,DCL,,0.00,20260609,,,20260831 235900
LP-2025-01705,I1019,College of Social Innovation,National Science Foundation,RES,20250222,184200.00,CLS,LA-2025-01705,171600.00,20250408,20250430,20280429,20260831 235900
LP-2024-01706,I1086,College of Science,Northstar Analytics,EQP,20240815,74000.00,ACT,LA-2024-01706,52900.00,20241218,20250216,20260216,20260831 235900
LP-2025-01707,I1130,College of Engineering,Northstar Analytics,EQP,20250417,266900.00,DCL,,0.00,20250911,,,20260831 235900
LP-2023-01708,I1168,College of Architecture and Design,Internal Strategic Research Fund,RES,20230107,318800.00,DCL,,0.00,20230601,,,20260831 235900
LP-2024-01709,I1066,College of Engineering,Global Health Foundation,INT,20241010,140200.00,ACT,LA-2024-01709,113200.00,20250306,20250416,20260416,20260831 235900
LP-2023-01710,I1100,College of Humanities,Natural Sciences Research Council,FEL,20230308,42600.00,DCL,,0.00,20230607,,,20260831 235900
LP-2026-01711,I1153,School of Law and Public Policy,Vertex Mobility Systems,RES,20260416,441000.00,REV,,0.00,,,,20260831 235900
LP-2026-01712,I1139,College of Social Innovation,Helix Medical Devices,RES,20260520,413300.00,REV,,0.00,,,,20260831 235900
LP-2024-01713,I1079,College of Health Sciences,Civic Data Collaborative,RES,20240307,109300.00,ACT,LA-2024-01713,75300.00,20240413,20240618,20270618,20260831 235900
LP-2023-01714,I1137,School of Law and Public Policy,Education Access Foundation,INT,20231222,264900.00,CLS,LA-2023-01714,247900.00,20240609,20240823,20250823,20260831 235900
LP-2023-01715,I1018,College of Engineering,Natural Sciences Research Council,RES,20231024,498900.00,DCL,,0.00,20231211,,,20260831 235900
LP-2023-01716,I1075,College of Social Innovation,Department of Public Health,RES,20230825,25800.00,DCL,,0.00,20231214,,,20260831 235900
LP-2024-01717,I1039,College of Health Sciences,Vertex Mobility Systems,RES,20240308,147200.00,CLS,LA-2024-01717,137700.00,20240428,20240625,20270625,20260831 235900
LP-2025-01718,I1129,School of Law and Public Policy,Global Development Partnership,RES,20250315,62300.00,CLS,LA-2025-01718,62000.00,20250705,20250901,20280831,20260831 235900
LP-2024-01719,I1100,College of Humanities,Natural Sciences Research Council,RES,20241229,47300.00,ACT,LA-2024-01719,31900.00,20250502,20250606,20261128,20260831 235900
LP-2023-01720,I1103,College of Health Sciences,Apex Biotechnologies,TRN,20231005,73400.00,ACT,LA-2023-01720,67600.00,20240111,20240302,20270302,20260831 235900
LP-2024-01721,I1123,College of Social Innovation,Apex Biotechnologies,FEL,20240405,44400.00,CLS,LA-2024-01721,37700.00,20240714,20240909,20260303,20260831 235900
LP-2026-01722,I1033,School of Law and Public Policy,Education Access Foundation,EQP,20260805,624600.00,REV,,0.00,,,,20260831 235900
LP-2024-01723,I1128,College of Architecture and Design,Department of Public Health,RES,20240716,84100.00,CLS,LA-2024-01723,56500.00,20241116,20250130,20270130,20260831 235900
LP-2025-01724,I1057,School of Law and Public Policy,Natural Sciences Research Council,RES,20251014,82200.00,DCL,,0.00,20260224,,,20260831 235900
LP-2026-01725,I1088,College of Architecture and Design,Helix Medical Devices,RES,20260607,15000.00,REV,,0.00,,,,20260831 235900
LP-2023-01726,I1172,College of Humanities,National Science Foundation,FEL,20230116,178400.00,DCL,,0.00,20230419,,,20260831 235900
LP-2025-01727,I1033,School of Law and Public Policy,Ontario Research Fund,FEL,20250417,81400.00,ACT,LA-2025-01727,80500.00,20250622,20250823,20270214,20260831 235900
LP-2023-01728,I1144,College of Architecture and Design,Global Health Foundation,INT,20230706,153300.00,ACT,LA-2023-01728,124500.00,20230910,20231019,20251018,20260831 235900
LP-2023-01729,I1007,College of Health Sciences,Future Cities Foundation,RES,20231203,119900.00,CLS,LA-2023-01729,108700.00,20240524,20240712,20250712,20260831 235900
LP-2025-01730,I1045,School of Business,Biomedical Discovery Foundation,RES,20250222,31000.00,ACT,LA-2025-01730,20600.00,20250721,20250809,20270809,20260831 235900
LP-2023-01731,I1022,College of Science,Natural Sciences Research Council,INT,20230427,134400.00,DCL,,0.00,20230925,,,20260831 235900
LP-2025-01732,I1158,College of Science,National Science Foundation,INT,20250306,121900.00,AWD,LA-2025-01732,110500.00,20250430,20250630,20280629,20260831 235900
LP-2023-01733,I1008,College of Architecture and Design,Department of Energy and Climate,TRN,20230826,482100.00,DCL,,0.00,20231028,,,20260831 235900
LP-2025-01734,I1129,School of Law and Public Policy,National Science Foundation,TRN,20251207,379200.00,DCL,,0.00,20260524,,,20260831 235900
LP-2023-01735,I1154,College of Engineering,Ontario Research Fund,INT,20231012,65100.00,WD,,0.00,20240312,,,20260831 235900
LP-2026-01736,I1018,College of Engineering,Social Innovation Research Council,RES,20260525,546200.00,AWD,LA-2026-01736,502300.00,20260831,20260930,20280929,20260831 235900
LP-2023-01737,I1177,School of Law and Public Policy,National Health Research Council,RES,20230807,124500.00,CLS,LA-2023-01737,121200.00,20231009,20231125,20241124,20260831 235900
LP-2024-01738,I1061,School of Business,Department of Public Health,RES,20240411,652400.00,ACT,LA-2024-01738,572200.00,20240724,20240907,20260907,20260831 235900
LP-2025-01739,I1105,School of Law and Public Policy,Vertex Mobility Systems,RES,20250316,59800.00,DCL,,0.00,20250912,,,20260831 235900
LP-2023-01740,I1019,College of Social Innovation,Community Wellbeing Trust,RES,20231217,82800.00,DCL,,0.00,20240303,,,20260831 235900
LP-2023-01741,I1066,College of Engineering,Faculty Seed Grant Program,FEL,20230830,209400.00,DCL,,0.00,20240104,,,20260831 235900
LP-2026-01742,I1058,College of Engineering,National Health Research Council,RES,20260607,204100.00,REV,,0.00,,,,20260831 235900
LP-2025-01743,I1043,College of Social Innovation,Interdisciplinary Catalyst Fund,EQP,20250718,619400.00,DCL,,0.00,20251016,,,20260831 235900
LP-2026-01744,I1136,College of Architecture and Design,Faculty Seed Grant Program,RES,20260419,162200.00,DCL,,0.00,20260531,,,20260831 235900
LP-2025-01745,I1036,College of Humanities,Biomedical Discovery Foundation,RES,20250605,276900.00,CLS,LA-2025-01745,241700.00,20250929,20251028,20281027,20260831 235900
LP-2025-01746,I1045,School of Business,Department of Energy and Climate,FEL,20250830,240800.00,ACT,LA-2025-01746,220600.00,20251013,20251103,20281102,20260831 235900
LP-2023-01747,I1021,School of Business,Internal Strategic Research Fund,TRN,20230318,126200.00,CLS,LA-2023-01747,100200.00,20230729,20230809,20240808,20260831 235900
LP-2024-01748,I1032,College of Architecture and Design,National Health Research Council,RES,20240504,865100.00,DCL,,0.00,20241108,,,20260831 235900
LP-2026-01749,I1119,College of Health Sciences,Internal Strategic Research Fund,INT,20260513,286400.00,REV,,0.00,,,,20260831 235900
LP-2024-01750,I1003,College of Social Innovation,Ontario Research Fund,INT,20240213,462900.00,DCL,,0.00,20240818,,,20260831 235900
LP-2025-01751,I1050,College of Engineering,Community Wellbeing Trust,RES,20250713,118800.00,DCL,,0.00,20250818,,,20260831 235900
LP-2026-01752,I1015,College of Health Sciences,Education Access Foundation,RES,20260303,15000.00,ACT,LA-2026-01752,9500.00,20260706,20260915,20290914,20260831 235900
LP-2023-01753,I1178,College of Engineering,Biomedical Discovery Foundation,RES,20230323,457400.00,DCL,,0.00,20230808,,,20260831 235900
LP-2024-01754,I1153,School of Law and Public Policy,National Health Research Council,EQP,20240127,223000.00,DCL,,0.00,20240510,,,20260831 235900
LP-2023-01755,I1060,College of Humanities,Department of Energy and Climate,RES,20230919,402600.00,WD,,0.00,20231101,,,20260831 235900
LP-2023-01756,I1030,College of Science,Northstar Analytics,RES,20231110,232900.00,DCL,,0.00,20240314,,,20260831 235900
LP-2024-01757,I1041,School of Law and Public Policy,Natural Sciences Research Council,EQP,20240316,166000.00,ACT,LA-2024-01757,163400.00,20240609,20240807,20270807,20260831 235900
LP-2025-01758,I1103,College of Health Sciences,Northstar Analytics,TRN,20250405,99700.00,ACT,LA-2025-01758,66600.00,20250603,20250801,20280731,20260831 235900
LP-2023-01759,I1157,School of Business,Future Cities Foundation,RES,20231017,137500.00,CLS,LA-2023-01759,101000.00,20240325,20240509,20250509,20260831 235900
LP-2023-01760,I1074,College of Engineering,Advanced Technology Agency,FEL,20230318,164200.00,ACT,LA-2023-01760,121900.00,20230709,20230808,20250129,20260831 235900
LP-2026-01761,I1109,School of Business,Civic Data Collaborative,RES,20260101,129600.00,DCL,,0.00,20260329,,,20260831 235900
LP-2024-01762,I1020,College of Humanities,Natural Sciences Research Council,RES,20241008,99400.00,ACT,LA-2024-01762,77900.00,20250413,20250524,20260524,20260831 235900
LP-2023-01763,I1079,College of Health Sciences,Internal Strategic Research Fund,RES,20230205,43900.00,CLS,LA-2023-01763,43200.00,20230503,20230604,20250603,20260831 235900
LP-2023-01764,I1152,College of Architecture and Design,Apex Biotechnologies,RES,20230421,294700.00,DCL,,0.00,20230824,,,20260831 235900
LP-2024-01765,I1176,College of Architecture and Design,Global Health Foundation,EQP,20240622,223100.00,CLS,LA-2024-01765,147300.00,20241105,20250114,20260708,20260831 235900
LP-2026-01766,I1089,School of Law and Public Policy,Interdisciplinary Catalyst Fund,FEL,20260716,86500.00,AWD,LA-2026-01766,56700.00,20260831,20260922,20270922,20260831 235900
LP-2025-01767,I1134,College of Science,Department of Energy and Climate,RES,20250621,130000.00,ACT,LA-2025-01767,116100.00,20251007,20251115,20281114,20260831 235900
LP-2025-01768,I1089,School of Law and Public Policy,Ontario Research Fund,FEL,20250616,31600.00,DCL,,0.00,20251113,,,20260831 235900
LP-2024-01769,I1016,College of Architecture and Design,Ontario Research Fund,RES,20240426,94500.00,ACT,LA-2024-01769,64800.00,20240716,20240920,20270920,20260831 235900
LP-2024-01770,I1008,College of Architecture and Design,Department of Public Health,RES,20241118,268100.00,ACT,LA-2024-01770,251000.00,20250111,20250301,20280229,20260831 235900
LP-2025-01771,I1045,School of Business,Faculty Seed Grant Program,RES,20250120,121100.00,ACT,LA-2025-01771,80600.00,20250622,20250718,20270109,20260831 235900
LP-2026-01772,I1006,College of Science,Ontario Research Fund,TRN,20260612,42100.00,DCL,,0.00,20260831,,,20260831 235900
LP-2023-01773,I1083,College of Social Innovation,Department of Energy and Climate,RES,20230503,156600.00,ACT,LA-2023-01773,129600.00,20230716,20230828,20240827,20260831 235900
LP-2024-01774,I1069,School of Business,National Health Research Council,FEL,20241022,82500.00,WD,,0.00,20250419,,,20260831 235900
LP-2026-01775,I1059,College of Social Innovation,Urban Resilience Network,RES,20260105,76900.00,CLS,LA-2026-01775,71600.00,20260320,20260518,20280517,20260831 235900
LP-2025-01776,I1052,College of Humanities,Biomedical Discovery Foundation,EQP,20250209,63000.00,DCL,,0.00,20250729,,,20260831 235900
LP-2025-01777,I1004,College of Humanities,Vertex Mobility Systems,EQP,20250518,473200.00,ACT,LA-2025-01777,358700.00,20250811,20251010,20271010,20260831 235900
LP-2026-01778,I1121,School of Law and Public Policy,Natural Sciences Research Council,RES,20260530,83900.00,ACT,LA-2026-01778,71800.00,20260831,20261018,20280410,20260831 235900
LP-2025-01779,I1138,College of Engineering,Future Cities Foundation,RES,20250326,153700.00,CLS,LA-2025-01779,105300.00,20250728,20250907,20260907,20260831 235900
LP-2023-01780,I1036,College of Humanities,Helix Medical Devices,RES,20230828,100400.00,DCL,,0.00,20231205,,,20260831 235900
LP-2024-01781,I1132,College of Humanities,International Research Consortium,RES,20241125,38200.00,AWD,LA-2024-01781,24000.00,20250318,20250418,20280417,20260831 235900
LP-2023-01782,I1095,College of Health Sciences,Global Health Foundation,RES,20231117,75400.00,DCL,,0.00,20240129,,,20260831 235900
LP-2026-01783,I1016,College of Architecture and Design,National Science Foundation,RES,20260803,1834400.00,REV,,0.00,,,,20260831 235900
LP-2025-01784,I1158,College of Science,National Health Research Council,EQP,20250914,291000.00,DCL,,0.00,20251201,,,20260831 235900
LP-2024-01785,I1037,School of Business,Interdisciplinary Catalyst Fund,TRN,20240327,30700.00,CLS,LA-2024-01785,24800.00,20240618,20240804,20250804,20260831 235900
LP-2023-01786,I1099,College of Social Innovation,Department of Public Health,RES,20230919,112000.00,DCL,,0.00,20231225,,,20260831 235900
LP-2024-01787,I1096,College of Architecture and Design,Urban Resilience Network,INT,20240906,171400.00,DCL,,0.00,20241017,,,20260831 235900
LP-2023-01788,I1057,School of Law and Public Policy,Advanced Technology Agency,INT,20230517,109500.00,DCL,,0.00,20231113,,,20260831 235900
LP-2026-01789,I1029,School of Business,Social Innovation Research Council,RES,20260114,641000.00,DCL,,0.00,20260408,,,20260831 235900
LP-2025-01790,I1036,College of Humanities,Natural Sciences Research Council,RES,20251124,81100.00,ACT,LA-2025-01790,78500.00,20260125,20260322,20270322,20260831 235900
LP-2023-01791,I1079,College of Health Sciences,International Research Consortium,TRN,20230926,17600.00,CLS,LA-2023-01791,15300.00,20231113,20231217,20250609,20260831 235900
LP-2025-01792,I1026,College of Engineering,Interdisciplinary Catalyst Fund,RES,20251118,51400.00,AWD,LA-2025-01792,32400.00,20260117,20260326,20270326,20260831 235900
LP-2023-01793,I1042,College of Engineering,Social Innovation Research Council,RES,20230310,505100.00,ACT,LA-2023-01793,344600.00,20230804,20231008,20241007,20260831 235900
LP-2025-01794,I1175,College of Health Sciences,National Science Foundation,RES,20250111,215300.00,WD,,0.00,20250419,,,20260831 235900
LP-2026-01795,I1163,College of Social Innovation,Natural Sciences Research Council,RES,20260508,434400.00,DCL,,0.00,20260820,,,20260831 235900
LP-2026-01796,I1135,College of Health Sciences,International Research Consortium,RES,20260228,29800.00,DCL,,0.00,20260413,,,20260831 235900
LP-2025-01797,I1166,College of Science,Future Cities Foundation,RES,20250717,55600.00,AWD,LA-2025-01797,38800.00,20260118,20260318,20270909,20260831 235900
LP-2025-01798,I1142,College of Science,Global Health Foundation,EQP,20251025,49500.00,WD,,0.00,20260320,,,20260831 235900
LP-2024-01799,I1014,College of Science,Department of Public Health,FEL,20241016,201200.00,ACT,LA-2024-01799,133100.00,20250327,20250416,20260416,20260831 235900
LP-2025-01800,I1079,College of Health Sciences,Massachusetts Innovation Fund,RES,20250208,340700.00,AWD,LA-2025-01800,306500.00,20250528,20250702,20270702,20260831 235900
LP-2025-01801,I1146,College of Engineering,National Health Research Council,RES,20250416,190400.00,ACT,LA-2025-01801,136800.00,20250819,20250914,20270308,20260831 235900
LP-2024-01802,I1072,College of Architecture and Design,International Research Consortium,RES,20241116,165300.00,DCL,,0.00,20250129,,,20260831 235900
LP-2023-01803,I1107,College of Social Innovation,Apex Biotechnologies,TRN,20230117,29900.00,CLS,LA-2023-01803,20800.00,20230402,20230428,20240427,20260831 235900
LP-2025-01804,I1069,School of Business,Faculty Seed Grant Program,TRN,20250925,292200.00,CLS,LA-2025-01804,264500.00,20251106,20260119,20270119,20260831 235900
LP-2026-01805,I1084,College of Humanities,National Health Research Council,INT,20260515,67800.00,REV,,0.00,,,,20260831 235900
LP-2023-01806,I1036,College of Humanities,Social Innovation Research Council,RES,20230919,127400.00,CLS,LA-2023-01806,125100.00,20240129,20240226,20250819,20260831 235900
LP-2023-01807,I1107,College of Social Innovation,Massachusetts Innovation Fund,RES,20230308,53900.00,CLS,LA-2023-01807,42400.00,20230606,20230814,20250204,20260831 235900
LP-2023-01808,I1038,College of Science,Interdisciplinary Catalyst Fund,EQP,20231025,139500.00,DCL,,0.00,20240322,,,20260831 235900
LP-2024-01809,I1040,College of Architecture and Design,International Research Consortium,RES,20240615,42600.00,CLS,LA-2024-01809,33900.00,20241113,20250101,20260101,20260831 235900
LP-2024-01810,I1088,College of Architecture and Design,Vertex Mobility Systems,INT,20240504,93500.00,DCL,,0.00,20241015,,,20260831 235900
LP-2024-01811,I1059,College of Social Innovation,Advanced Technology Agency,INT,20240428,1337400.00,CLS,LA-2024-01811,1034700.00,20240708,20240908,20250908,20260831 235900
LP-2024-01812,I1104,College of Architecture and Design,Global Development Partnership,TRN,20240828,91000.00,DCL,,0.00,20250123,,,20260831 235900
LP-2024-01813,I1112,College of Architecture and Design,Vertex Mobility Systems,RES,20241228,80200.00,CLS,LA-2024-01813,76000.00,20250227,20250413,20270413,20260831 235900
LP-2023-01814,I1047,College of Health Sciences,Northstar Analytics,TRN,20231007,181200.00,DCL,,0.00,20231216,,,20260831 235900
LP-2023-01815,I1078,College of Science,Urban Resilience Network,RES,20230111,125900.00,CLS,LA-2023-01815,117800.00,20230720,20230921,20250920,20260831 235900
LP-2023-01816,I1088,College of Architecture and Design,Urban Resilience Network,RES,20231022,71900.00,DCL,,0.00,20231228,,,20260831 235900
LP-2026-01817,I1004,College of Humanities,Natural Sciences Research Council,RES,20260122,164000.00,ACT,LA-2026-01817,160600.00,20260713,20260920,20290919,20260831 235900
LP-2025-01818,I1046,College of Science,Interdisciplinary Catalyst Fund,RES,20250815,353500.00,CLS,LA-2025-01818,299200.00,20260130,20260217,20270217,20260831 235900
LP-2025-01819,I1013,School of Business,Ontario Research Fund,RES,20251020,456800.00,ACT,LA-2025-01819,370200.00,20260308,20260318,20280317,20260831 235900
LP-2025-01820,I1058,College of Engineering,Natural Sciences Research Council,TRN,20250117,25400.00,DCL,,0.00,20250514,,,20260831 235900
LP-2024-01821,I1041,School of Law and Public Policy,Natural Sciences Research Council,EQP,20240617,89600.00,DCL,,0.00,20241031,,,20260831 235900
LP-2024-01822,I1060,College of Humanities,Apex Biotechnologies,RES,20241020,53900.00,WD,,0.00,20250202,,,20260831 235900
LP-2025-01823,I1143,College of Health Sciences,Urban Resilience Network,RES,20250520,238900.00,ACT,LA-2025-01823,199700.00,20250706,20250818,20270209,20260831 235900
LP-2026-01824,I1174,College of Science,Natural Sciences Research Council,INT,20260615,63400.00,REV,,0.00,,,,20260831 235900
LP-2024-01825,I1091,College of Social Innovation,Natural Sciences Research Council,RES,20240322,39700.00,DCL,,0.00,20240918,,,20260831 235900
LP-2023-01826,I1142,College of Science,Ontario Research Fund,RES,20230104,89900.00,DCL,,0.00,20230412,,,20260831 235900
LP-2024-01827,I1079,College of Health Sciences,National Science Foundation,RES,20241016,268100.00,ACT,LA-2024-01827,192700.00,20250204,20250307,20260829,20260831 235900
LP-2025-01828,I1143,College of Health Sciences,Department of Public Health,TRN,20251220,34700.00,ACT,LA-2025-01828,23300.00,20260430,20260523,20271114,20260831 235900
LP-2024-01829,I1068,College of Humanities,Apex Biotechnologies,RES,20241024,45000.00,DCL,,0.00,20250105,,,20260831 235900
LP-2025-01830,I1035,College of Social Innovation,Civic Data Collaborative,RES,20250816,196500.00,ACT,LA-2025-01830,151600.00,20251228,20260110,20290109,20260831 235900
LP-2024-01831,I1004,College of Humanities,National Science Foundation,RES,20240618,213200.00,CLS,LA-2024-01831,202100.00,20241102,20241114,20261114,20260831 235900
LP-2025-01832,I1072,College of Architecture and Design,Global Health Foundation,EQP,20250211,375900.00,CLS,LA-2025-01832,332500.00,20250811,20250903,20270903,20260831 235900
LP-2024-01833,I1013,School of Business,Community Wellbeing Trust,FEL,20241007,36500.00,DCL,,0.00,20250411,,,20260831 235900
LP-2025-01834,I1137,School of Law and Public Policy,Global Health Foundation,INT,20250607,231400.00,ACT,LA-2025-01834,176100.00,20251116,20251208,20261208,20260831 235900
LP-2025-01835,I1120,College of Architecture and Design,Community Wellbeing Trust,TRN,20250617,179300.00,AWD,LA-2025-01835,177900.00,20251104,20251119,20270513,20260831 235900
LP-2024-01836,I1058,College of Engineering,Global Health Foundation,RES,20240320,102400.00,ACT,LA-2024-01836,75300.00,20240825,20240914,20250914,20260831 235900
LP-2025-01837,I1012,College of Humanities,Future Cities Foundation,RES,20250615,309300.00,ACT,LA-2025-01837,295400.00,20251026,20251111,20271111,20260831 235900
LP-2026-01838,I1049,School of Law and Public Policy,National Science Foundation,RES,20260226,63100.00,DCL,,0.00,20260609,,,20260831 235900
LP-2025-01839,I1147,College of Social Innovation,Global Health Foundation,RES,20251107,239200.00,ACT,LA-2025-01839,168800.00,20260214,20260319,20290318,20260831 235900
LP-2024-01840,I1040,College of Architecture and Design,Department of Public Health,EQP,20240929,114000.00,CLS,LA-2024-01840,86000.00,20241122,20250125,20280125,20260831 235900
LP-2026-01841,I1171,College of Social Innovation,Interdisciplinary Catalyst Fund,INT,20260418,108200.00,REV,,0.00,,,,20260831 235900
LP-2023-01842,I1131,College of Social Innovation,Department of Energy and Climate,RES,20230527,71900.00,ACT,LA-2023-01842,53100.00,20230822,20231002,20261001,20260831 235900
LP-2023-01843,I1004,College of Humanities,Future Cities Foundation,RES,20230601,82600.00,DCL,,0.00,20230915,,,20260831 235900
LP-2023-01844,I1139,College of Social Innovation,Global Development Partnership,TRN,20230603,430300.00,DCL,,0.00,20230710,,,20260831 235900
LP-2026-01845,I1156,College of Humanities,Department of Public Health,RES,20260526,843600.00,DCL,,0.00,20260831,,,20260831 235900
LP-2023-01846,I1132,College of Humanities,Ontario Research Fund,INT,20230615,95400.00,CLS,LA-2023-01846,68800.00,20230905,20231002,20241001,20260831 235900
LP-2023-01847,I1061,School of Business,Ontario Research Fund,RES,20230320,28100.00,ACT,LA-2023-01847,22000.00,20230802,20230918,20250917,20260831 235900
LP-2024-01848,I1105,School of Law and Public Policy,Natural Sciences Research Council,RES,20240305,137500.00,ACT,LA-2024-01848,103700.00,20240520,20240630,20260630,20260831 235900
LP-2025-01849,I1047,College of Health Sciences,Global Health Foundation,RES,20250818,281200.00,ACT,LA-2025-01849,205000.00,20251229,20260117,20280117,20260831 235900
LP-2024-01850,I1119,College of Health Sciences,Helix Medical Devices,RES,20240428,63800.00,CLS,LA-2024-01850,42400.00,20240923,20241118,20271118,20260831 235900
LP-2026-01851,I1091,College of Social Innovation,Biomedical Discovery Foundation,INT,20260602,29100.00,DCL,,0.00,20260831,,,20260831 235900
LP-2025-01852,I1167,College of Health Sciences,Social Innovation Research Council,RES,20250611,81600.00,AWD,LA-2025-01852,74400.00,20251105,20251212,20261212,20260831 235900
LP-2024-01853,I1114,College of Engineering,Biomedical Discovery Foundation,TRN,20240612,58200.00,DCL,,0.00,20241127,,,20260831 235900
LP-2023-01854,I1140,College of Humanities,Internal Strategic Research Fund,INT,20230813,64800.00,DCL,,0.00,20240129,,,20260831 235900
LP-2024-01855,I1057,School of Law and Public Policy,Global Health Foundation,RES,20240518,43400.00,DCL,,0.00,20241120,,,20260831 235900
LP-2024-01856,I1079,College of Health Sciences,Biomedical Discovery Foundation,FEL,20240219,169000.00,CLS,LA-2024-01856,126400.00,20240717,20240910,20260304,20260831 235900
LP-2023-01857,I1161,School of Law and Public Policy,Department of Public Health,TRN,20230413,91600.00,DCL,,0.00,20230813,,,20260831 235900
LP-2023-01858,I1144,College of Architecture and Design,Department of Energy and Climate,TRN,20230630,83700.00,DCL,,0.00,20240101,,,20260831 235900
LP-2023-01859,I1055,College of Health Sciences,National Science Foundation,FEL,20231012,79500.00,ACT,LA-2023-01859,50000.00,20240104,20240203,20270202,20260831 235900
LP-2023-01860,I1177,School of Law and Public Policy,Department of Energy and Climate,RES,20230421,490800.00,CLS,LA-2023-01860,366200.00,20230719,20230903,20250902,20260831 235900
LP-2025-01861,I1116,College of Humanities,National Health Research Council,RES,20250730,50700.00,DCL,,0.00,20251107,,,20260831 235900
LP-2026-01862,I1158,College of Science,National Health Research Council,RES,20260325,93700.00,DCL,,0.00,20260531,,,20260831 235900
LP-2025-01863,I1070,College of Science,Department of Energy and Climate,INT,20250421,131400.00,DCL,,0.00,20250924,,,20260831 235900
LP-2025-01864,I1143,College of Health Sciences,Natural Sciences Research Council,INT,20251003,254700.00,DCL,,0.00,20260128,,,20260831 235900
LP-2024-01865,I1108,College of Humanities,Interdisciplinary Catalyst Fund,RES,20240211,124300.00,DCL,,0.00,20240504,,,20260831 235900
LP-2024-01866,I1120,College of Architecture and Design,Advanced Technology Agency,RES,20241222,121400.00,DCL,,0.00,20250515,,,20260831 235900
LP-2024-01867,I1040,College of Architecture and Design,National Health Research Council,RES,20240330,300000.00,ACT,LA-2024-01867,204700.00,20240822,20241102,20261102,20260831 235900
LP-2023-01868,I1083,College of Social Innovation,Global Health Foundation,RES,20230327,105000.00,CLS,LA-2023-01868,102600.00,20230601,20230705,20241226,20260831 235900
LP-2023-01869,I1116,College of Humanities,Urban Resilience Network,TRN,20230724,627700.00,CLS,LA-2023-01869,611600.00,20231125,20240110,20250703,20260831 235900
LP-2023-01870,I1033,School of Law and Public Policy,Biomedical Discovery Foundation,RES,20230829,742100.00,CLS,LA-2023-01870,522400.00,20240218,20240307,20260307,20260831 235900
LP-2025-01871,I1045,School of Business,Helix Medical Devices,INT,20250503,114600.00,AWD,LA-2025-01871,73900.00,20250928,20251017,20281016,20260831 235900
LP-2025-01872,I1155,College of Social Innovation,Interdisciplinary Catalyst Fund,RES,20250317,140400.00,DCL,,0.00,20250519,,,20260831 235900
LP-2026-01873,I1027,College of Social Innovation,Department of Public Health,RES,20260624,93600.00,ACT,LA-2026-01873,82600.00,20260831,20261114,20280507,20260831 235900
LP-2026-01874,I1036,College of Humanities,Department of Energy and Climate,TRN,20260630,256200.00,REV,,0.00,,,,20260831 235900
LP-2026-01875,I1032,College of Architecture and Design,Global Development Partnership,RES,20260428,117300.00,AWD,LA-2026-01875,92400.00,20260713,20260725,20270725,20260831 235900
LP-2026-01876,I1056,College of Architecture and Design,Civic Data Collaborative,RES,20260327,68900.00,AWD,LA-2026-01876,61900.00,20260530,20260618,20271210,20260831 235900
LP-2025-01877,I1050,College of Engineering,Urban Resilience Network,INT,20251111,84700.00,ACT,LA-2025-01877,59300.00,20260118,20260305,20280304,20260831 235900
LP-2024-01878,I1127,College of Health Sciences,Faculty Seed Grant Program,TRN,20240129,372900.00,CLS,LA-2024-01878,243400.00,20240419,20240507,20260507,20260831 235900
LP-2024-01879,I1059,College of Social Innovation,Biomedical Discovery Foundation,RES,20240104,104500.00,CLS,LA-2024-01879,82500.00,20240229,20240430,20260430,20260831 235900
LP-2023-01880,I1038,College of Science,Urban Resilience Network,FEL,20231201,25700.00,ACT,LA-2023-01880,17900.00,20240327,20240528,20250528,20260831 235900
LP-2026-01881,I1094,College of Science,Social Innovation Research Council,INT,20260729,207900.00,SUB,,0.00,,,,20260831 235900
LP-2025-01882,I1011,College of Social Innovation,Urban Resilience Network,RES,20250421,74200.00,DCL,,0.00,20250629,,,20260831 235900
LP-2026-01883,I1027,College of Social Innovation,Northstar Analytics,RES,20260530,494000.00,REV,,0.00,,,,20260831 235900
LP-2024-01884,I1033,School of Law and Public Policy,Social Innovation Research Council,RES,20240516,79800.00,CLS,LA-2024-01884,55700.00,20240906,20241105,20260429,20260831 235900
LP-2026-01885,I1022,College of Science,Natural Sciences Research Council,RES,20260527,231300.00,ACT,LA-2026-01885,175700.00,20260809,20260824,20280823,20260831 235900
LP-2025-01886,I1084,College of Humanities,Faculty Seed Grant Program,INT,20250324,286200.00,DCL,,0.00,20250903,,,20260831 235900
LP-2026-01887,I1086,College of Science,Helix Medical Devices,TRN,20260117,95500.00,CLS,LA-2026-01887,85800.00,20260610,20260712,20290711,20260831 235900
LP-2024-01888,I1039,College of Health Sciences,Natural Sciences Research Council,RES,20241003,169600.00,DCL,,0.00,20241118,,,20260831 235900
LP-2023-01889,I1048,College of Architecture and Design,Department of Energy and Climate,RES,20231203,146000.00,DCL,,0.00,20240317,,,20260831 235900
LP-2023-01890,I1039,College of Health Sciences,Northstar Analytics,RES,20231203,15000.00,ACT,LA-2023-01890,11100.00,20240525,20240713,20270713,20260831 235900
LP-2024-01891,I1103,College of Health Sciences,Department of Energy and Climate,EQP,20241028,246400.00,DCL,,0.00,20250104,,,20260831 235900
LP-2024-01892,I1143,College of Health Sciences,Urban Resilience Network,RES,20240302,179700.00,ACT,LA-2024-01892,144500.00,20240406,20240513,20251104,20260831 235900
LP-2025-01893,I1074,College of Engineering,National Science Foundation,TRN,20250318,861300.00,ACT,LA-2025-01893,796600.00,20250820,20250929,20270323,20260831 235900
LP-2025-01894,I1147,College of Social Innovation,Social Innovation Research Council,TRN,20250428,112000.00,DCL,,0.00,20250803,,,20260831 235900
LP-2023-01895,I1179,College of Social Innovation,Massachusetts Innovation Fund,RES,20231114,57300.00,DCL,,0.00,20240107,,,20260831 235900
LP-2026-01896,I1143,College of Health Sciences,Natural Sciences Research Council,RES,20260226,655500.00,DCL,,0.00,20260524,,,20260831 235900
LP-2025-01897,I1071,College of Health Sciences,Biomedical Discovery Foundation,RES,20251110,115700.00,AWD,LA-2025-01897,105700.00,20260306,20260421,20271013,20260831 235900
LP-2024-01898,I1145,School of Law and Public Policy,Urban Resilience Network,TRN,20241201,51800.00,WD,,0.00,20250604,,,20260831 235900
LP-2023-01899,I1151,College of Health Sciences,Natural Sciences Research Council,RES,20230105,32300.00,DCL,,0.00,20230524,,,20260831 235900
LP-2025-01900,I1175,College of Health Sciences,Internal Strategic Research Fund,RES,20250722,53800.00,AWD,LA-2025-01900,37200.00,20251103,20251121,20281120,20260831 235900
LP-2023-01901,I1013,School of Business,Education Access Foundation,RES,20230217,39200.00,DCL,,0.00,20230430,,,20260831 235900
LP-2024-01902,I1096,College of Architecture and Design,Advanced Technology Agency,EQP,20240115,154800.00,WD,,0.00,20240326,,,20260831 235900
LP-2025-01903,I1011,College of Social Innovation,Helix Medical Devices,RES,20250622,193400.00,ACT,LA-2025-01903,185500.00,20251017,20251213,20271213,20260831 235900
LP-2025-01904,I1045,School of Business,Natural Sciences Research Council,RES,20250409,415500.00,AWD,LA-2025-01904,410300.00,20250627,20250825,20280824,20260831 235900
LP-2025-01905,I1013,School of Business,Interdisciplinary Catalyst Fund,FEL,20251205,87700.00,DCL,,0.00,20260507,,,20260831 235900
LP-2025-01906,I1135,College of Health Sciences,Department of Energy and Climate,RES,20250104,136700.00,DCL,,0.00,20250413,,,20260831 235900
LP-2025-01907,I1037,School of Business,National Science Foundation,RES,20251105,418100.00,DCL,,0.00,20260125,,,20260831 235900
LP-2026-01908,I1010,College of Engineering,National Science Foundation,TRN,20260703,15200.00,REV,,0.00,,,,20260831 235900
LP-2023-01909,I1025,School of Law and Public Policy,Northstar Analytics,FEL,20230526,486300.00,DCL,,0.00,20230911,,,20260831 235900
LP-2025-01910,I1005,School of Business,Internal Strategic Research Fund,RES,20250914,122200.00,DCL,,0.00,20251023,,,20260831 235900
LP-2024-01911,I1089,School of Law and Public Policy,Community Wellbeing Trust,RES,20240424,702200.00,ACT,LA-2024-01911,499400.00,20240920,20241129,20261129,20260831 235900
LP-2025-01912,I1080,College of Architecture and Design,Northstar Analytics,EQP,20250123,104900.00,CLS,LA-2025-01912,98600.00,20250423,20250510,20270510,20260831 235900
LP-2024-01913,I1061,School of Business,Natural Sciences Research Council,RES,20240827,273900.00,DCL,,0.00,20241020,,,20260831 235900
LP-2023-01914,I1172,College of Humanities,Global Health Foundation,RES,20230724,39900.00,DCL,,0.00,20230926,,,20260831 235900
LP-2026-01915,I1022,College of Science,Department of Energy and Climate,TRN,20260606,150500.00,DCL,,0.00,20260831,,,20260831 235900
LP-2024-01916,I1174,College of Science,Global Health Foundation,RES,20240320,78100.00,ACT,LA-2024-01916,64400.00,20240801,20240903,20260225,20260831 235900
LP-2026-01917,I1015,College of Health Sciences,Biomedical Discovery Foundation,TRN,20260215,96200.00,ACT,LA-2026-01917,77800.00,20260810,20260828,20280827,20260831 235900
LP-2023-01918,I1025,School of Law and Public Policy,Biomedical Discovery Foundation,RES,20231211,256300.00,DCL,,0.00,20240121,,,20260831 235900
LP-2025-01919,I1065,School of Law and Public Policy,Natural Sciences Research Council,RES,20250718,245200.00,ACT,LA-2025-01919,171000.00,20251227,20260206,20290205,20260831 235900
LP-2025-01920,I1010,College of Engineering,Apex Biotechnologies,EQP,20250124,337500.00,CLS,LA-2025-01920,225100.00,20250309,20250511,20270511,20260831 235900
LP-2025-01921,I1114,College of Engineering,Ontario Research Fund,RES,20250608,83300.00,AWD,LA-2025-01921,83000.00,20250930,20251028,20261028,20260831 235900
LP-2023-01922,I1079,College of Health Sciences,Biomedical Discovery Foundation,RES,20231026,476100.00,DCL,,0.00,20240204,,,20260831 235900
LP-2026-01923,I1048,College of Architecture and Design,Apex Biotechnologies,RES,20260625,160700.00,DCL,,0.00,20260816,,,20260831 235900
LP-2026-01924,I1173,School of Business,Department of Energy and Climate,INT,20260405,268200.00,REV,,0.00,,,,20260831 235900
LP-2025-01925,I1151,College of Health Sciences,Apex Biotechnologies,RES,20251004,99100.00,ACT,LA-2025-01925,78200.00,20260120,20260318,20270318,20260831 235900
LP-2024-01926,I1173,School of Business,Social Innovation Research Council,EQP,20240710,68600.00,DCL,,0.00,20241013,,,20260831 235900
LP-2024-01927,I1025,School of Law and Public Policy,Department of Energy and Climate,RES,20240316,128800.00,ACT,LA-2024-01927,117800.00,20240630,20240825,20260825,20260831 235900
LP-2024-01928,I1105,School of Law and Public Policy,Faculty Seed Grant Program,RES,20240405,39700.00,CLS,LA-2024-01928,34000.00,20240723,20240813,20250813,20260831 235900
LP-2025-01929,I1113,School of Law and Public Policy,Helix Medical Devices,RES,20251013,208600.00,CLS,LA-2025-01929,139000.00,20251119,20251214,20270607,20260831 235900
LP-2023-01930,I1045,School of Business,National Health Research Council,EQP,20230104,125600.00,DCL,,0.00,20230621,,,20260831 235900
LP-2023-01931,I1015,College of Health Sciences,Department of Public Health,RES,20230201,208600.00,DCL,,0.00,20230506,,,20260831 235900
LP-2024-01932,I1168,College of Architecture and Design,Social Innovation Research Council,TRN,20241128,39800.00,ACT,LA-2024-01932,38200.00,20250127,20250308,20270308,20260831 235900
LP-2024-01933,I1050,College of Engineering,International Research Consortium,RES,20240229,232700.00,CLS,LA-2024-01933,182800.00,20240706,20240801,20270801,20260831 235900
LP-2023-01934,I1164,College of Humanities,National Science Foundation,TRN,20231001,63100.00,ACT,LA-2023-01934,60900.00,20240218,20240502,20270502,20260831 235900
LP-2025-01935,I1132,College of Humanities,International Research Consortium,RES,20251030,71400.00,DCL,,0.00,20260205,,,20260831 235900
LP-2025-01936,I1171,College of Social Innovation,Education Access Foundation,RES,20250824,226600.00,CLS,LA-2025-01936,202500.00,20251117,20260109,20280109,20260831 235900
LP-2023-01937,I1111,College of Health Sciences,Global Health Foundation,TRN,20231229,130800.00,DCL,,0.00,20240228,,,20260831 235900
LP-2026-01938,I1023,College of Health Sciences,Vertex Mobility Systems,TRN,20260810,334900.00,SUB,,0.00,,,,20260831 235900
LP-2025-01939,I1032,College of Architecture and Design,Urban Resilience Network,EQP,20250717,87300.00,ACT,LA-2025-01939,75200.00,20251208,20260111,20270111,20260831 235900
LP-2024-01940,I1063,College of Health Sciences,Future Cities Foundation,RES,20240517,217300.00,DCL,,0.00,20240822,,,20260831 235900
LP-2023-01941,I1005,School of Business,Department of Energy and Climate,TRN,20231104,101300.00,ACT,LA-2023-01941,76700.00,20231220,20240123,20250716,20260831 235900
LP-2023-01942,I1029,School of Business,Natural Sciences Research Council,RES,20230417,161800.00,DCL,,0.00,20230821,,,20260831 235900
LP-2025-01943,I1130,College of Engineering,Urban Resilience Network,TRN,20250128,142700.00,ACT,LA-2025-01943,130900.00,20250510,20250620,20280619,20260831 235900
LP-2026-01944,I1167,College of Health Sciences,Urban Resilience Network,RES,20260110,77800.00,DCL,,0.00,20260710,,,20260831 235900
LP-2023-01945,I1039,College of Health Sciences,Natural Sciences Research Council,RES,20231107,151500.00,ACT,LA-2023-01945,113600.00,20240328,20240419,20250419,20260831 235900
LP-2025-01946,I1075,College of Social Innovation,Biomedical Discovery Foundation,RES,20251120,118200.00,WD,,0.00,20260318,,,20260831 235900
LP-2024-01947,I1095,College of Health Sciences,Massachusetts Innovation Fund,RES,20240708,182100.00,CLS,LA-2024-01947,120600.00,20250112,20250213,20260807,20260831 235900
LP-2023-01948,I1108,College of Humanities,Biomedical Discovery Foundation,RES,20231103,94600.00,CLS,LA-2023-01948,86200.00,20240213,20240418,20260418,20260831 235900
LP-2023-01949,I1088,College of Architecture and Design,Community Wellbeing Trust,TRN,20230104,139200.00,CLS,LA-2023-01949,103600.00,20230417,20230621,20260620,20260831 235900
LP-2024-01950,I1117,School of Business,Social Innovation Research Council,RES,20240507,60700.00,DCL,,0.00,20241019,,,20260831 235900
LP-2023-01951,I1145,School of Law and Public Policy,National Science Foundation,INT,20230802,397700.00,DCL,,0.00,20240131,,,20260831 235900
LP-2024-01952,I1074,College of Engineering,Department of Public Health,TRN,20241025,153600.00,WD,,0.00,20250411,,,20260831 235900
LP-2024-01953,I1165,School of Business,Global Development Partnership,INT,20241215,49800.00,DCL,,0.00,20250419,,,20260831 235900
LP-2024-01954,I1168,College of Architecture and Design,Global Development Partnership,INT,20240312,147300.00,DCL,,0.00,20240608,,,20260831 235900
LP-2025-01955,I1028,College of Humanities,National Health Research Council,TRN,20250730,80800.00,DCL,,0.00,20251024,,,20260831 235900
LP-2023-01956,I1170,College of Engineering,Biomedical Discovery Foundation,EQP,20230921,242400.00,DCL,,0.00,20231208,,,20260831 235900
LP-2023-01957,I1128,College of Architecture and Design,National Health Research Council,TRN,20230718,114700.00,DCL,,0.00,20240105,,,20260831 235900
LP-2023-01958,I1041,School of Law and Public Policy,National Health Research Council,RES,20230915,158500.00,ACT,LA-2023-01958,112300.00,20240117,20240317,20260317,20260831 235900
LP-2023-01959,I1129,School of Law and Public Policy,Helix Medical Devices,RES,20231116,219400.00,DCL,,0.00,20240114,,,20260831 235900
LP-2023-01960,I1100,College of Humanities,Biomedical Discovery Foundation,RES,20230511,483600.00,CLS,LA-2023-01960,394000.00,20231003,20231126,20241125,20260831 235900
LP-2026-01961,I1155,College of Social Innovation,Natural Sciences Research Council,RES,20260226,53600.00,CLS,LA-2026-01961,48200.00,20260514,20260601,20270601,20260831 235900
LP-2024-01962,I1094,College of Science,Faculty Seed Grant Program,TRN,20240327,61500.00,CLS,LA-2024-01962,59600.00,20240922,20241011,20261011,20260831 235900
LP-2023-01963,I1090,College of Engineering,Natural Sciences Research Council,RES,20231011,67800.00,CLS,LA-2023-01963,51600.00,20231227,20240108,20250107,20260831 235900
LP-2023-01964,I1088,College of Architecture and Design,Global Development Partnership,INT,20230101,128600.00,CLS,LA-2023-01964,127100.00,20230522,20230614,20250613,20260831 235900
LP-2025-01965,I1048,College of Architecture and Design,Vertex Mobility Systems,TRN,20250502,46700.00,DCL,,0.00,20250626,,,20260831 235900
LP-2025-01966,I1169,School of Law and Public Policy,Social Innovation Research Council,TRN,20250715,107700.00,DCL,,0.00,20251126,,,20260831 235900
LP-2025-01967,I1083,College of Social Innovation,Helix Medical Devices,RES,20250407,32300.00,DCL,,0.00,20250803,,,20260831 235900
LP-2024-01968,I1076,College of Humanities,Faculty Seed Grant Program,RES,20240527,331300.00,ACT,LA-2024-01968,296300.00,20240909,20241008,20260401,20260831 235900
LP-2023-01969,I1049,School of Law and Public Policy,Helix Medical Devices,RES,20231212,147600.00,CLS,LA-2023-01969,103000.00,20240524,20240605,20270605,20260831 235900
LP-2024-01970,I1035,College of Social Innovation,Natural Sciences Research Council,RES,20240718,63600.00,ACT,LA-2024-01970,54700.00,20241009,20241020,20260413,20260831 235900
LP-2026-01971,I1108,College of Humanities,Ontario Research Fund,INT,20260422,192800.00,AWD,LA-2026-01971,136900.00,20260831,20261016,20281015,20260831 235900
LP-2025-01972,I1113,School of Law and Public Policy,Future Cities Foundation,RES,20250930,41800.00,DCL,,0.00,20251125,,,20260831 235900
LP-2023-01973,I1107,College of Social Innovation,Education Access Foundation,RES,20230706,109200.00,CLS,LA-2023-01973,101700.00,20231004,20231116,20251115,20260831 235900
LP-2024-01974,I1027,College of Social Innovation,National Science Foundation,FEL,20240404,583400.00,DCL,,0.00,20240520,,,20260831 235900
LP-2025-01975,I1040,College of Architecture and Design,Future Cities Foundation,FEL,20250803,389100.00,AWD,LA-2025-01975,248900.00,20251021,20251216,20281215,20260831 235900
LP-2026-01976,I1080,College of Architecture and Design,Internal Strategic Research Fund,RES,20260531,53100.00,ACT,LA-2026-01976,35300.00,20260831,20260910,20270910,20260831 235900
LP-2025-01977,I1165,School of Business,Natural Sciences Research Council,RES,20250915,80600.00,ACT,LA-2025-01977,59700.00,20260302,20260413,20280412,20260831 235900
LP-2025-01978,I1069,School of Business,Department of Energy and Climate,FEL,20251018,269800.00,AWD,LA-2025-01978,256300.00,20260408,20260520,20280519,20260831 235900
LP-2023-01979,I1004,College of Humanities,National Health Research Council,INT,20230805,439000.00,DCL,,0.00,20231009,,,20260831 235900
LP-2024-01980,I1023,College of Health Sciences,Department of Public Health,TRN,20240127,35500.00,ACT,LA-2024-01980,25600.00,20240727,20240819,20270819,20260831 235900
LP-2024-01981,I1111,College of Health Sciences,International Research Consortium,EQP,20240412,156100.00,CLS,LA-2024-01981,112300.00,20240619,20240901,20270901,20260831 235900
LP-2025-01982,I1033,School of Law and Public Policy,Vertex Mobility Systems,RES,20250501,153600.00,AWD,LA-2025-01982,134700.00,20250822,20250904,20280903,20260831 235900
LP-2025-01983,I1144,College of Architecture and Design,Urban Resilience Network,TRN,20251219,237600.00,DCL,,0.00,20260204,,,20260831 235900
LP-2026-01984,I1137,School of Law and Public Policy,Community Wellbeing Trust,RES,20260124,70200.00,ACT,LA-2026-01984,68100.00,20260427,20260607,20270607,20260831 235900
LP-2025-01985,I1154,College of Engineering,Education Access Foundation,RES,20251111,197100.00,ACT,LA-2025-01985,188000.00,20260412,20260608,20271130,20260831 235900
LP-2023-01986,I1043,College of Social Innovation,Community Wellbeing Trust,FEL,20230426,315400.00,DCL,,0.00,20230925,,,20260831 235900
LP-2023-01987,I1118,College of Science,Helix Medical Devices,INT,20230124,56100.00,DCL,,0.00,20230628,,,20260831 235900
LP-2024-01988,I1163,College of Social Innovation,Department of Public Health,RES,20241130,351500.00,DCL,,0.00,20250209,,,20260831 235900
LP-2026-01989,I1091,College of Social Innovation,Global Health Foundation,EQP,20260209,137100.00,ACT,LA-2026-01989,103500.00,20260719,20260730,20270730,20260831 235900
LP-2023-01990,I1016,College of Architecture and Design,Northstar Analytics,EQP,20230710,54800.00,CLS,LA-2023-01990,46600.00,20231223,20240226,20250819,20260831 235900
LP-2023-01991,I1085,School of Business,International Research Consortium,RES,20230728,200300.00,WD,,0.00,20230902,,,20260831 235900
LP-2026-01992,I1163,College of Social Innovation,Apex Biotechnologies,EQP,20260211,460400.00,ACT,LA-2026-01992,405400.00,20260629,20260805,20270805,20260831 235900
LP-2023-01993,I1174,College of Science,Future Cities Foundation,EQP,20230815,270500.00,CLS,LA-2023-01993,244700.00,20240207,20240311,20270311,20260831 235900
LP-2024-01994,I1082,College of Engineering,Biomedical Discovery Foundation,EQP,20240517,170600.00,ACT,LA-2024-01994,109700.00,20240808,20241002,20251002,20260831 235900
LP-2025-01995,I1036,College of Humanities,Future Cities Foundation,RES,20250522,538800.00,AWD,LA-2025-01995,435300.00,20251004,20251114,20261114,20260831 235900
LP-2024-01996,I1073,School of Law and Public Policy,National Health Research Council,RES,20240924,122700.00,ACT,LA-2024-01996,104300.00,20250305,20250426,20270426,20260831 235900
LP-2024-01997,I1124,College of Humanities,Biomedical Discovery Foundation,RES,20240620,29400.00,CLS,LA-2024-01997,20100.00,20241029,20250103,20270103,20260831 235900
LP-2024-01998,I1142,College of Science,Global Development Partnership,RES,20240610,84400.00,ACT,LA-2024-01998,79900.00,20241107,20241211,20251211,20260831 235900
LP-2024-01999,I1006,College of Science,National Science Foundation,TRN,20240705,135200.00,DCL,,0.00,20240922,,,20260831 235900
LP-2025-02000,I1133,School of Business,Civic Data Collaborative,RES,20250213,165000.00,ACT,LA-2025-02000,116900.00,20250401,20250605,20261127,20260831 235900
LP-2024-02001,I1055,College of Health Sciences,Department of Public Health,RES,20240713,103400.00,ACT,LA-2024-02001,96000.00,20241123,20241206,20251206,20260831 235900
LP-2023-02002,I1048,College of Architecture and Design,Department of Public Health,FEL,20230810,75600.00,CLS,LA-2023-02002,57300.00,20231022,20231208,20241207,20260831 235900
LP-2025-02003,I1019,College of Social Innovation,International Research Consortium,RES,20250209,83600.00,DCL,,0.00,20250417,,,20260831 235900
LP-2025-02004,I1138,College of Engineering,Global Development Partnership,RES,20250319,84000.00,ACT,LA-2025-02004,61200.00,20250831,20251109,20270503,20260831 235900
LP-2024-02005,I1050,College of Engineering,Department of Energy and Climate,EQP,20240229,221200.00,ACT,LA-2024-02005,207400.00,20240717,20240817,20260208,20260831 235900
LP-2024-02006,I1065,School of Law and Public Policy,Northstar Analytics,TRN,20240307,97400.00,DCL,,0.00,20240513,,,20260831 235900
LP-2024-02007,I1070,College of Science,Department of Public Health,TRN,20240821,893200.00,DCL,,0.00,20250119,,,20260831 235900
LP-2024-02008,I1062,College of Science,Urban Resilience Network,EQP,20240313,550900.00,DCL,,0.00,20240811,,,20260831 235900
LP-2026-02009,I1056,College of Architecture and Design,Civic Data Collaborative,RES,20260607,273800.00,DCL,,0.00,20260811,,,20260831 235900
LP-2024-02010,I1161,School of Law and Public Policy,Social Innovation Research Council,RES,20240805,46400.00,WD,,0.00,20240927,,,20260831 235900
LP-2025-02011,I1012,College of Humanities,Department of Public Health,RES,20250425,233700.00,AWD,LA-2025-02011,198600.00,20250614,20250821,20270212,20260831 235900
LP-2026-02012,I1139,College of Social Innovation,National Science Foundation,RES,20260505,85300.00,DCL,,0.00,20260802,,,20260831 235900
LP-2025-02013,I1173,School of Business,Faculty Seed Grant Program,EQP,20251008,122300.00,DCL,,0.00,20251213,,,20260831 235900
LP-2024-02014,I1121,School of Law and Public Policy,Education Access Foundation,RES,20240603,57800.00,ACT,LA-2024-02014,52400.00,20241001,20241103,20261103,20260831 235900
LP-2025-02015,I1177,School of Law and Public Policy,National Health Research Council,TRN,20250208,119900.00,DCL,,0.00,20250619,,,20260831 235900
LP-2023-02016,I1143,College of Health Sciences,Advanced Technology Agency,RES,20230628,121600.00,DCL,,0.00,20230903,,,20260831 235900
LP-2026-02017,I1108,College of Humanities,Advanced Technology Agency,EQP,20260307,97600.00,DCL,,0.00,20260420,,,20260831 235900
LP-2023-02018,I1121,School of Law and Public Policy,Apex Biotechnologies,RES,20230612,28300.00,ACT,LA-2023-02018,21800.00,20231206,20240205,20270204,20260831 235900
LP-2024-02019,I1129,School of Law and Public Policy,Urban Resilience Network,FEL,20241028,96400.00,AWD,LA-2024-02019,83200.00,20250117,20250201,20260201,20260831 235900
LP-2023-02020,I1068,College of Humanities,Internal Strategic Research Fund,FEL,20231201,144500.00,ACT,LA-2023-02020,124500.00,20240216,20240412,20260412,20260831 235900
LP-2023-02021,I1162,College of Engineering,Natural Sciences Research Council,RES,20231111,130100.00,DCL,,0.00,20240127,,,20260831 235900
LP-2023-02022,I1094,College of Science,Global Development Partnership,INT,20231021,39000.00,DCL,,0.00,20240107,,,20260831 235900
LP-2026-02023,I1023,College of Health Sciences,Natural Sciences Research Council,RES,20260529,59400.00,DCL,,0.00,20260831,,,20260831 235900
LP-2024-02024,I1178,College of Engineering,Apex Biotechnologies,RES,20241101,76200.00,DCL,,0.00,20250503,,,20260831 235900
LP-2024-02025,I1163,College of Social Innovation,National Health Research Council,RES,20240408,196100.00,DCL,,0.00,20240928,,,20260831 235900
LP-2023-02026,I1168,College of Architecture and Design,Community Wellbeing Trust,RES,20230712,46500.00,DCL,,0.00,20230826,,,20260831 235900
LP-2025-02027,I1155,College of Social Innovation,National Health Research Council,EQP,20250413,41200.00,DCL,,0.00,20251007,,,20260831 235900
LP-2025-02028,I1157,School of Business,Education Access Foundation,RES,20250821,102300.00,ACT,LA-2025-02028,90400.00,20260208,20260317,20280316,20260831 235900
LP-2025-02029,I1058,College of Engineering,Department of Public Health,FEL,20250305,480900.00,CLS,LA-2025-02029,443100.00,20250603,20250617,20270617,20260831 235900
LP-2023-02030,I1125,School of Business,Internal Strategic Research Fund,TRN,20231126,114300.00,CLS,LA-2023-02030,109100.00,20240308,20240418,20250418,20260831 235900
LP-2023-02031,I1167,College of Health Sciences,Apex Biotechnologies,RES,20230922,399100.00,DCL,,0.00,20231215,,,20260831 235900
LP-2024-02032,I1167,College of Health Sciences,Ontario Research Fund,RES,20240712,647400.00,DCL,,0.00,20241122,,,20260831 235900
LP-2024-02033,I1150,College of Science,Interdisciplinary Catalyst Fund,EQP,20240315,175400.00,DCL,,0.00,20240815,,,20260831 235900
LP-2023-02034,I1033,School of Law and Public Policy,Helix Medical Devices,RES,20230701,252500.00,WD,,0.00,20231022,,,20260831 235900
LP-2023-02035,I1060,College of Humanities,Department of Public Health,RES,20230902,53700.00,CLS,LA-2023-02035,47000.00,20231019,20231210,20241209,20260831 235900
LP-2025-02036,I1048,College of Architecture and Design,Urban Resilience Network,RES,20250313,275000.00,DCL,,0.00,20250720,,,20260831 235900
LP-2025-02037,I1039,College of Health Sciences,Civic Data Collaborative,RES,20250403,208300.00,DCL,,0.00,20250508,,,20260831 235900
LP-2023-02038,I1015,College of Health Sciences,National Health Research Council,RES,20230630,65900.00,ACT,LA-2023-02038,63800.00,20230813,20230907,20260906,20260831 235900
LP-2023-02039,I1052,College of Humanities,Northstar Analytics,INT,20231112,363100.00,CLS,LA-2023-02039,259400.00,20240420,20240523,20260523,20260831 235900
LP-2025-02040,I1079,College of Health Sciences,Internal Strategic Research Fund,RES,20251218,439100.00,DCL,,0.00,20260314,,,20260831 235900
LP-2025-02041,I1134,College of Science,Internal Strategic Research Fund,EQP,20250703,101500.00,ACT,LA-2025-02041,91900.00,20251010,20251102,20271102,20260831 235900
LP-2025-02042,I1134,College of Science,Global Health Foundation,RES,20250817,214700.00,ACT,LA-2025-02042,163700.00,20260122,20260311,20270902,20260831 235900
LP-2024-02043,I1001,School of Law and Public Policy,Urban Resilience Network,RES,20240914,24700.00,DCL,,0.00,20250308,,,20260831 235900
LP-2024-02044,I1099,College of Social Innovation,Urban Resilience Network,RES,20240613,415300.00,DCL,,0.00,20241128,,,20260831 235900
LP-2023-02045,I1157,School of Business,Social Innovation Research Council,RES,20230801,100200.00,WD,,0.00,20240125,,,20260831 235900
LP-2024-02046,I1029,School of Business,Interdisciplinary Catalyst Fund,RES,20240605,736300.00,CLS,LA-2024-02046,693500.00,20240723,20240921,20250921,20260831 235900
LP-2023-02047,I1071,College of Health Sciences,Community Wellbeing Trust,RES,20230716,147100.00,DCL,,0.00,20230905,,,20260831 235900
LP-2024-02048,I1046,College of Science,Massachusetts Innovation Fund,TRN,20240317,103000.00,ACT,LA-2024-02048,80900.00,20240910,20241024,20260417,20260831 235900
LP-2025-02049,I1027,College of Social Innovation,Internal Strategic Research Fund,EQP,20250111,56000.00,AWD,LA-2025-02049,37700.00,20250309,20250319,20260319,20260831 235900
LP-2023-02050,I1083,College of Social Innovation,Global Health Foundation,RES,20230328,68700.00,DCL,,0.00,20230818,,,20260831 235900
LP-2024-02051,I1133,School of Business,Internal Strategic Research Fund,INT,20240220,67700.00,CLS,LA-2024-02051,65300.00,20240428,20240707,20260707,20260831 235900
LP-2025-02052,I1029,School of Business,Future Cities Foundation,TRN,20250308,113500.00,DCL,,0.00,20250910,,,20260831 235900
LP-2026-02053,I1051,College of Social Innovation,Social Innovation Research Council,RES,20260329,222400.00,DCL,,0.00,20260831,,,20260831 235900
LP-2025-02054,I1145,School of Law and Public Policy,Social Innovation Research Council,TRN,20250818,105400.00,ACT,LA-2025-02054,83800.00,20251223,20260306,20280305,20260831 235900
LP-2025-02055,I1005,School of Business,Faculty Seed Grant Program,RES,20250202,58300.00,DCL,,0.00,20250703,,,20260831 235900
LP-2023-02056,I1100,College of Humanities,National Health Research Council,RES,20230518,52900.00,CLS,LA-2023-02056,44800.00,20230706,20230912,20250305,20260831 235900
LP-2025-02057,I1133,School of Business,Global Health Foundation,TRN,20250716,126500.00,ACT,LA-2025-02057,101200.00,20251011,20251027,20261027,20260831 235900
LP-2023-02058,I1143,College of Health Sciences,Global Development Partnership,EQP,20230609,830200.00,CLS,LA-2023-02058,682400.00,20231017,20231130,20250523,20260831 235900
LP-2024-02059,I1080,College of Architecture and Design,Massachusetts Innovation Fund,INT,20240506,66700.00,CLS,LA-2024-02059,61400.00,20240612,20240703,20270703,20260831 235900
LP-2023-02060,I1078,College of Science,Vertex Mobility Systems,RES,20230905,115600.00,DCL,,0.00,20240310,,,20260831 235900
LP-2023-02061,I1117,School of Business,Interdisciplinary Catalyst Fund,RES,20230213,130200.00,CLS,LA-2023-02061,107800.00,20230730,20230828,20240827,20260831 235900
LP-2023-02062,I1128,College of Architecture and Design,National Health Research Council,FEL,20230703,235700.00,DCL,,0.00,20231226,,,20260831 235900
LP-2025-02063,I1130,College of Engineering,Northstar Analytics,TRN,20251208,185100.00,ACT,LA-2025-02063,145700.00,20260613,20260807,20290806,20260831 235900
LP-2024-02064,I1013,School of Business,Civic Data Collaborative,RES,20240519,198500.00,DCL,,0.00,20240908,,,20260831 235900
LP-2026-02065,I1057,School of Law and Public Policy,Biomedical Discovery Foundation,TRN,20260701,73000.00,ACT,LA-2026-02065,73000.00,20260831,20261025,20291024,20260831 235900
LP-2025-02066,I1116,College of Humanities,Education Access Foundation,RES,20250421,145900.00,DCL,,0.00,20250614,,,20260831 235900
LP-2024-02067,I1061,School of Business,Internal Strategic Research Fund,RES,20240812,229300.00,ACT,LA-2024-02067,181000.00,20241018,20241113,20261113,20260831 235900
LP-2025-02068,I1121,School of Law and Public Policy,Ontario Research Fund,FEL,20250202,287600.00,DCL,,0.00,20250521,,,20260831 235900
LP-2023-02069,I1135,College of Health Sciences,Advanced Technology Agency,INT,20230913,101200.00,DCL,,0.00,20240304,,,20260831 235900
LP-2026-02070,I1075,College of Social Innovation,National Health Research Council,RES,20260404,117000.00,WD,,0.00,20260511,,,20260831 235900
LP-2023-02071,I1140,College of Humanities,Biomedical Discovery Foundation,INT,20230516,178900.00,ACT,LA-2023-02071,148600.00,20230726,20230805,20240804,20260831 235900
LP-2023-02072,I1067,College of Social Innovation,Natural Sciences Research Council,TRN,20230502,79000.00,DCL,,0.00,20231009,,,20260831 235900
LP-2025-02073,I1033,School of Law and Public Policy,International Research Consortium,RES,20251021,177100.00,ACT,LA-2025-02073,128400.00,20251128,20251219,20261219,20260831 235900
LP-2024-02074,I1112,College of Architecture and Design,International Research Consortium,EQP,20240808,75600.00,ACT,LA-2024-02074,51900.00,20241030,20250110,20270110,20260831 235900
LP-2024-02075,I1083,College of Social Innovation,Northstar Analytics,RES,20241022,55700.00,ACT,LA-2024-02075,40800.00,20250418,20250511,20260511,20260831 235900
LP-2026-02076,I1025,School of Law and Public Policy,National Health Research Council,RES,20260314,111400.00,ACT,LA-2026-02076,87300.00,20260726,20260904,20270904,20260831 235900
LP-2024-02077,I1163,College of Social Innovation,Future Cities Foundation,EQP,20240328,222800.00,DCL,,0.00,20240731,,,20260831 235900
LP-2023-02078,I1128,College of Architecture and Design,Faculty Seed Grant Program,TRN,20230921,58700.00,DCL,,0.00,20240130,,,20260831 235900
LP-2026-02079,I1008,College of Architecture and Design,Internal Strategic Research Fund,RES,20260507,110200.00,DCL,,0.00,20260831,,,20260831 235900
LP-2023-02080,I1113,School of Law and Public Policy,Future Cities Foundation,RES,20231012,146800.00,ACT,LA-2023-02080,124700.00,20240203,20240303,20250825,20260831 235900
LP-2024-02081,I1082,College of Engineering,Community Wellbeing Trust,INT,20240209,166100.00,DCL,,0.00,20240527,,,20260831 235900
LP-2023-02082,I1040,College of Architecture and Design,Social Innovation Research Council,RES,20230923,199100.00,CLS,LA-2023-02082,196900.00,20231215,20240204,20250728,20260831 235900
LP-2025-02083,I1150,College of Science,Urban Resilience Network,RES,20250614,554800.00,ACT,LA-2025-02083,427900.00,20251022,20251129,20281128,20260831 235900
LP-2024-02084,I1029,School of Business,Biomedical Discovery Foundation,RES,20240730,93100.00,DCL,,0.00,20241126,,,20260831 235900
LP-2026-02085,I1002,College of Engineering,Northstar Analytics,RES,20260428,48600.00,DCL,,0.00,20260604,,,20260831 235900
LP-2024-02086,I1133,School of Business,Biomedical Discovery Foundation,INT,20240822,15000.00,CLS,LA-2024-02086,13900.00,20241225,20250222,20260816,20260831 235900
LP-2025-02087,I1090,College of Engineering,Department of Energy and Climate,TRN,20250702,245900.00,ACT,LA-2025-02087,216100.00,20250824,20250929,20280928,20260831 235900
LP-2024-02088,I1075,College of Social Innovation,Advanced Technology Agency,RES,20240913,286000.00,ACT,LA-2024-02088,182500.00,20250320,20250408,20280407,20260831 235900
LP-2025-02089,I1130,College of Engineering,Interdisciplinary Catalyst Fund,RES,20250331,225800.00,ACT,LA-2025-02089,144900.00,20250715,20250910,20270910,20260831 235900
LP-2026-02090,I1054,College of Science,Urban Resilience Network,RES,20260115,143300.00,AWD,LA-2026-02090,95600.00,20260312,20260524,20271115,20260831 235900
LP-2023-02091,I1176,College of Architecture and Design,Global Development Partnership,RES,20231017,41600.00,WD,,0.00,20231230,,,20260831 235900
LP-2024-02092,I1166,College of Science,Biomedical Discovery Foundation,RES,20240420,228200.00,DCL,,0.00,20240822,,,20260831 235900
LP-2023-02093,I1143,College of Health Sciences,Urban Resilience Network,RES,20231023,124200.00,CLS,LA-2023-02093,80600.00,20240408,20240614,20250614,20260831 235900
LP-2024-02094,I1120,College of Architecture and Design,Biomedical Discovery Foundation,RES,20240818,166900.00,ACT,LA-2024-02094,141000.00,20250129,20250411,20280410,20260831 235900
LP-2026-02095,I1018,College of Engineering,Biomedical Discovery Foundation,RES,20260130,88700.00,ACT,LA-2026-02095,83400.00,20260522,20260721,20280720,20260831 235900
LP-2025-02096,I1039,College of Health Sciences,National Health Research Council,RES,20250215,309500.00,CLS,LA-2025-02096,283500.00,20250518,20250618,20270618,20260831 235900
LP-2025-02097,I1160,College of Architecture and Design,Future Cities Foundation,RES,20250103,178900.00,ACT,LA-2025-02097,123700.00,20250504,20250624,20260624,20260831 235900
LP-2025-02098,I1047,College of Health Sciences,Apex Biotechnologies,INT,20250402,114800.00,DCL,,0.00,20250610,,,20260831 235900
LP-2024-02099,I1044,College of Humanities,Department of Public Health,RES,20240903,535600.00,CLS,LA-2024-02099,374800.00,20241012,20241226,20271226,20260831 235900
LP-2026-02100,I1038,College of Science,National Science Foundation,RES,20260208,154900.00,AWD,LA-2026-02100,131300.00,20260710,20260819,20280210,20260831 235900
LP-2024-02101,I1071,College of Health Sciences,Social Innovation Research Council,RES,20241002,40100.00,CLS,LA-2024-02101,35400.00,20250108,20250207,20280207,20260831 235900
LP-2026-02102,I1124,College of Humanities,Social Innovation Research Council,FEL,20260225,252100.00,DCL,,0.00,20260606,,,20260831 235900
LP-2025-02103,I1142,College of Science,Department of Energy and Climate,RES,20250713,197000.00,ACT,LA-2025-02103,183000.00,20250827,20250906,20260906,20260831 235900
LP-2023-02104,I1175,College of Health Sciences,Interdisciplinary Catalyst Fund,EQP,20230414,59300.00,CLS,LA-2023-02104,50400.00,20230619,20230720,20250110,20260831 235900
LP-2025-02105,I1173,School of Business,Natural Sciences Research Council,RES,20250422,184800.00,ACT,LA-2025-02105,133100.00,20250620,20250810,20270201,20260831 235900
LP-2023-02106,I1112,College of Architecture and Design,Vertex Mobility Systems,RES,20230419,225500.00,WD,,0.00,20230914,,,20260831 235900
LP-2024-02107,I1145,School of Law and Public Policy,Civic Data Collaborative,RES,20240509,173000.00,WD,,0.00,20240714,,,20260831 235900
LP-2025-02108,I1122,College of Engineering,Advanced Technology Agency,RES,20250813,70900.00,DCL,,0.00,20251204,,,20260831 235900
LP-2024-02109,I1050,College of Engineering,Urban Resilience Network,RES,20240102,28500.00,ACT,LA-2024-02109,24500.00,20240328,20240417,20251009,20260831 235900
LP-2025-02110,I1013,School of Business,Vertex Mobility Systems,RES,20250912,38100.00,DCL,,0.00,20260206,,,20260831 235900
LP-2023-02111,I1038,College of Science,Interdisciplinary Catalyst Fund,TRN,20231029,281600.00,DCL,,0.00,20240223,,,20260831 235900
LP-2024-02112,I1115,College of Social Innovation,Northstar Analytics,RES,20240719,30700.00,CLS,LA-2024-02112,21000.00,20250117,20250211,20280211,20260831 235900
LP-2023-02113,I1036,College of Humanities,Faculty Seed Grant Program,TRN,20230819,123400.00,CLS,LA-2023-02113,112300.00,20231219,20240102,20270101,20260831 235900
LP-2026-02114,I1145,School of Law and Public Policy,Biomedical Discovery Foundation,RES,20260630,244500.00,DCL,,0.00,20260831,,,20260831 235900
LP-2025-02115,I1143,College of Health Sciences,Future Cities Foundation,EQP,20250128,216000.00,ACT,LA-2025-02115,139400.00,20250710,20250922,20270922,20260831 235900
LP-2023-02116,I1130,College of Engineering,National Health Research Council,RES,20230409,378700.00,DCL,,0.00,20230711,,,20260831 235900
LP-2026-02117,I1098,College of Engineering,Massachusetts Innovation Fund,INT,20260228,69500.00,CLS,LA-2026-02117,61800.00,20260408,20260502,20290501,20260831 235900
LP-2023-02118,I1126,College of Science,Social Innovation Research Council,RES,20230913,198000.00,CLS,LA-2023-02118,128200.00,20231208,20240121,20250714,20260831 235900
LP-2023-02119,I1048,College of Architecture and Design,Interdisciplinary Catalyst Fund,RES,20230818,202400.00,DCL,,0.00,20231114,,,20260831 235900
LP-2024-02120,I1166,College of Science,National Science Foundation,EQP,20241026,347500.00,AWD,LA-2024-02120,271300.00,20250130,20250311,20270311,20260831 235900
LP-2024-02121,I1046,College of Science,International Research Consortium,TRN,20240904,139200.00,DCL,,0.00,20241112,,,20260831 235900
LP-2023-02122,I1060,College of Humanities,Future Cities Foundation,RES,20230411,136000.00,DCL,,0.00,20231010,,,20260831 235900
LP-2025-02123,I1179,College of Social Innovation,Biomedical Discovery Foundation,FEL,20250807,58200.00,DCL,,0.00,20260122,,,20260831 235900
LP-2025-02124,I1133,School of Business,Department of Energy and Climate,RES,20250208,227200.00,CLS,LA-2025-02124,202300.00,20250726,20250823,20270823,20260831 235900
LP-2026-02125,I1058,College of Engineering,Helix Medical Devices,RES,20260418,20400.00,WD,,0.00,20260831,,,20260831 235900
LP-2025-02126,I1132,College of Humanities,Ontario Research Fund,INT,20250510,380100.00,AWD,LA-2025-02126,249500.00,20250709,20250818,20270818,20260831 235900
LP-2025-02127,I1083,College of Social Innovation,Interdisciplinary Catalyst Fund,RES,20250816,43000.00,ACT,LA-2025-02127,40000.00,20251117,20251204,20281203,20260831 235900
LP-2023-02128,I1040,College of Architecture and Design,Vertex Mobility Systems,TRN,20231226,72700.00,DCL,,0.00,20240617,,,20260831 235900
LP-2025-02129,I1091,College of Social Innovation,Helix Medical Devices,RES,20250616,26600.00,AWD,LA-2025-02129,24400.00,20251111,20260105,20290104,20260831 235900
LP-2024-02130,I1144,College of Architecture and Design,Helix Medical Devices,FEL,20240724,213400.00,CLS,LA-2024-02130,153300.00,20241121,20241215,20271215,20260831 235900
LP-2024-02131,I1089,School of Law and Public Policy,Education Access Foundation,FEL,20240711,199400.00,DCL,,0.00,20241213,,,20260831 235900
LP-2026-02132,I1058,College of Engineering,Global Health Foundation,RES,20260112,54400.00,DCL,,0.00,20260517,,,20260831 235900
LP-2025-02133,I1175,College of Health Sciences,Future Cities Foundation,RES,20250223,118800.00,DCL,,0.00,20250723,,,20260831 235900
LP-2023-02134,I1027,College of Social Innovation,Helix Medical Devices,FEL,20230530,190300.00,CLS,LA-2023-02134,143800.00,20231018,20231207,20241206,20260831 235900
LP-2023-02135,I1018,College of Engineering,Helix Medical Devices,RES,20230629,128800.00,CLS,LA-2023-02135,87300.00,20240103,20240223,20260222,20260831 235900
LP-2025-02136,I1042,College of Engineering,Advanced Technology Agency,RES,20251128,45800.00,ACT,LA-2025-02136,31700.00,20260426,20260623,20290622,20260831 235900
LP-2024-02137,I1085,School of Business,Interdisciplinary Catalyst Fund,RES,20241212,40200.00,ACT,LA-2024-02137,31200.00,20250228,20250313,20260904,20260831 235900
LP-2023-02138,I1133,School of Business,Vertex Mobility Systems,RES,20231016,475500.00,CLS,LA-2023-02138,445300.00,20231208,20231230,20261229,20260831 235900
LP-2024-02139,I1033,School of Law and Public Policy,Future Cities Foundation,RES,20240105,212100.00,CLS,LA-2024-02139,160000.00,20240430,20240601,20270601,20260831 235900
LP-2026-02140,I1105,School of Law and Public Policy,Department of Public Health,TRN,20260601,221600.00,DCL,,0.00,20260831,,,20260831 235900
LP-2025-02141,I1074,College of Engineering,Department of Public Health,RES,20251205,51000.00,ACT,LA-2025-02141,36700.00,20260603,20260626,20290625,20260831 235900
LP-2024-02142,I1157,School of Business,Internal Strategic Research Fund,RES,20240604,129000.00,DCL,,0.00,20241031,,,20260831 235900
LP-2023-02143,I1070,College of Science,Community Wellbeing Trust,TRN,20230603,116200.00,DCL,,0.00,20231016,,,20260831 235900
LP-2025-02144,I1051,College of Social Innovation,Civic Data Collaborative,RES,20250502,157600.00,DCL,,0.00,20250816,,,20260831 235900
LP-2025-02145,I1095,College of Health Sciences,Advanced Technology Agency,RES,20250612,206100.00,ACT,LA-2025-02145,195700.00,20250923,20251031,20271031,20260831 235900
LP-2024-02146,I1082,College of Engineering,Global Health Foundation,RES,20240722,37100.00,DCL,,0.00,20241107,,,20260831 235900
LP-2023-02147,I1123,College of Social Innovation,National Health Research Council,RES,20230404,450800.00,DCL,,0.00,20230828,,,20260831 235900
LP-2026-02148,I1009,School of Law and Public Policy,Vertex Mobility Systems,RES,20260228,60400.00,DCL,,0.00,20260604,,,20260831 235900
LP-2024-02149,I1075,College of Social Innovation,Future Cities Foundation,RES,20240701,44900.00,DCL,,0.00,20240927,,,20260831 235900
LP-2024-02150,I1172,College of Humanities,Urban Resilience Network,INT,20240625,922000.00,CLS,LA-2024-02150,726000.00,20241003,20241122,20271122,20260831 235900
LP-2025-02151,I1174,College of Science,Apex Biotechnologies,RES,20251129,314600.00,CLS,LA-2025-02151,275800.00,20260404,20260520,20290519,20260831 235900
LP-2024-02152,I1045,School of Business,Education Access Foundation,TRN,20240208,138500.00,ACT,LA-2024-02152,99700.00,20240621,20240822,20260822,20260831 235900
LP-2025-02153,I1152,College of Architecture and Design,Apex Biotechnologies,RES,20250728,292200.00,DCL,,0.00,20251204,,,20260831 235900
LP-2023-02154,I1103,College of Health Sciences,Faculty Seed Grant Program,FEL,20230722,375100.00,DCL,,0.00,20231008,,,20260831 235900
LP-2026-02155,I1076,College of Humanities,Natural Sciences Research Council,RES,20260206,306100.00,CLS,LA-2026-02155,259300.00,20260625,20260713,20280712,20260831 235900
LP-2024-02156,I1015,College of Health Sciences,Department of Public Health,RES,20240707,48200.00,CLS,LA-2024-02156,34800.00,20240920,20241115,20260509,20260831 235900
LP-2024-02157,I1179,College of Social Innovation,Social Innovation Research Council,FEL,20241112,90700.00,ACT,LA-2024-02157,72400.00,20250109,20250211,20270211,20260831 235900
LP-2023-02158,I1147,College of Social Innovation,Vertex Mobility Systems,RES,20230619,317700.00,DCL,,0.00,20231115,,,20260831 235900
LP-2026-02159,I1035,College of Social Innovation,Social Innovation Research Council,RES,20260403,40300.00,DCL,,0.00,20260527,,,20260831 235900
LP-2025-02160,I1140,College of Humanities,Natural Sciences Research Council,RES,20250918,44400.00,AWD,LA-2025-02160,42700.00,20260305,20260422,20290421,20260831 235900
LP-2026-02161,I1104,College of Architecture and Design,Social Innovation Research Council,INT,20260406,88900.00,REV,,0.00,,,,20260831 235900
LP-2026-02162,I1089,School of Law and Public Policy,Helix Medical Devices,RES,20260802,230600.00,REV,,0.00,,,,20260831 235900
LP-2023-02163,I1058,College of Engineering,Community Wellbeing Trust,RES,20230624,112700.00,ACT,LA-2023-02163,83600.00,20231209,20231227,20241226,20260831 235900
LP-2025-02164,I1019,College of Social Innovation,Internal Strategic Research Fund,RES,20251027,83500.00,ACT,LA-2025-02164,67200.00,20260415,20260619,20270619,20260831 235900
LP-2026-02165,I1074,College of Engineering,Internal Strategic Research Fund,EQP,20260107,105400.00,DCL,,0.00,20260417,,,20260831 235900
LP-2025-02166,I1086,College of Science,Civic Data Collaborative,EQP,20250509,147100.00,DCL,,0.00,20250926,,,20260831 235900
LP-2023-02167,I1124,College of Humanities,Future Cities Foundation,RES,20230420,419000.00,DCL,,0.00,20230916,,,20260831 235900
LP-2024-02168,I1045,School of Business,Massachusetts Innovation Fund,RES,20240101,141500.00,ACT,LA-2024-02168,122100.00,20240421,20240630,20260630,20260831 235900
LP-2025-02169,I1047,College of Health Sciences,Civic Data Collaborative,INT,20251018,158900.00,DCL,,0.00,20251226,,,20260831 235900
LP-2026-02170,I1071,College of Health Sciences,Global Health Foundation,RES,20260526,190300.00,AWD,LA-2026-02170,154400.00,20260831,20261006,20271006,20260831 235900
LP-2026-02171,I1105,School of Law and Public Policy,Northstar Analytics,RES,20260718,21200.00,REV,,0.00,,,,20260831 235900
LP-2025-02172,I1011,College of Social Innovation,Natural Sciences Research Council,FEL,20250722,164800.00,DCL,,0.00,20260120,,,20260831 235900
LP-2025-02173,I1007,College of Health Sciences,Internal Strategic Research Fund,RES,20250714,103900.00,ACT,LA-2025-02173,82800.00,20260114,20260213,20270807,20260831 235900
LP-2023-02174,I1051,College of Social Innovation,Faculty Seed Grant Program,TRN,20231227,223600.00,DCL,,0.00,20240515,,,20260831 235900
LP-2025-02175,I1137,School of Law and Public Policy,Advanced Technology Agency,INT,20250708,149400.00,AWD,LA-2025-02175,102800.00,20251128,20260128,20280128,20260831 235900
LP-2024-02176,I1107,College of Social Innovation,Helix Medical Devices,RES,20240925,143800.00,DCL,,0.00,20241030,,,20260831 235900
LP-2025-02177,I1139,College of Social Innovation,Department of Public Health,RES,20251117,1022800.00,DCL,,0.00,20260218,,,20260831 235900
LP-2026-02178,I1049,School of Law and Public Policy,Northstar Analytics,INT,20260724,265900.00,REV,,0.00,,,,20260831 235900
LP-2026-02179,I1022,College of Science,Community Wellbeing Trust,RES,20260622,85700.00,REV,,0.00,,,,20260831 235900
LP-2026-02180,I1118,College of Science,Education Access Foundation,RES,20260303,307800.00,ACT,LA-2026-02180,302300.00,20260618,20260830,20280221,20260831 235900
LP-2024-02181,I1138,College of Engineering,National Health Research Council,FEL,20240427,38100.00,CLS,LA-2024-02181,28700.00,20241007,20241129,20271129,20260831 235900
LP-2023-02182,I1124,College of Humanities,Department of Energy and Climate,RES,20231027,500100.00,ACT,LA-2023-02182,393900.00,20240209,20240330,20250330,20260831 235900
LP-2024-02183,I1144,College of Architecture and Design,Internal Strategic Research Fund,INT,20240827,34500.00,CLS,LA-2024-02183,21400.00,20250131,20250314,20260905,20260831 235900
LP-2024-02184,I1013,School of Business,Biomedical Discovery Foundation,TRN,20240627,42000.00,DCL,,0.00,20240910,,,20260831 235900
LP-2023-02185,I1038,College of Science,Northstar Analytics,RES,20231121,107700.00,CLS,LA-2023-02185,70700.00,20240124,20240205,20250729,20260831 235900
LP-2023-02186,I1089,School of Law and Public Policy,Future Cities Foundation,TRN,20230404,178600.00,CLS,LA-2023-02186,128000.00,20230612,20230722,20260721,20260831 235900
LP-2024-02187,I1074,College of Engineering,Future Cities Foundation,EQP,20240601,90500.00,DCL,,0.00,20240912,,,20260831 235900
LP-2023-02188,I1123,College of Social Innovation,Internal Strategic Research Fund,RES,20230117,318600.00,CLS,LA-2023-02188,279900.00,20230722,20230920,20260919,20260831 235900
LP-2026-02189,I1051,College of Social Innovation,Natural Sciences Research Council,RES,20260407,87000.00,REV,,0.00,,,,20260831 235900
LP-2023-02190,I1148,College of Humanities,Future Cities Foundation,TRN,20230303,318800.00,DCL,,0.00,20230625,,,20260831 235900
LP-2026-02191,I1080,College of Architecture and Design,Natural Sciences Research Council,RES,20260709,35800.00,WD,,0.00,20260831,,,20260831 235900
LP-2025-02192,I1125,School of Business,National Science Foundation,RES,20250607,103700.00,DCL,,0.00,20251025,,,20260831 235900
LP-2026-02193,I1049,School of Law and Public Policy,Biomedical Discovery Foundation,INT,20260522,100800.00,REV,,0.00,,,,20260831 235900
LP-2026-02194,I1143,College of Health Sciences,Apex Biotechnologies,TRN,20260401,205200.00,DCL,,0.00,20260706,,,20260831 235900
LP-2023-02195,I1143,College of Health Sciences,Natural Sciences Research Council,RES,20230312,99500.00,ACT,LA-2023-02195,96700.00,20230531,20230628,20250627,20260831 235900
LP-2023-02196,I1044,College of Humanities,National Science Foundation,TRN,20230914,47700.00,CLS,LA-2023-02196,46400.00,20240315,20240520,20260520,20260831 235900
LP-2025-02197,I1080,College of Architecture and Design,National Science Foundation,RES,20250305,48000.00,DCL,,0.00,20250610,,,20260831 235900
LP-2024-02198,I1139,College of Social Innovation,Global Health Foundation,TRN,20240817,239800.00,ACT,LA-2024-02198,222900.00,20241011,20241116,20260510,20260831 235900
LP-2026-02199,I1146,College of Engineering,Future Cities Foundation,RES,20260306,78100.00,ACT,LA-2026-02199,64200.00,20260606,20260813,20280204,20260831 235900
LP-2023-02200,I1111,College of Health Sciences,Massachusetts Innovation Fund,TRN,20230422,64400.00,CLS,LA-2023-02200,57500.00,20230829,20231013,20251012,20260831 235900
LP-2024-02201,I1155,College of Social Innovation,Helix Medical Devices,RES,20240315,74500.00,DCL,,0.00,20240725,,,20260831 235900
LP-2025-02202,I1117,School of Business,Advanced Technology Agency,TRN,20250330,106000.00,AWD,LA-2025-02202,104500.00,20250828,20251101,20271101,20260831 235900
LP-2023-02203,I1137,School of Law and Public Policy,Biomedical Discovery Foundation,INT,20230408,94600.00,DCL,,0.00,20230726,,,20260831 235900
LP-2024-02204,I1099,College of Social Innovation,Social Innovation Research Council,INT,20241205,22500.00,ACT,LA-2024-02204,18700.00,20250404,20250507,20261029,20260831 235900
LP-2026-02205,I1005,School of Business,Interdisciplinary Catalyst Fund,RES,20260530,533100.00,ACT,LA-2026-02205,498000.00,20260831,20261015,20281014,20260831 235900
LP-2024-02206,I1090,College of Engineering,Internal Strategic Research Fund,FEL,20240829,223000.00,WD,,0.00,20241222,,,20260831 235900
LP-2025-02207,I1081,School of Law and Public Policy,Vertex Mobility Systems,RES,20251002,106900.00,ACT,LA-2025-02207,74300.00,20260112,20260201,20270726,20260831 235900
LP-2025-02208,I1164,College of Humanities,Civic Data Collaborative,RES,20250914,53900.00,ACT,LA-2025-02208,46900.00,20260112,20260218,20270812,20260831 235900
LP-2023-02209,I1109,School of Business,Helix Medical Devices,RES,20230609,120200.00,DCL,,0.00,20230805,,,20260831 235900
LP-2026-02210,I1017,School of Law and Public Policy,Helix Medical Devices,RES,20260523,306100.00,ACT,LA-2026-02210,270200.00,20260828,20261006,20271006,20260831 235900
LP-2025-02211,I1055,College of Health Sciences,Apex Biotechnologies,RES,20250828,173000.00,DCL,,0.00,20251006,,,20260831 235900
LP-2023-02212,I1088,College of Architecture and Design,Department of Public Health,RES,20231031,45900.00,ACT,LA-2023-02212,31700.00,20240412,20240508,20250508,20260831 235900
LP-2026-02213,I1060,College of Humanities,Apex Biotechnologies,RES,20260221,45800.00,ACT,LA-2026-02213,43400.00,20260531,20260624,20271216,20260831 235900
LP-2024-02214,I1169,School of Law and Public Policy,Social Innovation Research Council,EQP,20241113,197500.00,ACT,LA-2024-02214,157900.00,20250224,20250420,20260420,20260831 235900
LP-2023-02215,I1118,College of Science,Civic Data Collaborative,TRN,20231225,374400.00,CLS,LA-2023-02215,363800.00,20240608,20240626,20260626,20260831 235900
LP-2024-02216,I1025,School of Law and Public Policy,Global Health Foundation,INT,20240620,95200.00,DCL,,0.00,20241031,,,20260831 235900
LP-2023-02217,I1052,College of Humanities,Global Health Foundation,INT,20230127,31500.00,DCL,,0.00,20230710,,,20260831 235900
LP-2025-02218,I1115,College of Social Innovation,International Research Consortium,TRN,20250330,315900.00,ACT,LA-2025-02218,223200.00,20250804,20250913,20280912,20260831 235900
LP-2025-02219,I1141,School of Business,Future Cities Foundation,RES,20250204,58100.00,DCL,,0.00,20250404,,,20260831 235900
LP-2025-02220,I1062,College of Science,Future Cities Foundation,RES,20251125,143500.00,ACT,LA-2025-02220,140700.00,20260327,20260518,20280517,20260831 235900
LP-2025-02221,I1074,College of Engineering,International Research Consortium,RES,20250320,177500.00,AWD,LA-2025-02221,159900.00,20250720,20250922,20280921,20260831 235900
LP-2024-02222,I1044,College of Humanities,Future Cities Foundation,RES,20241024,200800.00,AWD,LA-2024-02222,140900.00,20250321,20250517,20260517,20260831 235900
LP-2023-02223,I1128,College of Architecture and Design,Biomedical Discovery Foundation,RES,20230123,140100.00,DCL,,0.00,20230329,,,20260831 235900
LP-2023-02224,I1020,College of Humanities,Civic Data Collaborative,INT,20230404,40600.00,CLS,LA-2023-02224,28000.00,20230902,20231024,20261023,20260831 235900
LP-2026-02225,I1130,College of Engineering,Helix Medical Devices,TRN,20260709,21100.00,ACT,LA-2026-02225,16100.00,20260831,20261001,20290930,20260831 235900
LP-2024-02226,I1078,College of Science,Future Cities Foundation,RES,20241124,302400.00,DCL,,0.00,20250422,,,20260831 235900
LP-2024-02227,I1098,College of Engineering,Future Cities Foundation,RES,20240105,157200.00,DCL,,0.00,20240419,,,20260831 235900
LP-2023-02228,I1020,College of Humanities,Department of Public Health,TRN,20230410,134000.00,DCL,,0.00,20230804,,,20260831 235900
LP-2024-02229,I1077,School of Business,Department of Energy and Climate,INT,20240208,23500.00,DCL,,0.00,20240421,,,20260831 235900
LP-2026-02230,I1001,School of Law and Public Policy,National Science Foundation,RES,20260512,38700.00,ACT,LA-2026-02230,35600.00,20260831,20261108,20271108,20260831 235900
LP-2026-02231,I1079,College of Health Sciences,Department of Energy and Climate,INT,20260512,44100.00,REV,,0.00,,,,20260831 235900
LP-2024-02232,I1152,College of Architecture and Design,Civic Data Collaborative,RES,20240825,142400.00,ACT,LA-2024-02232,107800.00,20241010,20241205,20251205,20260831 235900
LP-2025-02233,I1172,College of Humanities,Social Innovation Research Council,EQP,20251127,89100.00,DCL,,0.00,20260211,,,20260831 235900
LP-2024-02234,I1091,College of Social Innovation,Community Wellbeing Trust,RES,20240811,130800.00,DCL,,0.00,20241101,,,20260831 235900
LP-2025-02235,I1066,College of Engineering,National Health Research Council,RES,20251212,381100.00,ACT,LA-2025-02235,294100.00,20260128,20260401,20270923,20260831 235900
LP-2025-02236,I1075,College of Social Innovation,Urban Resilience Network,RES,20250626,24700.00,AWD,LA-2025-02236,23300.00,20251223,20260118,20270118,20260831 235900
LP-2024-02237,I1106,College of Engineering,National Health Research Council,FEL,20240618,130000.00,DCL,,0.00,20241029,,,20260831 235900
LP-2025-02238,I1162,College of Engineering,Global Health Foundation,TRN,20251218,335200.00,DCL,,0.00,20260409,,,20260831 235900
LP-2026-02239,I1050,College of Engineering,Internal Strategic Research Fund,RES,20260313,98000.00,DCL,,0.00,20260714,,,20260831 235900
LP-2025-02240,I1046,College of Science,Social Innovation Research Council,INT,20250808,166500.00,WD,,0.00,20251117,,,20260831 235900
LP-2025-02241,I1121,School of Law and Public Policy,Natural Sciences Research Council,RES,20250928,239000.00,DCL,,0.00,20260129,,,20260831 235900
LP-2023-02242,I1166,College of Science,Department of Energy and Climate,RES,20230903,146300.00,CLS,LA-2023-02242,95300.00,20231103,20231130,20241129,20260831 235900
LP-2023-02243,I1113,School of Law and Public Policy,Massachusetts Innovation Fund,RES,20230424,133900.00,CLS,LA-2023-02243,117400.00,20231026,20231202,20261201,20260831 235900
LP-2024-02244,I1116,College of Humanities,National Science Foundation,RES,20240309,146900.00,CLS,LA-2024-02244,134600.00,20240816,20241006,20260330,20260831 235900
LP-2023-02245,I1140,College of Humanities,Department of Energy and Climate,RES,20230907,527500.00,ACT,LA-2023-02245,490300.00,20240102,20240214,20250213,20260831 235900
LP-2025-02246,I1099,College of Social Innovation,Ontario Research Fund,RES,20250623,48400.00,ACT,LA-2025-02246,40400.00,20250807,20250817,20270817,20260831 235900
LP-2023-02247,I1089,School of Law and Public Policy,Advanced Technology Agency,RES,20231125,41100.00,DCL,,0.00,20240427,,,20260831 235900
LP-2023-02248,I1039,College of Health Sciences,Civic Data Collaborative,INT,20230529,104500.00,DCL,,0.00,20231117,,,20260831 235900
LP-2024-02249,I1166,College of Science,Global Development Partnership,RES,20240817,59600.00,CLS,LA-2024-02249,44600.00,20241218,20250110,20270110,20260831 235900
LP-2023-02250,I1054,College of Science,Internal Strategic Research Fund,INT,20230104,83600.00,ACT,LA-2023-02250,53800.00,20230326,20230502,20241023,20260831 235900
LP-2025-02251,I1168,College of Architecture and Design,Natural Sciences Research Council,EQP,20250418,25700.00,ACT,LA-2025-02251,22500.00,20251022,20251219,20261219,20260831 235900
LP-2024-02252,I1012,College of Humanities,International Research Consortium,EQP,20240422,187400.00,ACT,LA-2024-02252,128300.00,20240620,20240824,20270824,20260831 235900
LP-2025-02253,I1015,College of Health Sciences,Natural Sciences Research Council,INT,20250905,293500.00,ACT,LA-2025-02253,256300.00,20260304,20260419,20290418,20260831 235900
LP-2023-02254,I1153,School of Law and Public Policy,Social Innovation Research Council,RES,20231216,1344100.00,DCL,,0.00,20240406,,,20260831 235900
LP-2024-02255,I1136,College of Architecture and Design,Internal Strategic Research Fund,RES,20241017,145200.00,DCL,,0.00,20241223,,,20260831 235900
LP-2023-02256,I1093,School of Business,Interdisciplinary Catalyst Fund,RES,20230506,120500.00,DCL,,0.00,20230731,,,20260831 235900
LP-2025-02257,I1108,College of Humanities,Department of Public Health,RES,20250506,160100.00,ACT,LA-2025-02257,145100.00,20250821,20251031,20281030,20260831 235900
LP-2026-02258,I1140,College of Humanities,Global Health Foundation,RES,20260523,146600.00,ACT,LA-2026-02258,98100.00,20260831,20260917,20280310,20260831 235900
LP-2025-02259,I1013,School of Business,Interdisciplinary Catalyst Fund,FEL,20250511,337900.00,ACT,LA-2025-02259,301500.00,20251113,20251230,20281229,20260831 235900
LP-2024-02260,I1077,School of Business,Interdisciplinary Catalyst Fund,RES,20240709,119000.00,DCL,,0.00,20241202,,,20260831 235900
LP-2024-02261,I1103,College of Health Sciences,Natural Sciences Research Council,RES,20241219,40100.00,ACT,LA-2024-02261,38900.00,20250217,20250304,20270304,20260831 235900
LP-2026-02262,I1014,College of Science,Natural Sciences Research Council,RES,20260425,151000.00,DCL,,0.00,20260831,,,20260831 235900
LP-2024-02263,I1110,College of Science,Future Cities Foundation,RES,20240130,60000.00,DCL,,0.00,20240628,,,20260831 235900
LP-2023-02264,I1095,College of Health Sciences,Social Innovation Research Council,RES,20230603,67800.00,ACT,LA-2023-02264,54200.00,20231009,20231207,20241206,20260831 235900
LP-2024-02265,I1068,College of Humanities,Education Access Foundation,RES,20240916,248900.00,DCL,,0.00,20241107,,,20260831 235900
LP-2024-02266,I1156,College of Humanities,Future Cities Foundation,TRN,20240325,108700.00,DCL,,0.00,20240819,,,20260831 235900
LP-2024-02267,I1176,College of Architecture and Design,Department of Energy and Climate,RES,20241228,89900.00,DCL,,0.00,20250531,,,20260831 235900
LP-2025-02268,I1070,College of Science,Global Health Foundation,RES,20250508,97700.00,CLS,LA-2025-02268,91100.00,20251007,20251025,20271025,20260831 235900
LP-2024-02269,I1091,College of Social Innovation,Education Access Foundation,FEL,20240426,207200.00,CLS,LA-2024-02269,182300.00,20240605,20240726,20260117,20260831 235900
LP-2025-02270,I1109,School of Business,Ontario Research Fund,EQP,20250528,137000.00,DCL,,0.00,20250702,,,20260831 235900
LP-2026-02271,I1160,College of Architecture and Design,Natural Sciences Research Council,RES,20260621,171600.00,DCL,,0.00,20260831,,,20260831 235900
LP-2025-02272,I1007,College of Health Sciences,International Research Consortium,RES,20250211,48800.00,DCL,,0.00,20250608,,,20260831 235900
LP-2023-02273,I1108,College of Humanities,National Science Foundation,RES,20230223,246000.00,DCL,,0.00,20230613,,,20260831 235900
LP-2023-02274,I1039,College of Health Sciences,Global Development Partnership,EQP,20231123,32900.00,DCL,,0.00,20240107,,,20260831 235900
LP-2025-02275,I1068,College of Humanities,Department of Public Health,RES,20250920,193500.00,AWD,LA-2025-02275,173800.00,20251128,20251213,20261213,20260831 235900
LP-2025-02276,I1048,College of Architecture and Design,Faculty Seed Grant Program,RES,20250114,116400.00,DCL,,0.00,20250622,,,20260831 235900
LP-2025-02277,I1141,School of Business,Internal Strategic Research Fund,RES,20250407,52700.00,DCL,,0.00,20250813,,,20260831 235900
LP-2024-02278,I1067,College of Social Innovation,Education Access Foundation,FEL,20240413,263900.00,CLS,LA-2024-02278,215300.00,20240812,20241015,20251015,20260831 235900
LP-2025-02279,I1078,College of Science,Biomedical Discovery Foundation,FEL,20250801,52900.00,DCL,,0.00,20260125,,,20260831 235900
LP-2026-02280,I1158,College of Science,Urban Resilience Network,FEL,20260526,54600.00,REV,,0.00,,,,20260831 235900
LP-2026-02281,I1077,School of Business,Advanced Technology Agency,RES,20260607,46700.00,ACT,LA-2026-02281,41900.00,20260817,20260923,20280922,20260831 235900
LP-2024-02282,I1081,School of Law and Public Policy,Faculty Seed Grant Program,RES,20241021,94300.00,DCL,,0.00,20250117,,,20260831 235900
LP-2025-02283,I1148,College of Humanities,Interdisciplinary Catalyst Fund,RES,20250919,720600.00,ACT,LA-2025-02283,545400.00,20251029,20251210,20281209,20260831 235900
LP-2025-02284,I1075,College of Social Innovation,Department of Energy and Climate,RES,20251226,26100.00,ACT,LA-2025-02284,23000.00,20260221,20260416,20290415,20260831 235900
LP-2025-02285,I1122,College of Engineering,International Research Consortium,RES,20250807,91300.00,DCL,,0.00,20260112,,,20260831 235900
LP-2026-02286,I1139,College of Social Innovation,National Science Foundation,RES,20260101,35900.00,DCL,,0.00,20260705,,,20260831 235900
LP-2026-02287,I1141,School of Business,Interdisciplinary Catalyst Fund,RES,20260604,30300.00,ACT,LA-2026-02287,19500.00,20260831,20261103,20280426,20260831 235900
LP-2023-02288,I1178,College of Engineering,National Science Foundation,RES,20230821,109300.00,DCL,,0.00,20231227,,,20260831 235900
LP-2023-02289,I1076,College of Humanities,Future Cities Foundation,RES,20230224,106000.00,DCL,,0.00,20230405,,,20260831 235900
LP-2024-02290,I1001,School of Law and Public Policy,Interdisciplinary Catalyst Fund,RES,20241228,132000.00,DCL,,0.00,20250201,,,20260831 235900
LP-2024-02291,I1072,College of Architecture and Design,Biomedical Discovery Foundation,EQP,20240920,215300.00,DCL,,0.00,20250120,,,20260831 235900
LP-2024-02292,I1123,College of Social Innovation,Biomedical Discovery Foundation,INT,20241208,71100.00,DCL,,0.00,20250401,,,20260831 235900
LP-2024-02293,I1006,College of Science,Civic Data Collaborative,FEL,20240410,300700.00,ACT,LA-2024-02293,206900.00,20240809,20240918,20250918,20260831 235900
LP-2026-02294,I1083,College of Social Innovation,Faculty Seed Grant Program,FEL,20260802,175400.00,SUB,,0.00,,,,20260831 235900
LP-2025-02295,I1036,College of Humanities,Department of Energy and Climate,RES,20251021,199000.00,DCL,,0.00,20251203,,,20260831 235900
LP-2023-02296,I1057,School of Law and Public Policy,Education Access Foundation,EQP,20230228,140400.00,CLS,LA-2023-02296,112600.00,20230614,20230730,20240729,20260831 235900
LP-2024-02297,I1160,College of Architecture and Design,Northstar Analytics,EQP,20241206,250000.00,DCL,,0.00,20250610,,,20260831 235900
LP-2024-02298,I1007,College of Health Sciences,Internal Strategic Research Fund,RES,20240721,234900.00,DCL,,0.00,20240826,,,20260831 235900
LP-2024-02299,I1037,School of Business,Vertex Mobility Systems,FEL,20241001,207900.00,CLS,LA-2024-02299,192100.00,20241125,20241212,20260605,20260831 235900
LP-2026-02300,I1094,College of Science,Biomedical Discovery Foundation,RES,20260720,59000.00,SUB,,0.00,,,,20260831 235900
LP-2023-02301,I1177,School of Law and Public Policy,Global Health Foundation,INT,20231021,164500.00,DCL,,0.00,20231222,,,20260831 235900
LP-2024-02302,I1001,School of Law and Public Policy,Helix Medical Devices,RES,20241101,98600.00,ACT,LA-2024-02302,88300.00,20250318,20250331,20280330,20260831 235900
LP-2026-02303,I1116,College of Humanities,Global Development Partnership,RES,20260602,200900.00,DCL,,0.00,20260808,,,20260831 235900
LP-2024-02304,I1125,School of Business,Global Health Foundation,RES,20240318,262000.00,CLS,LA-2024-02304,195200.00,20240907,20241102,20261102,20260831 235900
LP-2025-02305,I1118,College of Science,Education Access Foundation,EQP,20251229,275800.00,ACT,LA-2025-02305,225500.00,20260429,20260712,20270712,20260831 235900
LP-2024-02306,I1135,College of Health Sciences,Education Access Foundation,RES,20240621,80100.00,CLS,LA-2024-02306,57000.00,20240910,20241023,20261023,20260831 235900
LP-2023-02307,I1110,College of Science,National Science Foundation,RES,20230930,231300.00,DCL,,0.00,20231226,,,20260831 235900
LP-2026-02308,I1050,College of Engineering,Interdisciplinary Catalyst Fund,RES,20260225,56800.00,ACT,LA-2026-02308,36400.00,20260612,20260729,20270729,20260831 235900
LP-2026-02309,I1032,College of Architecture and Design,Natural Sciences Research Council,INT,20260807,67500.00,WD,,0.00,20260831,,,20260831 235900
LP-2024-02310,I1053,School of Business,Social Innovation Research Council,RES,20240314,310000.00,ACT,LA-2024-02310,200500.00,20240602,20240722,20260722,20260831 235900
LP-2023-02311,I1102,College of Science,Helix Medical Devices,RES,20230330,138200.00,CLS,LA-2023-02311,120200.00,20230518,20230629,20240628,20260831 235900
LP-2023-02312,I1146,College of Engineering,Advanced Technology Agency,RES,20231018,69900.00,CLS,LA-2023-02312,46600.00,20240214,20240414,20270414,20260831 235900
LP-2024-02313,I1113,School of Law and Public Policy,Department of Energy and Climate,RES,20240609,55500.00,ACT,LA-2024-02313,39000.00,20241203,20250118,20260118,20260831 235900
LP-2025-02314,I1099,College of Social Innovation,Apex Biotechnologies,RES,20251209,23800.00,DCL,,0.00,20260503,,,20260831 235900
LP-2023-02315,I1176,College of Architecture and Design,Apex Biotechnologies,INT,20230131,448600.00,DCL,,0.00,20230614,,,20260831 235900
LP-2025-02316,I1034,College of Engineering,Education Access Foundation,RES,20250201,52100.00,DCL,,0.00,20250724,,,20260831 235900
LP-2024-02317,I1087,College of Health Sciences,Faculty Seed Grant Program,RES,20240324,129400.00,CLS,LA-2024-02317,103200.00,20240523,20240716,20260716,20260831 235900
LP-2024-02318,I1059,College of Social Innovation,National Science Foundation,FEL,20240525,673000.00,CLS,LA-2024-02318,434300.00,20240727,20240814,20260205,20260831 235900
LP-2024-02319,I1175,College of Health Sciences,International Research Consortium,FEL,20240330,264500.00,ACT,LA-2024-02319,257200.00,20240623,20240806,20260128,20260831 235900
LP-2025-02320,I1074,College of Engineering,Ontario Research Fund,RES,20251129,110200.00,ACT,LA-2025-02320,83100.00,20260421,20260622,20270622,20260831 235900
LP-2025-02321,I1017,School of Law and Public Policy,National Health Research Council,EQP,20251219,42300.00,ACT,LA-2025-02321,30600.00,20260501,20260620,20290619,20260831 235900
LP-2025-02322,I1102,College of Science,Vertex Mobility Systems,RES,20251002,164800.00,DCL,,0.00,20260216,,,20260831 235900
LP-2023-02323,I1058,College of Engineering,Advanced Technology Agency,FEL,20230124,107400.00,DCL,,0.00,20230716,,,20260831 235900
LP-2023-02324,I1021,School of Business,National Health Research Council,RES,20230528,201500.00,DCL,,0.00,20230712,,,20260831 235900
LP-2024-02325,I1040,College of Architecture and Design,Advanced Technology Agency,RES,20240630,68400.00,DCL,,0.00,20240806,,,20260831 235900
LP-2024-02326,I1117,School of Business,Advanced Technology Agency,INT,20240115,93000.00,DCL,,0.00,20240514,,,20260831 235900
LP-2024-02327,I1175,College of Health Sciences,Global Development Partnership,RES,20240710,66700.00,CLS,LA-2024-02327,52200.00,20240821,20241001,20261001,20260831 235900
LP-2023-02328,I1121,School of Law and Public Policy,Faculty Seed Grant Program,TRN,20230620,244000.00,DCL,,0.00,20230805,,,20260831 235900
LP-2025-02329,I1147,College of Social Innovation,Biomedical Discovery Foundation,EQP,20250423,248800.00,WD,,0.00,20250827,,,20260831 235900
LP-2026-02330,I1013,School of Business,Northstar Analytics,FEL,20260316,255800.00,DCL,,0.00,20260831,,,20260831 235900
LP-2025-02331,I1168,College of Architecture and Design,Community Wellbeing Trust,INT,20251016,128500.00,DCL,,0.00,20251222,,,20260831 235900
LP-2026-02332,I1009,School of Law and Public Policy,Northstar Analytics,RES,20260125,68700.00,AWD,LA-2026-02332,57300.00,20260309,20260327,20270327,20260831 235900
LP-2023-02333,I1135,College of Health Sciences,Natural Sciences Research Council,RES,20231027,95700.00,ACT,LA-2023-02333,71800.00,20240114,20240302,20260302,20260831 235900
LP-2025-02334,I1115,College of Social Innovation,National Health Research Council,RES,20250526,70200.00,AWD,LA-2025-02334,43800.00,20251130,20251222,20270615,20260831 235900
LP-2023-02335,I1052,College of Humanities,Interdisciplinary Catalyst Fund,TRN,20230514,484100.00,DCL,,0.00,20231013,,,20260831 235900
LP-2025-02336,I1021,School of Business,Northstar Analytics,FEL,20250316,152800.00,DCL,,0.00,20250703,,,20260831 235900
LP-2025-02337,I1106,College of Engineering,Internal Strategic Research Fund,EQP,20250517,489100.00,CLS,LA-2025-02337,305300.00,20250825,20251005,20281004,20260831 235900
LP-2024-02338,I1095,College of Health Sciences,International Research Consortium,INT,20240625,93100.00,DCL,,0.00,20241021,,,20260831 235900
LP-2025-02339,I1034,College of Engineering,Faculty Seed Grant Program,RES,20250625,454500.00,CLS,LA-2025-02339,296800.00,20251220,20260124,20280124,20260831 235900
LP-2023-02340,I1134,College of Science,Biomedical Discovery Foundation,RES,20231101,360300.00,DCL,,0.00,20231211,,,20260831 235900
LP-2023-02341,I1125,School of Business,Global Development Partnership,TRN,20230323,44900.00,DCL,,0.00,20230508,,,20260831 235900
LP-2025-02342,I1149,School of Business,Biomedical Discovery Foundation,RES,20250305,194700.00,WD,,0.00,20250703,,,20260831 235900
LP-2024-02343,I1060,College of Humanities,Faculty Seed Grant Program,RES,20240925,217500.00,ACT,LA-2024-02343,204500.00,20241215,20250127,20260721,20260831 235900
LP-2024-02344,I1039,College of Health Sciences,National Health Research Council,RES,20240428,61500.00,DCL,,0.00,20241006,,,20260831 235900
LP-2023-02345,I1094,College of Science,Future Cities Foundation,EQP,20230426,24900.00,DCL,,0.00,20230808,,,20260831 235900
LP-2023-02346,I1071,College of Health Sciences,Department of Public Health,RES,20230425,418900.00,ACT,LA-2023-02346,402100.00,20230728,20230923,20240922,20260831 235900
LP-2025-02347,I1118,College of Science,Civic Data Collaborative,RES,20250517,27900.00,ACT,LA-2025-02347,26600.00,20250809,20250821,20270821,20260831 235900
LP-2023-02348,I1108,College of Humanities,National Science Foundation,RES,20231115,113900.00,DCL,,0.00,20240208,,,20260831 235900
LP-2023-02349,I1080,College of Architecture and Design,Interdisciplinary Catalyst Fund,RES,20230603,231700.00,DCL,,0.00,20230913,,,20260831 235900
LP-2023-02350,I1087,College of Health Sciences,Apex Biotechnologies,TRN,20231231,459400.00,DCL,,0.00,20240207,,,20260831 235900
LP-2026-02351,I1178,College of Engineering,Internal Strategic Research Fund,EQP,20260514,137700.00,REV,,0.00,,,,20260831 235900
LP-2026-02352,I1163,College of Social Innovation,Global Development Partnership,TRN,20260114,120200.00,ACT,LA-2026-02352,80200.00,20260703,20260713,20280104,20260831 235900
LP-2024-02353,I1034,College of Engineering,Community Wellbeing Trust,INT,20240118,200000.00,CLS,LA-2024-02353,159900.00,20240303,20240402,20250924,20260831 235900
LP-2023-02354,I1125,School of Business,Department of Public Health,RES,20231020,126900.00,CLS,LA-2023-02354,83800.00,20231127,20240124,20270123,20260831 235900
LP-2025-02355,I1147,College of Social Innovation,Faculty Seed Grant Program,RES,20250228,163700.00,ACT,LA-2025-02355,139700.00,20250607,20250717,20270717,20260831 235900
LP-2024-02356,I1047,College of Health Sciences,Massachusetts Innovation Fund,RES,20241013,421500.00,DCL,,0.00,20250305,,,20260831 235900
LP-2024-02357,I1085,School of Business,Vertex Mobility Systems,FEL,20241223,88800.00,DCL,,0.00,20250401,,,20260831 235900
LP-2026-02358,I1132,College of Humanities,Future Cities Foundation,FEL,20260122,129000.00,ACT,LA-2026-02358,91400.00,20260506,20260527,20271118,20260831 235900
LP-2026-02359,I1144,College of Architecture and Design,Massachusetts Innovation Fund,EQP,20260624,228000.00,ACT,LA-2026-02359,178500.00,20260831,20261019,20280411,20260831 235900
LP-2023-02360,I1177,School of Law and Public Policy,Future Cities Foundation,TRN,20230803,220500.00,DCL,,0.00,20231111,,,20260831 235900
LP-2024-02361,I1011,College of Social Innovation,Advanced Technology Agency,RES,20240326,39500.00,CLS,LA-2024-02361,25000.00,20240902,20240916,20260310,20260831 235900
LP-2026-02362,I1124,College of Humanities,Ontario Research Fund,TRN,20260216,26900.00,ACT,LA-2026-02362,24900.00,20260622,20260804,20270804,20260831 235900
LP-2023-02363,I1151,College of Health Sciences,Biomedical Discovery Foundation,RES,20231218,242200.00,ACT,LA-2023-02363,162200.00,20240418,20240701,20250701,20260831 235900
LP-2023-02364,I1019,College of Social Innovation,Faculty Seed Grant Program,RES,20230907,99600.00,DCL,,0.00,20240220,,,20260831 235900
LP-2024-02365,I1119,College of Health Sciences,Faculty Seed Grant Program,RES,20240127,240200.00,DCL,,0.00,20240711,,,20260831 235900
LP-2024-02366,I1017,School of Law and Public Policy,Northstar Analytics,EQP,20240325,129200.00,ACT,LA-2024-02366,121600.00,20240610,20240721,20270721,20260831 235900
LP-2024-02367,I1148,College of Humanities,Community Wellbeing Trust,EQP,20241201,143500.00,ACT,LA-2024-02367,102600.00,20250501,20250714,20260714,20260831 235900
LP-2026-02368,I1013,School of Business,Faculty Seed Grant Program,RES,20260504,49700.00,ACT,LA-2026-02368,43100.00,20260619,20260901,20270901,20260831 235900
LP-2026-02369,I1158,College of Science,Community Wellbeing Trust,RES,20260712,125200.00,DCL,,0.00,20260831,,,20260831 235900
LP-2024-02370,I1045,School of Business,Helix Medical Devices,RES,20240202,214900.00,CLS,LA-2024-02370,154300.00,20240327,20240424,20260424,20260831 235900
LP-2023-02371,I1128,College of Architecture and Design,Department of Public Health,FEL,20230607,98100.00,ACT,LA-2023-02371,67500.00,20231109,20231205,20250528,20260831 235900
LP-2024-02372,I1085,School of Business,Future Cities Foundation,TRN,20240131,289400.00,DCL,,0.00,20240427,,,20260831 235900
LP-2024-02373,I1159,College of Health Sciences,Department of Energy and Climate,RES,20240325,36300.00,CLS,LA-2024-02373,26900.00,20240512,20240710,20270710,20260831 235900
LP-2026-02374,I1052,College of Humanities,Global Development Partnership,RES,20260704,78100.00,REV,,0.00,,,,20260831 235900
LP-2024-02375,I1097,School of Law and Public Policy,Vertex Mobility Systems,RES,20240109,31900.00,DCL,,0.00,20240317,,,20260831 235900
LP-2023-02376,I1040,College of Architecture and Design,Department of Public Health,TRN,20230518,53000.00,DCL,,0.00,20230920,,,20260831 235900
LP-2025-02377,I1074,College of Engineering,Faculty Seed Grant Program,EQP,20250703,305200.00,DCL,,0.00,20260105,,,20260831 235900
LP-2025-02378,I1110,College of Science,Helix Medical Devices,RES,20251120,154100.00,ACT,LA-2025-02378,99900.00,20260228,20260311,20290310,20260831 235900
LP-2024-02379,I1167,College of Health Sciences,Natural Sciences Research Council,TRN,20241129,130500.00,DCL,,0.00,20250422,,,20260831 235900
LP-2023-02380,I1060,College of Humanities,National Health Research Council,RES,20231110,420900.00,DCL,,0.00,20240425,,,20260831 235900
LP-2026-02381,I1162,College of Engineering,Ontario Research Fund,RES,20260813,86600.00,WD,,0.00,20260831,,,20260831 235900
LP-2024-02382,I1117,School of Business,Global Development Partnership,RES,20240912,39300.00,DCL,,0.00,20250130,,,20260831 235900
LP-2024-02383,I1058,College of Engineering,Faculty Seed Grant Program,RES,20241126,68500.00,DCL,,0.00,20250603,,,20260831 235900
LP-2023-02384,I1104,College of Architecture and Design,Education Access Foundation,TRN,20230617,37900.00,CLS,LA-2023-02384,33100.00,20231114,20231227,20241226,20260831 235900
LP-2025-02385,I1073,School of Law and Public Policy,Advanced Technology Agency,INT,20251227,125400.00,ACT,LA-2025-02385,113500.00,20260413,20260505,20290504,20260831 235900
LP-2024-02386,I1010,College of Engineering,Department of Public Health,EQP,20240529,151300.00,ACT,LA-2024-02386,144500.00,20240709,20240817,20250817,20260831 235900
LP-2026-02387,I1030,College of Science,Helix Medical Devices,TRN,20260728,159700.00,REV,,0.00,,,,20260831 235900
LP-2026-02388,I1063,College of Health Sciences,Global Development Partnership,TRN,20260801,199500.00,SUB,,0.00,,,,20260831 235900
LP-2023-02389,I1158,College of Science,Future Cities Foundation,RES,20230206,148600.00,DCL,,0.00,20230516,,,20260831 235900
LP-2026-02390,I1098,College of Engineering,Social Innovation Research Council,RES,20260807,67900.00,SUB,,0.00,,,,20260831 235900
LP-2025-02391,I1177,School of Law and Public Policy,National Health Research Council,RES,20251214,59000.00,ACT,LA-2025-02391,41500.00,20260308,20260511,20271102,20260831 235900
LP-2025-02392,I1089,School of Law and Public Policy,Global Health Foundation,RES,20250324,29700.00,DCL,,0.00,20250811,,,20260831 235900
LP-2026-02393,I1103,College of Health Sciences,Natural Sciences Research Council,TRN,20260804,46000.00,REV,,0.00,,,,20260831 235900
LP-2026-02394,I1059,College of Social Innovation,National Science Foundation,RES,20260720,624200.00,REV,,0.00,,,,20260831 235900
LP-2023-02395,I1024,College of Architecture and Design,Internal Strategic Research Fund,INT,20231115,30300.00,CLS,LA-2023-02395,22300.00,20240515,20240527,20260527,20260831 235900
LP-2023-02396,I1027,College of Social Innovation,Department of Energy and Climate,RES,20230430,166900.00,WD,,0.00,20230925,,,20260831 235900
LP-2023-02397,I1141,School of Business,Natural Sciences Research Council,EQP,20230402,128500.00,DCL,,0.00,20230802,,,20260831 235900
LP-2026-02398,I1091,College of Social Innovation,Interdisciplinary Catalyst Fund,RES,20260115,206000.00,DCL,,0.00,20260530,,,20260831 235900
LP-2023-02399,I1093,School of Business,Social Innovation Research Council,FEL,20230123,59800.00,DCL,,0.00,20230228,,,20260831 235900
LP-2025-02400,I1142,College of Science,National Science Foundation,RES,20250419,42900.00,ACT,LA-2025-02400,27700.00,20250913,20251122,20281121,20260831 235900
LP-2025-02401,I1034,College of Engineering,Faculty Seed Grant Program,RES,20250516,70800.00,AWD,LA-2025-02401,59500.00,20251101,20251128,20271128,20260831 235900
LP-2023-02402,I1175,College of Health Sciences,National Health Research Council,TRN,20230223,161300.00,DCL,,0.00,20230417,,,20260831 235900
LP-2023-02403,I1096,College of Architecture and Design,Natural Sciences Research Council,RES,20230308,227900.00,DCL,,0.00,20230620,,,20260831 235900
LP-2025-02404,I1125,School of Business,Global Health Foundation,FEL,20250502,45900.00,AWD,LA-2025-02404,43500.00,20250810,20251005,20281004,20260831 235900
LP-2023-02405,I1104,College of Architecture and Design,Ontario Research Fund,INT,20231225,156200.00,WD,,0.00,20240224,,,20260831 235900
LP-2023-02406,I1065,School of Law and Public Policy,Civic Data Collaborative,INT,20230918,58600.00,CLS,LA-2023-02406,46500.00,20231026,20231206,20250529,20260831 235900
LP-2026-02407,I1180,College of Humanities,International Research Consortium,EQP,20260111,99400.00,DCL,,0.00,20260518,,,20260831 235900
LP-2026-02408,I1103,College of Health Sciences,Apex Biotechnologies,INT,20260320,70800.00,DCL,,0.00,20260831,,,20260831 235900
LP-2025-02409,I1050,College of Engineering,Natural Sciences Research Council,INT,20250630,275600.00,ACT,LA-2025-02409,172200.00,20251107,20251122,20270516,20260831 235900
LP-2026-02410,I1166,College of Science,National Health Research Council,FEL,20260422,339900.00,REV,,0.00,,,,20260831 235900
LP-2024-02411,I1104,College of Architecture and Design,Natural Sciences Research Council,RES,20240316,57500.00,CLS,LA-2024-02411,37700.00,20240713,20240915,20270915,20260831 235900
LP-2025-02412,I1025,School of Law and Public Policy,Massachusetts Innovation Fund,TRN,20251116,270300.00,ACT,LA-2025-02412,210000.00,20260323,20260405,20280404,20260831 235900
LP-2025-02413,I1148,College of Humanities,Apex Biotechnologies,FEL,20250726,156900.00,ACT,LA-2025-02413,99800.00,20250930,20251109,20271109,20260831 235900
LP-2025-02414,I1104,College of Architecture and Design,National Science Foundation,RES,20251231,55900.00,DCL,,0.00,20260215,,,20260831 235900
LP-2025-02415,I1084,College of Humanities,Natural Sciences Research Council,EQP,20251102,58300.00,ACT,LA-2025-02415,50500.00,20251214,20260118,20270118,20260831 235900
LP-2025-02416,I1099,College of Social Innovation,National Health Research Council,RES,20250407,242100.00,DCL,,0.00,20250525,,,20260831 235900
LP-2023-02417,I1015,College of Health Sciences,Apex Biotechnologies,RES,20230729,146700.00,CLS,LA-2023-02417,111900.00,20231111,20231214,20241213,20260831 235900
LP-2023-02418,I1173,School of Business,Natural Sciences Research Council,RES,20231222,170400.00,DCL,,0.00,20240320,,,20260831 235900
LP-2023-02419,I1132,College of Humanities,Natural Sciences Research Council,INT,20231205,107400.00,CLS,LA-2023-02419,92200.00,20240327,20240501,20250501,20260831 235900
LP-2024-02420,I1132,College of Humanities,Natural Sciences Research Council,RES,20240419,121000.00,CLS,LA-2024-02420,115800.00,20240713,20240901,20260901,20260831 235900
LP-2023-02421,I1108,College of Humanities,Department of Energy and Climate,RES,20231204,443600.00,DCL,,0.00,20240201,,,20260831 235900
LP-2025-02422,I1077,School of Business,Interdisciplinary Catalyst Fund,RES,20251209,63500.00,DCL,,0.00,20260225,,,20260831 235900
LP-2023-02423,I1145,School of Law and Public Policy,International Research Consortium,RES,20231119,256500.00,ACT,LA-2023-02423,227400.00,20240304,20240428,20251020,20260831 235900
LP-2024-02424,I1057,School of Law and Public Policy,Education Access Foundation,RES,20240220,172800.00,DCL,,0.00,20240815,,,20260831 235900
LP-2023-02425,I1099,College of Social Innovation,Community Wellbeing Trust,RES,20230117,206500.00,CLS,LA-2023-02425,132600.00,20230605,20230722,20250721,20260831 235900
LP-2025-02426,I1103,College of Health Sciences,Civic Data Collaborative,RES,20250706,46300.00,ACT,LA-2025-02426,46100.00,20251026,20251116,20270510,20260831 235900
LP-2024-02427,I1177,School of Law and Public Policy,Ontario Research Fund,RES,20241225,78700.00,ACT,LA-2024-02427,66900.00,20250507,20250624,20280623,20260831 235900
LP-2024-02428,I1056,College of Architecture and Design,Urban Resilience Network,RES,20240223,185600.00,WD,,0.00,20240726,,,20260831 235900
LP-2026-02429,I1142,College of Science,Apex Biotechnologies,EQP,20260606,254700.00,ACT,LA-2026-02429,228700.00,20260831,20261101,20271101,20260831 235900
LP-2024-02430,I1022,College of Science,Apex Biotechnologies,RES,20240712,264900.00,CLS,LA-2024-02430,264500.00,20241006,20241219,20251219,20260831 235900
LP-2023-02431,I1145,School of Law and Public Policy,Massachusetts Innovation Fund,EQP,20230412,1026500.00,CLS,LA-2023-02431,650200.00,20230827,20231030,20241029,20260831 235900
LP-2026-02432,I1103,College of Health Sciences,Internal Strategic Research Fund,FEL,20260109,31700.00,AWD,LA-2026-02432,29800.00,20260222,20260317,20270317,20260831 235900
LP-2025-02433,I1147,College of Social Innovation,Advanced Technology Agency,RES,20250222,313900.00,ACT,LA-2025-02433,211100.00,20250815,20250830,20270830,20260831 235900
LP-2025-02434,I1088,College of Architecture and Design,Helix Medical Devices,INT,20251126,176600.00,CLS,LA-2025-02434,135000.00,20260604,20260721,20290720,20260831 235900
LP-2023-02435,I1135,College of Health Sciences,Natural Sciences Research Council,INT,20230219,33000.00,DCL,,0.00,20230708,,,20260831 235900
LP-2023-02436,I1078,College of Science,Future Cities Foundation,RES,20230703,39600.00,CLS,LA-2023-02436,25800.00,20230808,20230831,20250221,20260831 235900
LP-2025-02437,I1044,College of Humanities,Department of Public Health,RES,20250228,37400.00,ACT,LA-2025-02437,25000.00,20250624,20250821,20280820,20260831 235900
LP-2025-02438,I1141,School of Business,Vertex Mobility Systems,RES,20250828,148400.00,AWD,LA-2025-02438,118200.00,20260112,20260123,20270123,20260831 235900
LP-2025-02439,I1170,College of Engineering,Global Health Foundation,EQP,20251016,42800.00,ACT,LA-2025-02439,42300.00,20260330,20260602,20271124,20260831 235900
LP-2025-02440,I1047,College of Health Sciences,National Science Foundation,EQP,20250131,74700.00,CLS,LA-2025-02440,69500.00,20250530,20250811,20280810,20260831 235900
LP-2025-02441,I1164,College of Humanities,Biomedical Discovery Foundation,RES,20250220,129700.00,DCL,,0.00,20250425,,,20260831 235900
LP-2023-02442,I1042,College of Engineering,Faculty Seed Grant Program,EQP,20230215,599300.00,DCL,,0.00,20230710,,,20260831 235900
LP-2024-02443,I1006,College of Science,Helix Medical Devices,RES,20240618,525900.00,WD,,0.00,20241112,,,20260831 235900
LP-2024-02444,I1035,College of Social Innovation,National Science Foundation,RES,20241202,46800.00,CLS,LA-2024-02444,30500.00,20250330,20250515,20280514,20260831 235900
LP-2024-02445,I1051,College of Social Innovation,Biomedical Discovery Foundation,TRN,20240325,154100.00,CLS,LA-2024-02445,126500.00,20240603,20240717,20260108,20260831 235900
LP-2025-02446,I1166,College of Science,Education Access Foundation,INT,20250918,25700.00,DCL,,0.00,20260322,,,20260831 235900
LP-2023-02447,I1085,School of Business,Biomedical Discovery Foundation,TRN,20230412,45200.00,CLS,LA-2023-02447,36300.00,20230519,20230617,20260616,20260831 235900
LP-2026-02448,I1141,School of Business,Global Health Foundation,RES,20260402,34400.00,DCL,,0.00,20260821,,,20260831 235900
LP-2023-02449,I1094,College of Science,Department of Energy and Climate,RES,20230314,182400.00,ACT,LA-2023-02449,146000.00,20230818,20230919,20250918,20260831 235900
LP-2025-02450,I1152,College of Architecture and Design,Biomedical Discovery Foundation,TRN,20251102,47200.00,ACT,LA-2025-02450,33300.00,20251207,20260201,20270201,20260831 235900
LP-2026-02451,I1043,College of Social Innovation,Faculty Seed Grant Program,RES,20260602,52300.00,WD,,0.00,20260717,,,20260831 235900
LP-2025-02452,I1164,College of Humanities,Urban Resilience Network,FEL,20250807,78500.00,ACT,LA-2025-02452,52600.00,20260129,20260311,20270902,20260831 235900
LP-2023-02453,I1108,College of Humanities,Department of Public Health,EQP,20230329,83600.00,ACT,LA-2023-02453,76400.00,20230826,20231027,20241026,20260831 235900
LP-2024-02454,I1048,College of Architecture and Design,Community Wellbeing Trust,INT,20240729,242300.00,CLS,LA-2024-02454,233700.00,20241001,20241102,20271102,20260831 235900
LP-2026-02455,I1158,College of Science,Faculty Seed Grant Program,RES,20260125,672200.00,DCL,,0.00,20260307,,,20260831 235900
LP-2025-02456,I1172,College of Humanities,Global Health Foundation,RES,20250221,64800.00,WD,,0.00,20250713,,,20260831 235900
LP-2026-02457,I1107,College of Social Innovation,Community Wellbeing Trust,RES,20260418,344700.00,REV,,0.00,,,,20260831 235900
LP-2024-02458,I1137,School of Law and Public Policy,Global Health Foundation,INT,20240821,197600.00,CLS,LA-2024-02458,161200.00,20250208,20250226,20260820,20260831 235900
LP-2024-02459,I1109,School of Business,Civic Data Collaborative,RES,20240723,264000.00,CLS,LA-2024-02459,218600.00,20241217,20241231,20261231,20260831 235900
LP-2025-02460,I1084,College of Humanities,Global Development Partnership,INT,20250524,75300.00,AWD,LA-2025-02460,72300.00,20250813,20251012,20261012,20260831 235900
LP-2026-02461,I1177,School of Law and Public Policy,National Science Foundation,EQP,20260114,93800.00,CLS,LA-2026-02461,88100.00,20260627,20260820,20270820,20260831 235900
LP-2025-02462,I1129,School of Law and Public Policy,Future Cities Foundation,RES,20250805,36000.00,AWD,LA-2025-02462,23500.00,20260125,20260210,20270804,20260831 235900
LP-2025-02463,I1024,College of Architecture and Design,Urban Resilience Network,INT,20250428,116400.00,DCL,,0.00,20250705,,,20260831 235900
LP-2026-02464,I1174,College of Science,Urban Resilience Network,RES,20260527,145200.00,DCL,,0.00,20260831,,,20260831 235900
LP-2025-02465,I1039,College of Health Sciences,Faculty Seed Grant Program,EQP,20250530,338900.00,WD,,0.00,20250829,,,20260831 235900
LP-2026-02466,I1158,College of Science,Urban Resilience Network,RES,20260409,64000.00,AWD,LA-2026-02466,56200.00,20260621,20260818,20280209,20260831 235900
LP-2023-02467,I1020,College of Humanities,Internal Strategic Research Fund,RES,20230303,239100.00,ACT,LA-2023-02467,173200.00,20230526,20230802,20250801,20260831 235900
LP-2024-02468,I1088,College of Architecture and Design,Biomedical Discovery Foundation,RES,20240216,65300.00,ACT,LA-2024-02468,54600.00,20240426,20240614,20250614,20260831 235900
LP-2024-02469,I1166,College of Science,Global Health Foundation,RES,20240421,366600.00,CLS,LA-2024-02469,354000.00,20240927,20241203,20261203,20260831 235900
LP-2025-02470,I1123,College of Social Innovation,Faculty Seed Grant Program,EQP,20250115,128200.00,ACT,LA-2025-02470,83000.00,20250306,20250419,20261011,20260831 235900
LP-2026-02471,I1047,College of Health Sciences,Global Health Foundation,INT,20260419,525500.00,WD,,0.00,20260618,,,20260831 235900
LP-2023-02472,I1111,College of Health Sciences,Community Wellbeing Trust,RES,20230630,70000.00,ACT,LA-2023-02472,65200.00,20230831,20231105,20250428,20260831 235900
LP-2024-02473,I1174,College of Science,Global Health Foundation,RES,20240424,256200.00,CLS,LA-2024-02473,166100.00,20241024,20241222,20271222,20260831 235900
LP-2025-02474,I1065,School of Law and Public Policy,Community Wellbeing Trust,RES,20250224,196000.00,DCL,,0.00,20250419,,,20260831 235900
LP-2023-02475,I1098,College of Engineering,Internal Strategic Research Fund,RES,20230121,160200.00,DCL,,0.00,20230523,,,20260831 235900
LP-2026-02476,I1010,College of Engineering,Ontario Research Fund,RES,20260126,98200.00,CLS,LA-2026-02476,87700.00,20260311,20260420,20271012,20260831 235900
LP-2023-02477,I1124,College of Humanities,Vertex Mobility Systems,RES,20230301,96400.00,CLS,LA-2023-02477,68900.00,20230709,20230916,20260915,20260831 235900
LP-2023-02478,I1002,College of Engineering,International Research Consortium,RES,20230223,44400.00,DCL,,0.00,20230827,,,20260831 235900
LP-2025-02479,I1120,College of Architecture and Design,Vertex Mobility Systems,RES,20251124,192200.00,DCL,,0.00,20260110,,,20260831 235900
LP-2024-02480,I1033,School of Law and Public Policy,Faculty Seed Grant Program,RES,20240518,161100.00,ACT,LA-2024-02480,147000.00,20241103,20250110,20270110,20260831 235900
LP-2023-02481,I1101,School of Business,Internal Strategic Research Fund,FEL,20230923,74500.00,ACT,LA-2023-02481,71300.00,20240315,20240415,20260415,20260831 235900
LP-2023-02482,I1174,College of Science,National Health Research Council,RES,20230415,76400.00,DCL,,0.00,20230616,,,20260831 235900
LP-2026-02483,I1150,College of Science,Global Development Partnership,RES,20260514,133400.00,DCL,,0.00,20260831,,,20260831 235900
LP-2026-02484,I1015,College of Health Sciences,Interdisciplinary Catalyst Fund,FEL,20260711,160500.00,REV,,0.00,,,,20260831 235900
LP-2024-02485,I1175,College of Health Sciences,Global Health Foundation,RES,20240130,73300.00,DCL,,0.00,20240308,,,20260831 235900
LP-2024-02486,I1047,College of Health Sciences,Global Development Partnership,RES,20240405,82000.00,WD,,0.00,20240726,,,20260831 235900
LP-2026-02487,I1154,College of Engineering,Helix Medical Devices,RES,20260730,466300.00,SUB,,0.00,,,,20260831 235900
LP-2024-02488,I1097,School of Law and Public Policy,Faculty Seed Grant Program,FEL,20240229,55400.00,ACT,LA-2024-02488,48400.00,20240517,20240712,20250712,20260831 235900
LP-2025-02489,I1172,College of Humanities,Community Wellbeing Trust,RES,20251214,170600.00,ACT,LA-2025-02489,114700.00,20260613,20260719,20280110,20260831 235900
LP-2025-02490,I1025,School of Law and Public Policy,Natural Sciences Research Council,RES,20251015,69500.00,AWD,LA-2025-02490,68300.00,20251224,20260118,20270118,20260831 235900
LP-2024-02491,I1027,College of Social Innovation,Internal Strategic Research Fund,EQP,20240816,335900.00,DCL,,0.00,20241225,,,20260831 235900
LP-2026-02492,I1168,College of Architecture and Design,Urban Resilience Network,RES,20260227,202300.00,ACT,LA-2026-02492,172500.00,20260818,20260919,20280312,20260831 235900
LP-2023-02493,I1072,College of Architecture and Design,Social Innovation Research Council,RES,20230505,61500.00,DCL,,0.00,20230929,,,20260831 235900
LP-2025-02494,I1023,College of Health Sciences,Faculty Seed Grant Program,INT,20251210,48100.00,DCL,,0.00,20260411,,,20260831 235900
LP-2026-02495,I1152,College of Architecture and Design,National Health Research Council,TRN,20260407,214800.00,ACT,LA-2026-02495,205600.00,20260831,20261114,20281113,20260831 235900
LP-2025-02496,I1170,College of Engineering,Education Access Foundation,RES,20250518,47100.00,DCL,,0.00,20250816,,,20260831 235900
LP-2023-02497,I1152,College of Architecture and Design,International Research Consortium,RES,20230916,194100.00,CLS,LA-2023-02497,162700.00,20231208,20231222,20261221,20260831 235900
LP-2024-02498,I1095,College of Health Sciences,Apex Biotechnologies,RES,20240904,75500.00,WD,,0.00,20241023,,,20260831 235900
LP-2023-02499,I1043,College of Social Innovation,Northstar Analytics,EQP,20230909,43100.00,DCL,,0.00,20231110,,,20260831 235900
LP-2023-02500,I1125,School of Business,National Health Research Council,RES,20230602,41200.00,DCL,,0.00,20230718,,,20260831 235900
