current_proposal_id,legacy_proposal_no,researcher_key,org_unit_code,sponsor_id,proposal_category,submitted_at,requested_total,workflow_status,current_award_id,obligated_amount,decision_at,award_start_date,award_end_date,row_last_updated
EP2-000001,LP-2026-00001,R0051,SOC,S010,Equipment,2026-07-18T12:00:00Z,58100.00,UNDER_REVIEW,,0.00,,,,2026-08-31T23:59:00Z
EP2-000002,LP-2025-00002,R0052,HUM,S021,Research Project,2025-11-01T12:00:00Z,571400.00,ACTIVE,AW2-2025-00002,437800.00,2026-02-15T12:00:00Z,2026-03-08,2029-03-07,2026-08-31T23:59:00Z
EP2-000003,LP-2024-00003,R0142,SCI,S025,Research Project,2024-12-06T12:00:00Z,142700.00,ACTIVE,AW2-2024-00003,97700.00,2025-02-23T12:00:00Z,2025-04-04,2028-04-03,2026-08-31T23:59:00Z
EP2-000004,LP-2023-00004,R0029,BUS,S021,Equipment,2023-07-07T12:00:00Z,96200.00,ACTIVE,AW2-2023-00004,71300.00,2023-11-26T12:00:00Z,2024-01-19,2025-07-12,2026-08-31T23:59:00Z
EP2-000005,LP-2023-00005,R0041,LAW,S014,Research Project,2023-05-19T12:00:00Z,80500.00,NOT_FUNDED,,0.00,2023-08-07T12:00:00Z,,,2026-08-31T23:59:00Z
EP2-000006,LP-2023-00006,R0125,BUS,S002,Research Project,2023-08-02T12:00:00Z,389100.00,ACTIVE,AW2-2023-00006,362600.00,2023-10-01T12:00:00Z,2023-11-04,2025-11-03,2026-08-31T23:59:00Z
EP2-000007,LP-2025-00007,R0057,LAW,S003,Internal Seed,2025-09-09T12:00:00Z,40200.00,ACTIVE,AW2-2025-00007,38100.00,2025-10-31T12:00:00Z,2026-01-01,2028-01-01,2026-08-31T23:59:00Z
EP2-000008,LP-2023-00008,R0167,HSC,S021,Research Project,2023-05-16T12:00:00Z,59800.00,NOT_FUNDED,,0.00,2023-10-12T12:00:00Z,,,2026-08-31T23:59:00Z
EP2-000009,LP-2023-00009,R0055,HSC,S014,Internal Seed,2023-05-16T12:00:00Z,34700.00,NOT_FUNDED,,0.00,2023-07-18T12:00:00Z,,,2026-08-31T23:59:00Z
EP2-000011,LP-2024-00011,R0159,HSC,S020,Research Project,2024-03-08T12:00:00Z,402400.00,CLOSED,AW2-2024-00011,318000.00,2024-06-02T12:00:00Z,2024-07-13,2026-01-04,2026-08-31T23:59:00Z
EP2-000012,LP-2024-00012,R0177,LAW,S010,Internal Seed,2024-04-02T12:00:00Z,395500.00,NOT_FUNDED,,0.00,2024-08-23T12:00:00Z,,,2026-08-31T23:59:00Z
EP2-000013,LP-2026-00013,R0113,LAW,S005,Research Project,2026-06-15T12:00:00Z,54700.00,NOT_FUNDED,,0.00,2026-08-20T12:00:00Z,,,2026-08-31T23:59:00Z
EP2-000014,LP-2024-00014,R0031,HSC,S012,Fellowship,2024-04-26T12:00:00Z,224400.00,NOT_FUNDED,,0.00,2024-08-06T12:00:00Z,,,2026-08-31T23:59:00Z
EP2-000015,LP-2025-00015,R0021,BUS,S025,Research Project,2025-04-30T12:00:00Z,123800.00,NOT_FUNDED,,0.00,2025-08-24T12:00:00Z,,,2026-08-31T23:59:00Z
EP2-000016,LP-2024-00016,R0170,ENG,S007,Research Project,2024-07-25T12:00:00Z,51600.00,NOT_FUNDED,,0.00,2024-09-01T12:00:00Z,,,2026-08-31T23:59:00Z
EP2-000017,LP-2024-00017,R0170,ENG,S019,Internal Seed,2024-01-26T12:00:00Z,80000.00,CLOSED,AW2-2024-00017,71200.00,2024-06-26T12:00:00Z,2024-09-02,2026-09-02,2026-08-31T23:59:00Z
EP2-000018,LP-2026-00018,R0012,HUM,S021,Internal Seed,2026-08-11T12:00:00Z,154000.00,UNDER_REVIEW,,0.00,,,,2026-08-31T23:59:00Z
EP2-000019,LP-2023-00019,R0179,SOC,S001,Research Project,2023-05-01T12:00:00Z,102500.00,CLOSED,AW2-2023-00019,81100.00,2023-09-04T12:00:00Z,2023-10-30,2025-10-29,2026-08-31T23:59:00Z
EP2-000020,LP-2023-00020,R0004,HUM,S001,Training Grant,2023-10-14T12:00:00Z,61600.00,NOT_FUNDED,,0.00,2024-01-26T12:00:00Z,,,2026-08-31T23:59:00Z
EP2-000021,LP-2023-00021,R0089,LAW,S023,Research Project,2023-01-31T12:00:00Z,145600.00,CLOSED,AW2-2023-00021,100000.00,2023-07-30T12:00:00Z,2023-09-21,2025-03-14,2026-08-31T23:59:00Z
EP2-000022,LP-2024-00022,R0114,ENG,S014,Research Project,2024-08-29T12:00:00Z,65200.00,CLOSED,AW2-2024-00022,59600.00,2024-11-11T12:00:00Z,2024-12-21,2025-12-21,2026-08-31T23:59:00Z
EP2-000023,LP-2025-00023,R0060,HUM,S013,Research Project,2025-07-27T12:00:00Z,283000.00,NOT_FUNDED,,0.00,2025-09-03T12:00:00Z,,,2026-08-31T23:59:00Z
EP2-000024,LP-2024-00024,R0099,SOC,S006,Research Project,2024-07-08T12:00:00Z,261300.00,WITHDRAWN,,0.00,2024-10-02T12:00:00Z,,,2026-08-31T23:59:00Z
EP2-000025,LP-2023-00025,R0054,SCI,S006,Research Project,2023-02-04T12:00:00Z,62500.00,CLOSED,AW2-2023-00025,58500.00,2023-06-14T12:00:00Z,2023-06-28,2025-06-27,2026-08-31T23:59:00Z
EP2-000026,LP-2023-00026,R0096,ARC,S015,Equipment,2023-11-28T12:00:00Z,20700.00,CLOSED,AW2-2023-00026,16600.00,2024-05-19T12:00:00Z,2024-05-31,2027-05-31,2026-08-31T23:59:00Z
EP2-000027,LP-2023-00027,R0165,BUS,S013,Training Grant,2023-02-10T12:00:00Z,470000.00,ACTIVE,AW2-2023-00027,308300.00,2023-04-05T12:00:00Z,2023-06-13,2026-06-12,2026-08-31T23:59:00Z
EP2-000028,LP-2025-00028,R0163,SOC,S001,Research Project,2025-08-07T12:00:00Z,129300.00,AWARDED,AW2-2025-00028,82100.00,2025-12-29T12:00:00Z,2026-01-18,2027-07-12,2026-08-31T23:59:00Z
EP2-000029,LP-2023-00029,R0082,ENG,S013,Training Grant,2023-12-13T12:00:00Z,209100.00,CLOSED,AW2-2023-00029,141400.00,2024-02-22T12:00:00Z,2024-04-15,2025-10-07,2026-08-31T23:59:00Z
EP2-000030,LP-2025-00030,R0093,BUS,S005,Fellowship,2025-09-01T12:00:00Z,133700.00,NOT_FUNDED,,0.00,2025-10-10T12:00:00Z,,,2026-08-31T23:59:00Z
EP2-000031,LP-2025-00031,R0059,SOC,S004,Equipment,2025-01-16T12:00:00Z,56700.00,ACTIVE,AW2-2025-00031,37000.00,2025-04-28T12:00:00Z,2025-07-07,2028-07-06,2026-08-31T23:59:00Z
EP2-000032,LP-2024-00032,R0164,HUM,S002,Research Project,2024-06-07T12:00:00Z,74200.00,ACTIVE,AW2-2024-00032,51500.00,2024-09-13T12:00:00Z,2024-10-04,2026-03-28,2026-08-31T23:59:00Z
EP2-000033,LP-2024-00033,R0105,LAW,S002,Fellowship,2024-08-10T12:00:00Z,392400.00,NOT_FUNDED,,0.00,2024-11-03T12:00:00Z,,,2026-08-31T23:59:00Z
EP2-000034,LP-2026-00034,R0122,ENG,S011,Internal Seed,2026-02-12T12:00:00Z,50100.00,NOT_FUNDED,,0.00,2026-06-28T12:00:00Z,,,2026-08-31T23:59:00Z
EP2-000035,LP-2025-00035,R0084,HUM,S025,Internal Seed,2025-03-21T12:00:00Z,32900.00,NOT_FUNDED,,0.00,2025-06-11T12:00:00Z,,,2026-08-31T23:59:00Z
EP2-000036,LP-2024-00036,R0090,ENG,S010,Research Project,2024-07-02T12:00:00Z,57500.00,ACTIVE,AW2-2024-00036,41600.00,2024-08-06T12:00:00Z,2024-09-06,2025-09-06,2026-08-31T23:59:00Z
EP2-000037,LP-2024-00037,R0089,LAW,S019,Equipment,2024-10-14T12:00:00Z,44900.00,WITHDRAWN,,0.00,2025-01-01T12:00:00Z,,,2026-08-31T23:59:00Z
EP2-000038,LP-2023-00038,R0151,HSC,S019,Research Project,2023-03-06T12:00:00Z,382400.00,CLOSED,AW2-2023-00038,302100.00,2023-08-12T12:00:00Z,2023-09-16,2025-03-09,2026-08-31T23:59:00Z
EP2-000039,LP-2026-00039,R0027,SOC,S003,Research Project,2026-02-13T12:00:00Z,108500.00,NOT_FUNDED,,0.00,2026-05-18T12:00:00Z,,,2026-08-31T23:59:00Z
EP2-000040,LP-2025-00040,R0143,HSC,S014,Research Project,2025-03-27T12:00:00Z,142600.00,ACTIVE,AW2-2025-00040,104700.00,2025-07-09T12:00:00Z,2025-09-18,2027-09-18,2026-08-31T23:59:00Z
EP2-000041,LP-2024-00041,R0079,HSC,S010,Research Project,2024-03-14T12:00:00Z,40700.00,NOT_FUNDED,,0.00,2024-04-26T12:00:00Z,,,2026-08-31T23:59:00Z
EP2-000042,LP-2024-00042,R0060,HUM,S001,Research Project,2024-08-14T12:00:00Z,112400.00,NOT_FUNDED,,0.00,2024-12-18T12:00:00Z,,,2026-08-31T23:59:00Z
EP2-000043,LP-2026-00043,R0059,SOC,S024,Research Project,2026-03-13T12:00:00Z,182300.00,ACTIVE,AW2-2026-00043,163800.00,2026-07-11T12:00:00Z,2026-07-24,2027-07-24,2026-08-31T23:59:00Z
EP2-000044,LP-2023-00044,R0092,HUM,S001,Research Project,2023-12-21T12:00:00Z,73800.00,NOT_FUNDED,,0.00,2024-06-18T12:00:00Z,,,2026-08-31T23:59:00Z
EP2-000045,LP-2026-00045,R0144,ARC,S022,Research Project,2026-04-10T12:00:00Z,15000.00,AWARDED,AW2-2026-00045,10700.00,2026-08-09T12:00:00Z,2026-10-11,2028-10-10,2026-08-31T23:59:00Z
EP2-000046,LP-2025-00046,R0171,SOC,S013,Research Project,2025-10-17T12:00:00Z,81500.00,ACTIVE,AW2-2025-00046,55500.00,2026-03-01T12:00:00Z,2026-03-30,2029-03-29,2026-08-31T23:59:00Z
EP2-000047,LP-2026-00047,R0102,SCI,S014,Research Project,2026-05-13T12:00:00Z,53700.00,UNDER_REVIEW,,0.00,,,,2026-08-31T23:59:00Z
EP2-000048,LP-2023-00048,R0029,BUS,S021,Research Project,2023-01-28T12:00:00Z,410600.00,ACTIVE,AW2-2023-00048,343900.00,2023-07-01T12:00:00Z,2023-07-16,2026-07-15,2026-08-31T23:59:00Z
EP2-000049,LP-2025-00049,R0010,ENG,S021,Research Project,2025-11-16T12:00:00Z,357100.00,NOT_FUNDED,,0.00,2026-02-16T12:00:00Z,,,2026-08-31T23:59:00Z
EP2-000050,LP-2025-00050,R0103,HSC,S002,Research Project,2025-06-10T12:00:00Z,15000.00,ACTIVE,AW2-2025-00050,11700.00,2025-11-15T12:00:00Z,2026-01-07,2027-07-01,2026-08-31T23:59:00Z
EP2-000052,LP-2024-00052,R0010,ENG,S007,Training Grant,2024-03-29T12:00:00Z,109500.00,ACTIVE,AW2-2024-00052,72900.00,2024-06-01T12:00:00Z,2024-07-04,2026-07-04,2026-08-31T23:59:00Z
EP2-000053,LP-2025-00053,R0007,HSC,S024,Research Project,2025-09-17T12:00:00Z,68200.00,WITHDRAWN,,0.00,2026-01-10T12:00:00Z,,,2026-08-31T23:59:00Z
EP2-000054,LP-2024-00054,R0123,SOC,S004,Internal Seed,2024-04-06T12:00:00Z,340600.00,NOT_FUNDED,,0.00,2024-09-21T12:00:00Z,,,2026-08-31T23:59:00Z
EP2-000055,LP-2025-00055,R0180,HUM,S012,Research Project,2025-08-10T12:00:00Z,291300.00,CLOSED,AW2-2025-00055,255300.00,2025-11-09T12:00:00Z,2025-12-10,2028-12-09,2026-08-31T23:59:00Z
EP2-000056,LP-2024-00056,R0048,ARC,S003,Research Project,2024-04-25T12:00:00Z,56900.00,CLOSED,AW2-2024-00056,50600.00,2024-06-29T12:00:00Z,2024-08-10,2026-08-10,2026-08-31T23:59:00Z
EP2-000057,LP-2025-00057,R0131,SOC,S014,Research Project,2025-05-18T12:00:00Z,73400.00,NOT_FUNDED,,0.00,2025-08-23T12:00:00Z,,,2026-08-31T23:59:00Z
EP2-000058,LP-2023-00058,R0119,HSC,S020,Research Project,2023-04-03T12:00:00Z,195500.00,ACTIVE,AW2-2023-00058,190900.00,2023-07-31T12:00:00Z,2023-09-25,2026-09-24,2026-08-31T23:59:00Z
EP2-000059,LP-2025-00059,R0112,ARC,S016,Equipment,2025-01-03T12:00:00Z,150400.00,NOT_FUNDED,,0.00,2025-04-09T12:00:00Z,,,2026-08-31T23:59:00Z
EP2-000060,LP-2023-00060,R0147,SOC,S023,Research Project,2023-10-29T12:00:00Z,222600.00,ACTIVE,AW2-2023-00060,202500.00,2024-01-08T12:00:00Z,2024-03-21,2026-03-21,2026-08-31T23:59:00Z
EP2-000061,LP-2023-00061,R0088,ARC,S024,Research Project,2023-08-10T12:00:00Z,71300.00,NOT_FUNDED,,0.00,2023-11-27T12:00:00Z,,,2026-08-31T23:59:00Z
EP2-000062,LP-2024-00062,R0158,SCI,S020,Research Project,2024-12-04T12:00:00Z,105100.00,ACTIVE,AW2-2024-00062,71700.00,2025-01-11T12:00:00Z,2025-02-27,2026-02-27,2026-08-31T23:59:00Z
EP2-000063,LP-2023-00063,R0145,LAW,S003,Research Project,2023-08-05T12:00:00Z,121900.00,NOT_FUNDED,,0.00,2023-10-10T12:00:00Z,,,2026-08-31T23:59:00Z
EP2-000064,LP-2024-00064,R0074,ENG,S012,Fellowship,2024-09-14T12:00:00Z,167700.00,ACTIVE,AW2-2024-00064,141700.00,2024-12-01T12:00:00Z,2025-02-05,2027-02-05,2026-08-31T23:59:00Z
EP2-000065,LP-2025-00065,R0068,HUM,S006,Equipment,2025-01-14T12:00:00Z,290100.00,ACTIVE,AW2-2025-00065,217500.00,2025-05-13T12:00:00Z,2025-06-07,2026-06-07,2026-08-31T23:59:00Z
EP2-000066,LP-2025-00066,R0136,ARC,S020,Fellowship,2025-08-14T12:00:00Z,102300.00,ACTIVE,AW2-2025-00066,84700.00,2025-10-28T12:00:00Z,2026-01-11,2027-07-05,2026-08-31T23:59:00Z
EP2-000067,LP-2024-00067,R0013,BUS,S008,Research Project,2024-01-23T12:00:00Z,250600.00,CLOSED,AW2-2024-00067,181600.00,2024-04-18T12:00:00Z,2024-05-20,2027-05-20,2026-08-31T23:59:00Z
EP2-000068,LP-2023-00068,R0107,SOC,S025,Fellowship,2023-02-19T12:00:00Z,203800.00,CLOSED,AW2-2023-00068,197700.00,2023-07-19T12:00:00Z,2023-09-08,2025-03-01,2026-08-31T23:59:00Z
EP2-000069,LP-2026-00069,R0068,HUM,S005,Research Project,2026-02-05T12:00:00Z,221800.00,NOT_FUNDED,,0.00,2026-03-15T12:00:00Z,,,2026-08-31T23:59:00Z
EP2-000070,LP-2026-00070,R0075,SOC,S004,Fellowship,2026-02-28T12:00:00Z,92000.00,NOT_FUNDED,,0.00,2026-05-20T12:00:00Z,,,2026-08-31T23:59:00Z
EP2-000071,LP-2025-00071,R0151,HSC,S005,Training Grant,2025-10-21T12:00:00Z,215100.00,NOT_FUNDED,,0.00,2026-01-15T12:00:00Z,,,2026-08-31T23:59:00Z
EP2-000072,LP-2023-00072,R0047,HSC,S001,Research Project,2023-06-17T12:00:00Z,36300.00,NOT_FUNDED,,0.00,2023-12-14T12:00:00Z,,,2026-08-31T23:59:00Z
EP2-000073,LP-2024-00073,R0024,ARC,S001,Research Project,2024-12-04T12:00:00Z,272000.00,NOT_FUNDED,,0.00,2025-02-22T12:00:00Z,,,2026-08-31T23:59:00Z
EP2-000074,LP-2023-00074,R0122,ENG,S008,Equipment,2023-03-03T12:00:00Z,96100.00,ACTIVE,AW2-2023-00074,90400.00,2023-06-18T12:00:00Z,2023-08-24,2026-08-23,2026-08-31T23:59:00Z
EP2-000075,LP-2023-00075,R0035,SOC,S013,Research Project,2023-03-02T12:00:00Z,46500.00,NOT_FUNDED,,0.00,2023-08-20T12:00:00Z,,,2026-08-31T23:59:00Z
EP2-000076,LP-2024-00076,R0066,ENG,S002,Research Project,2024-12-30T12:00:00Z,1228500.00,NOT_FUNDED,,0.00,2025-03-18T12:00:00Z,,,2026-08-31T23:59:00Z
EP2-000077,LP-2025-00077,R0110,SCI,S006,Training Grant,2025-09-16T12:00:00Z,314600.00,CLOSED,AW2-2025-00077,292800.00,2025-11-07T12:00:00Z,2025-11-23,2027-11-23,2026-08-31T23:59:00Z
EP2-000078,LP-2025-00078,R0101,BUS,S017,Research Project,2025-12-27T12:00:00Z,164600.00,AWARDED,AW2-2025-00078,154300.00,2026-03-07T12:00:00Z,2026-04-17,2029-04-16,2026-08-31T23:59:00Z
EP2-000079,LP-2024-00079,R0090,ENG,S011,Research Project,2024-02-28T12:00:00Z,193300.00,CLOSED,AW2-2024-00079,153500.00,2024-05-03T12:00:00Z,2024-06-23,2025-12-15,2026-08-31T23:59:00Z
EP2-000080,LP-2024-00080,R0119,HSC,S010,Training Grant,2024-08-18T12:00:00Z,747300.00,CLOSED,AW2-2024-00080,723700.00,2024-12-14T12:00:00Z,2025-02-21,2026-02-21,2026-08-31T23:59:00Z
EP2-000081,LP-2023-00081,R0065,LAW,S019,Research Project,2023-07-09T12:00:00Z,437800.00,NOT_FUNDED,,0.00,2023-11-29T12:00:00Z,,,2026-08-31T23:59:00Z
EP2-000082,LP-2023-00082,R0069,BUS,S014,Research Project,2023-11-22T12:00:00Z,20900.00,ACTIVE,AW2-2023-00082,19800.00,2024-05-03T12:00:00Z,2024-06-09,2026-06-09,2026-08-31T23:59:00Z
EP2-000083,LP-2024-00083,R0133,BUS,S025,Equipment,2024-03-10T12:00:00Z,175700.00,NOT_FUNDED,,0.00,2024-05-18T12:00:00Z,,,2026-08-31T23:59:00Z
EP2-000084,LP-2024-00084,R0077,BUS,S019,Research Project,2024-07-17T12:00:00Z,144000.00,NOT_FUNDED,,0.00,2025-01-12T12:00:00Z,,,2026-08-31T23:59:00Z
EP2-000085,LP-2024-00085,R0144,ARC,S018,Research Project,2024-06-18T12:00:00Z,138000.00,NOT_FUNDED,,0.00,2024-08-25T12:00:00Z,,,2026-08-31T23:59:00Z
EP2-000086,LP-2025-00086,R0031,HSC,S025,Internal Seed,2025-02-08T12:00:00Z,143200.00,NOT_FUNDED,,0.00,2025-03-19T12:00:00Z,,,2026-08-31T23:59:00Z
EP2-000087,LP-2025-00087,R0095,HSC,S002,Research Project,2025-06-29T12:00:00Z,212200.00,CLOSED,AW2-2025-00087,166200.00,2025-09-17T12:00:00Z,2025-11-02,2028-11-01,2026-08-31T23:59:00Z
EP2-000088,LP-2025-00088,R0151,HSC,S015,Research Project,2025-10-07T12:00:00Z,107400.00,AWARDED,AW2-2025-00088,72300.00,2026-02-02T12:00:00Z,2026-03-14,2027-09-05,2026-08-31T23:59:00Z
EP2-000089,LP-2023-00089,R0027,SOC,S006,Research Project,2023-05-04T12:00:00Z,106400.00,CLOSED,AW2-2023-00089,103400.00,2023-08-29T12:00:00Z,2023-10-18,2025-04-10,2026-08-31T23:59:00Z
EP2-000090,LP-2023-00090,R0123,SOC,S001,Training Grant,2023-11-21T12:00:00Z,98900.00,CLOSED,AW2-2023-00090,96100.00,2024-02-10T12:00:00Z,2024-03-09,2025-03-09,2026-08-31T23:59:00Z
EP2-000091,LP-2024-00091,R0095,HSC,S020,Research Project,2024-02-18T12:00:00Z,23400.00,CLOSED,AW2-2024-00091,22200.00,2024-05-20T12:00:00Z,2024-06-27,2026-06-27,2026-08-31T23:59:00Z
EP2-000092,LP-2026-00092,R0060,HUM,S018,Fellowship,2026-01-13T12:00:00Z,73500.00,ACTIVE,AW2-2026-00092,69100.00,2026-03-22T12:00:00Z,2026-05-31,2028-05-30,2026-08-31T23:59:00Z
EP2-000093,LP-2023-00093,R0034,ENG,S007,Research Project,2023-07-06T12:00:00Z,319500.00,WITHDRAWN,,0.00,2023-09-08T12:00:00Z,,,2026-08-31T23:59:00Z
EP2-000094,LP-2023-00094,R0018,ENG,S009,Internal Seed,2023-04-29T12:00:00Z,134800.00,NOT_FUNDED,,0.00,2023-06-19T12:00:00Z,,,2026-08-31T23:59:00Z
EP2-000095,LP-2025-00095,R0177,LAW,S014,Research Project,2025-10-28T12:00:00Z,50400.00,NOT_FUNDED,,0.00,2026-04-01T12:00:00Z,,,2026-08-31T23:59:00Z
EP2-000096,LP-2024-00096,R0023,HSC,S001,Research Project,2024-08-11T12:00:00Z,37500.00,CLOSED,AW2-2024-00096,24300.00,2024-09-20T12:00:00Z,2024-11-27,2027-11-27,2026-08-31T23:59:00Z
EP2-000097,LP-2025-00097,R0005,BUS,S003,Research Project,2025-12-03T12:00:00Z,224000.00,CLOSED,AW2-2025-00097,145800.00,2026-06-04T12:00:00Z,2026-06-21,2027-12-13,2026-08-31T23:59:00Z
EP2-000098,LP-2023-00098,R0096,ARC,S001,Research Project,2023-10-09T12:00:00Z,66800.00,ACTIVE,AW2-2023-00098,45800.00,2023-12-12T12:00:00Z,2024-01-19,2026-01-18,2026-08-31T23:59:00Z
EP2-000099,LP-2024-00099,R0176,ARC,S011,Research Project,2024-07-22T12:00:00Z,56700.00,ACTIVE,AW2-2024-00099,49100.00,2025-01-25T12:00:00Z,2025-03-25,2027-03-25,2026-08-31T23:59:00Z
EP2-000100,LP-2025-00100,R0054,SCI,S025,Research Project,2025-06-06T12:00:00Z,68700.00,NOT_FUNDED,,0.00,2025-08-31T12:00:00Z,,,2026-08-31T23:59:00Z
EP2-000101,LP-2025-00101,R0101,BUS,S010,Research Project,2025-10-16T12:00:00Z,56100.00,ACTIVE,AW2-2025-00101,38900.00,2026-02-07T12:00:00Z,2026-02-19,2027-08-13,2026-08-31T23:59:00Z
EP2-000102,LP-2024-00102,R0148,HUM,S003,Research Project,2024-11-13T12:00:00Z,62000.00,ACTIVE,AW2-2024-00102,51200.00,2025-03-08T12:00:00Z,2025-05-03,2026-05-03,2026-08-31T23:59:00Z
EP2-000103,LP-2026-00103,R0008,ARC,S003,Internal Seed,2026-05-30T12:00:00Z,440500.00,UNDER_REVIEW,,0.00,,,,2026-08-31T23:59:00Z
EP2-000104,LP-2023-00104,R0083,SOC,S014,Fellowship,2023-12-01T12:00:00Z,58400.00,NOT_FUNDED,,0.00,2024-03-09T12:00:00Z,,,2026-08-31T23:59:00Z
EP2-000105,LP-2026-00105,R0179,SOC,S001,Internal Seed,2026-05-16T12:00:00Z,206300.00,NOT_FUNDED,,0.00,2026-06-20T12:00:00Z,,,2026-08-31T23:59:00Z
EP2-000106,LP-2023-00106,R0088,ARC,S005,Research Project,2023-08-29T12:00:00Z,80800.00,CLOSED,AW2-2023-00106,55800.00,2024-02-22T12:00:00Z,2024-03-13,2025-09-04,2026-08-31T23:59:00Z
EP2-000107,LP-2024-00107,R0089,LAW,S016,Internal Seed,2024-08-30T12:00:00Z,545800.00,CLOSED,AW2-2024-00107,445200.00,2024-12-20T12:00:00Z,2025-01-10,2027-01-10,2026-08-31T23:59:00Z
EP2-000108,LP-2026-00108,R0160,ARC,S022,Research Project,2026-06-21T12:00:00Z,168300.00,UNDER_REVIEW,,0.00,,,,2026-08-31T23:59:00Z
EP2-000109,LP-2023-00109,R0092,HUM,S015,Research Project,2023-12-25T12:00:00Z,510700.00,WITHDRAWN,,0.00,2024-05-24T12:00:00Z,,,2026-08-31T23:59:00Z
EP2-000110,LP-2026-00110,R0112,ARC,S013,Equipment,2026-03-19T12:00:00Z,164000.00,NOT_FUNDED,,0.00,2026-08-14T12:00:00Z,,,2026-08-31T23:59:00Z
EP2-000111,LP-2023-00111,R0165,BUS,S025,Research Project,2023-09-10T12:00:00Z,90900.00,WITHDRAWN,,0.00,2023-11-21T12:00:00Z,,,2026-08-31T23:59:00Z
EP2-000112,LP-2024-00112,R0038,SCI,S003,Fellowship,2024-04-11T12:00:00Z,112100.00,ACTIVE,AW2-2024-00112,102000.00,2024-09-30T12:00:00Z,2024-10-10,2026-10-10,2026-08-31T23:59:00Z
EP2-000113,LP-2024-00113,R0158,SCI,S010,Training Grant,2024-09-15T12:00:00Z,81700.00,ACTIVE,AW2-2024-00113,81000.00,2024-10-27T12:00:00Z,2024-11-07,2026-11-07,2026-08-31T23:59:00Z
EP2-000114,LP-2023-00114,R0095,HSC,S023,Internal Seed,2023-01-12T12:00:00Z,31600.00,ACTIVE,AW2-2023-00114,26600.00,2023-03-12T12:00:00Z,2023-05-25,2024-05-24,2026-08-31T23:59:00Z
EP2-000115,LP-2023-00115,R0099,SOC,S025,Research Project,2023-07-19T12:00:00Z,120600.00,CLOSED,AW2-2023-00115,83700.00,2023-12-11T12:00:00Z,2024-01-20,2025-01-19,2026-08-31T23:59:00Z
EP2-000116,LP-2023-00116,R0013,BUS,S014,Research Project,2023-04-13T12:00:00Z,84500.00,WITHDRAWN,,0.00,2023-06-12T12:00:00Z,,,2026-08-31T23:59:00Z
EP2-000117,LP-2025-00117,R0143,HSC,S018,Equipment,2025-12-03T12:00:00Z,15000.00,NOT_FUNDED,,0.00,2026-04-21T12:00:00Z,,,2026-08-31T23:59:00Z
EP2-000118,LP-2024-00118,R0083,SOC,S022,Research Project,2024-01-13T12:00:00Z,100600.00,NOT_FUNDED,,0.00,2024-03-09T12:00:00Z,,,2026-08-31T23:59:00Z
EP2-000119,LP-2024-00119,R0113,LAW,S001,Research Project,2024-05-21T12:00:00Z,87400.00,CLOSED,AW2-2024-00119,65200.00,2024-08-15T12:00:00Z,2024-09-30,2027-09-30,2026-08-31T23:59:00Z
EP2-000120,LP-2026-00120,R0122,ENG,S001,Internal Seed,2026-04-18T12:00:00Z,295900.00,WITHDRAWN,,0.00,2026-08-23T12:00:00Z,,,2026-08-31T23:59:00Z
EP2-000121,LP-2023-00121,R0147,SOC,S001,Research Project,2023-06-30T12:00:00Z,156800.00,NOT_FUNDED,,0.00,2023-09-17T12:00:00Z,,,2026-08-31T23:59:00Z
EP2-000122,LP-2026-00122,R0094,SCI,S006,Research Project,2026-07-06T12:00:00Z,178300.00,NOT_FUNDED,,0.00,2026-08-31T12:00:00Z,,,2026-08-31T23:59:00Z
EP2-000123,LP-2024-00123,R0007,HSC,S005,Research Project,2024-09-25T12:00:00Z,712900.00,CLOSED,AW2-2024-00123,506000.00,2025-01-17T12:00:00Z,2025-02-24,2026-08-18,2026-08-31T23:59:00Z
EP2-000124,LP-2023-00124,R0124,HUM,S001,Equipment,2023-06-19T12:00:00Z,105300.00,NOT_FUNDED,,0.00,2023-09-20T12:00:00Z,,,2026-08-31T23:59:00Z
EP2-000125,LP-2025-00125,R0119,HSC,S007,Research Project,2025-12-24T12:00:00Z,145200.00,NOT_FUNDED,,0.00,2026-03-18T12:00:00Z,,,2026-08-31T23:59:00Z
EP2-000126,LP-2025-00126,R0046,SCI,S008,Research Project,2025-12-24T12:00:00Z,64500.00,CLOSED,AW2-2025-00126,59500.00,2026-01-30T12:00:00Z,2026-03-27,2029-03-26,2026-08-31T23:59:00Z
EP2-000127,LP-2024-00127,R0082,ENG,S024,Fellowship,2024-01-09T12:00:00Z,108100.00,NOT_FUNDED,,0.00,2024-04-18T12:00:00Z,,,2026-08-31T23:59:00Z
EP2-000128,LP-2026-00128,R0113,LAW,S006,Research Project,2026-02-02T12:00:00Z,137500.00,ACTIVE,AW2-2026-00128,118700.00,2026-03-16T12:00:00Z,2026-05-07,2029-05-06,2026-08-31T23:59:00Z
EP2-000129,LP-2023-00129,R0051,SOC,S021,Research Project,2023-07-13T12:00:00Z,111200.00,CLOSED,AW2-2023-00129,74200.00,2023-08-30T12:00:00Z,2023-10-13,2025-10-12,2026-08-31T23:59:00Z
EP2-000130,LP-2023-00130,R0053,BUS,S001,Research Project,2023-01-13T12:00:00Z,109900.00,NOT_FUNDED,,0.00,2023-05-12T12:00:00Z,,,2026-08-31T23:59:00Z
EP2-000131,LP-2024-00131,R0023,HSC,S005,Research Project,2024-05-02T12:00:00Z,283100.00,ACTIVE,AW2-2024-00131,267400.00,2024-11-03T12:00:00Z,2024-11-15,2026-11-15,2026-08-31T23:59:00Z
EP2-000132,LP-2025-00132,R0092,HUM,S015,Research Project,2025-07-01T12:00:00Z,414300.00,ACTIVE,AW2-2025-00132,408200.00,2025-10-19T12:00:00Z,2025-12-21,2028-12-20,2026-08-31T23:59:00Z
EP2-000133,LP-2026-00133,R0088,ARC,S008,Fellowship,2026-05-11T12:00:00Z,122100.00,ACTIVE,AW2-2026-00133,80100.00,2026-08-25T12:00:00Z,2026-10-08,2027-10-08,2026-08-31T23:59:00Z
EP2-000134,LP-2023-00134,R0028,HUM,S008,Fellowship,2023-11-18T12:00:00Z,147000.00,CLOSED,AW2-2023-00134,97100.00,2024-04-16T12:00:00Z,2024-05-07,2025-05-07,2026-08-31T23:59:00Z
EP2-000135,LP-2025-00135,R0002,ENG,S001,Equipment,2025-01-16T12:00:00Z,1205100.00,NOT_FUNDED,,0.00,2025-07-13T12:00:00Z,,,2026-08-31T23:59:00Z
EP2-000136,LP-2024-00136,R0052,HUM,S008,Training Grant,2024-12-13T12:00:00Z,83300.00,ACTIVE,AW2-2024-00136,67900.00,2025-05-20T12:00:00Z,2025-06-17,2026-12-09,2026-08-31T23:59:00Z
EP2-000137,LP-2024-00137,R0144,ARC,S017,Research Project,2024-09-13T12:00:00Z,191800.00,ACTIVE,AW2-2024-00137,158800.00,2024-10-27T12:00:00Z,2024-12-12,2026-06-05,2026-08-31T23:59:00Z
EP2-000138,LP-2023-00138,R0155,SOC,S025,Internal Seed,2023-05-31T12:00:00Z,161900.00,CLOSED,AW2-2023-00138,119000.00,2023-09-26T12:00:00Z,2023-11-24,2024-11-23,2026-08-31T23:59:00Z
EP2-000139,LP-2023-00139,R0110,SCI,S005,Research Project,2023-06-13T12:00:00Z,80000.00,NOT_FUNDED,,0.00,2023-08-09T12:00:00Z,,,2026-08-31T23:59:00Z
EP2-000140,LP-2023-00140,R0135,HSC,S011,Fellowship,2023-02-25T12:00:00Z,37000.00,CLOSED,AW2-2023-00140,30400.00,2023-07-15T12:00:00Z,2023-08-01,2025-07-31,2026-08-31T23:59:00Z
EP2-000141,LP-2025-00141,R0099,SOC,S016,Research Project,2025-05-17T12:00:00Z,304200.00,AWARDED,AW2-2025-00141,297700.00,2025-11-21T12:00:00Z,2026-01-26,2027-07-20,2026-08-31T23:59:00Z
EP2-000142,LP-2024-00142,R0086,SCI,S014,Research Project,2024-10-06T12:00:00Z,224300.00,ACTIVE,AW2-2024-00142,141700.00,2025-02-04T12:00:00Z,2025-03-09,2026-03-09,2026-08-31T23:59:00Z
EP2-000144,LP-2024-00144,R0070,SCI,S007,Research Project,2024-10-22T12:00:00Z,481700.00,ACTIVE,AW2-2024-00144,426200.00,2025-01-27T12:00:00Z,2025-03-30,2026-03-30,2026-08-31T23:59:00Z
EP2-000145,LP-2024-00145,R0060,HUM,S010,Research Project,2024-05-13T12:00:00Z,165000.00,ACTIVE,AW2-2024-00145,115500.00,2024-09-21T12:00:00Z,2024-12-01,2026-05-25,2026-08-31T23:59:00Z
EP2-000146,LP-2024-00146,R0080,ARC,S024,Internal Seed,2024-11-27T12:00:00Z,28200.00,CLOSED,AW2-2024-00146,19100.00,2025-05-14T12:00:00Z,2025-07-08,2026-07-08,2026-08-31T23:59:00Z
EP2-000147,LP-2025-00147,R0007,HSC,S002,Research Project,2025-06-15T12:00:00Z,64500.00,ACTIVE,AW2-2025-00147,45800.00,2025-08-22T12:00:00Z,2025-10-10,2026-10-10,2026-08-31T23:59:00Z
EP2-000148,LP-2026-00148,R0140,HUM,S007,Research Project,2026-04-24T12:00:00Z,61200.00,UNDER_REVIEW,,0.00,,,,2026-08-31T23:59:00Z
EP2-000149,LP-2023-00149,R0082,ENG,S006,Fellowship,2023-06-05T12:00:00Z,252500.00,LEGACY_ONLY,AW2-2023-00149,227200.00,2023-08-24T12:00:00Z,2023-10-13,2026-10-12,2026-08-31T23:59:00Z
EP2-000150,LP-2026-00150,R0087,HSC,S019,Research Project,2026-02-28T12:00:00Z,127900.00,ACTIVE,AW2-2026-00150,90800.00,2026-07-13T12:00:00Z,2026-09-13,2029-09-12,2026-08-31T23:59:00Z
EP2-000151,LP-2025-00151,R0016,ARC,S006,Research Project,2025-07-16T12:00:00Z,162900.00,ACTIVE,AW2-2025-00151,127200.00,2025-11-22T12:00:00Z,2026-01-26,2028-01-26,2026-08-31T23:59:00Z
EP2-000152,LP-2026-00152,R0075,SOC,S011,Research Project,2026-07-11T12:00:00Z,95000.00,NOT_FUNDED,,0.00,2026-08-31T12:00:00Z,,,2026-08-31T23:59:00Z
EP2-000153,LP-2024-00153,R0044,HUM,S015,Fellowship,2024-09-04T12:00:00Z,127100.00,NOT_FUNDED,,0.00,2025-01-02T12:00:00Z,,,2026-08-31T23:59:00Z
EP2-000154,LP-2024-00154,R0031,HSC,S025,Equipment,2024-05-17T12:00:00Z,110900.00,WITHDRAWN,,0.00,2024-08-17T12:00:00Z,,,2026-08-31T23:59:00Z
EP2-000155,LP-2026-00155,R0051,SOC,S007,Research Project,2026-01-11T12:00:00Z,195800.00,NOT_FUNDED,,0.00,2026-05-20T12:00:00Z,,,2026-08-31T23:59:00Z
EP2-000156,LP-2024-00156,R0053,BUS,S018,Training Grant,2024-03-28T12:00:00Z,342300.00,CLOSED,AW2-2024-00156,271600.00,2024-07-01T12:00:00Z,2024-08-01,2027-08-01,2026-08-31T23:59:00Z
EP2-000157,LP-2026-00157,R0161,LAW,S005,Equipment,2026-07-11T12:00:00Z,132500.00,AWARDED,AW2-2026-00157,106800.00,2026-08-31T12:00:00Z,2026-10-17,2029-10-16,2026-08-31T23:59:00Z
EP2-000158,LP-2024-00158,R0101,BUS,S014,Research Project,2024-11-17T12:00:00Z,261500.00,ACTIVE,AW2-2024-00158,177700.00,2025-04-05T12:00:00Z,2025-05-04,2028-05-03,2026-08-31T23:59:00Z
EP2-000159,LP-2025-00159,R0142,SCI,S002,Training Grant,2025-11-15T12:00:00Z,235100.00,NOT_FUNDED,,0.00,2026-04-28T12:00:00Z,,,2026-08-31T23:59:00Z
EP2-000160,LP-2023-00160,R0036,HUM,S016,Research Project,2023-01-10T12:00:00Z,132400.00,NOT_FUNDED,,0.00,2023-02-27T12:00:00Z,,,2026-08-31T23:59:00Z
EP2-000161,LP-2024-00161,R0028,HUM,S006,Research Project,2024-07-07T12:00:00Z,411700.00,CLOSED,AW2-2024-00161,383600.00,2024-11-18T12:00:00Z,2025-01-10,2026-01-10,2026-08-31T23:59:00Z
EP2-000162,LP-2023-00162,R0091,SOC,S016,Research Project,2023-09-19T12:00:00Z,160700.00,NOT_FUNDED,,0.00,2024-01-13T12:00:00Z,,,2026-08-31T23:59:00Z
EP2-000163,LP-2026-00163,R0121,LAW,S002,Research Project,2026-01-18T12:00:00Z,98800.00,NOT_FUNDED,,0.00,2026-03-18T12:00:00Z,,,2026-08-31T23:59:00Z
EP2-000164,LP-2025-00164,R0119,HSC,S002,Fellowship,2025-05-22T12:00:00Z,134300.00,NOT_FUNDED,,0.00,2025-11-15T12:00:00Z,,,2026-08-31T23:59:00Z
EP2-000165,LP-2025-00165,R0128,ARC,S024,Research Project,2025-03-09T12:00:00Z,357600.00,CLOSED,AW2-2025-00165,323100.00,2025-06-29T12:00:00Z,2025-09-02,2028-09-01,2026-08-31T23:59:00Z
EP2-000166,LP-2025-00166,R0169,LAW,S010,Research Project,2025-09-18T12:00:00Z,252900.00,NOT_FUNDED,,0.00,2025-10-26T12:00:00Z,,,2026-08-31T23:59:00Z
EP2-000167,LP-2023-00167,R0107,SOC,S024,Research Project,2023-04-01T12:00:00Z,226400.00,NOT_FUNDED,,0.00,2023-08-24T12:00:00Z,,,2026-08-31T23:59:00Z
EP2-000168,LP-2025-00168,R0054,SCI,S009,Internal Seed,2025-09-27T12:00:00Z,503200.00,ACTIVE,AW2-2025-00168,374800.00,2026-04-02T12:00:00Z,2026-05-22,2028-05-21,2026-08-31T23:59:00Z
EP2-000169,LP-2023-00169,R0124,HUM,S014,Training Grant,2023-12-15T12:00:00Z,176300.00,CLOSED,AW2-2023-00169,143500.00,2024-02-04T12:00:00Z,2024-04-18,2026-04-18,2026-08-31T23:59:00Z
EP2-000170,LP-2023-00170,R0138,ENG,S014,Research Project,2023-05-30T12:00:00Z,35900.00,CLOSED,AW2-2023-00170,28800.00,2023-10-09T12:00:00Z,2023-12-21,2026-12-20,2026-08-31T23:59:00Z
EP2-000171,LP-2025-00171,R0073,LAW,S003,Research Project,2025-01-26T12:00:00Z,158000.00,ACTIVE,AW2-2025-00171,99100.00,2025-06-15T12:00:00Z,2025-07-14,2026-07-14,2026-08-31T23:59:00Z
EP2-000172,LP-2025-00172,R0124,HUM,S008,Research Project,2025-09-03T12:00:00Z,172800.00,CLOSED,AW2-2025-00172,120700.00,2025-10-21T12:00:00Z,2025-12-10,2026-12-10,2026-08-31T23:59:00Z
EP2-000173,LP-2025-00173,R0049,LAW,S020,Equipment,2025-08-27T12:00:00Z,53400.00,ACTIVE,AW2-2025-00173,48100.00,2026-02-25T12:00:00Z,2026-04-25,2028-04-24,2026-08-31T23:59:00Z
EP2-000174,LP-2026-00174,R0118,SCI,S003,Fellowship,2026-06-09T12:00:00Z,329500.00,WITHDRAWN,,0.00,2026-08-25T12:00:00Z,,,2026-08-31T23:59:00Z
EP2-000175,LP-2023-00175,R0064,ARC,S023,Research Project,2023-08-14T12:00:00Z,83700.00,NOT_FUNDED,,0.00,2024-02-13T12:00:00Z,,,2026-08-31T23:59:00Z
EP2-000176,LP-2025-00176,R0136,ARC,S023,Research Project,2025-11-14T12:00:00Z,656900.00,ACTIVE,AW2-2025-00176,548600.00,2026-04-28T12:00:00Z,2026-05-15,2028-05-14,2026-08-31T23:59:00Z
EP2-000177,LP-2024-00177,R0051,SOC,S016,Internal Seed,2024-11-14T12:00:00Z,37400.00,ACTIVE,AW2-2024-00177,31100.00,2025-03-03T12:00:00Z,2025-03-25,2026-09-16,2026-08-31T23:59:00Z
EP2-000178,LP-2024-00178,R0030,SCI,S023,Research Project,2024-05-23T12:00:00Z,65200.00,NOT_FUNDED,,0.00,2024-11-04T12:00:00Z,,,2026-08-31T23:59:00Z
EP2-000179,LP-2025-00179,R0120,ARC,S019,Research Project,2025-10-18T12:00:00Z,50600.00,ACTIVE,AW2-2025-00179,49800.00,2025-12-09T12:00:00Z,2026-01-28,2027-07-22,2026-08-31T23:59:00Z
EP2-000180,LP-2023-00180,R0176,ARC,S020,Research Project,2023-07-21T12:00:00Z,47700.00,CLOSED,AW2-2023-00180,40500.00,2023-10-21T12:00:00Z,2023-12-05,2024-12-04,2026-08-31T23:59:00Z
EP2-000181,LP-2023-00181,R0081,LAW,S008,Fellowship,2023-09-29T12:00:00Z,155200.00,NOT_FUNDED,,0.00,2024-03-19T12:00:00Z,,,2026-08-31T23:59:00Z
EP2-000182,LP-2023-00182,R0162,ENG,S024,Research Project,2023-07-03T12:00:00Z,101300.00,CLOSED,AW2-2023-00182,64100.00,2023-10-05T12:00:00Z,2023-11-01,2026-10-31,2026-08-31T23:59:00Z
EP2-000183,LP-2024-00183,R0065,LAW,S010,Research Project,2024-07-02T12:00:00Z,83400.00,NOT_FUNDED,,0.00,2024-09-30T12:00:00Z,,,2026-08-31T23:59:00Z
EP2-000184,LP-2023-00184,R0170,ENG,S025,Research Project,2023-03-07T12:00:00Z,192100.00,ACTIVE,AW2-2023-00184,143400.00,2023-04-15T12:00:00Z,2023-06-01,2025-05-31,2026-08-31T23:59:00Z
EP2-000185,LP-2026-00185,R0047,HSC,S019,Research Project,2026-03-27T12:00:00Z,301200.00,ACTIVE,AW2-2026-00185,215100.00,2026-08-30T12:00:00Z,2026-10-25,2029-10-24,2026-08-31T23:59:00Z
EP2-000186,LP-2026-00186,R0136,ARC,S006,Research Project,2026-02-20T12:00:00Z,39000.00,ACTIVE,AW2-2026-00186,31400.00,2026-05-03T12:00:00Z,2026-06-27,2027-12-19,2026-08-31T23:59:00Z
EP2-000187,LP-2023-00187,R0128,ARC,S009,Research Project,2023-12-17T12:00:00Z,149300.00,CLOSED,AW2-2023-00187,128500.00,2024-04-18T12:00:00Z,2024-06-17,2027-06-17,2026-08-31T23:59:00Z
EP2-000188,LP-2025-00188,R0045,BUS,S004,Equipment,2025-01-26T12:00:00Z,141100.00,ACTIVE,AW2-2025-00188,113700.00,2025-03-26T12:00:00Z,2025-06-09,2027-06-09,2026-08-31T23:59:00Z
EP2-000189,LP-2023-00189,R0083,SOC,S001,Research Project,2023-08-16T12:00:00Z,592800.00,CLOSED,AW2-2023-00189,458800.00,2023-12-12T12:00:00Z,2024-01-02,2027-01-01,2026-08-31T23:59:00Z
EP2-000190,LP-2025-00190,R0131,SOC,S006,Research Project,2025-12-17T12:00:00Z,105200.00,CLOSED,AW2-2025-00190,92700.00,2026-02-24T12:00:00Z,2026-03-11,2029-03-10,2026-08-31T23:59:00Z
EP2-000191,LP-2026-00191,R0064,ARC,S002,Research Project,2026-03-02T12:00:00Z,123200.00,NOT_FUNDED,,0.00,2026-06-11T12:00:00Z,,,2026-08-31T23:59:00Z
EP2-000192,LP-2023-00192,R0089,LAW,S021,Research Project,2023-02-12T12:00:00Z,234100.00,ACTIVE,AW2-2023-00192,222500.00,2023-07-20T12:00:00Z,2023-08-15,2026-08-14,2026-08-31T23:59:00Z
EP2-000193,LP-2025-00193,R0030,SCI,S023,Research Project,2025-02-19T12:00:00Z,228000.00,ACTIVE,AW2-2025-00193,227800.00,2025-08-27T12:00:00Z,2025-11-08,2028-11-07,2026-08-31T23:59:00Z
EP2-000194,LP-2026-00194,R0052,HUM,S008,Research Project,2026-04-15T12:00:00Z,58700.00,AWARDED,AW2-2026-00194,48300.00,2026-08-31T12:00:00Z,2026-10-19,2029-10-18,2026-08-31T23:59:00Z
EP2-000195,LP-2024-00195,R0036,HUM,S001,Research Project,2024-10-21T12:00:00Z,152400.00,AWARDED,AW2-2024-00195,137600.00,2025-01-09T12:00:00Z,2025-03-01,2027-03-01,2026-08-31T23:59:00Z
EP2-000196,LP-2025-00196,R0156,HUM,S004,Research Project,2025-04-18T12:00:00Z,68200.00,AWARDED,AW2-2025-00196,49200.00,2025-09-11T12:00:00Z,2025-10-26,2027-04-19,2026-08-31T23:59:00Z
EP2-000197,LP-2025-00197,R0173,BUS,S007,Equipment,2025-04-06T12:00:00Z,50500.00,ACTIVE,AW2-2025-00197,44100.00,2025-06-15T12:00:00Z,2025-07-18,2027-07-18,2026-08-31T23:59:00Z
EP2-000198,LP-2023-00198,R0085,BUS,S001,Training Grant,2023-06-27T12:00:00Z,240900.00,CLOSED,AW2-2023-00198,237900.00,2023-08-21T12:00:00Z,2023-10-27,2026-10-26,2026-08-31T23:59:00Z
EP2-000199,LP-2023-00199,R0068,HUM,S019,Research Project,2023-04-17T12:00:00Z,275400.00,NOT_FUNDED,,0.00,2023-06-13T12:00:00Z,,,2026-08-31T23:59:00Z
EP2-000200,LP-2025-00200,R0037,BUS,S022,Research Project,2025-12-21T12:00:00Z,87200.00,ACTIVE,AW2-2025-00200,78300.00,2026-06-26T12:00:00Z,2026-07-12,2028-07-11,2026-08-31T23:59:00Z
EP2-000201,LP-2025-00201,R0135,HSC,S019,Training Grant,2025-10-08T12:00:00Z,175700.00,NOT_FUNDED,,0.00,2026-03-23T12:00:00Z,,,2026-08-31T23:59:00Z
EP2-000202,LP-2025-00202,R0064,ARC,S006,Research Project,2025-02-21T12:00:00Z,103800.00,ACTIVE,AW2-2025-00202,91600.00,2025-05-23T12:00:00Z,2025-06-11,2026-06-11,2026-08-31T23:59:00Z
EP2-000203,LP-2025-00203,R0180,HUM,S016,Research Project,2025-01-22T12:00:00Z,286500.00,NOT_FUNDED,,0.00,2025-06-16T12:00:00Z,,,2026-08-31T23:59:00Z
EP2-000204,LP-2025-00204,R0107,SOC,S023,Research Project,2025-05-07T12:00:00Z,106400.00,NOT_FUNDED,,0.00,2025-08-26T12:00:00Z,,,2026-08-31T23:59:00Z
EP2-000205,LP-2025-00205,R0110,SCI,S003,Research Project,2025-11-09T12:00:00Z,79900.00,AWARDED,AW2-2025-00205,57900.00,2026-02-21T12:00:00Z,2026-04-13,2028-04-12,2026-08-31T23:59:00Z
EP2-000206,LP-2026-00206,R0097,LAW,S021,Fellowship,2026-08-10T12:00:00Z,30600.00,SUBMITTED,,0.00,,,,2026-08-31T23:59:00Z
EP2-000207,LP-2025-00207,R0124,HUM,S003,Research Project,2025-07-30T12:00:00Z,153500.00,NOT_FUNDED,,0.00,2025-09-25T12:00:00Z,,,2026-08-31T23:59:00Z
EP2-000208,LP-2025-00208,R0103,HSC,S015,Research Project,2025-05-11T12:00:00Z,15000.00,ACTIVE,AW2-2025-00208,12400.00,2025-06-21T12:00:00Z,2025-08-29,2027-02-20,2026-08-31T23:59:00Z
EP2-000209,LP-2026-00209,R0158,SCI,S005,Research Project,2026-04-16T12:00:00Z,61000.00,UNDER_REVIEW,,0.00,,,,2026-08-31T23:59:00Z
EP2-000210,LP-2025-00210,R0082,ENG,S006,Research Project,2025-04-04T12:00:00Z,214400.00,NOT_FUNDED,,0.00,2025-05-22T12:00:00Z,,,2026-08-31T23:59:00Z
EP2-000211,LP-2024-00211,R0107,SOC,S024,Research Project,2024-06-26T12:00:00Z,86100.00,ACTIVE,AW2-2024-00211,73400.00,2024-11-03T12:00:00Z,2025-01-14,2028-01-14,2026-08-31T23:59:00Z
EP2-000212,LP-2024-00212,R0129,LAW,S025,Research Project,2024-01-30T12:00:00Z,16300.00,WITHDRAWN,,0.00,2024-04-06T12:00:00Z,,,2026-08-31T23:59:00Z
EP2-000213,LP-2024-00213,R0091,SOC,S024,Research Project,2024-09-16T12:00:00Z,70700.00,CLOSED,AW2-2024-00213,62300.00,2025-03-23T12:00:00Z,2025-04-08,2026-04-08,2026-08-31T23:59:00Z
EP2-000214,LP-2025-00214,R0148,HUM,S005,Research Project,2025-10-25T12:00:00Z,142400.00,NOT_FUNDED,,0.00,2026-04-27T12:00:00Z,,,2026-08-31T23:59:00Z
EP2-000215,LP-2023-00215,R0067,SOC,S011,Research Project,2023-08-15T12:00:00Z,325400.00,CLOSED,AW2-2023-00215,226500.00,2023-11-27T12:00:00Z,2024-02-10,2025-08-03,2026-08-31T23:59:00Z
EP2-000216,LP-2023-00216,R0118,SCI,S005,Training Grant,2023-12-17T12:00:00Z,389900.00,CLOSED,AW2-2023-00216,343800.00,2024-03-12T12:00:00Z,2024-04-17,2026-04-17,2026-08-31T23:59:00Z
EP2-000217,LP-2025-00217,R0092,HUM,S023,Internal Seed,2025-11-25T12:00:00Z,195000.00,ACTIVE,AW2-2025-00217,152000.00,2026-04-07T12:00:00Z,2026-05-29,2027-05-29,2026-08-31T23:59:00Z
EP2-000218,LP-2024-00218,R0140,HUM,S005,Research Project,2024-12-10T12:00:00Z,127200.00,CLOSED,AW2-2024-00218,125200.00,2025-04-24T12:00:00Z,2025-06-15,2027-06-15,2026-08-31T23:59:00Z
EP2-000219,LP-2023-00219,R0131,SOC,S019,Research Project,2023-09-30T12:00:00Z,167900.00,CLOSED,AW2-2023-00219,125200.00,2023-12-14T12:00:00Z,2023-12-27,2025-12-26,2026-08-31T23:59:00Z
EP2-000220,LP-2023-00220,R0040,ARC,S019,Training Grant,2023-02-02T12:00:00Z,205600.00,CLOSED,AW2-2023-00220,135400.00,2023-06-19T12:00:00Z,2023-07-05,2025-07-04,2026-08-31T23:59:00Z
EP2-000221,LP-2025-00221,R0088,ARC,S013,Research Project,2025-06-17T12:00:00Z,109400.00,AWARDED,AW2-2025-00221,98000.00,2025-11-21T12:00:00Z,2026-02-03,2027-02-03,2026-08-31T23:59:00Z
EP2-000222,LP-2024-00222,R0021,BUS,S006,Research Project,2024-01-13T12:00:00Z,166100.00,NOT_FUNDED,,0.00,2024-06-13T12:00:00Z,,,2026-08-31T23:59:00Z
EP2-000223,LP-2023-00223,R0050,ENG,S017,Research Project,2023-06-10T12:00:00Z,356600.00,NOT_FUNDED,,0.00,2023-09-10T12:00:00Z,,,2026-08-31T23:59:00Z
EP2-000224,LP-2024-00224,R0057,LAW,S023,Research Project,2024-11-12T12:00:00Z,109000.00,ACTIVE,AW2-2024-00224,105900.00,2025-01-30T12:00:00Z,2025-03-23,2026-03-23,2026-08-31T23:59:00Z
EP2-000225,LP-2023-00225,R0034,ENG,S002,Research Project,2023-09-25T12:00:00Z,65900.00,WITHDRAWN,,0.00,2023-10-31T12:00:00Z,,,2026-08-31T23:59:00Z
EP2-000226,LP-2024-00226,R0178,ENG,S013,Research Project,2024-06-19T12:00:00Z,60900.00,NOT_FUNDED,,0.00,2024-07-25T12:00:00Z,,,2026-08-31T23:59:00Z
EP2-000227,LP-2025-00227,R0166,SCI,S023,Research Project,2025-03-17T12:00:00Z,438000.00,CLOSED,AW2-2025-00227,389600.00,2025-08-18T12:00:00Z,2025-09-27,2027-03-21,2026-08-31T23:59:00Z
EP2-000228,LP-2026-00228,R0133,BUS,S010,Research Project,2026-04-21T12:00:00Z,86200.00,ACTIVE,AW2-2026-00228,60600.00,2026-08-31T12:00:00Z,2026-11-08,2028-11-07,2026-08-31T23:59:00Z
EP2-000229,LP-2025-00229,R0057,LAW,S014,Research Project,2025-11-28T12:00:00Z,106100.00,NOT_FUNDED,,0.00,2026-05-04T12:00:00Z,,,2026-08-31T23:59:00Z
EP2-000230,LP-2024-00230,R0147,SOC,S009,Equipment,2024-09-22T12:00:00Z,39100.00,CLOSED,AW2-2024-00230,38900.00,2025-03-11T12:00:00Z,2025-05-20,2028-05-19,2026-08-31T23:59:00Z
EP2-000231,LP-2023-00231,R0075,SOC,S001,Research Project,2023-01-10T12:00:00Z,178300.00,CLOSED,AW2-2023-00231,145900.00,2023-05-20T12:00:00Z,2023-07-05,2025-07-04,2026-08-31T23:59:00Z
EP2-000233,LP-2025-00233,R0048,ARC,S020,Research Project,2025-01-03T12:00:00Z,153500.00,NOT_FUNDED,,0.00,2025-03-27T12:00:00Z,,,2026-08-31T23:59:00Z
EP2-000234,LP-2024-00234,R0155,SOC,S012,Equipment,2024-11-16T12:00:00Z,453000.00,AWARDED,AW2-2024-00234,289300.00,2025-04-03T12:00:00Z,2025-06-11,2026-12-03,2026-08-31T23:59:00Z
EP2-000235,LP-2026-00235,R0131,SOC,S007,Research Project,2026-07-25T12:00:00Z,366300.00,UNDER_REVIEW,,0.00,,,,2026-08-31T23:59:00Z
EP2-000236,LP-2025-00236,R0147,SOC,S001,Research Project,2025-06-21T12:00:00Z,245600.00,AWARDED,AW2-2025-00236,161100.00,2025-11-10T12:00:00Z,2026-01-02,2028-01-02,2026-08-31T23:59:00Z
EP2-000237,LP-2024-00237,R0131,SOC,S011,Research Project,2024-11-20T12:00:00Z,267700.00,NOT_FUNDED,,0.00,2025-02-19T12:00:00Z,,,2026-08-31T23:59:00Z
EP2-000238,LP-2025-00238,R0147,SOC,S003,Research Project,2025-09-03T12:00:00Z,71800.00,AWARDED,AW2-2025-00238,58800.00,2025-11-26T12:00:00Z,2026-01-14,2027-01-14,2026-08-31T23:59:00Z
EP2-000239,LP-2023-00239,R0109,BUS,S007,Research Project,2023-06-18T12:00:00Z,76000.00,NOT_FUNDED,,0.00,2023-11-14T12:00:00Z,,,2026-08-31T23:59:00Z
EP2-000240,LP-2024-00240,R0122,ENG,S024,Research Project,2024-02-28T12:00:00Z,133100.00,NOT_FUNDED,,0.00,2024-04-28T12:00:00Z,,,2026-08-31T23:59:00Z
EP2-000241,LP-2025-00241,R0070,SCI,S025,Training Grant,2025-02-27T12:00:00Z,32800.00,NOT_FUNDED,,0.00,2025-08-13T12:00:00Z,,,2026-08-31T23:59:00Z
EP2-000242,LP-2026-00242,R0109,BUS,S003,Research Project,2026-01-08T12:00:00Z,73900.00,CLOSED,AW2-2026-00242,49300.00,2026-04-02T12:00:00Z,2026-04-29,2027-10-21,2026-08-31T23:59:00Z
EP2-000243,LP-2025-00243,R0019,SOC,S002,Equipment,2025-08-19T12:00:00Z,140800.00,NOT_FUNDED,,0.00,2025-12-18T12:00:00Z,,,2026-08-31T23:59:00Z
EP2-000244,LP-2024-00244,R0103,HSC,S015,Research Project,2024-05-23T12:00:00Z,73200.00,NOT_FUNDED,,0.00,2024-07-01T12:00:00Z,,,2026-08-31T23:59:00Z
EP2-000245,LP-2025-00245,R0035,SOC,S010,Research Project,2025-12-31T12:00:00Z,111600.00,ACTIVE,AW2-2025-00245,110600.00,2026-05-15T12:00:00Z,2026-06-27,2029-06-26,2026-08-31T23:59:00Z
EP2-000246,LP-2024-00246,R0139,SOC,S001,Training Grant,2024-11-28T12:00:00Z,68900.00,NOT_FUNDED,,0.00,2025-03-15T12:00:00Z,,,2026-08-31T23:59:00Z
EP2-000247,LP-2025-00247,R0152,ARC,S003,Research Project,2025-03-18T12:00:00Z,624900.00,NOT_FUNDED,,0.00,2025-06-21T12:00:00Z,,,2026-08-31T23:59:00Z
EP2-000248,LP-2024-00248,R0049,LAW,S010,Research Project,2024-06-03T12:00:00Z,92400.00,NOT_FUNDED,,0.00,2024-09-17T12:00:00Z,,,2026-08-31T23:59:00Z
EP2-000249,LP-2024-00249,R0180,HUM,S025,Training Grant,2024-07-15T12:00:00Z,76800.00,NOT_FUNDED,,0.00,2024-09-26T12:00:00Z,,,2026-08-31T23:59:00Z
EP2-000250,LP-2023-00250,R0131,SOC,S011,Research Project,2023-03-02T12:00:00Z,230100.00,NOT_FUNDED,,0.00,2023-05-13T12:00:00Z,,,2026-08-31T23:59:00Z
EP2-000251,LP-2023-00251,R0063,HSC,S999,Research Project,2023-05-04T12:00:00Z,45600.00,CLOSED,AW2-2023-00251,33700.00,2023-10-13T12:00:00Z,2023-11-03,2024-11-02,2026-08-31T23:59:00Z
EP2-000252,LP-2026-00252,R0097,LAW,S004,Training Grant,2026-08-07T12:00:00Z,157000.00,UNDER_REVIEW,,0.00,,,,2026-08-31T23:59:00Z
EP2-000253,LP-2026-00253,R0018,ENG,S024,Research Project,2026-08-10T12:00:00Z,201800.00,UNDER_REVIEW,,0.00,,,,2026-08-31T23:59:00Z
EP2-000254,LP-2023-00254,R0156,HUM,S001,Training Grant,2023-07-04T12:00:00Z,832300.00,NOT_FUNDED,,0.00,2023-12-02T12:00:00Z,,,2026-08-31T23:59:00Z
EP2-000255,LP-2025-00255,R0113,LAW,S004,Research Project,2025-08-31T12:00:00Z,69500.00,NOT_FUNDED,,0.00,2025-12-14T12:00:00Z,,,2026-08-31T23:59:00Z
EP2-000256,LP-2025-00256,R0158,SCI,S005,Research Project,2025-05-27T12:00:00Z,154900.00,ACTIVE,AW2-2025-00256,107200.00,2025-09-04T12:00:00Z,2025-09-14,2027-09-14,2026-08-31T23:59:00Z
EP2-000257,LP-2024-00257,R0007,HSC,S005,Research Project,2024-06-14T12:00:00Z,633000.00,NOT_FUNDED,,0.00,2024-09-02T12:00:00Z,,,2026-08-31T23:59:00Z
EP2-000258,LP-2025-00258,R0175,HSC,S012,Research Project,2025-05-17T12:00:00Z,239700.00,NOT_FUNDED,,0.00,2025-09-14T12:00:00Z,,,2026-08-31T23:59:00Z
EP2-000259,LP-2024-00259,R0009,LAW,S020,Training Grant,2024-07-01T12:00:00Z,25000.00,NOT_FUNDED,,0.00,2024-11-16T12:00:00Z,,,2026-08-31T23:59:00Z
EP2-000260,LP-2026-00260,R0083,SOC,S024,Research Project,2026-03-25T12:00:00Z,70600.00,NOT_FUNDED,,0.00,2026-04-29T12:00:00Z,,,2026-08-31T23:59:00Z
EP2-000261,LP-2024-00261,R0020,HUM,S008,Training Grant,2024-07-12T12:00:00Z,128000.00,CLOSED,AW2-2024-00261,89000.00,2025-01-08T12:00:00Z,2025-02-16,2026-02-16,2026-08-31T23:59:00Z
EP2-000262,LP-2023-00262,R0002,ENG,S006,Research Project,2023-03-16T12:00:00Z,269300.00,NOT_FUNDED,,0.00,2023-09-19T12:00:00Z,,,2026-08-31T23:59:00Z
EP2-000263,LP-2023-00263,R0129,LAW,S009,Internal Seed,2023-02-22T12:00:00Z,49600.00,CLOSED,AW2-2023-00263,44500.00,2023-06-02T12:00:00Z,2023-06-28,2024-06-27,2026-08-31T23:59:00Z
EP2-000264,LP-2023-00264,R0029,BUS,S011,Research Project,2023-09-01T12:00:00Z,66300.00,CLOSED,AW2-2023-00264,60800.00,2023-11-01T12:00:00Z,2024-01-03,2026-01-02,2026-08-31T23:59:00Z
EP2-000265,LP-2024-00265,R0079,HSC,S023,Training Grant,2024-12-22T12:00:00Z,176700.00,AWARDED,AW2-2024-00265,152700.00,2025-06-05T12:00:00Z,2025-08-16,2026-08-16,2026-08-31T23:59:00Z
EP2-000266,LP-2023-00266,R0093,BUS,S005,Research Project,2023-05-04T12:00:00Z,89300.00,CLOSED,AW2-2023-00266,72200.00,2023-08-23T12:00:00Z,2023-09-10,2025-09-09,2026-08-31T23:59:00Z
EP2-000267,LP-2024-00267,R0061,BUS,S022,Internal Seed,2024-01-04T12:00:00Z,54900.00,NOT_FUNDED,,0.00,2024-03-31T12:00:00Z,,,2026-08-31T23:59:00Z
EP2-000268,LP-2024-00268,R0166,SCI,S016,Internal Seed,2024-12-14T12:00:00Z,161400.00,ACTIVE,AW2-2024-00268,157000.00,2025-01-28T12:00:00Z,2025-03-28,2027-03-28,2026-08-31T23:59:00Z
EP2-000269,LP-2023-00269,R0036,HUM,S023,Equipment,2023-09-04T12:00:00Z,159600.00,ACTIVE,AW2-2023-00269,128900.00,2024-01-14T12:00:00Z,2024-02-16,2025-02-15,2026-08-31T23:59:00Z
EP2-000270,LP-2024-00270,R0165,BUS,S011,Research Project,2024-03-23T12:00:00Z,348800.00,WITHDRAWN,,0.00,2024-04-27T12:00:00Z,,,2026-08-31T23:59:00Z
EP2-000271,LP-2023-00271,R0036,HUM,S001,Research Project,2023-05-11T12:00:00Z,124500.00,NOT_FUNDED,,0.00,2023-09-05T12:00:00Z,,,2026-08-31T23:59:00Z
EP2-000272,LP-2025-00272,R0069,BUS,S002,Research Project,2025-07-09T12:00:00Z,68800.00,ACTIVE,AW2-2025-00272,59500.00,2025-09-20T12:00:00Z,2025-10-13,2028-10-12,2026-08-31T23:59:00Z
EP2-000273,LP-2025-00273,R0131,SOC,S025,Research Project,2025-03-13T12:00:00Z,51500.00,ACTIVE,AW2-2025-00273,43800.00,2025-08-21T12:00:00Z,2025-10-14,2028-10-13,2026-08-31T23:59:00Z
EP2-000274,LP-2024-00274,R0038,SCI,S021,Internal Seed,2024-12-17T12:00:00Z,65500.00,ACTIVE,AW2-2024-00274,41900.00,2025-03-14T12:00:00Z,2025-05-08,2028-05-07,2026-08-31T23:59:00Z
EP2-000275,LP-2025-00275,R0048,ARC,S021,Training Grant,2025-07-11T12:00:00Z,134600.00,NOT_FUNDED,,0.00,2025-11-21T12:00:00Z,,,2026-08-31T23:59:00Z
EP2-000276,LP-2026-00276,R0057,LAW,S025,Research Project,2026-08-07T12:00:00Z,63300.00,UNDER_REVIEW,,0.00,,,,2026-08-31T23:59:00Z
EP2-000277,LP-2024-00277,R0156,HUM,S013,Training Grant,2024-06-18T12:00:00Z,168100.00,NOT_FUNDED,,0.00,2024-08-14T12:00:00Z,,,2026-08-31T23:59:00Z
EP2-000278,LP-2023-00278,R0172,HUM,S007,Research Project,2023-07-03T12:00:00Z,484700.00,NOT_FUNDED,,0.00,2023-08-09T12:00:00Z,,,2026-08-31T23:59:00Z
EP2-000279,LP-2025-00279,R0138,ENG,S016,Research Project,2025-12-29T12:00:00Z,263700.00,ACTIVE,AW2-2025-00279,176200.00,2026-04-24T12:00:00Z,2026-06-24,2029-06-23,2026-08-31T23:59:00Z
EP2-000280,LP-2025-00280,R0124,HUM,S001,Research Project,2025-11-04T12:00:00Z,165300.00,NOT_FUNDED,,0.00,2026-01-11T12:00:00Z,,,2026-08-31T23:59:00Z
EP2-000281,LP-2025-00281,R0057,LAW,S016,Research Project,2025-03-05T12:00:00Z,68700.00,NOT_FUNDED,,0.00,2025-06-14T12:00:00Z,,,2026-08-31T23:59:00Z
EP2-000282,LP-2023-00282,R0143,HSC,S008,Equipment,2023-02-13T12:00:00Z,219000.00,CLOSED,AW2-2023-00282,169100.00,2023-04-07T12:00:00Z,2023-05-08,2024-10-29,2026-08-31T23:59:00Z
EP2-000283,LP-2026-00283,R0028,HUM,S003,Research Project,2026-05-12T12:00:00Z,197300.00,NOT_FUNDED,,0.00,2026-07-28T12:00:00Z,,,2026-08-31T23:59:00Z
EP2-000284,LP-2023-00284,R0097,LAW,S009,Equipment,2023-04-10T12:00:00Z,158000.00,NOT_FUNDED,,0.00,2023-08-14T12:00:00Z,,,2026-08-31T23:59:00Z
EP2-000285,LP-2023-00285,R0015,HSC,S024,Internal Seed,2023-07-02T12:00:00Z,75000.00,CLOSED,AW2-2023-00285,66000.00,2023-11-02T12:00:00Z,2023-12-04,2025-05-27,2026-08-31T23:59:00Z
EP2-000286,LP-2026-00286,R0006,SCI,S013,Research Project,2026-06-05T12:00:00Z,647400.00,UNDER_REVIEW,,0.00,,,,2026-08-31T23:59:00Z
EP2-000287,LP-2023-00287,R0058,ENG,S022,Internal Seed,2023-03-29T12:00:00Z,30000.00,NOT_FUNDED,,0.00,2023-08-22T12:00:00Z,,,2026-08-31T23:59:00Z
EP2-000288,LP-2025-00288,R0032,ARC,S006,Research Project,2025-01-07T12:00:00Z,60900.00,ACTIVE,AW2-2025-00288,42000.00,2025-07-08T12:00:00Z,2025-07-31,2027-01-22,2026-08-31T23:59:00Z
EP2-000289,LP-2023-00289,R0003,SOC,S024,Research Project,2023-04-03T12:00:00Z,59400.00,WITHDRAWN,,0.00,2023-07-07T12:00:00Z,,,2026-08-31T23:59:00Z
EP2-000290,LP-2024-00290,R0027,SOC,S004,Research Project,2024-01-20T12:00:00Z,130200.00,NOT_FUNDED,,0.00,2024-03-23T12:00:00Z,,,2026-08-31T23:59:00Z
EP2-000291,LP-2025-00291,R0108,HUM,S001,Research Project,2025-10-25T12:00:00Z,98600.00,NOT_FUNDED,,0.00,2026-02-20T12:00:00Z,,,2026-08-31T23:59:00Z
EP2-000292,LP-2024-00292,R0096,ARC,S024,Internal Seed,2024-07-07T12:00:00Z,275600.00,CLOSED,AW2-2024-00292,209800.00,2024-09-18T12:00:00Z,2024-11-22,2025-11-22,2026-08-31T23:59:00Z
EP2-000293,LP-2026-00293,R0144,ARC,S018,Equipment,2026-05-04T12:00:00Z,209200.00,ACTIVE,AW2-2026-00293,167200.00,2026-08-05T12:00:00Z,2026-10-06,2028-03-29,2026-08-31T23:59:00Z
EP2-000294,LP-2025-00294,R0068,HUM,S019,Research Project,2025-07-21T12:00:00Z,189300.00,NOT_FUNDED,,0.00,2025-12-28T12:00:00Z,,,2026-08-31T23:59:00Z
EP2-000294-D,LP-2025-00294,R0068,HUM,S019,Research Project,2025-07-21T12:00:00Z,189300.00,NOT_FUNDED,,0.00,2025-12-28T12:00:00Z,,,2026-09-01T00:01:00Z
EP2-000295,LP-2026-00295,R0137,LAW,S003,Training Grant,2026-02-09T12:00:00Z,410000.00,NOT_FUNDED,,0.00,2026-04-29T12:00:00Z,,,2026-08-31T23:59:00Z
EP2-000296,LP-2024-00296,R0014,SCI,S006,Training Grant,2024-09-22T12:00:00Z,169300.00,ACTIVE,AW2-2024-00296,109500.00,2024-12-23T12:00:00Z,2025-02-01,2026-02-01,2026-08-31T23:59:00Z
EP2-000297,LP-2024-00297,R0127,HSC,S001,Research Project,2024-12-20T12:00:00Z,61300.00,ACTIVE,AW2-2024-00297,58400.00,2025-06-17T12:00:00Z,2025-08-10,2026-08-10,2026-08-31T23:59:00Z
EP2-000298,LP-2023-00298,R0131,SOC,S002,Research Project,2023-08-23T12:00:00Z,130200.00,CLOSED,AW2-2023-00298,109100.00,2023-12-15T12:00:00Z,2024-02-08,2027-02-07,2026-08-31T23:59:00Z
EP2-000299,LP-2024-00299,R0146,ENG,S003,Training Grant,2024-12-11T12:00:00Z,212100.00,ACTIVE,AW2-2024-00299,187400.00,2025-02-09T12:00:00Z,2025-04-24,2028-04-23,2026-08-31T23:59:00Z
EP2-000300,LP-2024-00300,R0037,BUS,S019,Research Project,2024-04-16T12:00:00Z,255500.00,ACTIVE,AW2-2024-00300,205700.00,2024-09-02T12:00:00Z,2024-11-10,2026-05-04,2026-08-31T23:59:00Z
EP2-000301,LP-2025-00301,R0145,LAW,S002,Research Project,2025-10-25T12:00:00Z,105500.00,ACTIVE,AW2-2025-00301,82500.00,2026-03-15T12:00:00Z,2026-05-11,2028-05-10,2026-08-31T23:59:00Z
EP2-000302,LP-2024-00302,R0170,ENG,S021,Research Project,2024-08-12T12:00:00Z,118700.00,WITHDRAWN,,0.00,2024-10-19T12:00:00Z,,,2026-08-31T23:59:00Z
EP2-000303,LP-2023-00303,R0165,BUS,S003,Training Grant,2023-11-16T12:00:00Z,204800.00,ACTIVE,AW2-2023-00303,144000.00,2024-01-05T12:00:00Z,2024-03-16,2025-03-16,2026-08-31T23:59:00Z
EP2-000304,LP-2025-00304,R0155,SOC,S001,Research Project,2025-02-24T12:00:00Z,46700.00,ACTIVE,AW2-2025-00304,45400.00,2025-06-29T12:00:00Z,2025-08-25,2028-08-24,2026-08-31T23:59:00Z
EP2-000305,LP-2026-00305,R0009,LAW,S004,Internal Seed,2026-03-16T12:00:00Z,124400.00,ACTIVE,AW2-2026-00305,122400.00,2026-08-31T12:00:00Z,2026-10-06,2029-10-05,2026-08-31T23:59:00Z
EP2-000306,LP-2025-00306,R0079,HSC,S013,Research Project,2025-01-17T12:00:00Z,67600.00,ACTIVE,AW2-2025-00306,44100.00,2025-03-28T12:00:00Z,2025-04-23,2027-04-23,2026-08-31T23:59:00Z
EP2-000307,LP-2025-00307,R0136,ARC,S025,Internal Seed,2025-10-21T12:00:00Z,62600.00,ACTIVE,AW2-2025-00307,40300.00,2026-03-20T12:00:00Z,2026-05-08,2029-05-07,2026-08-31T23:59:00Z
EP2-000308,LP-2023-00308,R0085,BUS,S007,Fellowship,2023-10-18T12:00:00Z,119300.00,CLOSED,AW2-2023-00308,79100.00,2024-01-17T12:00:00Z,2024-02-04,2025-07-28,2026-08-31T23:59:00Z
EP2-000309,LP-2026-00309,R0145,LAW,S001,Training Grant,2026-05-11T12:00:00Z,18000.00,ACTIVE,AW2-2026-00309,13000.00,2026-08-31T12:00:00Z,2026-09-18,2027-09-18,2026-08-31T23:59:00Z
EP2-000310,LP-2024-00310,R0058,ENG,S005,Research Project,2024-09-13T12:00:00Z,48200.00,ACTIVE,AW2-2024-00310,39800.00,2024-11-11T12:00:00Z,2025-01-18,2027-01-18,2026-08-31T23:59:00Z
EP2-000311,LP-2023-00311,R0049,LAW,S002,Equipment,2023-04-11T12:00:00Z,56000.00,NOT_FUNDED,,0.00,2023-07-21T12:00:00Z,,,2026-08-31T23:59:00Z
EP2-000312,LP-2024-00312,R0003,SOC,S014,Research Project,2024-12-19T12:00:00Z,304300.00,NOT_FUNDED,,0.00,2025-06-02T12:00:00Z,,,2026-08-31T23:59:00Z
EP2-000313,LP-2025-00313,R0005,BUS,S002,Research Project,2025-07-28T12:00:00Z,404000.00,NOT_FUNDED,,0.00,2025-12-12T12:00:00Z,,,2026-08-31T23:59:00Z
EP2-000314,LP-2023-00314,R0109,BUS,S024,Research Project,2023-10-28T12:00:00Z,108300.00,CLOSED,AW2-2023-00314,67700.00,2024-02-14T12:00:00Z,2024-04-06,2025-04-06,2026-08-31T23:59:00Z
EP2-000315,LP-2024-00315,R0057,LAW,S018,Research Project,2024-07-16T12:00:00Z,53900.00,WITHDRAWN,,0.00,2025-01-07T12:00:00Z,,,2026-08-31T23:59:00Z
EP2-000316,LP-2024-00316,R0094,SCI,S014,Research Project,2024-12-02T12:00:00Z,179200.00,NOT_FUNDED,,0.00,2025-04-11T12:00:00Z,,,2026-08-31T23:59:00Z
EP2-000317,LP-2025-00317,R0067,SOC,S010,Research Project,2025-10-16T12:00:00Z,66400.00,NOT_FUNDED,,0.00,2026-03-14T12:00:00Z,,,2026-08-31T23:59:00Z
EP2-000318,LP-2023-00318,R0165,BUS,S024,Equipment,2023-04-18T12:00:00Z,167000.00,NOT_FUNDED,,0.00,2023-10-15T12:00:00Z,,,2026-08-31T23:59:00Z
EP2-000319,LP-2024-00319,R0169,LAW,S022,Equipment,2024-08-20T12:00:00Z,23000.00,NOT_FUNDED,,0.00,2024-12-05T12:00:00Z,,,2026-08-31T23:59:00Z
EP2-000320,LP-2024-00320,R0108,HUM,S014,Research Project,2024-11-06T12:00:00Z,98500.00,WITHDRAWN,,0.00,2025-04-20T12:00:00Z,,,2026-08-31T23:59:00Z
EP2-000321,LP-2023-00321,R0084,HUM,S003,Research Project,2023-05-05T12:00:00Z,117400.00,CLOSED,AW2-2023-00321,73700.00,2023-07-10T12:00:00Z,2023-09-14,2026-09-13,2026-08-31T23:59:00Z
EP2-000322,LP-2025-00322,R0045,BUS,S019,Research Project,2025-07-20T12:00:00Z,33300.00,ACTIVE,AW2-2025-00322,31900.00,2025-12-11T12:00:00Z,2025-12-27,2026-12-27,2026-08-31T23:59:00Z
EP2-000323,LP-2023-00323,R0005,BUS,S004,Research Project,2023-08-13T12:00:00Z,127800.00,CLOSED,AW2-2023-00323,105200.00,2023-11-23T12:00:00Z,2023-12-21,2024-12-20,2026-08-31T23:59:00Z
EP2-000324,LP-2024-00324,R0104,ARC,S014,Equipment,2024-04-19T12:00:00Z,42000.00,NOT_FUNDED,,0.00,2024-07-13T12:00:00Z,,,2026-08-31T23:59:00Z
EP2-000325,LP-2023-00325,R0087,HSC,S001,Training Grant,2023-04-20T12:00:00Z,103500.00,CLOSED,AW2-2023-00325,90600.00,2023-10-02T12:00:00Z,2023-11-29,2025-05-22,2026-08-31T23:59:00Z
EP2-000326,LP-2023-00326,R0137,LAW,S009,Research Project,2023-08-09T12:00:00Z,45200.00,CLOSED,AW2-2023-00326,34200.00,2023-10-18T12:00:00Z,2023-10-30,2025-04-22,2026-08-31T23:59:00Z
EP2-000327,LP-2025-00327,R0156,HUM,S012,Research Project,2025-01-06T12:00:00Z,171600.00,NOT_FUNDED,,0.00,2025-02-14T12:00:00Z,,,2026-08-31T23:59:00Z
EP2-000328,LP-2024-00328,R0145,LAW,S025,Internal Seed,2024-01-31T12:00:00Z,101900.00,NOT_FUNDED,,0.00,2024-04-14T12:00:00Z,,,2026-08-31T23:59:00Z
EP2-000329,LP-2026-00329,,BUS,S001,Internal Seed,2026-02-14T12:00:00Z,485200.00,NOT_FUNDED,,0.00,2026-06-09T12:00:00Z,,,2026-08-31T23:59:00Z
EP2-000330,LP-2023-00330,R0043,SOC,S001,Equipment,2023-09-03T12:00:00Z,397100.00,ACTIVE,AW2-2023-00330,381500.00,2024-01-11T12:00:00Z,2024-01-28,2027-01-27,2026-08-31T23:59:00Z
EP2-000331,LP-2024-00331,R0178,ENG,S014,Training Grant,2024-05-24T12:00:00Z,445600.00,NOT_FUNDED,,0.00,2024-10-17T12:00:00Z,,,2026-08-31T23:59:00Z
EP2-000332,LP-2025-00332,R0173,BUS,S005,Equipment,2025-11-28T12:00:00Z,188100.00,ACTIVE,AW2-2025-00332,120000.00,2026-02-13T12:00:00Z,2026-03-20,2029-03-19,2026-08-31T23:59:00Z
EP2-000333,LP-2025-00333,R0163,SOC,S006,Internal Seed,2025-06-03T12:00:00Z,61300.00,ACTIVE,AW2-2025-00333,48900.00,2025-07-13T12:00:00Z,2025-09-05,2026-09-05,2026-08-31T23:59:00Z
EP2-000334,LP-2023-00334,R0143,HSC,S022,Training Grant,2023-04-17T12:00:00Z,532500.00,NOT_FUNDED,,0.00,2023-06-12T12:00:00Z,,,2026-08-31T23:59:00Z
EP2-000335,LP-2025-00335,R0091,SOC,S010,Research Project,2025-05-18T12:00:00Z,72900.00,NOT_FUNDED,,0.00,2025-08-24T12:00:00Z,,,2026-08-31T23:59:00Z
EP2-000336,LP-2026-00336,R0086,SCI,S008,Research Project,2026-05-26T12:00:00Z,52900.00,NOT_FUNDED,,0.00,2026-08-31T12:00:00Z,,,2026-08-31T23:59:00Z
EP2-000337,LP-2024-00337,R0110,SCI,S021,Internal Seed,2024-11-26T12:00:00Z,132800.00,ACTIVE,AW2-2024-00337,118500.00,2025-02-05T12:00:00Z,2025-02-15,2026-02-15,2026-08-31T23:59:00Z
EP2-000338,LP-2025-00338,R0086,SCI,S022,Equipment,2025-02-18T12:00:00Z,21700.00,NOT_FUNDED,,0.00,2025-04-01T12:00:00Z,,,2026-08-31T23:59:00Z
EP2-000339,LP-2024-00339,R0054,SCI,S005,Internal Seed,2024-07-15T12:00:00Z,286200.00,NOT_FUNDED,,0.00,2024-08-20T12:00:00Z,,,2026-08-31T23:59:00Z
EP2-000340,LP-2025-00340,R0001,LAW,S010,Fellowship,2025-06-03T12:00:00Z,89900.00,CLOSED,AW2-2025-00340,86800.00,2025-11-26T12:00:00Z,2026-01-03,2027-01-03,2026-08-31T23:59:00Z
EP2-000341,LP-2023-00341,R0099,SOC,S023,Research Project,2023-08-17T12:00:00Z,457800.00,ACTIVE,AW2-2023-00341,379800.00,2024-01-25T12:00:00Z,2024-03-03,2025-03-03,2026-08-31T23:59:00Z
EP2-000342,LP-2024-00342,R0008,ARC,S003,Research Project,2024-10-18T12:00:00Z,186000.00,AWARDED,AW2-2024-00342,173600.00,2025-02-23T12:00:00Z,2025-04-01,2026-09-23,2026-08-31T23:59:00Z
EP2-000343,LP-2025-00343,R0041,LAW,S013,Research Project,2025-04-14T12:00:00Z,297300.00,NOT_FUNDED,,0.00,2025-09-16T12:00:00Z,,,2026-08-31T23:59:00Z
EP2-000344,LP-2026-00344,R0166,SCI,S008,Research Project,2026-04-14T12:00:00Z,135600.00,AWARDED,AW2-2026-00344,91200.00,2026-08-31T12:00:00Z,2026-10-14,2028-10-13,2026-08-31T23:59:00Z
EP2-000345,LP-2025-00345,R0047,HSC,S009,Research Project,2025-11-24T12:00:00Z,114500.00,NOT_FUNDED,,0.00,2026-05-26T12:00:00Z,,,2026-08-31T23:59:00Z
EP2-000346,LP-2025-00346,R0089,LAW,S019,Research Project,2025-08-06T12:00:00Z,126400.00,NOT_FUNDED,,0.00,2025-11-22T12:00:00Z,,,2026-08-31T23:59:00Z
EP2-000347,LP-2023-00347,R0140,HUM,S021,Training Grant,2023-12-14T12:00:00Z,92600.00,NOT_FUNDED,,0.00,2024-04-05T12:00:00Z,,,2026-08-31T23:59:00Z
EP2-000348,LP-2026-00348,R0178,ENG,S001,Research Project,2026-07-20T12:00:00Z,76100.00,UNDER_REVIEW,,0.00,,,,2026-08-31T23:59:00Z
EP2-000349,LP-2023-00349,R0176,ARC,S002,Research Project,2023-08-04T12:00:00Z,171700.00,ACTIVE,AW2-2023-00349,156300.00,2023-12-23T12:00:00Z,2024-03-01,2025-08-23,2026-08-31T23:59:00Z
EP2-000350,LP-2025-00350,R0022,SCI,S005,Research Project,2025-09-23T12:00:00Z,143600.00,ACTIVE,AW2-2025-00350,97900.00,2025-12-17T12:00:00Z,2026-01-22,2028-01-22,2026-08-31T23:59:00Z
EP2-000351,LP-2023-00351,R0149,BUS,S012,Research Project,2023-01-15T12:00:00Z,96900.00,NOT_FUNDED,,0.00,2023-07-18T12:00:00Z,,,2026-08-31T23:59:00Z
EP2-000352,LP-2025-00352,R0105,LAW,S009,Research Project,2025-06-10T12:00:00Z,60200.00,ACTIVE,AW2-2025-00352,42900.00,2025-08-08T12:00:00Z,2025-09-25,2026-09-25,2026-08-31T23:59:00Z
EP2-000353,LP-2024-00353,R0010,ENG,S005,Research Project,2024-03-06T12:00:00Z,41200.00,CLOSED,AW2-2024-00353,36600.00,2024-07-22T12:00:00Z,2024-08-26,2027-08-26,2026-08-31T23:59:00Z
EP2-000354,LP-2023-00354,R0087,HSC,S003,Research Project,2023-10-12T12:00:00Z,67000.00,CLOSED,AW2-2023-00354,66600.00,2024-03-02T12:00:00Z,2024-03-22,2027-03-22,2026-08-31T23:59:00Z
EP2-000355,LP-2026-00355,R0154,ENG,S010,Training Grant,2026-02-18T12:00:00Z,77400.00,ACTIVE,AW2-2026-00355,56800.00,2026-03-28T12:00:00Z,2026-06-09,2029-06-08,2026-08-31T23:59:00Z
EP2-000356,LP-2026-00356,R0114,ENG,S012,Research Project,2026-06-06T12:00:00Z,44000.00,NOT_FUNDED,,0.00,2026-08-11T12:00:00Z,,,2026-08-31T23:59:00Z
EP2-000357,LP-2025-00357,R0088,ARC,S008,Research Project,2025-02-16T12:00:00Z,309700.00,ACTIVE,AW2-2025-00357,270900.00,2025-08-11T12:00:00Z,2025-10-09,2027-04-02,2026-08-31T23:59:00Z
EP2-000358,LP-2023-00358,R0174,SCI,S025,Internal Seed,2023-12-19T12:00:00Z,40100.00,CLOSED,AW2-2023-00358,34300.00,2024-06-12T12:00:00Z,2024-08-15,2026-02-06,2026-08-31T23:59:00Z
EP2-000359,LP-2023-00359,R0118,SCI,S006,Research Project,2023-05-07T12:00:00Z,62000.00,NOT_FUNDED,,0.00,2023-09-06T12:00:00Z,,,2026-08-31T23:59:00Z
EP2-000360,LP-2024-00360,R0055,HSC,S003,Research Project,2024-02-25T12:00:00Z,71800.00,CLOSED,AW2-2024-00360,45800.00,2024-04-15T12:00:00Z,2024-06-04,2025-11-26,2026-08-31T23:59:00Z
EP2-000361,LP-2023-00361,R0034,ENG,S018,Research Project,2023-03-07T12:00:00Z,103900.00,NOT_FUNDED,,0.00,2023-04-26T12:00:00Z,,,2026-08-31T23:59:00Z
EP2-000362,LP-2024-00362,R0117,BUS,S013,Research Project,2024-02-05T12:00:00Z,74000.00,ACTIVE,AW2-2024-00362,62600.00,2024-07-21T12:00:00Z,2024-09-01,2026-09-01,2026-08-31T23:59:00Z
EP2-000363,LP-2024-00363,R0052,HUM,S018,Internal Seed,2024-09-01T12:00:00Z,53800.00,CLOSED,AW2-2024-00363,50900.00,2024-11-01T12:00:00Z,2024-12-01,2026-12-01,2026-08-31T23:59:00Z
EP2-000364,LP-2025-00364,R0004,HUM,S017,Research Project,2025-08-29T12:00:00Z,96200.00,ACTIVE,AW2-2025-00364,71100.00,2025-10-25T12:00:00Z,2025-12-07,2027-05-31,2026-08-31T23:59:00Z
EP2-000365,LP-2026-00365,R0015,HSC,S005,Research Project,2026-01-18T12:00:00Z,88700.00,ACTIVE,AW2-2026-00365,70900.00,2026-05-17T12:00:00Z,2026-07-02,2027-12-24,2026-08-31T23:59:00Z
EP2-000366,LP-2025-00366,R0085,BUS,S024,Fellowship,2025-11-30T12:00:00Z,34500.00,AWARDED,AW2-2025-00366,23700.00,2026-03-31T12:00:00Z,2026-04-28,2027-10-20,2026-08-31T23:59:00Z
EP2-000367,LP-2023-00367,R0101,BUS,S002,Equipment,2023-01-25T12:00:00Z,83500.00,NOT_FUNDED,,0.00,2023-04-15T12:00:00Z,,,2026-08-31T23:59:00Z
EP2-000368,LP-2023-00368,R0040,ARC,S017,Research Project,2023-01-16T12:00:00Z,50500.00,NOT_FUNDED,,0.00,2023-05-14T12:00:00Z,,,2026-08-31T23:59:00Z
EP2-000369,LP-2023-00369,R0125,BUS,S014,Research Project,2023-05-11T12:00:00Z,102400.00,CLOSED,AW2-2023-00369,97700.00,2023-09-13T12:00:00Z,2023-11-23,2026-11-22,2026-08-31T23:59:00Z
EP2-000370,LP-2025-00370,R0178,ENG,S008,Training Grant,2025-02-20T12:00:00Z,76100.00,NOT_FUNDED,,0.00,2025-07-20T12:00:00Z,,,2026-08-31T23:59:00Z
EP2-000371,LP-2023-00371,R0018,ENG,S002,Fellowship,2023-11-11T12:00:00Z,149500.00,ACTIVE,AW2-2023-00371,135100.00,2024-02-05T12:00:00Z,2024-03-04,2025-03-04,2026-08-31T23:59:00Z
EP2-000372,LP-2023-00372,R0095,HSC,S025,Internal Seed,2023-11-13T12:00:00Z,33000.00,ACTIVE,AW2-2023-00372,21900.00,2024-01-05T12:00:00Z,2024-01-24,2026-01-23,2026-08-31T23:59:00Z
EP2-000373,LP-2023-00373,R0017,LAW,S001,Research Project,2023-02-08T12:00:00Z,594700.00,NOT_FUNDED,,0.00,2023-06-17T12:00:00Z,,,2026-08-31T23:59:00Z
EP2-000374,LP-2023-00374,R0137,LAW,S004,Fellowship,2023-08-28T12:00:00Z,87600.00,NOT_FUNDED,,0.00,2024-02-26T12:00:00Z,,,2026-08-31T23:59:00Z
EP2-000375,LP-2025-00375,R0136,ARC,S022,Internal Seed,2025-03-15T12:00:00Z,932200.00,ACTIVE,AW2-2025-00375,747300.00,2025-06-26T12:00:00Z,2025-07-15,2026-07-15,2026-08-31T23:59:00Z
EP2-000376,LP-2026-00376,R0010,ENG,S021,Equipment,2026-01-27T12:00:00Z,61700.00,NOT_FUNDED,,0.00,2026-07-03T12:00:00Z,,,2026-08-31T23:59:00Z
EP2-000377,LP-2026-00377,R0083,SOC,S024,Research Project,2026-01-27T12:00:00Z,75200.00,NOT_FUNDED,,0.00,2026-04-22T12:00:00Z,,,2026-08-31T23:59:00Z
EP2-000379,LP-2026-00379,R0138,ENG,S005,Training Grant,2026-08-07T12:00:00Z,61400.00,UNDER_REVIEW,,0.00,,,,2026-08-31T23:59:00Z
EP2-000380,LP-2025-00380,R0081,LAW,S002,Training Grant,2025-02-19T12:00:00Z,76100.00,NOT_FUNDED,,0.00,2025-04-10T12:00:00Z,,,2026-08-31T23:59:00Z
EP2-000381,LP-2023-00381,R0111,HSC,S021,Research Project,2023-04-12T12:00:00Z,32000.00,NOT_FUNDED,,0.00,2023-08-08T12:00:00Z,,,2026-08-31T23:59:00Z
EP2-000382,LP-2025-00382,R0072,ARC,S002,Research Project,2025-09-18T12:00:00Z,354300.00,NOT_FUNDED,,0.00,2025-11-14T12:00:00Z,,,2026-08-31T23:59:00Z
EP2-000383,LP-2023-00383,R0140,HUM,S011,Research Project,2023-05-18T12:00:00Z,45900.00,CLOSED,AW2-2023-00383,45400.00,2023-10-28T12:00:00Z,2023-12-25,2026-12-24,2026-08-31T23:59:00Z
EP2-000384,LP-2024-00384,R0178,ENG,S021,Equipment,2024-03-17T12:00:00Z,201700.00,ACTIVE,AW2-2024-00384,168700.00,2024-06-02T12:00:00Z,2024-08-13,2025-08-13,2026-08-31T23:59:00Z
EP2-000385,LP-2023-00385,R0033,LAW,S025,Research Project,2023-09-09T12:00:00Z,132300.00,NOT_FUNDED,,0.00,2024-01-29T12:00:00Z,,,2026-08-31T23:59:00Z
EP2-000386,LP-2024-00386,R0073,LAW,S024,Research Project,2024-11-16T12:00:00Z,123100.00,AWARDED,AW2-2024-00386,88200.00,2025-04-26T12:00:00Z,2025-07-05,2027-07-05,2026-08-31T23:59:00Z
EP2-000387,LP-2026-00387,R0117,BUS,S008,Research Project,2026-07-08T12:00:00Z,141300.00,ACTIVE,AW2-2026-00387,140900.00,2026-08-31T12:00:00Z,2026-11-02,2027-11-02,2026-08-31T23:59:00Z
EP2-000388,LP-2023-00388,R0170,ENG,S002,Research Project,2023-12-19T12:00:00Z,112400.00,WITHDRAWN,,0.00,2024-03-03T12:00:00Z,,,2026-08-31T23:59:00Z
EP2-000389,LP-2024-00389,R0144,ARC,S004,Training Grant,2024-11-25T12:00:00Z,121900.00,NOT_FUNDED,,0.00,2025-01-16T12:00:00Z,,,2026-08-31T23:59:00Z
EP2-000390,LP-2024-00390,R0042,ENG,S005,Equipment,2024-01-10T12:00:00Z,36600.00,WITHDRAWN,,0.00,2024-07-04T12:00:00Z,,,2026-08-31T23:59:00Z
EP2-000391,LP-2023-00391,R0162,ENG,S022,Research Project,2023-03-20T12:00:00Z,68100.00,NOT_FUNDED,,0.00,2023-05-19T12:00:00Z,,,2026-08-31T23:59:00Z
EP2-000392,LP-2025-00392,R0115,SOC,S021,Research Project,2025-05-07T12:00:00Z,180700.00,NOT_FUNDED,,0.00,2025-09-01T12:00:00Z,,,2026-08-31T23:59:00Z
EP2-000393,LP-2023-00393,R0167,HSC,S025,Research Project,2023-12-02T12:00:00Z,48400.00,CLOSED,AW2-2023-00393,41800.00,2024-04-19T12:00:00Z,2024-05-12,2027-05-12,2026-08-31T23:59:00Z
EP2-000394,LP-2023-00394,R0161,LAW,S006,Training Grant,2023-05-09T12:00:00Z,539200.00,NOT_FUNDED,,0.00,2023-10-05T12:00:00Z,,,2026-08-31T23:59:00Z
EP2-000395,LP-2026-00395,R0113,LAW,S018,Training Grant,2026-06-07T12:00:00Z,34700.00,UNDER_REVIEW,,0.00,,,,2026-08-31T23:59:00Z
EP2-000396,LP-2023-00396,R0044,HUM,S013,Research Project,2023-04-08T12:00:00Z,283600.00,NOT_FUNDED,,0.00,2023-08-21T12:00:00Z,,,2026-08-31T23:59:00Z
EP2-000397,LP-2025-00397,R0103,HSC,S003,Internal Seed,2025-08-06T12:00:00Z,77300.00,CLOSED,AW2-2025-00397,51200.00,2025-10-04T12:00:00Z,2025-11-18,2027-11-18,2026-08-31T23:59:00Z
EP2-000398,LP-2025-00398,R0082,ENG,S008,Research Project,2025-07-19T12:00:00Z,103900.00,NOT_FUNDED,,0.00,2026-01-08T12:00:00Z,,,2026-08-31T23:59:00Z
EP2-000399,LP-2026-00399,R0073,LAW,S011,Research Project,2026-02-28T12:00:00Z,33400.00,NOT_FUNDED,,0.00,2026-07-05T12:00:00Z,,,2026-08-31T23:59:00Z
EP2-000400,LP-2023-00400,R0142,SCI,S013,Research Project,2023-12-21T12:00:00Z,141700.00,ACTIVE,AW2-2023-00400,134300.00,2024-05-05T12:00:00Z,2024-07-14,2025-07-14,2026-08-31T23:59:00Z
EP2-000401,LP-2024-00401,R0178,ENG,S020,Research Project,2024-09-16T12:00:00Z,32400.00,NOT_FUNDED,,0.00,2024-11-11T12:00:00Z,,,2026-08-31T23:59:00Z
EP2-000402,LP-2026-00402,R0113,LAW,S001,Research Project,2026-04-19T12:00:00Z,40200.00,ACTIVE,AW2-2026-00402,31100.00,2026-07-03T12:00:00Z,2026-09-09,2028-09-08,2026-08-31T23:59:00Z
EP2-000403,LP-2023-00403,R0075,SOC,S003,Training Grant,2023-04-04T12:00:00Z,82300.00,NOT_FUNDED,,0.00,2023-07-28T12:00:00Z,,,2026-08-31T23:59:00Z
EP2-000404,LP-2024-00404,R0037,BUS,S017,Fellowship,2024-04-22T12:00:00Z,364300.00,ACTIVE,AW2-2024-00404,329100.00,2024-07-31T12:00:00Z,2024-10-05,2025-10-05,2026-08-31T23:59:00Z
EP2-000405,LP-2025-00405,R0062,SCI,S004,Research Project,2025-12-01T12:00:00Z,147800.00,CLOSED,AW2-2025-00405,140000.00,2026-05-31T12:00:00Z,2026-07-29,2028-01-20,2026-08-31T23:59:00Z
EP2-000406,LP-2025-00406,R0031,HSC,S011,Research Project,2025-12-14T12:00:00Z,271400.00,ACTIVE,AW2-2025-00406,237200.00,2026-04-07T12:00:00Z,2026-05-25,2028-05-24,2026-08-31T23:59:00Z
EP2-000407,LP-2025-00407,R0158,SCI,S008,Research Project,2025-11-25T12:00:00Z,241700.00,CLOSED,AW2-2025-00407,237600.00,2026-01-09T12:00:00Z,2026-02-07,2028-02-07,2026-08-31T23:59:00Z
EP2-000408,LP-2023-00408,R0061,BUS,S008,Research Project,2023-12-17T12:00:00Z,90700.00,WITHDRAWN,,0.00,2024-04-18T12:00:00Z,,,2026-08-31T23:59:00Z
EP2-000409,LP-2024-00409,R0082,ENG,S022,Research Project,2024-12-01T12:00:00Z,169700.00,NOT_FUNDED,,0.00,2025-03-25T12:00:00Z,,,2026-08-31T23:59:00Z
EP2-000410,LP-2025-00410,R0062,SCI,S008,Research Project,2025-03-18T12:00:00Z,84400.00,ACTIVE,AW2-2025-00410,52900.00,2025-07-28T12:00:00Z,2025-10-02,2027-03-26,2026-08-31T23:59:00Z
EP2-000411,LP-2024-00411,R0124,HUM,S017,Research Project,2024-06-27T12:00:00Z,170100.00,NOT_FUNDED,,0.00,2024-11-11T12:00:00Z,,,2026-08-31T23:59:00Z
EP2-000412,LP-2023-00412,R0056,ARC,S013,Research Project,2023-01-29T12:00:00Z,361800.00,NOT_FUNDED,,0.00,2023-07-23T12:00:00Z,,,2026-08-31T23:59:00Z
EP2-000413,LP-2024-00413,R0089,LAW,S011,Research Project,2024-10-20T12:00:00Z,433400.00,ACTIVE,AW2-2024-00413,310500.00,2025-04-21T12:00:00Z,2025-06-07,2028-06-06,2026-08-31T23:59:00Z
EP2-000414,LP-2026-00414,R0105,LAW,S999,Research Project,2026-01-04T12:00:00Z,65000.00,NOT_FUNDED,,0.00,2026-06-28T12:00:00Z,,,2026-08-31T23:59:00Z
EP2-000415,LP-2024-00415,R0129,LAW,S019,Training Grant,2024-12-29T12:00:00Z,48900.00,ACTIVE,AW2-2024-00415,47600.00,2025-06-10T12:00:00Z,2025-07-11,2026-07-11,2026-08-31T23:59:00Z
EP2-000416,LP-2024-00416,R0009,LAW,S023,Research Project,2024-06-06T12:00:00Z,165500.00,NOT_FUNDED,,0.00,2024-11-21T12:00:00Z,,,2026-08-31T23:59:00Z
EP2-000417,LP-2023-00417,R0165,BUS,S005,Research Project,2023-03-17T12:00:00Z,77700.00,CLOSED,AW2-2023-00417,56300.00,2023-06-25T12:00:00Z,2023-07-23,2025-01-13,2026-08-31T23:59:00Z
EP2-000418,LP-2025-00418,R0020,HUM,S010,Research Project,2025-05-21T12:00:00Z,110800.00,NOT_FUNDED,,0.00,2025-07-26T12:00:00Z,,,2026-08-31T23:59:00Z
EP2-000419,LP-2026-00419,R0008,ARC,S002,Research Project,2026-02-04T12:00:00Z,69200.00,NOT_FUNDED,,0.00,2026-04-19T12:00:00Z,,,2026-08-31T23:59:00Z
EP2-000420,LP-2025-00420,R0042,ENG,S003,Training Grant,2025-08-28T12:00:00Z,96800.00,CLOSED,AW2-2025-00420,64200.00,2025-12-20T12:00:00Z,2026-01-24,2029-01-23,2026-08-31T23:59:00Z
EP2-000421,LP-2025-00421,R0170,ENG,S012,Research Project,2025-12-04T12:00:00Z,156300.00,NOT_FUNDED,,0.00,2026-04-05T12:00:00Z,,,2026-08-31T23:59:00Z
EP2-000422,LP-2023-00422,R0045,BUS,S012,Training Grant,2023-05-24T12:00:00Z,229800.00,CLOSED,AW2-2023-00422,221800.00,2023-08-04T12:00:00Z,2023-08-23,2025-02-13,2026-08-31T23:59:00Z
EP2-000423,LP-2023-00423,R0062,SCI,S003,Research Project,2023-09-09T12:00:00Z,169400.00,NOT_FUNDED,,0.00,2024-01-19T12:00:00Z,,,2026-08-31T23:59:00Z
EP2-000424,LP-2023-00424,R0084,HUM,S001,Fellowship,2023-10-20T12:00:00Z,85100.00,WITHDRAWN,,0.00,2024-01-01T12:00:00Z,,,2026-08-31T23:59:00Z
EP2-000425,LP-2025-00425,R0069,BUS,S008,Research Project,2025-05-06T12:00:00Z,86600.00,LEGACY_ONLY,AW2-2025-00425,58100.00,2025-08-30T12:00:00Z,2025-10-20,2026-10-20,2026-08-31T23:59:00Z
EP2-000426,LP-2024-00426,R0114,ENG,S008,Research Project,2024-08-29T12:00:00Z,534800.00,CLOSED,AW2-2024-00426,430400.00,2025-01-19T12:00:00Z,2025-02-07,2026-02-07,2026-08-31T23:59:00Z
EP2-000427,LP-2024-00427,R0067,SOC,S003,Research Project,2024-08-24T12:00:00Z,149600.00,CLOSED,AW2-2024-00427,131900.00,2025-01-03T12:00:00Z,2025-03-03,2027-03-03,2026-08-31T23:59:00Z
EP2-000428,LP-2026-00428,R0090,ENG,S016,Research Project,2026-04-09T12:00:00Z,83300.00,AWARDED,AW2-2026-00428,52800.00,2026-08-31T12:00:00Z,2026-09-26,2028-03-19,2026-08-31T23:59:00Z
EP2-000429,LP-2025-00429,R0034,ENG,S006,Research Project,2025-06-13T12:00:00Z,530900.00,NOT_FUNDED,,0.00,2025-10-05T12:00:00Z,,,2026-08-31T23:59:00Z
EP2-000430,LP-2024-00430,R0101,BUS,S016,Research Project,2024-10-05T12:00:00Z,326200.00,ACTIVE,AW2-2024-00430,212800.00,2024-11-20T12:00:00Z,2024-12-28,2027-12-28,2026-08-31T23:59:00Z
EP2-000431,LP-2025-00431,R0064,ARC,S002,Research Project,2025-10-14T12:00:00Z,31400.00,NOT_FUNDED,,0.00,2025-12-01T12:00:00Z,,,2026-08-31T23:59:00Z
EP2-000432,LP-2025-00432,R0154,ENG,S001,Fellowship,2025-12-03T12:00:00Z,38900.00,CLOSED,AW2-2025-00432,26900.00,2026-01-29T12:00:00Z,2026-02-25,2027-02-25,2026-08-31T23:59:00Z
EP2-000433,LP-2026-00433,R0035,SOC,S018,Research Project,2026-06-20T12:00:00Z,190900.00,WITHDRAWN,,0.00,2026-08-31T12:00:00Z,,,2026-08-31T23:59:00Z
EP2-000434,LP-2024-00434,R0028,HUM,S018,Research Project,2024-10-01T12:00:00Z,225700.00,NOT_FUNDED,,0.00,2025-01-20T12:00:00Z,,,2026-08-31T23:59:00Z
EP2-000435,LP-2023-00435,R0148,HUM,S003,Training Grant,2023-10-30T12:00:00Z,320800.00,CLOSED,AW2-2023-00435,315400.00,2023-12-22T12:00:00Z,2024-01-25,2026-01-24,2026-08-31T23:59:00Z
EP2-000436,LP-2023-00436,R0053,BUS,S003,Research Project,2023-06-28T12:00:00Z,219200.00,NOT_FUNDED,,0.00,2023-11-17T12:00:00Z,,,2026-08-31T23:59:00Z
EP2-000437,LP-2025-00437,R0141,BUS,S015,Research Project,2025-04-25T12:00:00Z,52700.00,NOT_FUNDED,,0.00,2025-09-29T12:00:00Z,,,2026-08-31T23:59:00Z
EP2-000438,LP-2026-00438,R0129,LAW,S025,Research Project,2026-06-01T12:00:00Z,88300.00,UNDER_REVIEW,,0.00,,,,2026-08-31T23:59:00Z
EP2-000439,LP-2025-00439,R0080,ARC,S011,Training Grant,2025-09-22T12:00:00Z,284300.00,ACTIVE,AW2-2025-00439,205500.00,2026-01-18T12:00:00Z,2026-02-19,2028-02-19,2026-08-31T23:59:00Z
EP2-000440,LP-2024-00440,R0171,SOC,S020,Training Grant,2024-08-06T12:00:00Z,323500.00,ACTIVE,AW2-2024-00440,293900.00,2024-11-12T12:00:00Z,2025-01-06,2027-01-06,2026-08-31T23:59:00Z
EP2-000441,LP-2023-00441,R0142,SCI,S020,Research Project,2023-03-23T12:00:00Z,133600.00,NOT_FUNDED,,0.00,2023-06-01T12:00:00Z,,,2026-08-31T23:59:00Z
EP2-000442,LP-2025-00442,R0160,ARC,S004,Research Project,2025-02-08T12:00:00Z,69000.00,ACTIVE,AW2-2025-00442,61100.00,2025-05-28T12:00:00Z,2025-06-13,2026-12-05,2026-08-31T23:59:00Z
EP2-000443,LP-2024-00443,R0083,SOC,S005,Research Project,2024-08-20T12:00:00Z,154400.00,NOT_FUNDED,,0.00,2024-10-01T12:00:00Z,,,2026-08-31T23:59:00Z
EP2-000444,LP-2024-00444,R0010,ENG,S019,Research Project,2024-08-02T12:00:00Z,137200.00,WITHDRAWN,,0.00,2025-01-12T12:00:00Z,,,2026-08-31T23:59:00Z
EP2-000445,LP-2024-00445,R0110,SCI,S012,Research Project,2024-10-17T12:00:00Z,209500.00,NOT_FUNDED,,0.00,2025-04-15T12:00:00Z,,,2026-08-31T23:59:00Z
EP2-000446,LP-2025-00446,R0040,ARC,S001,Training Grant,2025-10-26T12:00:00Z,155000.00,ACTIVE,AW2-2025-00446,125600.00,2026-03-10T12:00:00Z,2026-03-20,2027-03-20,2026-08-31T23:59:00Z
EP2-000447,LP-2024-00447,R0089,LAW,S019,Fellowship,2024-03-03T12:00:00Z,97900.00,ACTIVE,AW2-2024-00447,66800.00,2024-06-05T12:00:00Z,2024-08-02,2026-08-02,2026-08-31T23:59:00Z
EP2-000448,LP-2025-00448,R0117,BUS,S025,Research Project,2025-10-08T12:00:00Z,90900.00,NOT_FUNDED,,0.00,2026-01-29T12:00:00Z,,,2026-08-31T23:59:00Z
EP2-000449,LP-2025-00449,R0178,ENG,S010,Internal Seed,2025-06-05T12:00:00Z,83600.00,ACTIVE,AW2-2025-00449,52500.00,2025-10-30T12:00:00Z,2025-12-20,2028-12-19,2026-08-31T23:59:00Z
EP2-000450,LP-2025-00450,R0110,SCI,S012,Equipment,2025-08-24T12:00:00Z,59400.00,CLOSED,AW2-2025-00450,40100.00,2025-12-25T12:00:00Z,2026-01-19,2029-01-18,2026-08-31T23:59:00Z
EP2-000451,LP-2024-00451,R0048,ARC,S003,Research Project,2024-10-18T12:00:00Z,74300.00,NOT_FUNDED,,0.00,2025-01-09T12:00:00Z,,,2026-08-31T23:59:00Z
EP2-000452,LP-2026-00452,R0023,HSC,S022,Fellowship,2026-06-14T12:00:00Z,524900.00,UNDER_REVIEW,,0.00,,,,2026-08-31T23:59:00Z
EP2-000453,LP-2025-00453,R0035,SOC,S003,Research Project,2025-05-19T12:00:00Z,467600.00,NOT_FUNDED,,0.00,2025-08-08T12:00:00Z,,,2026-08-31T23:59:00Z
EP2-000454,LP-2026-00454,R0060,HUM,S017,Equipment,2026-07-27T12:00:00Z,292700.00,UNDER_REVIEW,,0.00,,,,2026-08-31T23:59:00Z
EP2-000455,LP-2024-00455,R0049,LAW,S020,Research Project,2024-06-26T12:00:00Z,172000.00,CLOSED,AW2-2024-00455,110000.00,2024-10-17T12:00:00Z,2024-11-04,2025-11-04,2026-08-31T23:59:00Z
EP2-000456,LP-2023-00456,R0174,SCI,S023,Research Project,2023-03-20T12:00:00Z,79500.00,CLOSED,AW2-2023-00456,73800.00,2023-06-10T12:00:00Z,2023-07-08,2025-07-07,2026-08-31T23:59:00Z
EP2-000457,LP-2025-00457,R0130,ENG,S002,Research Project,2025-09-26T12:00:00Z,250000.00,WITHDRAWN,,0.00,2025-12-06T12:00:00Z,,,2026-08-31T23:59:00Z
EP2-000458,LP-2026-00458,R0040,ARC,S025,Research Project,2026-05-23T12:00:00Z,148600.00,NOT_FUNDED,,0.00,2026-07-12T12:00:00Z,,,2026-08-31T23:59:00Z
EP2-000459,LP-2026-00459,R0031,HSC,S015,Training Grant,2026-06-20T12:00:00Z,85100.00,NOT_FUNDED,,0.00,2026-08-31T12:00:00Z,,,2026-08-31T23:59:00Z
EP2-000460,LP-2023-00460,R0079,HSC,S023,Training Grant,2023-02-28T12:00:00Z,524900.00,CLOSED,AW2-2023-00460,377100.00,2023-09-05T12:00:00Z,2023-10-23,2025-04-15,2026-08-31T23:59:00Z
EP2-000461,LP-2023-00461,R0155,SOC,S012,Research Project,2023-09-21T12:00:00Z,53100.00,NOT_FUNDED,,0.00,2023-12-02T12:00:00Z,,,2026-08-31T23:59:00Z
EP2-000462,LP-2025-00462,R0135,HSC,S025,Internal Seed,2025-03-30T12:00:00Z,110000.00,NOT_FUNDED,,0.00,2025-05-31T12:00:00Z,,,2026-08-31T23:59:00Z
EP2-000463,LP-2026-00463,R0180,HUM,S005,Internal Seed,2026-05-03T12:00:00Z,73100.00,WITHDRAWN,,0.00,2026-08-26T12:00:00Z,,,2026-08-31T23:59:00Z
EP2-000464,LP-2023-00464,R0031,HSC,S013,Equipment,2023-04-30T12:00:00Z,157700.00,ACTIVE,AW2-2023-00464,103500.00,2023-08-24T12:00:00Z,2023-10-26,2025-04-18,2026-08-31T23:59:00Z
EP2-000465,LP-2026-00465,R0022,SCI,S005,Equipment,2026-01-17T12:00:00Z,128300.00,ACTIVE,AW2-2026-00465,84900.00,2026-05-07T12:00:00Z,2026-07-16,2028-07-15,2026-08-31T23:59:00Z
EP2-000466,LP-2023-00466,R0074,ENG,S025,Internal Seed,2023-03-11T12:00:00Z,284600.00,NOT_FUNDED,,0.00,2023-05-08T12:00:00Z,,,2026-08-31T23:59:00Z
EP2-000467,LP-2025-00467,R0073,LAW,S001,Fellowship,2025-10-14T12:00:00Z,277800.00,NOT_FUNDED,,0.00,2025-12-08T12:00:00Z,,,2026-08-31T23:59:00Z
EP2-000468,LP-2025-00468,R0073,LAW,S007,Equipment,2025-04-09T12:00:00Z,75800.00,AWARDED,AW2-2025-00468,49500.00,2025-10-09T12:00:00Z,2025-11-12,2027-05-06,2026-08-31T23:59:00Z
EP2-000469,LP-2025-00469,R0014,SCI,S001,Research Project,2025-07-27T12:00:00Z,83400.00,ACTIVE,AW2-2025-00469,79200.00,2025-11-01T12:00:00Z,2026-01-14,2027-07-08,2026-08-31T23:59:00Z
EP2-000470,LP-2023-00470,R0112,ARC,S024,Research Project,2023-02-21T12:00:00Z,35600.00,CLOSED,AW2-2023-00470,22400.00,2023-08-09T12:00:00Z,2023-10-15,2025-10-14,2026-08-31T23:59:00Z
EP2-000471,LP-2026-00471,R0121,LAW,S003,Research Project,2026-01-16T12:00:00Z,58700.00,AWARDED,AW2-2026-00471,48500.00,2026-02-23T12:00:00Z,2026-04-09,2027-10-01,2026-08-31T23:59:00Z
EP2-000472,LP-2026-00472,R0139,SOC,S008,Research Project,2026-03-27T12:00:00Z,99700.00,NOT_FUNDED,,0.00,2026-08-31T12:00:00Z,,,2026-08-31T23:59:00Z
EP2-000473,LP-2026-00473,R0039,HSC,S017,Research Project,2026-03-18T12:00:00Z,75700.00,NOT_FUNDED,,0.00,2026-05-23T12:00:00Z,,,2026-08-31T23:59:00Z
EP2-000474,LP-2023-00474,R0091,SOC,S022,Research Project,2023-09-24T12:00:00Z,168800.00,CLOSED,AW2-2023-00474,129800.00,2024-01-19T12:00:00Z,2024-02-23,2027-02-22,2026-08-31T23:59:00Z
EP2-000475,LP-2026-00475,R0157,BUS,S005,Research Project,2026-06-25T12:00:00Z,58100.00,UNDER_REVIEW,,0.00,,,,2026-08-31T23:59:00Z
EP2-000476,LP-2023-00476,R0027,SOC,S022,Research Project,2023-10-30T12:00:00Z,667400.00,NOT_FUNDED,,0.00,2024-01-19T12:00:00Z,,,2026-08-31T23:59:00Z
EP2-000477,LP-2026-00477,R0006,SCI,S020,Research Project,2026-07-03T12:00:00Z,68100.00,UNDER_REVIEW,,0.00,,,,2026-08-31T23:59:00Z
EP2-000478,LP-2025-00478,R0057,LAW,S010,Research Project,2025-08-22T12:00:00Z,103300.00,AWARDED,AW2-2025-00478,92700.00,2025-12-21T12:00:00Z,2026-01-16,2027-01-16,2026-08-31T23:59:00Z
EP2-000479,LP-2026-00479,R0024,ARC,S025,Research Project,2026-06-01T12:00:00Z,203900.00,NOT_FUNDED,,0.00,2026-08-31T12:00:00Z,,,2026-08-31T23:59:00Z
EP2-000480,LP-2025-00480,R0068,HUM,S005,Internal Seed,2025-10-25T12:00:00Z,178300.00,NOT_FUNDED,,0.00,2026-04-08T12:00:00Z,,,2026-08-31T23:59:00Z
EP2-000481,LP-2025-00481,R0149,BUS,S022,Equipment,2025-01-19T12:00:00Z,90800.00,NOT_FUNDED,,0.00,2025-04-15T12:00:00Z,,,2026-08-31T23:59:00Z
EP2-000482,LP-2025-00482,R0080,ARC,S002,Fellowship,2025-04-06T12:00:00Z,84800.00,ACTIVE,AW2-2025-00482,79400.00,2025-06-14T12:00:00Z,2025-06-26,2028-06-25,2026-08-31T23:59:00Z
EP2-000483,LP-2023-00483,R0134,SCI,S009,Research Project,2023-08-12T12:00:00Z,86900.00,NOT_FUNDED,,0.00,2023-10-23T12:00:00Z,,,2026-08-31T23:59:00Z
EP2-000484,LP-2023-00484,R0023,HSC,S001,Research Project,2023-04-12T12:00:00Z,269700.00,NOT_FUNDED,,0.00,2023-09-21T12:00:00Z,,,2026-08-31T23:59:00Z
EP2-000485,LP-2025-00485,R0090,ENG,S022,Research Project,2025-11-09T12:00:00Z,34800.00,AWARDED,AW2-2025-00485,33900.00,2025-12-28T12:00:00Z,2026-03-01,2029-02-28,2026-08-31T23:59:00Z
EP2-000486,LP-2023-00486,R0173,BUS,S010,Research Project,2023-10-30T12:00:00Z,118100.00,CLOSED,AW2-2023-00486,108700.00,2024-02-08T12:00:00Z,2024-03-07,2027-03-07,2026-08-31T23:59:00Z
EP2-000487,LP-2024-00487,R0134,SCI,S015,Research Project,2024-01-13T12:00:00Z,339400.00,NOT_FUNDED,,0.00,2024-06-01T12:00:00Z,,,2026-08-31T23:59:00Z
EP2-000488,LP-2023-00488,R0115,SOC,S024,Research Project,2023-03-28T12:00:00Z,46200.00,WITHDRAWN,,0.00,2023-06-29T12:00:00Z,,,2026-08-31T23:59:00Z
EP2-000489,LP-2023-00489,R0124,HUM,S006,Research Project,2023-12-21T12:00:00Z,121500.00,CLOSED,AW2-2023-00489,102500.00,2024-03-17T12:00:00Z,2024-04-26,2026-04-26,2026-08-31T23:59:00Z
EP2-000490,LP-2025-00490,R0097,LAW,S011,Research Project,2025-01-21T12:00:00Z,74400.00,NOT_FUNDED,,0.00,2025-04-17T12:00:00Z,,,2026-08-31T23:59:00Z
EP2-000491,LP-2025-00491,R0007,HSC,S007,Internal Seed,2025-03-19T12:00:00Z,484500.00,ACTIVE,AW2-2025-00491,472200.00,2025-05-02T12:00:00Z,2025-05-25,2027-05-25,2026-08-31T23:59:00Z
EP2-000492,LP-2025-00492,R0132,HUM,S025,Research Project,2025-01-23T12:00:00Z,294300.00,NOT_FUNDED,,0.00,2025-06-06T12:00:00Z,,,2026-08-31T23:59:00Z
EP2-000493,LP-2026-00493,R0107,SOC,S014,Research Project,2026-04-03T12:00:00Z,284700.00,NOT_FUNDED,,0.00,2026-05-25T12:00:00Z,,,2026-08-31T23:59:00Z
EP2-000494,LP-2023-00494,R0128,ARC,S018,Equipment,2023-03-06T12:00:00Z,154200.00,CLOSED,AW2-2023-00494,147000.00,2023-07-12T12:00:00Z,2023-08-11,2025-02-01,2026-08-31T23:59:00Z
EP2-000495,LP-2023-00495,R0029,BUS,S008,Research Project,2023-12-26T12:00:00Z,186200.00,NOT_FUNDED,,0.00,2024-03-30T12:00:00Z,,,2026-08-31T23:59:00Z
EP2-000496,LP-2025-00496,R0142,SCI,S014,Research Project,2025-02-04T12:00:00Z,18600.00,NOT_FUNDED,,0.00,2025-04-24T12:00:00Z,,,2026-08-31T23:59:00Z
EP2-000497,LP-2026-00497,R0104,ARC,S021,Training Grant,2026-08-13T12:00:00Z,74800.00,UNDER_REVIEW,,0.00,,,,2026-08-31T23:59:00Z
EP2-000498,LP-2024-00498,R0063,HSC,S024,Research Project,2024-02-03T12:00:00Z,111900.00,CLOSED,AW2-2024-00498,72900.00,2024-04-25T12:00:00Z,2024-06-05,2027-06-05,2026-08-31T23:59:00Z
EP2-000499,LP-2026-00499,R0017,LAW,S022,Research Project,2026-06-03T12:00:00Z,92400.00,UNDER_REVIEW,,0.00,,,,2026-08-31T23:59:00Z
EP2-000500,LP-2023-00500,R0135,HSC,S021,Internal Seed,2023-03-13T12:00:00Z,874700.00,NOT_FUNDED,,0.00,2023-07-16T12:00:00Z,,,2026-08-31T23:59:00Z
EP2-000501,LP-2026-00501,R0008,ARC,S006,Research Project,2026-02-13T12:00:00Z,19100.00,AWARDED,AW2-2026-00501,14500.00,2026-06-13T12:00:00Z,2026-07-22,2029-07-21,2026-08-31T23:59:00Z
EP2-000502,LP-2023-00502,R0082,ENG,S007,Research Project,2023-11-07T12:00:00Z,58400.00,NOT_FUNDED,,0.00,2023-12-30T12:00:00Z,,,2026-08-31T23:59:00Z
EP2-000503,LP-2023-00503,R0013,BUS,S025,Research Project,2023-05-11T12:00:00Z,230400.00,NOT_FUNDED,,0.00,2023-07-04T12:00:00Z,,,2026-08-31T23:59:00Z
EP2-000504,LP-2024-00504,R0075,SOC,S002,Research Project,2024-09-10T12:00:00Z,82500.00,NOT_FUNDED,,0.00,2024-11-13T12:00:00Z,,,2026-08-31T23:59:00Z
EP2-000505,LP-2023-00505,R0092,HUM,S006,Research Project,2023-08-08T12:00:00Z,164200.00,NOT_FUNDED,,0.00,2023-10-25T12:00:00Z,,,2026-08-31T23:59:00Z
EP2-000506,LP-2023-00506,R0028,HUM,S021,Research Project,2023-06-25T12:00:00Z,304500.00,NOT_FUNDED,,0.00,2023-10-02T12:00:00Z,,,2026-08-31T23:59:00Z
EP2-000507,LP-2026-00507,R0013,BUS,S023,Fellowship,2026-06-25T12:00:00Z,406300.00,AWARDED,AW2-2026-00507,272800.00,2026-08-31T12:00:00Z,2026-11-14,2029-11-13,2026-08-31T23:59:00Z
EP2-000508,LP-2026-00508,R0144,ARC,S020,Fellowship,2026-04-25T12:00:00Z,304700.00,UNDER_REVIEW,,0.00,,,,2026-08-31T23:59:00Z
EP2-000509,LP-2023-00509,R0145,LAW,S016,Research Project,2023-08-18T12:00:00Z,73200.00,ACTIVE,AW2-2023-00509,61300.00,2024-02-02T12:00:00Z,2024-03-11,2026-03-11,2026-08-31T23:59:00Z
EP2-000510,LP-2024-00510,R0156,HUM,S021,Training Grant,2024-04-17T12:00:00Z,276400.00,CLOSED,AW2-2024-00510,176800.00,2024-07-08T12:00:00Z,2024-09-17,2025-09-17,2026-08-31T23:59:00Z
EP2-000511,LP-2023-00511,R0072,ARC,S006,Internal Seed,2023-03-03T12:00:00Z,116500.00,CLOSED,AW2-2023-00511,74000.00,2023-06-25T12:00:00Z,2023-08-30,2025-08-29,2026-08-31T23:59:00Z
EP2-000512,LP-2025-00512,R0136,ARC,S017,Research Project,2025-02-20T12:00:00Z,171700.00,ACTIVE,AW2-2025-00512,113200.00,2025-08-08T12:00:00Z,2025-09-19,2026-09-19,2026-08-31T23:59:00Z
EP2-000513,LP-2025-00513,R0119,HSC,S006,Research Project,2025-08-06T12:00:00Z,201400.00,ACTIVE,AW2-2025-00513,188300.00,2026-02-07T12:00:00Z,2026-03-13,2027-09-04,2026-08-31T23:59:00Z
EP2-000514,LP-2026-00514,R0046,SCI,S017,Research Project,2026-04-09T12:00:00Z,27700.00,UNDER_REVIEW,,0.00,,,,2026-08-31T23:59:00Z
EP2-000515,LP-2024-00515,R0055,HSC,S007,Research Project,2024-07-31T12:00:00Z,18700.00,NOT_FUNDED,,0.00,2025-02-03T12:00:00Z,,,2026-08-31T23:59:00Z
EP2-000516,LP-2025-00516,R0080,ARC,S024,Internal Seed,2025-11-16T12:00:00Z,194100.00,WITHDRAWN,,0.00,2026-01-13T12:00:00Z,,,2026-08-31T23:59:00Z
EP2-000517,LP-2023-00517,R0103,HSC,S023,Research Project,2023-11-12T12:00:00Z,244000.00,NOT_FUNDED,,0.00,2024-04-06T12:00:00Z,,,2026-08-31T23:59:00Z
EP2-000518,LP-2025-00518,R0081,LAW,S009,Research Project,2025-01-16T12:00:00Z,198600.00,NOT_FUNDED,,0.00,2025-07-15T12:00:00Z,,,2026-08-31T23:59:00Z
EP2-000519,LP-2025-00519,R0048,ARC,S012,Training Grant,2025-11-17T12:00:00Z,65000.00,NOT_FUNDED,,0.00,2026-05-11T12:00:00Z,,,2026-08-31T23:59:00Z
EP2-000520,LP-2024-00520,R0082,ENG,S020,Research Project,2024-06-03T12:00:00Z,77400.00,CLOSED,AW2-2024-00520,69000.00,2024-08-22T12:00:00Z,2024-10-14,2025-10-14,2026-08-31T23:59:00Z
EP2-000521,LP-2026-00521,R0108,HUM,S021,Research Project,2026-07-14T12:00:00Z,38700.00,WITHDRAWN,,0.00,2026-08-31T12:00:00Z,,,2026-08-31T23:59:00Z
EP2-000522,LP-2026-00522,R0157,BUS,S012,Research Project,2026-05-22T12:00:00Z,56000.00,NOT_FUNDED,,0.00,2026-08-31T12:00:00Z,,,2026-08-31T23:59:00Z
EP2-000523,LP-2026-00523,R0130,ENG,S006,Research Project,2026-05-07T12:00:00Z,122400.00,UNDER_REVIEW,,0.00,,,,2026-08-31T23:59:00Z
EP2-000524,LP-2023-00524,R0091,SOC,S021,Training Grant,2023-06-21T12:00:00Z,180500.00,NOT_FUNDED,,0.00,2023-11-02T12:00:00Z,,,2026-08-31T23:59:00Z
EP2-000525,LP-2025-00525,R0113,LAW,S024,Training Grant,2025-10-15T12:00:00Z,15000.00,AWARDED,AW2-2025-00525,9400.00,2025-12-16T12:00:00Z,2026-01-20,2028-01-20,2026-08-31T23:59:00Z
EP2-000526,LP-2023-00526,R0011,SOC,S010,Research Project,2023-03-07T12:00:00Z,67300.00,CLOSED,AW2-2023-00526,60500.00,2023-04-15T12:00:00Z,2023-06-03,2025-06-02,2026-08-31T23:59:00Z
EP2-000527,LP-2025-00527,R0069,BUS,S011,Research Project,2025-10-16T12:00:00Z,87600.00,ACTIVE,AW2-2025-00527,68600.00,2026-01-05T12:00:00Z,2026-02-18,2027-08-12,2026-08-31T23:59:00Z
EP2-000528,LP-2025-00528,R0078,SCI,S011,Training Grant,2025-09-15T12:00:00Z,75400.00,ACTIVE,AW2-2025-00528,55700.00,2026-03-06T12:00:00Z,2026-04-16,2027-10-08,2026-08-31T23:59:00Z
EP2-000529,LP-2023-00529,R0013,BUS,S011,Research Project,2023-11-23T12:00:00Z,102700.00,NOT_FUNDED,,0.00,2024-04-20T12:00:00Z,,,2026-08-31T23:59:00Z
EP2-000530,LP-2024-00530,R0029,BUS,S004,Internal Seed,2024-05-20T12:00:00Z,313300.00,ACTIVE,AW2-2024-00530,286500.00,2024-11-15T12:00:00Z,2024-12-21,2027-12-21,2026-08-31T23:59:00Z
EP2-000531,LP-2026-00531,R0045,BUS,S010,Equipment,2026-05-10T12:00:00Z,210700.00,NOT_FUNDED,,0.00,2026-06-17T12:00:00Z,,,2026-08-31T23:59:00Z
EP2-000532,LP-2023-00532,R0051,SOC,S020,Training Grant,2023-10-19T12:00:00Z,56200.00,WITHDRAWN,,0.00,2023-12-07T12:00:00Z,,,2026-08-31T23:59:00Z
EP2-000533,LP-2023-00533,R0026,ENG,S021,Research Project,2023-12-15T12:00:00Z,128500.00,NOT_FUNDED,,0.00,2024-04-23T12:00:00Z,,,2026-08-31T23:59:00Z
EP2-000534,LP-2024-00534,R0073,LAW,S025,Research Project,2024-06-05T12:00:00Z,550300.00,NOT_FUNDED,,0.00,2024-07-20T12:00:00Z,,,2026-08-31T23:59:00Z
EP2-000535,LP-2024-00535,R0129,LAW,S002,Research Project,2024-06-01T12:00:00Z,52100.00,NOT_FUNDED,,0.00,2024-09-11T12:00:00Z,,,2026-08-31T23:59:00Z
EP2-000536,LP-2023-00536,R0119,HSC,S004,Research Project,2023-10-15T12:00:00Z,311400.00,ACTIVE,AW2-2023-00536,310900.00,2024-01-27T12:00:00Z,2024-02-23,2025-02-22,2026-08-31T23:59:00Z
EP2-000537,LP-2025-00537,R0132,HUM,S025,Training Grant,2025-04-06T12:00:00Z,213400.00,ACTIVE,AW2-2025-00537,201300.00,2025-06-11T12:00:00Z,2025-07-12,2027-01-03,2026-08-31T23:59:00Z
EP2-000538,LP-2024-00538,R0179,SOC,S022,Internal Seed,2024-02-01T12:00:00Z,309300.00,ACTIVE,AW2-2024-00538,227700.00,2024-04-16T12:00:00Z,2024-05-04,2025-10-26,2026-08-31T23:59:00Z
EP2-000539,LP-2026-00539,R0178,ENG,S023,Research Project,2026-08-12T12:00:00Z,165700.00,UNDER_REVIEW,,0.00,,,,2026-08-31T23:59:00Z
EP2-000540,LP-2024-00540,R0093,BUS,S020,Research Project,2024-02-04T12:00:00Z,74000.00,WITHDRAWN,,0.00,2024-07-04T12:00:00Z,,,2026-08-31T23:59:00Z
EP2-000541,LP-2024-00541,R0161,LAW,S012,Research Project,2024-02-25T12:00:00Z,154400.00,ACTIVE,AW2-2024-00541,128600.00,2024-04-23T12:00:00Z,2024-06-01,2025-06-01,2026-08-31T23:59:00Z
EP2-000542,LP-2025-00542,R0058,ENG,S006,Research Project,2025-01-16T12:00:00Z,83500.00,ACTIVE,AW2-2025-00542,53700.00,2025-06-19T12:00:00Z,2025-07-31,2026-07-31,2026-08-31T23:59:00Z
EP2-000543,LP-2026-00543,R0068,HUM,S006,Research Project,2026-07-28T12:00:00Z,267700.00,WITHDRAWN,,0.00,2026-08-31T12:00:00Z,,,2026-08-31T23:59:00Z
EP2-000544,LP-2023-00544,R0009,LAW,S004,Internal Seed,2023-01-20T12:00:00Z,59600.00,CLOSED,AW2-2023-00544,42600.00,2023-06-22T12:00:00Z,2023-08-16,2026-08-15,2026-08-31T23:59:00Z
EP2-000545,LP-2023-00545,R0060,HUM,S005,Training Grant,2023-04-21T12:00:00Z,147400.00,ACTIVE,AW2-2023-00545,146800.00,2023-10-07T12:00:00Z,2023-12-15,2025-12-14,2026-08-31T23:59:00Z
EP2-000546,LP-2026-00546,R0129,LAW,S004,Training Grant,2026-04-21T12:00:00Z,70000.00,ACTIVE,AW2-2026-00546,46500.00,2026-08-31T12:00:00Z,2026-10-25,2028-10-24,2026-08-31T23:59:00Z
EP2-000547,LP-2026-00547,R0141,BUS,S006,Fellowship,2026-05-28T12:00:00Z,250600.00,NOT_FUNDED,,0.00,2026-08-31T12:00:00Z,,,2026-08-31T23:59:00Z
EP2-000548,LP-2024-00548,R0077,BUS,S014,Research Project,2024-05-02T12:00:00Z,511300.00,NOT_FUNDED,,0.00,2024-07-15T12:00:00Z,,,2026-08-31T23:59:00Z
EP2-000549,LP-2025-00549,R0067,SOC,S020,Internal Seed,2025-11-22T12:00:00Z,288200.00,NOT_FUNDED,,0.00,2026-05-19T12:00:00Z,,,2026-08-31T23:59:00Z
EP2-000550,LP-2024-00550,R0085,BUS,S022,Research Project,2024-07-09T12:00:00Z,233900.00,NOT_FUNDED,,0.00,2024-11-04T12:00:00Z,,,2026-08-31T23:59:00Z
EP2-000551,LP-2026-00551,R0106,ENG,S004,Equipment,2026-07-26T12:00:00Z,69700.00,UNDER_REVIEW,,0.00,,,,2026-08-31T23:59:00Z
EP2-000552,LP-2024-00552,R0099,SOC,S001,Research Project,2024-04-06T12:00:00Z,172200.00,NOT_FUNDED,,0.00,2024-10-03T12:00:00Z,,,2026-08-31T23:59:00Z
EP2-000553,LP-2025-00553,R0099,SOC,S020,Equipment,2025-02-05T12:00:00Z,329800.00,AWARDED,AW2-2025-00553,207600.00,2025-07-24T12:00:00Z,2025-09-07,2026-09-07,2026-08-31T23:59:00Z
EP2-000554,LP-2025-00554,R0099,SOC,S021,Research Project,2025-02-07T12:00:00Z,56700.00,NOT_FUNDED,,0.00,2025-04-11T12:00:00Z,,,2026-08-31T23:59:00Z
EP2-000555,LP-2024-00555,R0123,SOC,S016,Research Project,2024-12-28T12:00:00Z,35100.00,ACTIVE,AW2-2024-00555,28700.00,2025-04-12T12:00:00Z,2025-05-03,2028-05-02,2026-08-31T23:59:00Z
EP2-000556,LP-2024-00556,R0167,HSC,S014,Internal Seed,2024-07-23T12:00:00Z,204200.00,NOT_FUNDED,,0.00,2024-11-30T12:00:00Z,,,2026-08-31T23:59:00Z
EP2-000557,LP-2023-00557,R0004,HUM,S022,Research Project,2023-09-09T12:00:00Z,157900.00,NOT_FUNDED,,0.00,2023-11-25T12:00:00Z,,,2026-08-31T23:59:00Z
EP2-000558,LP-2026-00558,R0060,HUM,S007,Training Grant,2026-03-30T12:00:00Z,1514300.00,NOT_FUNDED,,0.00,2026-07-12T12:00:00Z,,,2026-08-31T23:59:00Z
EP2-000559,LP-2025-00559,R0046,SCI,S025,Internal Seed,2025-09-03T12:00:00Z,44300.00,NOT_FUNDED,,0.00,2025-12-11T12:00:00Z,,,2026-08-31T23:59:00Z
EP2-000560,LP-2025-00560,R0027,SOC,S010,Research Project,2025-05-25T12:00:00Z,39100.00,ACTIVE,AW2-2025-00560,25700.00,2025-10-31T12:00:00Z,2025-12-26,2027-12-26,2026-08-31T23:59:00Z
EP2-000561,LP-2023-00561,R0146,ENG,S016,Research Project,2023-01-11T12:00:00Z,295700.00,CLOSED,AW2-2023-00561,215400.00,2023-04-16T12:00:00Z,2023-06-18,2024-12-09,2026-08-31T23:59:00Z
EP2-000562,LP-2024-00562,R0084,HUM,S004,Internal Seed,2024-11-22T12:00:00Z,104600.00,NOT_FUNDED,,0.00,2025-02-21T12:00:00Z,,,2026-08-31T23:59:00Z
EP2-000563,LP-2023-00563,R0104,ARC,S007,Research Project,2023-11-26T12:00:00Z,80500.00,NOT_FUNDED,,0.00,2024-05-01T12:00:00Z,,,2026-08-31T23:59:00Z
EP2-000564,LP-2024-00564,R0132,HUM,S008,Internal Seed,2024-09-20T12:00:00Z,225200.00,CLOSED,AW2-2024-00564,197500.00,2024-11-04T12:00:00Z,2025-01-16,2026-01-16,2026-08-31T23:59:00Z
EP2-000565,LP-2024-00565,R0095,HSC,S005,Research Project,2024-09-07T12:00:00Z,32200.00,CLOSED,AW2-2024-00565,23000.00,2025-02-11T12:00:00Z,2025-03-13,2027-03-13,2026-08-31T23:59:00Z
EP2-000566,LP-2025-00566,R0098,ENG,S011,Fellowship,2025-07-02T12:00:00Z,92600.00,AWARDED,AW2-2025-00566,58300.00,2025-12-30T12:00:00Z,2026-03-05,2027-03-05,2026-08-31T23:59:00Z
EP2-000567,LP-2023-00567,R0080,ARC,S008,Research Project,2023-03-02T12:00:00Z,197600.00,ACTIVE,AW2-2023-00567,123100.00,2023-05-23T12:00:00Z,2023-07-12,2026-07-11,2026-08-31T23:59:00Z
EP2-000568,LP-2024-00568,R0067,ZZZ,S019,Fellowship,2024-01-24T12:00:00Z,110100.00,CLOSED,AW2-2024-00568,80700.00,2024-06-01T12:00:00Z,2024-08-12,2026-08-12,2026-08-31T23:59:00Z
EP2-000569,LP-2025-00569,R0004,HUM,S014,Research Project,2025-06-05T12:00:00Z,20100.00,AWARDED,AW2-2025-00569,13300.00,2025-12-11T12:00:00Z,2025-12-30,2027-12-30,2026-08-31T23:59:00Z
EP2-000570,LP-2025-00570,R0152,ARC,S001,Internal Seed,2025-01-30T12:00:00Z,469100.00,NOT_FUNDED,,0.00,2025-05-06T12:00:00Z,,,2026-08-31T23:59:00Z
EP2-000571,LP-2023-00571,R0169,LAW,S014,Training Grant,2023-12-16T12:00:00Z,127800.00,CLOSED,AW2-2023-00571,86600.00,2024-06-21T12:00:00Z,2024-08-20,2025-08-20,2026-08-31T23:59:00Z
EP2-000572,LP-2024-00572,R0131,SOC,S005,Research Project,2024-11-17T12:00:00Z,283300.00,AWARDED,AW2-2024-00572,213400.00,2025-03-26T12:00:00Z,2025-06-02,2026-11-24,2026-08-31T23:59:00Z
EP2-000573,LP-2023-00573,R0152,ARC,S009,Equipment,2023-11-27T12:00:00Z,40200.00,CLOSED,AW2-2023-00573,29700.00,2024-05-10T12:00:00Z,2024-05-26,2025-11-17,2026-08-31T23:59:00Z
EP2-000574,LP-2025-00574,R0118,SCI,S025,Research Project,2025-06-09T12:00:00Z,116500.00,ACTIVE,AW2-2025-00574,115600.00,2025-08-16T12:00:00Z,2025-09-25,2027-03-19,2026-08-31T23:59:00Z
EP2-000575,LP-2025-00575,R0103,HSC,S004,Training Grant,2025-04-08T12:00:00Z,256300.00,ACTIVE,AW2-2025-00575,251700.00,2025-07-10T12:00:00Z,2025-09-20,2027-03-14,2026-08-31T23:59:00Z
EP2-000576,LP-2024-00576,R0088,ARC,S002,Research Project,2024-09-16T12:00:00Z,199800.00,ACTIVE,AW2-2024-00576,126000.00,2025-02-06T12:00:00Z,2025-02-19,2027-02-19,2026-08-31T23:59:00Z
EP2-000577,LP-2024-00577,R0130,ENG,S012,Research Project,2024-07-31T12:00:00Z,113700.00,NOT_FUNDED,,0.00,2024-10-16T12:00:00Z,,,2026-08-31T23:59:00Z
EP2-000578,LP-2026-00578,R0110,SCI,S004,Research Project,2026-05-05T12:00:00Z,86300.00,AWARDED,AW2-2026-00578,82100.00,2026-08-31T12:00:00Z,2026-10-11,2028-10-10,2026-08-31T23:59:00Z
EP2-000579,LP-2024-00579,R0095,HSC,S003,Research Project,2024-02-13T12:00:00Z,69000.00,ACTIVE,AW2-2024-00579,47600.00,2024-06-17T12:00:00Z,2024-08-04,2025-08-04,2026-08-31T23:59:00Z
EP2-000580,LP-2026-00580,R0126,SCI,S020,Research Project,2026-02-17T12:00:00Z,159700.00,NOT_FUNDED,,0.00,2026-04-13T12:00:00Z,,,2026-08-31T23:59:00Z
EP2-000581,LP-2024-00581,R0150,SCI,S007,Equipment,2024-02-29T12:00:00Z,167500.00,ACTIVE,AW2-2024-00581,166100.00,2024-08-07T12:00:00Z,2024-09-03,2026-02-25,2026-08-31T23:59:00Z
EP2-000582,LP-2023-00582,R0037,BUS,S021,Research Project,2023-07-12T12:00:00Z,331900.00,CLOSED,AW2-2023-00582,226100.00,2023-11-19T12:00:00Z,2024-01-03,2025-06-26,2026-08-31T23:59:00Z
EP2-000583,LP-2023-00583,R0124,HUM,S002,Equipment,2023-03-03T12:00:00Z,65100.00,WITHDRAWN,,0.00,2023-06-08T12:00:00Z,,,2026-08-31T23:59:00Z
EP2-000584,LP-2024-00584,R0149,BUS,S011,Research Project,2024-01-04T12:00:00Z,99500.00,NOT_FUNDED,,0.00,2024-04-22T12:00:00Z,,,2026-08-31T23:59:00Z
EP2-000585,LP-2023-00585,R0098,ENG,S008,Training Grant,2023-06-26T12:00:00Z,221500.00,CLOSED,AW2-2023-00585,181300.00,2023-10-11T12:00:00Z,2023-12-18,2025-12-17,2026-08-31T23:59:00Z
EP2-000586,LP-2024-00586,R0022,SCI,S001,Equipment,2024-10-07T12:00:00Z,425000.00,ACTIVE,AW2-2024-00586,385300.00,2025-04-10T12:00:00Z,2025-04-22,2026-04-22,2026-08-31T23:59:00Z
EP2-000587,LP-2023-00587,R0112,ARC,S007,Research Project,2023-08-21T12:00:00Z,218100.00,CLOSED,AW2-2023-00587,179700.00,2023-11-06T12:00:00Z,2023-12-16,2025-12-15,2026-08-31T23:59:00Z
EP2-000588,LP-2024-00588,R0008,ARC,S007,Training Grant,2024-12-30T12:00:00Z,215300.00,NOT_FUNDED,,0.00,2025-05-05T12:00:00Z,,,2026-08-31T23:59:00Z
EP2-000589,LP-2023-00589,R0132,HUM,S022,Research Project,2023-12-27T12:00:00Z,57400.00,NOT_FUNDED,,0.00,2024-04-29T12:00:00Z,,,2026-08-31T23:59:00Z
EP2-000590,LP-2025-00590,R0074,ENG,S009,Research Project,2025-08-20T12:00:00Z,48400.00,ACTIVE,AW2-2025-00590,32500.00,2025-12-21T12:00:00Z,2026-02-14,2028-02-14,2026-08-31T23:59:00Z
EP2-000591,LP-2024-00591,R0104,ARC,S025,Research Project,2024-02-18T12:00:00Z,66800.00,CLOSED,AW2-2024-00591,53300.00,2024-04-25T12:00:00Z,2024-06-29,2026-06-29,2026-08-31T23:59:00Z
EP2-000592,LP-2026-00592,R0035,SOC,S012,Training Grant,2026-05-06T12:00:00Z,358500.00,ACTIVE,AW2-2026-00592,278800.00,2026-08-22T12:00:00Z,2026-10-09,2027-10-09,2026-08-31T23:59:00Z
EP2-000593,LP-2023-00593,R0122,ENG,S017,Fellowship,2023-09-28T12:00:00Z,589400.00,CLOSED,AW2-2023-00593,413400.00,2023-12-22T12:00:00Z,2024-01-23,2026-01-22,2026-08-31T23:59:00Z
EP2-000594,LP-2024-00594,R0145,LAW,S012,Research Project,2024-09-17T12:00:00Z,181200.00,NOT_FUNDED,,0.00,2025-03-25T12:00:00Z,,,2026-08-31T23:59:00Z
EP2-000595,LP-2025-00595,R0119,HSC,S005,Research Project,2025-04-12T12:00:00Z,51900.00,ACTIVE,AW2-2025-00595,33700.00,2025-09-14T12:00:00Z,2025-10-07,2027-10-07,2026-08-31T23:59:00Z
EP2-000596,LP-2025-00596,R0051,SOC,S017,Fellowship,2025-07-28T12:00:00Z,301100.00,NOT_FUNDED,,0.00,2025-09-14T12:00:00Z,,,2026-08-31T23:59:00Z
EP2-000597,LP-2023-00597,R0027,SOC,S023,Research Project,2023-10-09T12:00:00Z,164300.00,NOT_FUNDED,,0.00,2023-12-25T12:00:00Z,,,2026-08-31T23:59:00Z
EP2-000598,LP-2023-00598,R0002,ENG,S018,Research Project,2023-10-07T12:00:00Z,185500.00,CLOSED,AW2-2023-00598,185400.00,2024-03-24T12:00:00Z,2024-05-20,2027-05-20,2026-08-31T23:59:00Z
EP2-000599,LP-2026-00599,R0067,SOC,S014,Research Project,2026-03-12T12:00:00Z,72300.00,NOT_FUNDED,,0.00,2026-07-08T12:00:00Z,,,2026-08-31T23:59:00Z
EP2-000600,LP-2023-00600,R0010,ENG,S014,Training Grant,2023-03-14T12:00:00Z,32200.00,ACTIVE,AW2-2023-00600,26400.00,2023-07-26T12:00:00Z,2023-08-12,2024-08-11,2026-08-31T23:59:00Z
EP2-000601,LP-2023-00601,R0053,BUS,S005,Fellowship,2023-09-15T12:00:00Z,111900.00,CLOSED,AW2-2023-00601,110000.00,2024-03-04T12:00:00Z,2024-04-23,2026-04-23,2026-08-31T23:59:00Z
EP2-000602,LP-2024-00602,R0031,HSC,S025,Training Grant,2024-03-22T12:00:00Z,652400.00,CLOSED,AW2-2024-00602,445100.00,2024-09-17T12:00:00Z,2024-10-08,2027-10-08,2026-08-31T23:59:00Z
EP2-000603,LP-2024-00603,R0039,HSC,S006,Training Grant,2024-03-03T12:00:00Z,345400.00,NOT_FUNDED,,0.00,2024-04-29T12:00:00Z,,,2026-08-31T23:59:00Z
EP2-000604,LP-2024-00604,R0159,ZZZ,S005,Research Project,2024-11-20T12:00:00Z,272900.00,NOT_FUNDED,,0.00,2025-02-22T12:00:00Z,,,2026-08-31T23:59:00Z
EP2-000605,LP-2024-00605,R0137,LAW,S011,Fellowship,2024-03-25T12:00:00Z,98100.00,NOT_FUNDED,,0.00,2024-06-08T12:00:00Z,,,2026-08-31T23:59:00Z
EP2-000606,LP-2023-00606,R0170,ENG,S015,Research Project,2023-01-29T12:00:00Z,34600.00,NOT_FUNDED,,0.00,2023-03-30T12:00:00Z,,,2026-08-31T23:59:00Z
EP2-000607,LP-2025-00607,R0049,LAW,S019,Research Project,2025-02-22T12:00:00Z,814500.00,NOT_FUNDED,,0.00,2025-06-17T12:00:00Z,,,2026-08-31T23:59:00Z
EP2-000608,LP-2023-00608,R0023,HSC,S004,Research Project,2023-08-09T12:00:00Z,87100.00,CLOSED,AW2-2023-00608,68100.00,2024-01-05T12:00:00Z,2024-02-03,2025-07-27,2026-08-31T23:59:00Z
EP2-000609,LP-2023-00609,R0102,SCI,S023,Research Project,2023-07-14T12:00:00Z,123800.00,CLOSED,AW2-2023-00609,84400.00,2023-12-30T12:00:00Z,2024-02-12,2026-02-11,2026-08-31T23:59:00Z
EP2-000610,LP-2025-00610,R0124,HUM,S024,Research Project,2025-11-01T12:00:00Z,249300.00,NOT_FUNDED,,0.00,2026-01-10T12:00:00Z,,,2026-08-31T23:59:00Z
EP2-000611,LP-2023-00611,R0011,SOC,S002,Research Project,2023-12-27T12:00:00Z,144900.00,CLOSED,AW2-2023-00611,115700.00,2024-02-11T12:00:00Z,2024-03-21,2025-03-21,2026-08-31T23:59:00Z
EP2-000611-D,LP-2023-00611,R0011,SOC,S002,Research Project,2023-12-27T12:00:00Z,144900.00,CLOSED,AW2-2023-00611,115700.00,2024-02-11T12:00:00Z,2024-03-21,2025-03-21,2026-09-01T00:01:00Z
EP2-000612,LP-2024-00612,R0133,BUS,S012,Fellowship,2024-11-03T12:00:00Z,164400.00,NOT_FUNDED,,0.00,2025-01-01T12:00:00Z,,,2026-08-31T23:59:00Z
EP2-000613,LP-2023-00613,R0164,HUM,S020,Equipment,2023-02-26T12:00:00Z,31400.00,CLOSED,AW2-2023-00613,26700.00,2023-06-29T12:00:00Z,2023-08-17,2025-02-07,2026-08-31T23:59:00Z
EP2-000614,LP-2023-00614,R0008,ARC,S020,Fellowship,2023-10-18T12:00:00Z,34100.00,CLOSED,AW2-2023-00614,24600.00,2023-12-23T12:00:00Z,2024-02-07,2026-02-06,2026-08-31T23:59:00Z
EP2-000615,LP-2023-00615,R0098,ENG,S018,Research Project,2023-01-24T12:00:00Z,50400.00,CLOSED,AW2-2023-00615,37300.00,2023-03-08T12:00:00Z,2023-05-03,2026-05-02,2026-08-31T23:59:00Z
EP2-000616,LP-2025-00616,R0151,HSC,S001,Research Project,2025-08-28T12:00:00Z,24400.00,NOT_FUNDED,,0.00,2026-01-19T12:00:00Z,,,2026-08-31T23:59:00Z
EP2-000617,LP-2026-00617,R0045,BUS,S012,Research Project,2026-07-26T12:00:00Z,294900.00,UNDER_REVIEW,,0.00,,,,2026-08-31T23:59:00Z
EP2-000618,LP-2024-00618,R0107,SOC,S009,Research Project,2024-05-13T12:00:00Z,73100.00,ACTIVE,AW2-2024-00618,70000.00,2024-06-22T12:00:00Z,2024-08-28,2025-08-28,2026-08-31T23:59:00Z
EP2-000619,LP-2023-00619,R0170,ENG,S014,Internal Seed,2023-05-13T12:00:00Z,73200.00,NOT_FUNDED,,0.00,2023-11-17T12:00:00Z,,,2026-08-31T23:59:00Z
EP2-000620,LP-2025-00620,R0135,HSC,S024,Training Grant,2025-11-26T12:00:00Z,912400.00,ACTIVE,AW2-2025-00620,688300.00,2026-05-18T12:00:00Z,2026-07-08,2029-07-07,2026-08-31T23:59:00Z
EP2-000621,LP-2026-00621,R0030,SCI,S010,Research Project,2026-06-12T12:00:00Z,118000.00,ACTIVE,AW2-2026-00621,105000.00,2026-08-31T12:00:00Z,2026-09-28,2028-03-21,2026-08-31T23:59:00Z
EP2-000622,LP-2024-00622,R0167,HSC,S003,Training Grant,2024-12-31T12:00:00Z,265200.00,ACTIVE,AW2-2024-00622,219200.00,2025-03-02T12:00:00Z,2025-04-28,2026-04-28,2026-08-31T23:59:00Z
EP2-000623,LP-2024-00623,R0083,SOC,S025,Fellowship,2024-06-08T12:00:00Z,154600.00,NOT_FUNDED,,0.00,2024-10-11T12:00:00Z,,,2026-08-31T23:59:00Z
EP2-000624,LP-2024-00624,R0030,SCI,S004,Research Project,2024-02-22T12:00:00Z,260000.00,CLOSED,AW2-2024-00624,163900.00,2024-04-19T12:00:00Z,2024-05-23,2025-05-23,2026-08-31T23:59:00Z
EP2-000625,LP-2024-00625,R0073,LAW,S009,Research Project,2024-03-05T12:00:00Z,74500.00,NOT_FUNDED,,0.00,2024-09-08T12:00:00Z,,,2026-08-31T23:59:00Z
EP2-000626,LP-2023-00626,R0136,ARC,S016,Equipment,2023-12-27T12:00:00Z,120200.00,NOT_FUNDED,,0.00,2024-06-09T12:00:00Z,,,2026-08-31T23:59:00Z
EP2-000627,LP-2024-00627,R0101,BUS,S001,Fellowship,2024-08-17T12:00:00Z,122100.00,CLOSED,AW2-2024-00627,104500.00,2025-02-20T12:00:00Z,2025-03-08,2026-08-30,2026-08-31T23:59:00Z
EP2-000628,LP-2023-00628,R0013,BUS,S015,Research Project,2023-09-14T12:00:00Z,371500.00,ACTIVE,AW2-2023-00628,347600.00,2024-03-09T12:00:00Z,2024-05-12,2026-05-12,2026-08-31T23:59:00Z
EP2-000629,LP-2025-00629,R0083,SOC,S002,Research Project,2025-10-16T12:00:00Z,109400.00,NOT_FUNDED,,0.00,2026-03-11T12:00:00Z,,,2026-08-31T23:59:00Z
EP2-000630,LP-2026-00630,R0060,HUM,S001,Research Project,2026-07-15T12:00:00Z,38300.00,NOT_FUNDED,,0.00,2026-08-31T12:00:00Z,,,2026-08-31T23:59:00Z
EP2-000631,LP-2026-00631,R0084,HUM,S005,Training Grant,2026-03-31T12:00:00Z,44200.00,ACTIVE,AW2-2026-00631,29800.00,2026-06-03T12:00:00Z,2026-07-24,2028-01-15,2026-08-31T23:59:00Z
EP2-000632,LP-2025-00632,R0068,HUM,S019,Research Project,2025-02-10T12:00:00Z,92500.00,ACTIVE,AW2-2025-00632,80700.00,2025-06-28T12:00:00Z,2025-08-11,2028-08-10,2026-08-31T23:59:00Z
EP2-000633,LP-2023-00633,R0006,SCI,S020,Equipment,2023-09-24T12:00:00Z,147400.00,WITHDRAWN,,0.00,2024-02-17T12:00:00Z,,,2026-08-31T23:59:00Z
EP2-000634,LP-2024-00634,R0006,SCI,S005,Research Project,2024-09-07T12:00:00Z,384700.00,CLOSED,AW2-2024-00634,332200.00,2025-01-28T12:00:00Z,2025-02-19,2027-02-19,2026-08-31T23:59:00Z
EP2-000635,LP-2025-00635,R0002,ENG,S024,Research Project,2025-03-15T12:00:00Z,350800.00,NOT_FUNDED,,0.00,2025-05-04T12:00:00Z,,,2026-08-31T23:59:00Z
EP2-000636,LP-2023-00636,R0134,SCI,S017,Research Project,2023-12-08T12:00:00Z,25700.00,CLOSED,AW2-2023-00636,24700.00,2024-04-15T12:00:00Z,2024-06-20,2026-06-20,2026-08-31T23:59:00Z
EP2-000637,LP-2026-00637,R0009,LAW,S014,Research Project,2026-01-24T12:00:00Z,60900.00,AWARDED,AW2-2026-00637,50700.00,2026-05-22T12:00:00Z,2026-07-26,2028-01-17,2026-08-31T23:59:00Z
EP2-000638,LP-2023-00638,R0051,SOC,S023,Research Project,2023-12-31T12:00:00Z,26300.00,WITHDRAWN,,0.00,2024-02-20T12:00:00Z,,,2026-08-31T23:59:00Z
EP2-000639,LP-2026-00639,R0104,ARC,S025,Research Project,2026-08-03T12:00:00Z,107800.00,SUBMITTED,,0.00,,,,2026-08-31T23:59:00Z
EP2-000640,LP-2023-00640,R0171,SOC,S006,Research Project,2023-05-13T12:00:00Z,92800.00,NOT_FUNDED,,0.00,2023-06-28T12:00:00Z,,,2026-08-31T23:59:00Z
EP2-000641,LP-2024-00641,R0127,HSC,S015,Research Project,2024-09-06T12:00:00Z,88900.00,CLOSED,AW2-2024-00641,78400.00,2025-02-25T12:00:00Z,2025-04-01,2026-09-23,2026-08-31T23:59:00Z
EP2-000642,LP-2026-00642,R0094,SCI,S001,Research Project,2026-07-31T12:00:00Z,46500.00,UNDER_REVIEW,,0.00,,,,2026-08-31T23:59:00Z
EP2-000643,LP-2024-00643,R0132,HUM,S006,Internal Seed,2024-12-03T12:00:00Z,339000.00,NOT_FUNDED,,0.00,2025-03-26T12:00:00Z,,,2026-08-31T23:59:00Z
EP2-000644,LP-2025-00644,R0111,HSC,S020,Research Project,2025-03-25T12:00:00Z,113200.00,ACTIVE,AW2-2025-00644,89600.00,2025-09-02T12:00:00Z,2025-10-13,2027-10-13,2026-08-31T23:59:00Z
EP2-000645,LP-2023-00645,R0099,SOC,S006,Training Grant,2023-08-17T12:00:00Z,81100.00,NOT_FUNDED,,0.00,2024-01-13T12:00:00Z,,,2026-08-31T23:59:00Z
EP2-000646,LP-2025-00646,R0055,HSC,S023,Research Project,2025-02-05T12:00:00Z,222900.00,ACTIVE,AW2-2025-00646,183800.00,2025-07-28T12:00:00Z,2025-09-28,2026-09-28,2026-08-31T23:59:00Z
EP2-000647,LP-2026-00647,R0022,SCI,S010,Fellowship,2026-06-29T12:00:00Z,190500.00,AWARDED,AW2-2026-00647,170000.00,2026-08-31T12:00:00Z,2026-10-21,2028-10-20,2026-08-31T23:59:00Z
EP2-000648,LP-2024-00648,R0124,HUM,S021,Fellowship,2024-08-07T12:00:00Z,143700.00,NOT_FUNDED,,0.00,2024-10-13T12:00:00Z,,,2026-08-31T23:59:00Z
EP2-000649,LP-2023-00649,R0081,LAW,S010,Research Project,2023-12-21T12:00:00Z,117000.00,ACTIVE,AW2-2023-00649,89600.00,2024-05-12T12:00:00Z,2024-06-03,2025-11-25,2026-08-31T23:59:00Z
EP2-000650,LP-2023-00650,R0135,HSC,S012,Research Project,2023-12-19T12:00:00Z,270800.00,NOT_FUNDED,,0.00,2024-04-14T12:00:00Z,,,2026-08-31T23:59:00Z
EP2-000651,LP-2025-00651,R0134,SCI,S015,Internal Seed,2025-11-04T12:00:00Z,164700.00,NOT_FUNDED,,0.00,2026-04-28T12:00:00Z,,,2026-08-31T23:59:00Z
EP2-000652,LP-2025-00652,R0154,ENG,S022,Research Project,2025-08-11T12:00:00Z,287800.00,WITHDRAWN,,0.00,2025-10-14T12:00:00Z,,,2026-08-31T23:59:00Z
EP2-000653,LP-2024-00653,R0002,ENG,S017,Research Project,2024-04-17T12:00:00Z,118200.00,ACTIVE,AW2-2024-00653,83700.00,2024-07-17T12:00:00Z,2024-09-17,2026-09-17,2026-08-31T23:59:00Z
EP2-000654,LP-2023-00654,R0021,BUS,S016,Research Project,2023-03-03T12:00:00Z,113100.00,NOT_FUNDED,,0.00,2023-06-23T12:00:00Z,,,2026-08-31T23:59:00Z
EP2-000655,LP-2025-00655,R0131,SOC,S011,Internal Seed,2025-03-25T12:00:00Z,106000.00,ACTIVE,AW2-2025-00655,67700.00,2025-09-18T12:00:00Z,2025-11-18,2027-05-12,2026-08-31T23:59:00Z
EP2-000656,LP-2025-00656,R0106,ENG,S002,Research Project,2025-03-28T12:00:00Z,36700.00,NOT_FUNDED,,0.00,2025-05-02T12:00:00Z,,,2026-08-31T23:59:00Z
EP2-000657,LP-2026-00657,R0167,HSC,S002,Equipment,2026-08-10T12:00:00Z,84400.00,SUBMITTED,,0.00,,,,2026-08-31T23:59:00Z
EP2-000658,LP-2024-00658,R0003,SOC,S013,Research Project,2024-01-21T12:00:00Z,172700.00,CLOSED,AW2-2024-00658,108900.00,2024-05-29T12:00:00Z,2024-07-05,2027-07-05,2026-08-31T23:59:00Z
EP2-000659,LP-2025-00659,R0059,SOC,S022,Training Grant,2025-01-09T12:00:00Z,272700.00,ACTIVE,AW2-2025-00659,196500.00,2025-07-06T12:00:00Z,2025-08-17,2027-02-08,2026-08-31T23:59:00Z
EP2-000660,LP-2026-00660,R0024,ARC,S009,Training Grant,2026-05-21T12:00:00Z,74700.00,NOT_FUNDED,,0.00,2026-08-31T12:00:00Z,,,2026-08-31T23:59:00Z
EP2-000661,LP-2023-00661,R0119,HSC,S002,Training Grant,2023-09-13T12:00:00Z,154300.00,ACTIVE,AW2-2023-00661,125500.00,2023-11-14T12:00:00Z,2023-12-29,2024-12-28,2026-08-31T23:59:00Z
EP2-000662,LP-2024-00662,R0148,HUM,S018,Internal Seed,2024-06-28T12:00:00Z,76300.00,CLOSED,AW2-2024-00662,71200.00,2025-01-03T12:00:00Z,2025-02-06,2026-07-31,2026-08-31T23:59:00Z
EP2-000663,LP-2025-00663,R0105,LAW,S007,Research Project,2025-12-10T12:00:00Z,282300.00,CLOSED,AW2-2025-00663,247800.00,2026-03-22T12:00:00Z,2026-06-05,2028-06-04,2026-08-31T23:59:00Z
EP2-000664,LP-2024-00664,R0034,ENG,S013,Research Project,2024-12-05T12:00:00Z,563000.00,CLOSED,AW2-2024-00664,503200.00,2025-01-29T12:00:00Z,2025-02-13,2027-02-13,2026-08-31T23:59:00Z
EP2-000665,LP-2025-00665,R0158,SCI,S025,Research Project,2025-12-30T12:00:00Z,129400.00,ACTIVE,AW2-2025-00665,100900.00,2026-05-30T12:00:00Z,2026-08-09,2027-08-09,2026-08-31T23:59:00Z
EP2-000666,LP-2025-00666,R0037,BUS,S012,Research Project,2025-02-11T12:00:00Z,25100.00,ACTIVE,AW2-2025-00666,15800.00,2025-06-11T12:00:00Z,2025-07-25,2027-07-25,2026-08-31T23:59:00Z
EP2-000667,LP-2023-00667,R0081,LAW,S013,Internal Seed,2023-04-16T12:00:00Z,23500.00,NOT_FUNDED,,0.00,2023-08-22T12:00:00Z,,,2026-08-31T23:59:00Z
EP2-000668,LP-2024-00668,R0090,ENG,S024,Research Project,2024-12-07T12:00:00Z,187800.00,NOT_FUNDED,,0.00,2025-05-11T12:00:00Z,,,2026-08-31T23:59:00Z
EP2-000669,LP-2023-00669,R0120,ARC,S002,Research Project,2023-09-07T12:00:00Z,105900.00,NOT_FUNDED,,0.00,2024-01-20T12:00:00Z,,,2026-08-31T23:59:00Z
EP2-000670,LP-2023-00670,R0149,BUS,S022,Research Project,2023-03-21T12:00:00Z,424200.00,NOT_FUNDED,,0.00,2023-09-20T12:00:00Z,,,2026-08-31T23:59:00Z
EP2-000671,LP-2026-00671,R0078,SCI,S006,Research Project,2026-05-13T12:00:00Z,143300.00,ACTIVE,AW2-2026-00671,117100.00,2026-08-26T12:00:00Z,2026-11-05,2029-11-04,2026-08-31T23:59:00Z
EP2-000672,LP-2026-00672,R0172,HUM,S005,Research Project,2026-02-16T12:00:00Z,457100.00,CLOSED,AW2-2026-00672,406800.00,2026-07-01T12:00:00Z,2026-08-17,2027-08-17,2026-08-31T23:59:00Z
EP2-000673,LP-2024-00673,R0085,BUS,S025,Research Project,2024-08-30T12:00:00Z,64500.00,NOT_FUNDED,,0.00,2024-11-28T12:00:00Z,,,2026-08-31T23:59:00Z
EP2-000674,LP-2024-00674,R0115,SOC,S004,Equipment,2024-10-27T12:00:00Z,145800.00,CLOSED,AW2-2024-00674,93000.00,2025-03-09T12:00:00Z,2025-05-01,2026-10-23,2026-08-31T23:59:00Z
EP2-000675,LP-2025-00675,R0125,BUS,S011,Training Grant,2025-01-28T12:00:00Z,136700.00,ACTIVE,AW2-2025-00675,118400.00,2025-03-28T12:00:00Z,2025-04-07,2027-04-07,2026-08-31T23:59:00Z
EP2-000676,LP-2026-00676,R0049,LAW,S018,Research Project,2026-02-08T12:00:00Z,194700.00,NOT_FUNDED,,0.00,2026-05-23T12:00:00Z,,,2026-08-31T23:59:00Z
EP2-000677,LP-2026-00677,R0077,BUS,S020,Research Project,2026-04-17T12:00:00Z,53200.00,AWARDED,AW2-2026-00677,47900.00,2026-07-21T12:00:00Z,2026-09-12,2029-09-11,2026-08-31T23:59:00Z
EP2-000678,LP-2025-00678,R0148,HUM,S006,Fellowship,2025-01-29T12:00:00Z,90700.00,ACTIVE,AW2-2025-00678,69000.00,2025-07-23T12:00:00Z,2025-09-15,2027-03-09,2026-08-31T23:59:00Z
EP2-000679,LP-2024-00679,R0041,LAW,S015,Internal Seed,2024-11-02T12:00:00Z,96900.00,NOT_FUNDED,,0.00,2024-12-25T12:00:00Z,,,2026-08-31T23:59:00Z
EP2-000680,LP-2025-00680,R0058,ENG,S021,Equipment,2025-06-13T12:00:00Z,31600.00,ACTIVE,AW2-2025-00680,26100.00,2025-08-11T12:00:00Z,2025-10-01,2027-03-25,2026-08-31T23:59:00Z
EP2-000681,LP-2024-00681,R0009,LAW,S014,Research Project,2024-05-31T12:00:00Z,318900.00,NOT_FUNDED,,0.00,2024-09-16T12:00:00Z,,,2026-08-31T23:59:00Z
EP2-000682,LP-2026-00682,R0149,BUS,S007,Research Project,2026-03-14T12:00:00Z,75200.00,WITHDRAWN,,0.00,2026-05-15T12:00:00Z,,,2026-08-31T23:59:00Z
EP2-000683,LP-2025-00683,R0003,SOC,S006,Research Project,2025-10-10T12:00:00Z,142100.00,ACTIVE,AW2-2025-00683,96200.00,2025-12-10T12:00:00Z,2026-01-09,2027-01-09,2026-08-31T23:59:00Z
EP2-000684,LP-2026-00684,R0165,BUS,S006,Fellowship,2026-05-14T12:00:00Z,56600.00,UNDER_REVIEW,,0.00,,,,2026-08-31T23:59:00Z
EP2-000685,LP-2023-00685,R0180,HUM,S017,Research Project,2023-11-21T12:00:00Z,220400.00,CLOSED,AW2-2023-00685,199900.00,2024-04-04T12:00:00Z,2024-05-29,2026-05-29,2026-08-31T23:59:00Z
EP2-000686,LP-2024-00686,R0089,LAW,S005,Research Project,2024-05-26T12:00:00Z,77000.00,NOT_FUNDED,,0.00,2024-10-11T12:00:00Z,,,2026-08-31T23:59:00Z
EP2-000687,LP-2025-00687,R0104,ARC,S006,Fellowship,2025-12-22T12:00:00Z,144100.00,ACTIVE,AW2-2025-00687,142800.00,2026-04-04T12:00:00Z,2026-04-21,2027-10-13,2026-08-31T23:59:00Z
EP2-000688,LP-2026-00688,R0063,HSC,S010,Training Grant,2026-02-26T12:00:00Z,88100.00,NOT_FUNDED,,0.00,2026-07-27T12:00:00Z,,,2026-08-31T23:59:00Z
EP2-000689,LP-2025-00689,R0041,LAW,S003,Training Grant,2025-06-22T12:00:00Z,46000.00,ACTIVE,AW2-2025-00689,39700.00,2025-08-25T12:00:00Z,2025-10-31,2028-10-30,2026-08-31T23:59:00Z
EP2-000690,LP-2026-00690,R0173,BUS,S019,Training Grant,2026-05-12T12:00:00Z,31100.00,WITHDRAWN,,0.00,2026-07-13T12:00:00Z,,,2026-08-31T23:59:00Z
EP2-000691,LP-2025-00691,R0167,HSC,S023,Research Project,2025-09-05T12:00:00Z,195900.00,NOT_FUNDED,,0.00,2025-11-08T12:00:00Z,,,2026-08-31T23:59:00Z
EP2-000692,LP-2026-00692,R0148,HUM,S007,Fellowship,2026-07-17T12:00:00Z,185500.00,ACTIVE,AW2-2026-00692,154500.00,2026-08-31T12:00:00Z,2026-09-24,2028-03-17,2026-08-31T23:59:00Z
EP2-000693,LP-2026-00693,R0051,SOC,S023,Research Project,2026-06-27T12:00:00Z,167000.00,NOT_FUNDED,,0.00,2026-08-31T12:00:00Z,,,2026-08-31T23:59:00Z
EP2-000694,LP-2023-00694,R0133,BUS,S022,Research Project,2023-10-17T12:00:00Z,41900.00,ACTIVE,AW2-2023-00694,34200.00,2024-02-24T12:00:00Z,2024-04-09,2025-04-09,2026-08-31T23:59:00Z
EP2-000695,LP-2025-00695,R0138,ENG,S018,Research Project,2025-06-24T12:00:00Z,182400.00,ACTIVE,AW2-2025-00695,129700.00,2025-10-07T12:00:00Z,2025-12-17,2027-06-10,2026-08-31T23:59:00Z
EP2-000696,LP-2026-00696,R0108,HUM,S025,Research Project,2026-02-09T12:00:00Z,469900.00,NOT_FUNDED,,0.00,2026-05-19T12:00:00Z,,,2026-08-31T23:59:00Z
EP2-000697,LP-2026-00697,R0063,HSC,S020,Research Project,2026-02-27T12:00:00Z,138000.00,NOT_FUNDED,,0.00,2026-04-26T12:00:00Z,,,2026-08-31T23:59:00Z
EP2-000698,LP-2024-00698,R0053,BUS,S025,Internal Seed,2024-12-12T12:00:00Z,293900.00,AWARDED,AW2-2024-00698,242200.00,2025-04-05T12:00:00Z,2025-04-25,2028-04-24,2026-08-31T23:59:00Z
EP2-000699,LP-2023-00699,R0080,ARC,S006,Fellowship,2023-05-26T12:00:00Z,202600.00,ACTIVE,AW2-2023-00699,172900.00,2023-09-13T12:00:00Z,2023-11-02,2025-04-25,2026-08-31T23:59:00Z
EP2-000700,LP-2024-00700,R0103,HSC,S010,Research Project,2024-03-02T12:00:00Z,739200.00,NOT_FUNDED,,0.00,2024-04-27T12:00:00Z,,,2026-08-31T23:59:00Z
EP2-000701,LP-2024-00701,R0131,SOC,S001,Research Project,2024-05-02T12:00:00Z,90200.00,NOT_FUNDED,,0.00,2024-08-16T12:00:00Z,,,2026-08-31T23:59:00Z
EP2-000702,LP-2025-00702,R0021,BUS,S021,Research Project,2025-12-28T12:00:00Z,48600.00,ACTIVE,AW2-2025-00702,41700.00,2026-06-25T12:00:00Z,2026-08-19,2028-08-18,2026-08-31T23:59:00Z
EP2-000703,LP-2026-00703,R0108,HUM,S005,Research Project,2026-03-06T12:00:00Z,62600.00,CLOSED,AW2-2026-00703,61900.00,2026-07-27T12:00:00Z,2026-08-31,2028-02-22,2026-08-31T23:59:00Z
EP2-000704,LP-2025-00704,R0161,LAW,S022,Research Project,2025-07-25T12:00:00Z,106500.00,AWARDED,AW2-2025-00704,105300.00,2025-10-29T12:00:00Z,2025-11-24,2028-11-23,2026-08-31T23:59:00Z
EP2-000705,LP-2024-00705,R0152,ARC,S004,Research Project,2024-02-03T12:00:00Z,88400.00,NOT_FUNDED,,0.00,2024-04-22T12:00:00Z,,,2026-08-31T23:59:00Z
EP2-000706,LP-2026-00706,R0121,LAW,S003,Research Project,2026-05-07T12:00:00Z,43400.00,AWARDED,AW2-2026-00706,31500.00,2026-08-18T12:00:00Z,2026-10-09,2027-10-09,2026-08-31T23:59:00Z
EP2-000707,LP-2023-00707,R0148,HUM,S023,Fellowship,2023-11-19T12:00:00Z,33300.00,ACTIVE,AW2-2023-00707,27400.00,2024-03-02T12:00:00Z,2024-04-27,2025-10-19,2026-08-31T23:59:00Z
EP2-000708,LP-2024-00708,R0165,BUS,S016,Research Project,2024-12-20T12:00:00Z,410800.00,ACTIVE,AW2-2024-00708,295200.00,2025-05-10T12:00:00Z,2025-07-24,2026-07-24,2026-08-31T23:59:00Z
EP2-000709,LP-2026-00709,R0133,BUS,S005,Fellowship,2026-05-02T12:00:00Z,69600.00,UNDER_REVIEW,,0.00,,,,2026-08-31T23:59:00Z
EP2-000710,LP-2024-00710,R0046,SCI,S024,Research Project,2024-03-07T12:00:00Z,168200.00,NOT_FUNDED,,0.00,2024-07-15T12:00:00Z,,,2026-08-31T23:59:00Z
EP2-000711,LP-2024-00711,R0142,SCI,S005,Research Project,2024-08-10T12:00:00Z,250500.00,NOT_FUNDED,,0.00,2025-01-13T12:00:00Z,,,2026-08-31T23:59:00Z
EP2-000712,LP-2024-00712,R0076,HUM,S011,Research Project,2024-11-05T12:00:00Z,150600.00,NOT_FUNDED,,0.00,2024-12-20T12:00:00Z,,,2026-08-31T23:59:00Z
EP2-000713,LP-2023-00713,R0147,SOC,S010,Research Project,2023-10-21T12:00:00Z,146900.00,CLOSED,AW2-2023-00713,144100.00,2023-12-31T12:00:00Z,2024-02-19,2025-02-18,2026-08-31T23:59:00Z
EP2-000714,LP-2025-00714,R0130,ENG,S018,Research Project,2025-04-30T12:00:00Z,40100.00,ACTIVE,AW2-2025-00714,36500.00,2025-06-15T12:00:00Z,2025-08-10,2028-08-09,2026-08-31T23:59:00Z
EP2-000715,LP-2024-00715,R0098,ENG,S012,Equipment,2024-11-26T12:00:00Z,97500.00,AWARDED,AW2-2024-00715,86300.00,2025-02-28T12:00:00Z,2025-04-13,2026-04-13,2026-08-31T23:59:00Z
EP2-000716,LP-2023-00716,R0105,LAW,S010,Internal Seed,2023-07-09T12:00:00Z,210800.00,ACTIVE,AW2-2023-00716,140000.00,2023-12-13T12:00:00Z,2024-01-06,2025-01-05,2026-08-31T23:59:00Z
EP2-000717,LP-2023-00717,R0020,HUM,S003,Research Project,2023-11-09T12:00:00Z,55200.00,NOT_FUNDED,,0.00,2024-03-25T12:00:00Z,,,2026-08-31T23:59:00Z
EP2-000718,LP-2024-00718,R0028,HUM,S005,Research Project,2024-07-27T12:00:00Z,535100.00,NOT_FUNDED,,0.00,2025-01-27T12:00:00Z,,,2026-08-31T23:59:00Z
EP2-000719,LP-2025-00719,R0040,ARC,S020,Internal Seed,2025-06-06T12:00:00Z,77700.00,NOT_FUNDED,,0.00,2025-09-16T12:00:00Z,,,2026-08-31T23:59:00Z
EP2-000720,LP-2026-00720,R0018,ENG,S019,Training Grant,2026-07-13T12:00:00Z,81600.00,UNDER_REVIEW,,0.00,,,,2026-08-31T23:59:00Z
EP2-000721,LP-2024-00721,R0148,HUM,S003,Research Project,2024-02-08T12:00:00Z,54300.00,NOT_FUNDED,,0.00,2024-08-11T12:00:00Z,,,2026-08-31T23:59:00Z
EP2-000722,LP-2024-00722,R0064,ARC,S011,Research Project,2024-10-20T12:00:00Z,215900.00,AWARDED,AW2-2024-00722,180500.00,2025-02-17T12:00:00Z,2025-03-03,2028-03-02,2026-08-31T23:59:00Z
EP2-000723,LP-2023-00723,R0054,SCI,S022,Research Project,2023-12-06T12:00:00Z,34100.00,CLOSED,AW2-2023-00723,26000.00,2024-03-11T12:00:00Z,2024-03-30,2025-03-30,2026-08-31T23:59:00Z
EP2-000724,LP-2023-00724,R0126,SCI,S016,Internal Seed,2023-10-15T12:00:00Z,75600.00,NOT_FUNDED,,0.00,2024-04-22T12:00:00Z,,,2026-08-31T23:59:00Z
EP2-000725,LP-2025-00725,R0167,HSC,S007,Research Project,2025-02-25T12:00:00Z,149200.00,NOT_FUNDED,,0.00,2025-05-08T12:00:00Z,,,2026-08-31T23:59:00Z
EP2-000726,LP-2023-00726,R0161,LAW,S021,Research Project,2023-05-27T12:00:00Z,52900.00,NOT_FUNDED,,0.00,2023-11-19T12:00:00Z,,,2026-08-31T23:59:00Z
EP2-000727,LP-2026-00727,R0130,ENG,S013,Research Project,2026-07-11T12:00:00Z,327400.00,AWARDED,AW2-2026-00727,309600.00,2026-08-28T12:00:00Z,2026-09-22,2028-09-21,2026-08-31T23:59:00Z
EP2-000728,LP-2023-00728,R0038,SCI,S004,Research Project,2023-07-21T12:00:00Z,27400.00,CLOSED,AW2-2023-00728,26400.00,2024-01-03T12:00:00Z,2024-02-25,2025-08-18,2026-08-31T23:59:00Z
EP2-000729,LP-2024-00729,R0145,LAW,S003,Research Project,2024-03-10T12:00:00Z,252800.00,CLOSED,AW2-2024-00729,174100.00,2024-07-11T12:00:00Z,2024-09-08,2025-09-08,2026-08-31T23:59:00Z
EP2-000730,LP-2023-00730,R0095,HSC,S014,Research Project,2023-07-31T12:00:00Z,202000.00,ACTIVE,AW2-2023-00730,185300.00,2023-09-22T12:00:00Z,2023-10-18,2025-10-17,2026-08-31T23:59:00Z
EP2-000731,LP-2026-00731,R0007,HSC,S002,Research Project,2026-04-27T12:00:00Z,1339700.00,ACTIVE,AW2-2026-00731,943100.00,2026-08-22T12:00:00Z,2026-10-23,2027-10-23,2026-08-31T23:59:00Z
EP2-000732,LP-2023-00732,R0137,LAW,S001,Training Grant,2023-08-24T12:00:00Z,63100.00,ACTIVE,AW2-2023-00732,54600.00,2023-09-30T12:00:00Z,2023-11-23,2024-11-22,2026-08-31T23:59:00Z
EP2-000733,LP-2026-00733,R0133,BUS,S002,Training Grant,2026-01-05T12:00:00Z,61300.00,NOT_FUNDED,,0.00,2026-06-06T12:00:00Z,,,2026-08-31T23:59:00Z
EP2-000734,LP-2025-00734,R0082,ENG,S024,Fellowship,2025-03-27T12:00:00Z,55100.00,ACTIVE,AW2-2025-00734,46200.00,2025-09-02T12:00:00Z,2025-10-25,2027-04-18,2026-08-31T23:59:00Z
EP2-000735,LP-2024-00735,R0034,ENG,S015,Research Project,2024-10-21T12:00:00Z,214000.00,CLOSED,AW2-2024-00735,192300.00,2025-04-14T12:00:00Z,2025-05-20,2028-05-19,2026-08-31T23:59:00Z
EP2-000736,LP-2023-00736,R0057,LAW,S010,Research Project,2023-09-14T12:00:00Z,52500.00,ACTIVE,AW2-2023-00736,49800.00,2023-12-07T12:00:00Z,2024-01-17,2025-01-16,2026-08-31T23:59:00Z
EP2-000737,LP-2024-00737,R0137,LAW,S005,Internal Seed,2024-09-15T12:00:00Z,103300.00,NOT_FUNDED,,0.00,2025-01-31T12:00:00Z,,,2026-08-31T23:59:00Z
EP2-000738,LP-2025-00738,R0068,HUM,S020,Internal Seed,2025-12-01T12:00:00Z,65600.00,NOT_FUNDED,,0.00,2026-05-26T12:00:00Z,,,2026-08-31T23:59:00Z
EP2-000739,LP-2026-00739,R0001,LAW,S002,Research Project,2026-02-22T12:00:00Z,161500.00,NOT_FUNDED,,0.00,2026-08-05T12:00:00Z,,,2026-08-31T23:59:00Z
EP2-000740,LP-2024-00740,R0110,SCI,S002,Research Project,2024-08-13T12:00:00Z,247100.00,WITHDRAWN,,0.00,2024-09-21T12:00:00Z,,,2026-08-31T23:59:00Z
EP2-000741,LP-2025-00741,R0129,LAW,S017,Research Project,2025-02-14T12:00:00Z,38100.00,ACTIVE,AW2-2025-00741,24600.00,2025-06-11T12:00:00Z,2025-07-13,2027-01-04,2026-08-31T23:59:00Z
EP2-000742,LP-2026-00742,R0120,ARC,S019,Training Grant,2026-04-10T12:00:00Z,22700.00,ACTIVE,AW2-2026-00742,17700.00,2026-06-05T12:00:00Z,2026-07-05,2027-07-05,2026-08-31T23:59:00Z
EP2-000743,LP-2023-00743,R0107,SOC,S024,Research Project,2023-02-10T12:00:00Z,129100.00,NOT_FUNDED,,0.00,2023-06-12T12:00:00Z,,,2026-08-31T23:59:00Z
EP2-000744,LP-2023-00744,R0153,LAW,S025,Equipment,2023-12-08T12:00:00Z,57900.00,CLOSED,AW2-2023-00744,40400.00,2024-01-17T12:00:00Z,2024-03-02,2025-08-24,2026-08-31T23:59:00Z
EP2-000745,LP-2025-00745,R0166,SCI,S006,Research Project,2025-12-25T12:00:00Z,162900.00,ACTIVE,AW2-2025-00745,151300.00,2026-03-09T12:00:00Z,2026-04-20,2028-04-19,2026-08-31T23:59:00Z
EP2-000746,LP-2026-00746,R0013,BUS,S001,Research Project,2026-04-06T12:00:00Z,210200.00,NOT_FUNDED,,0.00,2026-08-19T12:00:00Z,,,2026-08-31T23:59:00Z
EP2-000747,LP-2023-00747,R0144,ARC,S014,Research Project,2023-11-15T12:00:00Z,1439300.00,NOT_FUNDED,,0.00,2023-12-23T12:00:00Z,,,2026-08-31T23:59:00Z
EP2-000748,LP-2024-00748,R0096,ARC,S010,Training Grant,2024-06-02T12:00:00Z,53200.00,NOT_FUNDED,,0.00,2024-07-23T12:00:00Z,,,2026-08-31T23:59:00Z
EP2-000749,LP-2026-00749,R0106,ENG,S025,Training Grant,2026-02-06T12:00:00Z,136900.00,CLOSED,AW2-2026-00749,109100.00,2026-08-12T12:00:00Z,2026-10-22,2028-10-21,2026-08-31T23:59:00Z
EP2-000750,LP-2025-00750,R0087,HSC,S023,Fellowship,2025-06-28T12:00:00Z,290100.00,CLOSED,AW2-2025-00750,220500.00,2025-09-12T12:00:00Z,2025-10-26,2027-10-26,2026-08-31T23:59:00Z
EP2-000751,LP-2023-00751,R0060,HUM,S013,Internal Seed,2023-11-18T12:00:00Z,160900.00,NOT_FUNDED,,0.00,2024-01-14T12:00:00Z,,,2026-08-31T23:59:00Z
EP2-000752,LP-2024-00752,R0039,HSC,S001,Research Project,2024-10-04T12:00:00Z,197100.00,ACTIVE,AW2-2024-00752,176100.00,2025-01-12T12:00:00Z,2025-02-01,2026-07-26,2026-08-31T23:59:00Z
EP2-000753,LP-2025-00753,R0098,ENG,S010,Internal Seed,2025-09-20T12:00:00Z,48200.00,WITHDRAWN,,0.00,2026-01-11T12:00:00Z,,,2026-08-31T23:59:00Z
EP2-000754,LP-2023-00754,R0117,BUS,S008,Research Project,2023-10-16T12:00:00Z,157900.00,CLOSED,AW2-2023-00754,123200.00,2024-02-28T12:00:00Z,2024-04-23,2025-04-23,2026-08-31T23:59:00Z
EP2-000755,LP-2024-00755,R0150,SCI,S020,Research Project,2024-05-13T12:00:00Z,59300.00,ACTIVE,AW2-2024-00755,54000.00,2024-09-15T12:00:00Z,2024-10-16,2026-04-09,2026-08-31T23:59:00Z
EP2-000756,LP-2026-00756,R0116,HUM,S006,Training Grant,2026-01-24T12:00:00Z,113900.00,NOT_FUNDED,,0.00,2026-03-25T12:00:00Z,,,2026-08-31T23:59:00Z
EP2-000757,LP-2024-00757,R0172,HUM,S014,Research Project,2024-01-11T12:00:00Z,244600.00,CLOSED,AW2-2024-00757,240500.00,2024-03-27T12:00:00Z,2024-04-15,2025-10-07,2026-08-31T23:59:00Z
EP2-000758,LP-2024-00758,R0126,SCI,S021,Research Project,2024-07-14T12:00:00Z,78400.00,NOT_FUNDED,,0.00,2024-12-09T12:00:00Z,,,2026-08-31T23:59:00Z
EP2-000759,LP-2026-00759,R0151,HSC,S001,Fellowship,2026-05-03T12:00:00Z,29600.00,UNDER_REVIEW,,0.00,,,,2026-08-31T23:59:00Z
EP2-000760,LP-2025-00760,R0035,SOC,S002,Internal Seed,2025-02-18T12:00:00Z,126800.00,AWARDED,AW2-2025-00760,96700.00,2025-04-21T12:00:00Z,2025-06-21,2028-06-20,2026-08-31T23:59:00Z
EP2-000761,LP-2026-00761,R0177,LAW,S007,Research Project,2026-07-06T12:00:00Z,869100.00,AWARDED,AW2-2026-00761,767300.00,2026-08-31T12:00:00Z,2026-10-30,2028-10-29,2026-08-31T23:59:00Z
EP2-000762,LP-2026-00762,R0145,LAW,S024,Equipment,2026-06-14T12:00:00Z,84400.00,NOT_FUNDED,,0.00,2026-08-31T12:00:00Z,,,2026-08-31T23:59:00Z
EP2-000763,LP-2024-00763,R0083,SOC,S002,Research Project,2024-07-18T12:00:00Z,62100.00,NOT_FUNDED,,0.00,2024-09-06T12:00:00Z,,,2026-08-31T23:59:00Z
EP2-000764,LP-2024-00764,R0048,ARC,S004,Equipment,2024-12-27T12:00:00Z,220800.00,CLOSED,AW2-2024-00764,162400.00,2025-02-15T12:00:00Z,2025-02-25,2026-02-25,2026-08-31T23:59:00Z
EP2-000765,LP-2026-00765,R0014,SCI,S024,Research Project,2026-02-18T12:00:00Z,38600.00,AWARDED,AW2-2026-00765,34800.00,2026-07-17T12:00:00Z,2026-09-12,2029-09-11,2026-08-31T23:59:00Z
EP2-000766,LP-2024-00766,R0004,HUM,S002,Research Project,2024-11-03T12:00:00Z,249400.00,ACTIVE,AW2-2024-00766,178700.00,2024-12-08T12:00:00Z,2025-01-14,2027-01-14,2026-08-31T23:59:00Z
EP2-000767,LP-2024-00767,R0099,SOC,S013,Internal Seed,2024-05-21T12:00:00Z,250400.00,CLOSED,AW2-2024-00767,231200.00,2024-10-11T12:00:00Z,2024-11-25,2025-11-25,2026-08-31T23:59:00Z
EP2-000768,LP-2023-00768,R0139,SOC,S006,Research Project,2023-07-27T12:00:00Z,53800.00,ACTIVE,AW2-2023-00768,53100.00,2023-09-26T12:00:00Z,2023-11-05,2024-11-04,2026-08-31T23:59:00Z
EP2-000769,LP-2023-00769,R0178,ENG,S007,Research Project,2023-07-13T12:00:00Z,63600.00,ACTIVE,AW2-2023-00769,43000.00,2023-09-14T12:00:00Z,2023-11-20,2026-11-19,2026-08-31T23:59:00Z
EP2-000770,LP-2024-00770,R0071,HSC,S020,Research Project,2024-11-12T12:00:00Z,444000.00,ACTIVE,AW2-2024-00770,288300.00,2025-01-15T12:00:00Z,2025-02-11,2026-08-05,2026-08-31T23:59:00Z
EP2-000771,LP-2023-00771,R0093,BUS,S010,Research Project,2023-01-26T12:00:00Z,494100.00,CLOSED,AW2-2023-00771,334600.00,2023-07-07T12:00:00Z,2023-08-11,2026-08-10,2026-08-31T23:59:00Z
EP2-000772,LP-2023-00772,R0170,ENG,S024,Equipment,2023-04-21T12:00:00Z,85400.00,NOT_FUNDED,,0.00,2023-06-07T12:00:00Z,,,2026-08-31T23:59:00Z
EP2-000773,LP-2024-00773,R0120,ARC,S018,Fellowship,2024-01-24T12:00:00Z,52900.00,ACTIVE,AW2-2024-00773,42500.00,2024-03-25T12:00:00Z,2024-05-13,2026-05-13,2026-08-31T23:59:00Z
EP2-000774,LP-2025-00774,R0180,HUM,S006,Research Project,2025-01-25T12:00:00Z,112700.00,ACTIVE,AW2-2025-00774,95200.00,2025-03-16T12:00:00Z,2025-04-09,2026-04-09,2026-08-31T23:59:00Z
EP2-000775,LP-2024-00775,R0151,HSC,S022,Research Project,2024-09-19T12:00:00Z,76400.00,WITHDRAWN,,0.00,2024-12-29T12:00:00Z,,,2026-08-31T23:59:00Z
EP2-000776,LP-2026-00776,R0038,SCI,S022,Research Project,2026-07-14T12:00:00Z,50600.00,AWARDED,AW2-2026-00776,46900.00,2026-08-31T12:00:00Z,2026-11-01,2028-10-31,2026-08-31T23:59:00Z
EP2-000777,LP-2025-00777,R0037,BUS,S008,Fellowship,2025-03-25T12:00:00Z,214400.00,NOT_FUNDED,,0.00,2025-06-24T12:00:00Z,,,2026-08-31T23:59:00Z
EP2-000778,LP-2023-00778,R0093,BUS,S023,Training Grant,2023-12-16T12:00:00Z,145200.00,NOT_FUNDED,,0.00,2024-04-17T12:00:00Z,,,2026-08-31T23:59:00Z
EP2-000779,LP-2023-00779,R0135,HSC,S024,Research Project,2023-10-25T12:00:00Z,82800.00,ACTIVE,AW2-2023-00779,80000.00,2024-02-13T12:00:00Z,2024-04-16,2026-04-16,2026-08-31T23:59:00Z
EP2-000780,LP-2024-00780,R0045,BUS,S020,Training Grant,2024-12-29T12:00:00Z,27400.00,CLOSED,AW2-2024-00780,25500.00,2025-02-27T12:00:00Z,2025-05-12,2028-05-11,2026-08-31T23:59:00Z
EP2-000781,LP-2026-00781,R0061,BUS,S008,Fellowship,2026-02-16T12:00:00Z,81100.00,NOT_FUNDED,,0.00,2026-07-04T12:00:00Z,,,2026-08-31T23:59:00Z
EP2-000782,LP-2026-00782,,HUM,S021,Research Project,2026-08-10T12:00:00Z,108000.00,SUBMITTED,,0.00,,,,2026-08-31T23:59:00Z
EP2-000783,LP-2025-00783,R0137,LAW,S006,Research Project,2025-10-26T12:00:00Z,156300.00,NOT_FUNDED,,0.00,2025-12-02T12:00:00Z,,,2026-08-31T23:59:00Z
EP2-000784,LP-2025-00784,R0020,HUM,S021,Research Project,2025-12-12T12:00:00Z,63300.00,ACTIVE,AW2-2025-00784,46100.00,2026-03-15T12:00:00Z,2026-05-06,2027-10-28,2026-08-31T23:59:00Z
EP2-000785,LP-2025-00785,R0166,SCI,S006,Research Project,2025-02-14T12:00:00Z,164500.00,WITHDRAWN,,0.00,2025-06-04T12:00:00Z,,,2026-08-31T23:59:00Z
EP2-000786,LP-2025-00786,R0067,SOC,S001,Research Project,2025-10-26T12:00:00Z,17500.00,NOT_FUNDED,,0.00,2026-01-13T12:00:00Z,,,2026-08-31T23:59:00Z
EP2-000787,LP-2024-00787,R0025,LAW,S012,Research Project,2024-03-31T12:00:00Z,207400.00,NOT_FUNDED,,0.00,2024-07-02T12:00:00Z,,,2026-08-31T23:59:00Z
EP2-000788,LP-2025-00788,R0158,SCI,S002,Training Grant,2025-09-29T12:00:00Z,56300.00,NOT_FUNDED,,0.00,2026-04-03T12:00:00Z,,,2026-08-31T23:59:00Z
EP2-000789,LP-2026-00789,R0027,SOC,S014,Research Project,2026-05-23T12:00:00Z,42900.00,ACTIVE,AW2-2026-00789,35900.00,2026-08-31T12:00:00Z,2026-11-09,2028-05-02,2026-08-31T23:59:00Z
EP2-000790,LP-2025-00790,R0055,HSC,S011,Research Project,2025-08-28T12:00:00Z,48800.00,NOT_FUNDED,,0.00,2025-12-16T12:00:00Z,,,2026-08-31T23:59:00Z
EP2-000791,LP-2025-00791,R0145,LAW,S025,Research Project,2025-08-21T12:00:00Z,58300.00,ACTIVE,AW2-2025-00791,49500.00,2025-11-06T12:00:00Z,2026-01-09,2029-01-08,2026-08-31T23:59:00Z
EP2-000792,LP-2024-00792,R0079,HSC,S016,Equipment,2024-09-22T12:00:00Z,214700.00,NOT_FUNDED,,0.00,2024-11-18T12:00:00Z,,,2026-08-31T23:59:00Z
EP2-000793,LP-2023-00793,R0106,ENG,S005,Research Project,2023-09-21T12:00:00Z,81500.00,CLOSED,AW2-2023-00793,58300.00,2024-01-31T12:00:00Z,2024-02-15,2025-08-08,2026-08-31T23:59:00Z
EP2-000794,LP-2025-00794,R0034,ENG,S024,Fellowship,2025-05-12T12:00:00Z,180700.00,WITHDRAWN,,0.00,2025-09-22T12:00:00Z,,,2026-08-31T23:59:00Z
EP2-000795,LP-2023-00795,R0087,HSC,S013,Research Project,2023-03-24T12:00:00Z,194800.00,NOT_FUNDED,,0.00,2023-07-16T12:00:00Z,,,2026-08-31T23:59:00Z
EP2-000796,LP-2023-00796,R0051,SOC,S023,Training Grant,2023-12-06T12:00:00Z,251300.00,NOT_FUNDED,,0.00,2024-05-06T12:00:00Z,,,2026-08-31T23:59:00Z
EP2-000797,LP-2026-00797,R0057,LAW,S014,Training Grant,2026-05-02T12:00:00Z,143700.00,ACTIVE,AW2-2026-00797,137600.00,2026-06-29T12:00:00Z,2026-09-11,2029-09-10,2026-08-31T23:59:00Z
EP2-000798,LP-2025-00798,R0095,HSC,S006,Research Project,2025-04-16T12:00:00Z,78100.00,NOT_FUNDED,,0.00,2025-09-02T12:00:00Z,,,2026-08-31T23:59:00Z
EP2-000799,LP-2024-00799,R0136,ARC,S006,Research Project,2024-08-19T12:00:00Z,41600.00,CLOSED,AW2-2024-00799,28900.00,2024-12-16T12:00:00Z,2025-02-18,2028-02-18,2026-08-31T23:59:00Z
EP2-000800,LP-2024-00800,R0017,LAW,S022,Training Grant,2024-10-01T12:00:00Z,205600.00,AWARDED,AW2-2024-00800,153100.00,2025-01-21T12:00:00Z,2025-03-02,2026-08-24,2026-08-31T23:59:00Z
EP2-000801,LP-2025-00801,R0143,HSC,S015,Research Project,2025-05-03T12:00:00Z,158600.00,ACTIVE,AW2-2025-00801,131600.00,2025-09-14T12:00:00Z,2025-10-05,2027-03-29,2026-08-31T23:59:00Z
EP2-000802,LP-2023-00802,R0053,BUS,S021,Equipment,2023-05-20T12:00:00Z,97300.00,ACTIVE,AW2-2023-00802,77500.00,2023-11-04T12:00:00Z,2023-12-22,2025-06-14,2026-08-31T23:59:00Z
EP2-000803,LP-2023-00803,R0117,BUS,S022,Research Project,2023-10-02T12:00:00Z,40200.00,NOT_FUNDED,,0.00,2023-11-15T12:00:00Z,,,2026-08-31T23:59:00Z
EP2-000804,LP-2024-00804,R0002,ENG,S002,Research Project,2024-01-06T12:00:00Z,132100.00,NOT_FUNDED,,0.00,2024-04-16T12:00:00Z,,,2026-08-31T23:59:00Z
EP2-000805,LP-2024-00805,R0061,BUS,S024,Research Project,2024-12-08T12:00:00Z,175000.00,NOT_FUNDED,,0.00,2025-01-14T12:00:00Z,,,2026-08-31T23:59:00Z
EP2-000806,LP-2026-00806,R0176,ARC,S007,Internal Seed,2026-06-15T12:00:00Z,82600.00,ACTIVE,AW2-2026-00806,69800.00,2026-07-25T12:00:00Z,2026-09-01,2029-08-31,2026-08-31T23:59:00Z
EP2-000807,LP-2025-00807,R0087,HSC,S024,Research Project,2025-07-13T12:00:00Z,325200.00,NOT_FUNDED,,0.00,2025-09-27T12:00:00Z,,,2026-08-31T23:59:00Z
EP2-000808,LP-2026-00808,R0045,BUS,S001,Research Project,2026-03-26T12:00:00Z,124200.00,ACTIVE,AW2-2026-00808,91400.00,2026-06-06T12:00:00Z,2026-08-05,2028-08-04,2026-08-31T23:59:00Z
EP2-000809,LP-2025-00809,R0019,SOC,S014,Research Project,2025-06-25T12:00:00Z,89200.00,NOT_FUNDED,,0.00,2025-12-05T12:00:00Z,,,2026-08-31T23:59:00Z
EP2-000810,LP-2023-00810,R0125,BUS,S002,Internal Seed,2023-01-25T12:00:00Z,49500.00,NOT_FUNDED,,0.00,2023-05-31T12:00:00Z,,,2026-08-31T23:59:00Z
EP2-000811,LP-2023-00811,R0152,ARC,S004,Training Grant,2023-07-22T12:00:00Z,118400.00,NOT_FUNDED,,0.00,2023-10-05T12:00:00Z,,,2026-08-31T23:59:00Z
EP2-000812,LP-2023-00812,R0172,HUM,S005,Training Grant,2023-04-07T12:00:00Z,98600.00,CLOSED,AW2-2023-00812,71900.00,2023-09-30T12:00:00Z,2023-11-22,2026-11-21,2026-08-31T23:59:00Z
EP2-000813,LP-2025-00813,R0157,BUS,S010,Training Grant,2025-01-27T12:00:00Z,220900.00,ACTIVE,AW2-2025-00813,190900.00,2025-07-11T12:00:00Z,2025-08-31,2028-08-30,2026-08-31T23:59:00Z
EP2-000814,LP-2023-00814,R0024,ARC,S014,Research Project,2023-10-10T12:00:00Z,250800.00,CLOSED,AW2-2023-00814,176800.00,2024-04-13T12:00:00Z,2024-06-21,2025-06-21,2026-08-31T23:59:00Z
EP2-000815,LP-2025-00815,R0131,SOC,S002,Fellowship,2025-07-08T12:00:00Z,210000.00,WITHDRAWN,,0.00,2025-10-08T12:00:00Z,,,2026-08-31T23:59:00Z
EP2-000816,LP-2023-00816,R0045,BUS,S020,Fellowship,2023-08-25T12:00:00Z,100300.00,NOT_FUNDED,,0.00,2023-11-15T12:00:00Z,,,2026-08-31T23:59:00Z
EP2-000817,LP-2023-00817,R0143,HSC,S006,Research Project,2023-11-10T12:00:00Z,186100.00,NOT_FUNDED,,0.00,2024-03-18T12:00:00Z,,,2026-08-31T23:59:00Z
EP2-000818,LP-2024-00818,R0129,LAW,S002,Research Project,2024-09-21T12:00:00Z,48500.00,NOT_FUNDED,,0.00,2024-10-30T12:00:00Z,,,2026-08-31T23:59:00Z
EP2-000819,LP-2024-00819,R0178,ENG,S014,Research Project,2024-09-24T12:00:00Z,240200.00,CLOSED,AW2-2024-00819,218300.00,2025-02-18T12:00:00Z,2025-04-13,2027-04-13,2026-08-31T23:59:00Z
EP2-000820,LP-2025-00820,R0052,HUM,S016,Internal Seed,2025-01-23T12:00:00Z,155400.00,ACTIVE,AW2-2025-00820,136100.00,2025-05-10T12:00:00Z,2025-07-18,2027-07-18,2026-08-31T23:59:00Z
EP2-000821,LP-2023-00821,R0014,SCI,S001,Equipment,2023-03-10T12:00:00Z,125900.00,NOT_FUNDED,,0.00,2023-07-11T12:00:00Z,,,2026-08-31T23:59:00Z
EP2-000822,LP-2026-00822,R0157,BUS,S005,Training Grant,2026-05-09T12:00:00Z,185900.00,ACTIVE,AW2-2026-00822,151300.00,2026-08-31T12:00:00Z,2026-09-26,2028-09-25,2026-08-31T23:59:00Z
EP2-000823,LP-2023-00823,R0017,LAW,S001,Research Project,2023-02-08T12:00:00Z,29400.00,CLOSED,AW2-2023-00823,28800.00,2023-06-09T12:00:00Z,2023-07-13,2026-07-12,2026-08-31T23:59:00Z
EP2-000824,LP-2026-00824,R0040,ARC,S003,Research Project,2026-02-27T12:00:00Z,223700.00,NOT_FUNDED,,0.00,2026-07-07T12:00:00Z,,,2026-08-31T23:59:00Z
EP2-000825,LP-2025-00825,R0138,ENG,S020,Research Project,2025-10-13T12:00:00Z,95800.00,ACTIVE,AW2-2025-00825,76700.00,2026-01-01T12:00:00Z,2026-01-17,2027-07-11,2026-08-31T23:59:00Z
EP2-000826,LP-2025-00826,R0016,ARC,S011,Training Grant,2025-11-07T12:00:00Z,213900.00,NOT_FUNDED,,0.00,2026-02-20T12:00:00Z,,,2026-08-31T23:59:00Z
EP2-000827,LP-2024-00827,R0126,SCI,S002,Training Grant,2024-09-07T12:00:00Z,178000.00,CLOSED,AW2-2024-00827,120900.00,2024-11-02T12:00:00Z,2024-11-30,2027-11-30,2026-08-31T23:59:00Z
EP2-000828,LP-2023-00828,R0164,HUM,S004,Training Grant,2023-03-04T12:00:00Z,93000.00,ACTIVE,AW2-2023-00828,82400.00,2023-06-03T12:00:00Z,2023-07-01,2024-12-22,2026-08-31T23:59:00Z
EP2-000829,LP-2025-00829,R0129,LAW,S005,Fellowship,2025-03-13T12:00:00Z,90500.00,ACTIVE,AW2-2025-00829,69500.00,2025-05-09T12:00:00Z,2025-05-31,2028-05-30,2026-08-31T23:59:00Z
EP2-000830,LP-2025-00830,R0057,LAW,S025,Research Project,2025-04-22T12:00:00Z,48000.00,LEGACY_ONLY,AW2-2025-00830,41700.00,2025-07-01T12:00:00Z,2025-08-29,2026-08-29,2026-08-31T23:59:00Z
EP2-000831,LP-2026-00831,R0180,HUM,S019,Research Project,2026-08-11T12:00:00Z,48300.00,UNDER_REVIEW,,0.00,,,,2026-08-31T23:59:00Z
EP2-000832,LP-2023-00832,R0079,HSC,S020,Research Project,2023-11-18T12:00:00Z,291300.00,NOT_FUNDED,,0.00,2024-03-12T12:00:00Z,,,2026-08-31T23:59:00Z
EP2-000833,LP-2025-00833,R0140,HUM,S019,Training Grant,2025-01-15T12:00:00Z,163800.00,NOT_FUNDED,,0.00,2025-03-13T12:00:00Z,,,2026-08-31T23:59:00Z
EP2-000834,LP-2024-00834,R0078,SCI,S010,Research Project,2024-05-28T12:00:00Z,125000.00,NOT_FUNDED,,0.00,2024-09-07T12:00:00Z,,,2026-08-31T23:59:00Z
EP2-000835,LP-2026-00835,R0175,HSC,S011,Research Project,2026-01-20T12:00:00Z,116200.00,NOT_FUNDED,,0.00,2026-04-25T12:00:00Z,,,2026-08-31T23:59:00Z
EP2-000836,LP-2026-00836,R0062,SCI,S010,Training Grant,2026-01-10T12:00:00Z,239400.00,ACTIVE,AW2-2026-00836,230100.00,2026-07-07T12:00:00Z,2026-09-12,2027-09-12,2026-08-31T23:59:00Z
EP2-000837,LP-2024-00837,R0006,SCI,S018,Research Project,2024-01-23T12:00:00Z,184200.00,NOT_FUNDED,,0.00,2024-07-03T12:00:00Z,,,2026-08-31T23:59:00Z
EP2-000838,LP-2025-00838,R0015,HSC,S014,Research Project,2025-06-06T12:00:00Z,290900.00,NOT_FUNDED,,0.00,2025-11-24T12:00:00Z,,,2026-08-31T23:59:00Z
EP2-000839,LP-2026-00839,R0088,ARC,S025,Internal Seed,2026-05-16T12:00:00Z,140700.00,ACTIVE,AW2-2026-00839,111300.00,2026-07-15T12:00:00Z,2026-09-07,2028-09-06,2026-08-31T23:59:00Z
EP2-000840,LP-2025-00840,R0039,HSC,S011,Research Project,2025-07-02T12:00:00Z,226900.00,NOT_FUNDED,,0.00,2025-11-11T12:00:00Z,,,2026-08-31T23:59:00Z
EP2-000841,LP-2026-00841,R0123,SOC,S022,Training Grant,2026-05-22T12:00:00Z,138800.00,ACTIVE,AW2-2026-00841,121200.00,2026-08-30T12:00:00Z,2026-09-15,2029-09-14,2026-08-31T23:59:00Z
EP2-000842,LP-2024-00842,R0126,SCI,S025,Equipment,2024-10-20T12:00:00Z,68200.00,NOT_FUNDED,,0.00,2024-12-24T12:00:00Z,,,2026-08-31T23:59:00Z
EP2-000843,LP-2024-00843,R0125,BUS,S007,Research Project,2024-12-29T12:00:00Z,100900.00,NOT_FUNDED,,0.00,2025-05-10T12:00:00Z,,,2026-08-31T23:59:00Z
EP2-000844,LP-2024-00844,R0167,HSC,S011,Training Grant,2024-07-05T12:00:00Z,77400.00,ACTIVE,AW2-2024-00844,48300.00,2024-10-22T12:00:00Z,2024-12-08,2026-12-08,2026-08-31T23:59:00Z
EP2-000845,LP-2023-00845,R0108,HUM,S013,Research Project,2023-12-22T12:00:00Z,73600.00,NOT_FUNDED,,0.00,2024-04-09T12:00:00Z,,,2026-08-31T23:59:00Z
EP2-000846,LP-2023-00846,R0067,SOC,S017,Research Project,2023-03-02T12:00:00Z,64800.00,NOT_FUNDED,,0.00,2023-09-06T12:00:00Z,,,2026-08-31T23:59:00Z
EP2-000847,LP-2023-00847,R0138,ENG,S017,Equipment,2023-10-21T12:00:00Z,52900.00,CLOSED,AW2-2023-00847,34400.00,2024-02-29T12:00:00Z,2024-05-03,2026-05-03,2026-08-31T23:59:00Z
EP2-000848,LP-2026-00848,R0136,ARC,S001,Research Project,2026-03-02T12:00:00Z,165700.00,CLOSED,AW2-2026-00848,152500.00,2026-08-05T12:00:00Z,2026-08-30,2028-02-21,2026-08-31T23:59:00Z
EP2-000849,LP-2023-00849,R0041,LAW,S012,Equipment,2023-12-17T12:00:00Z,169200.00,ACTIVE,AW2-2023-00849,144600.00,2024-03-08T12:00:00Z,2024-03-19,2026-03-19,2026-08-31T23:59:00Z
EP2-000850,LP-2024-00850,R0050,ENG,S014,Equipment,2024-05-09T12:00:00Z,81800.00,NOT_FUNDED,,0.00,2024-07-01T12:00:00Z,,,2026-08-31T23:59:00Z
EP2-000851,LP-2023-00851,R0031,HSC,S001,Internal Seed,2023-05-01T12:00:00Z,47900.00,ACTIVE,AW2-2023-00851,34600.00,2023-06-29T12:00:00Z,2023-08-07,2025-08-06,2026-08-31T23:59:00Z
EP2-000852,LP-2026-00852,R0116,HUM,S011,Training Grant,2026-03-24T12:00:00Z,247800.00,CLOSED,AW2-2026-00852,164000.00,2026-05-06T12:00:00Z,2026-05-25,2027-05-25,2026-08-31T23:59:00Z
EP2-000853,LP-2026-00853,R0179,SOC,S006,Research Project,2026-04-08T12:00:00Z,103300.00,UNDER_REVIEW,,0.00,,,,2026-08-31T23:59:00Z
EP2-000854,LP-2026-00854,R0178,ENG,S002,Research Project,2026-01-15T12:00:00Z,242300.00,ACTIVE,AW2-2026-00854,209000.00,2026-03-12T12:00:00Z,2026-03-23,2028-03-22,2026-08-31T23:59:00Z
EP2-000855,LP-2023-00855,R0039,HSC,S025,Research Project,2023-11-10T12:00:00Z,79300.00,CLOSED,AW2-2023-00855,52900.00,2024-03-01T12:00:00Z,2024-03-27,2027-03-27,2026-08-31T23:59:00Z
EP2-000856,LP-2025-00856,R0029,BUS,S002,Equipment,2025-08-13T12:00:00Z,61300.00,NOT_FUNDED,,0.00,2026-02-18T12:00:00Z,,,2026-08-31T23:59:00Z
EP2-000857,LP-2025-00857,R0023,HSC,S005,Equipment,2025-05-22T12:00:00Z,42200.00,ACTIVE,AW2-2025-00857,39300.00,2025-09-11T12:00:00Z,2025-10-20,2027-04-13,2026-08-31T23:59:00Z
EP2-000858,LP-2026-00858,R0156,HUM,S006,Research Project,2026-07-02T12:00:00Z,109300.00,ACTIVE,AW2-2026-00858,99900.00,2026-08-31T12:00:00Z,2026-10-03,2028-10-02,2026-08-31T23:59:00Z
EP2-000859,LP-2025-00859,R0084,HUM,S014,Training Grant,2025-12-25T12:00:00Z,358600.00,ACTIVE,AW2-2025-00859,325200.00,2026-02-25T12:00:00Z,2026-04-22,2029-04-21,2026-08-31T23:59:00Z
EP2-000860,LP-2023-00860,R0023,HSC,S017,Training Grant,2023-12-19T12:00:00Z,27700.00,NOT_FUNDED,,0.00,2024-04-06T12:00:00Z,,,2026-08-31T23:59:00Z
EP2-000861,LP-2025-00861,R0043,SOC,S014,Research Project,2025-06-06T12:00:00Z,147500.00,AWARDED,AW2-2025-00861,99000.00,2025-09-16T12:00:00Z,2025-11-03,2027-04-27,2026-08-31T23:59:00Z
EP2-000862,LP-2025-00862,R0026,ENG,S001,Research Project,2025-07-08T12:00:00Z,76900.00,NOT_FUNDED,,0.00,2025-10-20T12:00:00Z,,,2026-08-31T23:59:00Z
EP2-000863,LP-2024-00863,R0112,ARC,S017,Training Grant,2024-09-15T12:00:00Z,128800.00,NOT_FUNDED,,0.00,2025-01-14T12:00:00Z,,,2026-08-31T23:59:00Z
EP2-000864,LP-2024-00864,R0145,LAW,S013,Fellowship,2024-08-24T12:00:00Z,78100.00,NOT_FUNDED,,0.00,2025-01-10T12:00:00Z,,,2026-08-31T23:59:00Z
EP2-000865,LP-2024-00865,R0066,ENG,S025,Research Project,2024-08-15T12:00:00Z,241100.00,NOT_FUNDED,,0.00,2024-11-07T12:00:00Z,,,2026-08-31T23:59:00Z
EP2-000866,LP-2025-00866,R0073,LAW,S011,Research Project,2025-09-30T12:00:00Z,344200.00,ACTIVE,AW2-2025-00866,226700.00,2026-01-09T12:00:00Z,2026-03-18,2027-03-18,2026-08-31T23:59:00Z
EP2-000867,LP-2023-00867,R0014,SCI,S019,Research Project,2023-09-24T12:00:00Z,422200.00,CLOSED,AW2-2023-00867,378200.00,2024-02-12T12:00:00Z,2024-04-02,2027-04-02,2026-08-31T23:59:00Z
EP2-000868,LP-2024-00868,R0132,HUM,S005,Equipment,2024-10-28T12:00:00Z,156200.00,NOT_FUNDED,,0.00,2025-04-10T12:00:00Z,,,2026-08-31T23:59:00Z
EP2-000869,LP-2023-00869,R0006,SCI,S022,Fellowship,2023-07-01T12:00:00Z,47700.00,CLOSED,AW2-2023-00869,39600.00,2023-11-02T12:00:00Z,2023-12-22,2026-12-21,2026-08-31T23:59:00Z
EP2-000870,LP-2026-00870,R0091,SOC,S014,Training Grant,2026-07-27T12:00:00Z,236500.00,SUBMITTED,,0.00,,,,2026-08-31T23:59:00Z
EP2-000871,LP-2025-00871,R0080,ARC,S003,Research Project,2025-08-22T12:00:00Z,91900.00,NOT_FUNDED,,0.00,2025-11-03T12:00:00Z,,,2026-08-31T23:59:00Z
EP2-000872,LP-2025-00872,R0103,HSC,S025,Research Project,2025-02-21T12:00:00Z,331800.00,ACTIVE,AW2-2025-00872,321600.00,2025-06-06T12:00:00Z,2025-07-23,2027-01-14,2026-08-31T23:59:00Z
EP2-000873,LP-2023-00873,R0011,SOC,S008,Research Project,2023-06-06T12:00:00Z,89500.00,ACTIVE,AW2-2023-00873,62500.00,2023-11-06T12:00:00Z,2023-12-25,2025-06-17,2026-08-31T23:59:00Z
EP2-000874,LP-2024-00874,R0046,SCI,S004,Research Project,2024-04-06T12:00:00Z,181300.00,NOT_FUNDED,,0.00,2024-09-28T12:00:00Z,,,2026-08-31T23:59:00Z
EP2-000875,LP-2024-00875,R0111,HSC,S019,Research Project,2024-06-01T12:00:00Z,16700.00,NOT_FUNDED,,0.00,2024-08-26T12:00:00Z,,,2026-08-31T23:59:00Z
EP2-000876,LP-2024-00876,R0085,BUS,S004,Research Project,2024-03-22T12:00:00Z,41400.00,CLOSED,AW2-2024-00876,37400.00,2024-05-19T12:00:00Z,2024-06-12,2027-06-12,2026-08-31T23:59:00Z
EP2-000877,LP-2023-00877,R0180,HUM,S012,Training Grant,2023-04-05T12:00:00Z,617000.00,NOT_FUNDED,,0.00,2023-05-15T12:00:00Z,,,2026-08-31T23:59:00Z
EP2-000878,LP-2025-00878,R0103,HSC,S011,Fellowship,2025-03-24T12:00:00Z,192800.00,NOT_FUNDED,,0.00,2025-06-19T12:00:00Z,,,2026-08-31T23:59:00Z
EP2-000879,LP-2023-00879,R0138,ENG,S003,Research Project,2023-12-05T12:00:00Z,65900.00,NOT_FUNDED,,0.00,2024-05-05T12:00:00Z,,,2026-08-31T23:59:00Z
EP2-000880,LP-2025-00880,R0069,BUS,S002,Research Project,2025-10-07T12:00:00Z,272500.00,AWARDED,AW2-2025-00880,251100.00,2026-02-26T12:00:00Z,2026-04-06,2027-04-06,2026-08-31T23:59:00Z
EP2-000881,LP-2025-00881,R0087,HSC,S025,Training Grant,2025-10-18T12:00:00Z,124400.00,ACTIVE,AW2-2025-00881,106400.00,2026-03-23T12:00:00Z,2026-04-24,2028-04-23,2026-08-31T23:59:00Z
EP2-000882,LP-2026-00882,R0047,HSC,S019,Research Project,2026-08-04T12:00:00Z,115100.00,SUBMITTED,,0.00,,,,2026-08-31T23:59:00Z
EP2-000883,LP-2025-00883,R0091,SOC,S013,Internal Seed,2025-11-09T12:00:00Z,98000.00,NOT_FUNDED,,0.00,2026-05-10T12:00:00Z,,,2026-08-31T23:59:00Z
EP2-000884,LP-2024-00884,R0045,BUS,S019,Training Grant,2024-02-07T12:00:00Z,248900.00,NOT_FUNDED,,0.00,2024-04-04T12:00:00Z,,,2026-08-31T23:59:00Z
EP2-000885,LP-2025-00885,R0129,LAW,S001,Research Project,2025-10-03T12:00:00Z,328200.00,NOT_FUNDED,,0.00,2026-02-06T12:00:00Z,,,2026-08-31T23:59:00Z
EP2-000886,LP-2025-00886,R0103,HSC,S006,Fellowship,2025-03-29T12:00:00Z,713800.00,CLOSED,AW2-2025-00886,453000.00,2025-09-10T12:00:00Z,2025-11-11,2027-11-11,2026-08-31T23:59:00Z
EP2-000887,LP-2024-00887,R0074,ENG,S003,Research Project,2024-01-02T12:00:00Z,317800.00,NOT_FUNDED,,0.00,2024-03-14T12:00:00Z,,,2026-08-31T23:59:00Z
EP2-000888,LP-2025-00888,R0058,ENG,S004,Research Project,2025-11-12T12:00:00Z,78400.00,ACTIVE,AW2-2025-00888,54100.00,2026-02-18T12:00:00Z,2026-03-21,2029-03-20,2026-08-31T23:59:00Z
EP2-000889,LP-2024-00889,R0089,LAW,S018,Research Project,2024-07-15T12:00:00Z,121800.00,NOT_FUNDED,,0.00,2024-08-28T12:00:00Z,,,2026-08-31T23:59:00Z
EP2-000890,LP-2023-00890,R0037,BUS,S022,Research Project,2023-12-22T12:00:00Z,222700.00,WITHDRAWN,,0.00,2024-05-08T12:00:00Z,,,2026-08-31T23:59:00Z
EP2-000891,LP-2024-00891,R0179,SOC,S007,Research Project,2024-04-03T12:00:00Z,436200.00,NOT_FUNDED,,0.00,2024-06-21T12:00:00Z,,,2026-08-31T23:59:00Z
EP2-000892,LP-2026-00892,R0066,ENG,S025,Training Grant,2026-03-13T12:00:00Z,76300.00,CLOSED,AW2-2026-00892,53800.00,2026-05-12T12:00:00Z,2026-07-20,2027-07-20,2026-08-31T23:59:00Z
EP2-000893,LP-2024-00893,R0105,LAW,S025,Fellowship,2024-04-16T12:00:00Z,82500.00,CLOSED,AW2-2024-00893,78700.00,2024-07-25T12:00:00Z,2024-08-27,2026-02-18,2026-08-31T23:59:00Z
EP2-000894,LP-2026-00894,R0005,BUS,S014,Internal Seed,2026-05-28T12:00:00Z,68600.00,ACTIVE,AW2-2026-00894,56000.00,2026-08-31T12:00:00Z,2026-10-04,2028-10-03,2026-08-31T23:59:00Z
EP2-000895,LP-2025-00895,R0153,LAW,S023,Research Project,2025-05-22T12:00:00Z,57900.00,NOT_FUNDED,,0.00,2025-09-01T12:00:00Z,,,2026-08-31T23:59:00Z
EP2-000896,LP-2025-00896,R0119,HSC,S008,Equipment,2025-02-13T12:00:00Z,93300.00,ACTIVE,AW2-2025-00896,76700.00,2025-08-02T12:00:00Z,2025-09-11,2026-09-11,2026-08-31T23:59:00Z
EP2-000897,LP-2023-00897,R0010,ENG,S006,Research Project,2023-06-18T12:00:00Z,59800.00,ACTIVE,AW2-2023-00897,56700.00,2023-12-16T12:00:00Z,2024-01-31,2027-01-30,2026-08-31T23:59:00Z
EP2-000898,LP-2025-00898,R0158,SCI,S023,Research Project,2025-08-23T12:00:00Z,290300.00,WITHDRAWN,,0.00,2026-02-07T12:00:00Z,,,2026-08-31T23:59:00Z
EP2-000899,LP-2024-00899,R0025,LAW,S022,Research Project,2024-01-04T12:00:00Z,26700.00,NOT_FUNDED,,0.00,2024-02-16T12:00:00Z,,,2026-08-31T23:59:00Z
EP2-000900,LP-2025-00900,R0077,BUS,S009,Fellowship,2025-09-20T12:00:00Z,126900.00,ACTIVE,AW2-2025-00900,105300.00,2025-11-17T12:00:00Z,2025-12-10,2026-12-10,2026-08-31T23:59:00Z
EP2-000901,LP-2026-00901,R0069,BUS,S007,Research Project,2026-01-11T12:00:00Z,62100.00,ACTIVE,AW2-2026-00901,57200.00,2026-06-18T12:00:00Z,2026-07-16,2028-01-07,2026-08-31T23:59:00Z
EP2-000902,LP-2024-00902,R0022,SCI,S014,Research Project,2024-05-21T12:00:00Z,33800.00,NOT_FUNDED,,0.00,2024-11-19T12:00:00Z,,,2026-08-31T23:59:00Z
EP2-000903,LP-2026-00903,R0121,LAW,S020,Fellowship,2026-03-08T12:00:00Z,35700.00,ACTIVE,AW2-2026-00903,32200.00,2026-07-09T12:00:00Z,2026-07-24,2028-01-15,2026-08-31T23:59:00Z
EP2-000904,LP-2025-00904,R0137,LAW,S008,Training Grant,2025-09-27T12:00:00Z,107500.00,WITHDRAWN,,0.00,2025-12-14T12:00:00Z,,,2026-08-31T23:59:00Z
EP2-000905,LP-2024-00905,R0122,ENG,S015,Fellowship,2024-04-11T12:00:00Z,192800.00,NOT_FUNDED,,0.00,2024-08-25T12:00:00Z,,,2026-08-31T23:59:00Z
EP2-000906,LP-2023-00906,R0041,LAW,S025,Research Project,2023-02-27T12:00:00Z,75100.00,NOT_FUNDED,,0.00,2023-04-09T12:00:00Z,,,2026-08-31T23:59:00Z
EP2-000907,LP-2023-00907,R0087,HSC,S008,Research Project,2023-02-02T12:00:00Z,54400.00,CLOSED,AW2-2023-00907,52800.00,2023-04-04T12:00:00Z,2023-06-06,2025-06-05,2026-08-31T23:59:00Z
EP2-000908,LP-2025-00908,R0047,HSC,S014,Research Project,2025-04-09T12:00:00Z,353900.00,ACTIVE,AW2-2025-00908,227200.00,2025-08-16T12:00:00Z,2025-09-29,2027-03-23,2026-08-31T23:59:00Z
EP2-000909,LP-2024-00909,R0041,LAW,S012,Training Grant,2024-04-26T12:00:00Z,147300.00,NOT_FUNDED,,0.00,2024-10-01T12:00:00Z,,,2026-08-31T23:59:00Z
EP2-000910,LP-2026-00910,R0114,ENG,S007,Research Project,2026-07-09T12:00:00Z,282300.00,UNDER_REVIEW,,0.00,,,,2026-08-31T23:59:00Z
EP2-000911,LP-2023-00911,R0144,ARC,S003,Research Project,2023-10-27T12:00:00Z,130500.00,NOT_FUNDED,,0.00,2024-01-08T12:00:00Z,,,2026-08-31T23:59:00Z
EP2-000912,LP-2023-00912,R0105,LAW,S002,Research Project,2023-12-12T12:00:00Z,84300.00,CLOSED,AW2-2023-00912,69200.00,2024-06-04T12:00:00Z,2024-06-19,2026-06-19,2026-08-31T23:59:00Z
EP2-000913,LP-2025-00913,R0141,BUS,S007,Equipment,2025-11-16T12:00:00Z,124400.00,NOT_FUNDED,,0.00,2026-02-25T12:00:00Z,,,2026-08-31T23:59:00Z
EP2-000914,LP-2025-00914,R0003,SOC,S002,Research Project,2025-02-23T12:00:00Z,148600.00,NOT_FUNDED,,0.00,2025-05-11T12:00:00Z,,,2026-08-31T23:59:00Z
EP2-000915,LP-2026-00915,R0083,SOC,S021,Training Grant,2026-04-28T12:00:00Z,544300.00,UNDER_REVIEW,,0.00,,,,2026-08-31T23:59:00Z
EP2-000916,LP-2025-00916,R0100,HUM,S022,Equipment,2025-04-16T12:00:00Z,133900.00,ACTIVE,AW2-2025-00916,130100.00,2025-10-17T12:00:00Z,2025-11-03,2028-11-02,2026-08-31T23:59:00Z
EP2-000917,LP-2023-00917,R0064,ARC,S004,Research Project,2023-06-17T12:00:00Z,121400.00,NOT_FUNDED,,0.00,2023-11-22T12:00:00Z,,,2026-08-31T23:59:00Z
EP2-000918,LP-2026-00918,R0083,SOC,S002,Research Project,2026-03-17T12:00:00Z,71700.00,ACTIVE,AW2-2026-00918,57000.00,2026-08-31T12:00:00Z,2026-10-23,2028-10-22,2026-08-31T23:59:00Z
EP2-000919,LP-2023-00919,R0064,ARC,S024,Equipment,2023-04-22T12:00:00Z,273100.00,NOT_FUNDED,,0.00,2023-08-03T12:00:00Z,,,2026-08-31T23:59:00Z
EP2-000920,LP-2025-00920,R0067,SOC,S001,Research Project,2025-01-18T12:00:00Z,95800.00,ACTIVE,AW2-2025-00920,71700.00,2025-05-14T12:00:00Z,2025-07-03,2027-07-03,2026-08-31T23:59:00Z
EP2-000921,LP-2024-00921,R0171,SOC,S023,Research Project,2024-08-20T12:00:00Z,368100.00,CLOSED,AW2-2024-00921,360800.00,2025-02-14T12:00:00Z,2025-04-29,2028-04-28,2026-08-31T23:59:00Z
EP2-000922,LP-2025-00922,R0036,HUM,S008,Training Grant,2025-04-11T12:00:00Z,24400.00,ACTIVE,AW2-2025-00922,15800.00,2025-06-28T12:00:00Z,2025-07-26,2028-07-25,2026-08-31T23:59:00Z
EP2-000923,LP-2024-00923,R0015,HSC,S006,Training Grant,2024-03-14T12:00:00Z,198100.00,ACTIVE,AW2-2024-00923,134800.00,2024-04-27T12:00:00Z,2024-06-08,2026-06-08,2026-08-31T23:59:00Z
EP2-000924,LP-2024-00924,R0149,BUS,S016,Fellowship,2024-11-18T12:00:00Z,44000.00,CLOSED,AW2-2024-00924,34100.00,2025-04-24T12:00:00Z,2025-05-15,2026-11-06,2026-08-31T23:59:00Z
EP2-000925,LP-2024-00925,R0155,SOC,S001,Research Project,2024-06-11T12:00:00Z,210800.00,NOT_FUNDED,,0.00,2024-12-09T12:00:00Z,,,2026-08-31T23:59:00Z
EP2-000926,LP-2023-00926,R0065,LAW,S008,Equipment,2023-05-02T12:00:00Z,83000.00,NOT_FUNDED,,0.00,2023-06-15T12:00:00Z,,,2026-08-31T23:59:00Z
EP2-000927,LP-2025-00927,R0147,SOC,S007,Fellowship,2025-10-07T12:00:00Z,52600.00,NOT_FUNDED,,0.00,2026-01-24T12:00:00Z,,,2026-08-31T23:59:00Z
EP2-000928,LP-2025-00928,R0108,HUM,S012,Research Project,2025-01-16T12:00:00Z,60200.00,ACTIVE,AW2-2025-00928,39600.00,2025-07-17T12:00:00Z,2025-08-31,2028-08-30,2026-08-31T23:59:00Z
EP2-000929,LP-2025-00929,R0148,HUM,S010,Training Grant,2025-06-11T12:00:00Z,122300.00,NOT_FUNDED,,0.00,2025-10-20T12:00:00Z,,,2026-08-31T23:59:00Z
EP2-000930,LP-2024-00930,R0170,ENG,S017,Training Grant,2024-11-27T12:00:00Z,349700.00,ACTIVE,AW2-2024-00930,327500.00,2025-02-28T12:00:00Z,2025-03-13,2027-03-13,2026-08-31T23:59:00Z
EP2-000931,LP-2024-00931,R0144,ARC,S025,Research Project,2024-08-23T12:00:00Z,53900.00,ACTIVE,AW2-2024-00931,50500.00,2024-10-20T12:00:00Z,2024-11-11,2026-11-11,2026-08-31T23:59:00Z
EP2-000932,LP-2024-00932,R0063,HSC,S025,Research Project,2024-12-08T12:00:00Z,122400.00,CLOSED,AW2-2024-00932,116700.00,2025-06-05T12:00:00Z,2025-08-08,2027-08-08,2026-08-31T23:59:00Z
EP2-000933,LP-2024-00933,R0146,ENG,S001,Research Project,2024-12-23T12:00:00Z,105000.00,ACTIVE,AW2-2024-00933,82400.00,2025-05-12T12:00:00Z,2025-07-18,2026-07-18,2026-08-31T23:59:00Z
EP2-000934,LP-2023-00934,R0040,ARC,S002,Fellowship,2023-09-08T12:00:00Z,107900.00,CLOSED,AW2-2023-00934,80500.00,2024-02-29T12:00:00Z,2024-04-18,2027-04-18,2026-08-31T23:59:00Z
EP2-000935,LP-2024-00935,R0108,HUM,S010,Research Project,2024-07-22T12:00:00Z,199800.00,CLOSED,AW2-2024-00935,142700.00,2024-09-07T12:00:00Z,2024-11-01,2026-04-25,2026-08-31T23:59:00Z
EP2-000936,LP-2024-00936,R0140,HUM,S999,Fellowship,2024-01-26T12:00:00Z,32600.00,WITHDRAWN,,0.00,2024-05-05T12:00:00Z,,,2026-08-31T23:59:00Z
EP2-000937,LP-2024-00937,R0149,BUS,S004,Fellowship,2024-07-09T12:00:00Z,277500.00,NOT_FUNDED,,0.00,2024-11-17T12:00:00Z,,,2026-08-31T23:59:00Z
EP2-000938,LP-2025-00938,R0056,ARC,S007,Internal Seed,2025-02-12T12:00:00Z,332300.00,NOT_FUNDED,,0.00,2025-05-01T12:00:00Z,,,2026-08-31T23:59:00Z
EP2-000939,LP-2024-00939,R0092,HUM,S005,Training Grant,2024-06-28T12:00:00Z,55200.00,CLOSED,AW2-2024-00939,39400.00,2024-08-28T12:00:00Z,2024-10-27,2026-04-20,2026-08-31T23:59:00Z
EP2-000940,LP-2025-00940,R0013,BUS,S002,Research Project,2025-07-27T12:00:00Z,60500.00,AWARDED,AW2-2025-00940,60400.00,2025-10-23T12:00:00Z,2026-01-02,2027-01-02,2026-08-31T23:59:00Z
EP2-000941,LP-2026-00941,R0047,HSC,S001,Research Project,2026-07-18T12:00:00Z,100800.00,UNDER_REVIEW,,0.00,,,,2026-08-31T23:59:00Z
EP2-000942,LP-2023-00942,R0134,SCI,S019,Equipment,2023-10-29T12:00:00Z,280700.00,NOT_FUNDED,,0.00,2024-02-21T12:00:00Z,,,2026-08-31T23:59:00Z
EP2-000943,LP-2026-00943,R0090,ENG,S019,Research Project,2026-03-28T12:00:00Z,129400.00,NOT_FUNDED,,0.00,2026-05-19T12:00:00Z,,,2026-08-31T23:59:00Z
EP2-000944,LP-2024-00944,R0129,LAW,S008,Internal Seed,2024-01-28T12:00:00Z,46600.00,WITHDRAWN,,0.00,2024-04-02T12:00:00Z,,,2026-08-31T23:59:00Z
EP2-000945,LP-2023-00945,R0045,BUS,S008,Equipment,2023-06-26T12:00:00Z,80500.00,CLOSED,AW2-2023-00945,50600.00,2023-08-27T12:00:00Z,2023-10-02,2024-10-01,2026-08-31T23:59:00Z
EP2-000946,LP-2026-00946,R0038,SCI,S021,Research Project,2026-03-22T12:00:00Z,46500.00,AWARDED,AW2-2026-00946,29300.00,2026-08-29T12:00:00Z,2026-10-15,2029-10-14,2026-08-31T23:59:00Z
EP2-000947,LP-2026-00947,R0094,SCI,S023,Research Project,2026-05-02T12:00:00Z,83800.00,NOT_FUNDED,,0.00,2026-08-31T12:00:00Z,,,2026-08-31T23:59:00Z
EP2-000948,LP-2023-00948,R0019,SOC,S010,Equipment,2023-01-12T12:00:00Z,81300.00,WITHDRAWN,,0.00,2023-03-12T12:00:00Z,,,2026-08-31T23:59:00Z
EP2-000949,LP-2026-00949,R0155,SOC,S004,Research Project,2026-03-06T12:00:00Z,159700.00,CLOSED,AW2-2026-00949,126700.00,2026-08-16T12:00:00Z,2026-10-02,2028-10-01,2026-08-31T23:59:00Z
EP2-000950,LP-2024-00950,R0179,SOC,S025,Internal Seed,2024-04-13T12:00:00Z,80600.00,CLOSED,AW2-2024-00950,61100.00,2024-07-17T12:00:00Z,2024-08-17,2026-08-17,2026-08-31T23:59:00Z
EP2-000951,LP-2026-00951,R0058,ENG,S013,Research Project,2026-07-30T12:00:00Z,257300.00,SUBMITTED,,0.00,,,,2026-08-31T23:59:00Z
EP2-000952,LP-2025-00952,R0176,ARC,S013,Research Project,2025-07-05T12:00:00Z,81300.00,ACTIVE,AW2-2025-00952,75200.00,2025-12-27T12:00:00Z,2026-01-26,2028-01-26,2026-08-31T23:59:00Z
EP2-000953,LP-2023-00953,R0109,BUS,S003,Fellowship,2023-03-26T12:00:00Z,65200.00,NOT_FUNDED,,0.00,2023-07-19T12:00:00Z,,,2026-08-31T23:59:00Z
EP2-000954,LP-2026-00954,R0029,BUS,S006,Research Project,2026-01-16T12:00:00Z,104800.00,NOT_FUNDED,,0.00,2026-03-20T12:00:00Z,,,2026-08-31T23:59:00Z
EP2-000955,LP-2023-00955,R0142,SCI,S002,Research Project,2023-10-08T12:00:00Z,92200.00,NOT_FUNDED,,0.00,2024-04-08T12:00:00Z,,,2026-08-31T23:59:00Z
EP2-000956,LP-2025-00956,R0122,ENG,S010,Fellowship,2025-04-03T12:00:00Z,155900.00,NOT_FUNDED,,0.00,2025-07-18T12:00:00Z,,,2026-08-31T23:59:00Z
EP2-000957,LP-2026-00957,R0091,SOC,S015,Research Project,2026-08-11T12:00:00Z,66600.00,UNDER_REVIEW,,0.00,,,,2026-08-31T23:59:00Z
EP2-000958,LP-2025-00958,R0053,BUS,S003,Fellowship,2025-02-18T12:00:00Z,212100.00,AWARDED,AW2-2025-00958,190400.00,2025-06-23T12:00:00Z,2025-09-03,2028-09-02,2026-08-31T23:59:00Z
EP2-000959,LP-2025-00959,R0131,SOC,S023,Research Project,2025-03-30T12:00:00Z,96700.00,CLOSED,AW2-2025-00959,73600.00,2025-07-13T12:00:00Z,2025-09-23,2026-09-23,2026-08-31T23:59:00Z
EP2-000960,LP-2023-00960,R0138,ENG,S004,Equipment,2023-11-27T12:00:00Z,129500.00,ACTIVE,AW2-2023-00960,117700.00,2024-04-15T12:00:00Z,2024-06-27,2025-06-27,2026-08-31T23:59:00Z
EP2-000961,LP-2025-00961,R0034,ENG,S001,Research Project,2025-02-27T12:00:00Z,218100.00,AWARDED,AW2-2025-00961,178500.00,2025-07-24T12:00:00Z,2025-08-16,2026-08-16,2026-08-31T23:59:00Z
EP2-000962,LP-2025-00962,R0166,SCI,S001,Equipment,2025-07-22T12:00:00Z,55200.00,NOT_FUNDED,,0.00,2025-10-15T12:00:00Z,,,2026-08-31T23:59:00Z
EP2-000963,LP-2026-00963,R0169,LAW,S011,Research Project,2026-02-27T12:00:00Z,31500.00,NOT_FUNDED,,0.00,2026-06-25T12:00:00Z,,,2026-08-31T23:59:00Z
EP2-000964,LP-2024-00964,R0155,SOC,S021,Internal Seed,2024-05-21T12:00:00Z,45800.00,CLOSED,AW2-2024-00964,36000.00,2024-08-08T12:00:00Z,2024-10-10,2026-10-10,2026-08-31T23:59:00Z
EP2-000965,LP-2024-00965,R0078,SCI,S016,Research Project,2024-01-10T12:00:00Z,15000.00,CLOSED,AW2-2024-00965,14200.00,2024-04-22T12:00:00Z,2024-07-05,2025-07-05,2026-08-31T23:59:00Z
EP2-000966,LP-2023-00966,R0077,BUS,S025,Research Project,2023-02-26T12:00:00Z,78700.00,ACTIVE,AW2-2023-00966,71800.00,2023-06-28T12:00:00Z,2023-09-11,2025-09-10,2026-08-31T23:59:00Z
EP2-000967,LP-2024-00967,R0076,HUM,S006,Research Project,2024-02-07T12:00:00Z,418200.00,NOT_FUNDED,,0.00,2024-06-21T12:00:00Z,,,2026-08-31T23:59:00Z
EP2-000968,LP-2026-00968,R0071,HSC,S021,Research Project,2026-03-01T12:00:00Z,425700.00,NOT_FUNDED,,0.00,2026-05-06T12:00:00Z,,,2026-08-31T23:59:00Z
EP2-000969,LP-2025-00969,R0027,SOC,S003,Training Grant,2025-12-08T12:00:00Z,337900.00,ACTIVE,AW2-2025-00969,303300.00,2026-04-04T12:00:00Z,2026-05-08,2028-05-07,2026-08-31T23:59:00Z
EP2-000970,LP-2026-00970,R0128,ARC,S016,Training Grant,2026-03-29T12:00:00Z,745900.00,NOT_FUNDED,,0.00,2026-07-05T12:00:00Z,,,2026-08-31T23:59:00Z
EP2-000971,LP-2024-00971,R0030,SCI,S013,Research Project,2024-02-16T12:00:00Z,92200.00,NOT_FUNDED,,0.00,2024-04-09T12:00:00Z,,,2026-08-31T23:59:00Z
EP2-000972,LP-2024-00972,R0083,SOC,S010,Research Project,2024-04-16T12:00:00Z,124200.00,ACTIVE,AW2-2024-00972,110000.00,2024-06-14T12:00:00Z,2024-07-12,2027-07-12,2026-08-31T23:59:00Z
EP2-000973,LP-2024-00973,R0164,HUM,S025,Research Project,2024-03-05T12:00:00Z,218200.00,ACTIVE,AW2-2024-00973,141400.00,2024-04-19T12:00:00Z,2024-06-18,2025-06-18,2026-08-31T23:59:00Z
EP2-000974,LP-2024-00974,R0110,SCI,S011,Internal Seed,2024-09-12T12:00:00Z,405100.00,NOT_FUNDED,,0.00,2025-02-17T12:00:00Z,,,2026-08-31T23:59:00Z
EP2-000975,LP-2025-00975,R0151,HSC,S005,Internal Seed,2025-01-02T12:00:00Z,98600.00,CLOSED,AW2-2025-00975,75500.00,2025-02-20T12:00:00Z,2025-03-05,2026-08-27,2026-08-31T23:59:00Z
EP2-000976,LP-2026-00976,R0015,HSC,S006,Research Project,2026-07-22T12:00:00Z,94800.00,UNDER_REVIEW,,0.00,,,,2026-08-31T23:59:00Z
EP2-000977,LP-2025-00977,R0147,SOC,S008,Internal Seed,2025-09-05T12:00:00Z,129300.00,ACTIVE,AW2-2025-00977,102300.00,2026-02-17T12:00:00Z,2026-04-01,2029-03-31,2026-08-31T23:59:00Z
EP2-000978,LP-2026-00978,R0148,HUM,S001,Equipment,2026-04-05T12:00:00Z,204800.00,NOT_FUNDED,,0.00,2026-08-06T12:00:00Z,,,2026-08-31T23:59:00Z
EP2-000979,LP-2026-00979,R0176,ARC,S023,Research Project,2026-06-29T12:00:00Z,143000.00,WITHDRAWN,,0.00,2026-08-11T12:00:00Z,,,2026-08-31T23:59:00Z
EP2-000980,LP-2025-00980,R0036,HUM,S001,Fellowship,2025-03-08T12:00:00Z,52900.00,CLOSED,AW2-2025-00980,38800.00,2025-07-04T12:00:00Z,2025-07-19,2026-07-19,2026-08-31T23:59:00Z
EP2-000981,LP-2025-00981,R0078,SCI,S011,Fellowship,2025-01-04T12:00:00Z,79000.00,ACTIVE,AW2-2025-00981,77900.00,2025-02-11T12:00:00Z,2025-04-23,2027-04-23,2026-08-31T23:59:00Z
EP2-000982,LP-2024-00982,R0100,HUM,S021,Research Project,2024-11-10T12:00:00Z,305400.00,ACTIVE,AW2-2024-00982,245000.00,2025-01-18T12:00:00Z,2025-02-18,2027-02-18,2026-08-31T23:59:00Z
EP2-000983,LP-2026-00983,R0029,BUS,S003,Research Project,2026-01-17T12:00:00Z,396000.00,ACTIVE,AW2-2026-00983,304300.00,2026-05-19T12:00:00Z,2026-05-30,2027-05-30,2026-08-31T23:59:00Z
EP2-000984,LP-2026-00984,R0038,SCI,S014,Internal Seed,2026-02-21T12:00:00Z,15000.00,ACTIVE,AW2-2026-00984,13100.00,2026-07-19T12:00:00Z,2026-09-05,2027-09-05,2026-08-31T23:59:00Z
EP2-000985,LP-2025-00985,R0117,BUS,S011,Research Project,2025-06-16T12:00:00Z,101100.00,ACTIVE,AW2-2025-00985,84500.00,2025-11-02T12:00:00Z,2026-01-05,2029-01-04,2026-08-31T23:59:00Z
EP2-000986,LP-2023-00986,R0101,BUS,S002,Research Project,2023-04-21T12:00:00Z,125800.00,ACTIVE,AW2-2023-00986,107400.00,2023-09-24T12:00:00Z,2023-11-20,2025-05-13,2026-08-31T23:59:00Z
EP2-000987,LP-2024-00987,R0095,HSC,S005,Research Project,2024-06-18T12:00:00Z,47100.00,NOT_FUNDED,,0.00,2024-09-16T12:00:00Z,,,2026-08-31T23:59:00Z
EP2-000988,LP-2024-00988,R0151,HSC,S010,Research Project,2024-12-01T12:00:00Z,51700.00,NOT_FUNDED,,0.00,2025-05-03T12:00:00Z,,,2026-08-31T23:59:00Z
EP2-000989,LP-2026-00989,R0171,SOC,S004,Research Project,2026-02-16T12:00:00Z,271000.00,NOT_FUNDED,,0.00,2026-07-17T12:00:00Z,,,2026-08-31T23:59:00Z
EP2-000990,LP-2024-00990,R0083,SOC,S011,Training Grant,2024-04-05T12:00:00Z,277500.00,CLOSED,AW2-2024-00990,238100.00,2024-08-24T12:00:00Z,2024-09-16,2026-09-16,2026-08-31T23:59:00Z
EP2-000991,LP-2024-00991,R0117,BUS,S024,Research Project,2024-06-17T12:00:00Z,316100.00,NOT_FUNDED,,0.00,2024-10-14T12:00:00Z,,,2026-08-31T23:59:00Z
EP2-000992,LP-2023-00992,R0086,SCI,S002,Research Project,2023-11-30T12:00:00Z,35300.00,CLOSED,AW2-2023-00992,28700.00,2024-02-02T12:00:00Z,2024-03-19,2025-03-19,2026-08-31T23:59:00Z
EP2-000993,LP-2023-00993,R0108,HUM,S021,Internal Seed,2023-02-25T12:00:00Z,294600.00,NOT_FUNDED,,0.00,2023-05-30T12:00:00Z,,,2026-08-31T23:59:00Z
EP2-000994,LP-2024-00994,R0133,BUS,S001,Research Project,2024-01-13T12:00:00Z,30800.00,CLOSED,AW2-2024-00994,26400.00,2024-07-03T12:00:00Z,2024-07-28,2025-07-28,2026-08-31T23:59:00Z
EP2-000995,LP-2025-00995,R0083,SOC,S016,Research Project,2025-12-12T12:00:00Z,105300.00,CLOSED,AW2-2025-00995,75400.00,2026-03-16T12:00:00Z,2026-05-30,2027-11-21,2026-08-31T23:59:00Z
EP2-000996,LP-2026-00996,R0117,BUS,S004,Training Grant,2026-03-17T12:00:00Z,191000.00,NOT_FUNDED,,0.00,2026-05-03T12:00:00Z,,,2026-08-31T23:59:00Z
EP2-000997,LP-2025-00997,R0085,BUS,S013,Fellowship,2025-04-19T12:00:00Z,25600.00,AWARDED,AW2-2025-00997,23900.00,2025-07-02T12:00:00Z,2025-09-15,2026-09-15,2026-08-31T23:59:00Z
EP2-000998,LP-2023-00998,R0076,HUM,S019,Research Project,2023-07-19T12:00:00Z,207500.00,CLOSED,AW2-2023-00998,177200.00,2023-11-03T12:00:00Z,2023-12-14,2026-12-13,2026-08-31T23:59:00Z
EP2-000999,LP-2023-00999,R0061,BUS,S010,Research Project,2023-10-25T12:00:00Z,35100.00,NOT_FUNDED,,0.00,2024-04-05T12:00:00Z,,,2026-08-31T23:59:00Z
EP2-001000,LP-2026-01000,R0147,SOC,S016,Research Project,2026-07-03T12:00:00Z,92400.00,ACTIVE,AW2-2026-01000,78300.00,2026-08-30T12:00:00Z,2026-10-27,2028-10-26,2026-08-31T23:59:00Z
EP2-001001,LP-2024-01001,R0051,SOC,S013,Training Grant,2024-03-14T12:00:00Z,106100.00,ACTIVE,AW2-2024-01001,81500.00,2024-07-22T12:00:00Z,2024-09-04,2025-09-04,2026-08-31T23:59:00Z
EP2-001002,LP-2023-01002,R0171,SOC,S014,Internal Seed,2023-04-09T12:00:00Z,86200.00,NOT_FUNDED,,0.00,2023-08-26T12:00:00Z,,,2026-08-31T23:59:00Z
EP2-001003,LP-2026-01003,R0066,ENG,S017,Internal Seed,2026-07-31T12:00:00Z,155400.00,UNDER_REVIEW,,0.00,,,,2026-08-31T23:59:00Z
EP2-001004,LP-2026-01004,R0085,BUS,S001,Research Project,2026-02-01T12:00:00Z,40400.00,ACTIVE,AW2-2026-01004,26100.00,2026-07-16T12:00:00Z,2026-09-23,2029-09-22,2026-08-31T23:59:00Z
EP2-001005,LP-2024-01005,R0161,LAW,S003,Research Project,2024-01-19T12:00:00Z,17900.00,NOT_FUNDED,,0.00,2024-06-19T12:00:00Z,,,2026-08-31T23:59:00Z
EP2-001006,LP-2025-01006,R0008,ARC,S023,Research Project,2025-10-23T12:00:00Z,456500.00,AWARDED,AW2-2025-01006,343900.00,2026-01-12T12:00:00Z,2026-03-24,2027-03-24,2026-08-31T23:59:00Z
EP2-001007,LP-2026-01007,R0155,SOC,S001,Research Project,2026-05-01T12:00:00Z,153700.00,NOT_FUNDED,,0.00,2026-07-14T12:00:00Z,,,2026-08-31T23:59:00Z
EP2-001008,LP-2025-01008,R0135,HSC,S012,Research Project,2025-04-03T12:00:00Z,900600.00,NOT_FUNDED,,0.00,2025-06-18T12:00:00Z,,,2026-08-31T23:59:00Z
EP2-001009,LP-2026-01009,R0164,HUM,S002,Research Project,2026-02-02T12:00:00Z,308400.00,NOT_FUNDED,,0.00,2026-04-02T12:00:00Z,,,2026-08-31T23:59:00Z
EP2-001010,LP-2024-01010,R0074,ENG,S013,Equipment,2024-04-12T12:00:00Z,112900.00,NOT_FUNDED,,0.00,2024-05-17T12:00:00Z,,,2026-08-31T23:59:00Z
EP2-001011,LP-2026-01011,R0097,LAW,S018,Research Project,2026-02-06T12:00:00Z,173400.00,AWARDED,AW2-2026-01011,142300.00,2026-06-29T12:00:00Z,2026-08-26,2028-02-17,2026-08-31T23:59:00Z
EP2-001012,LP-2026-01012,R0044,HUM,S001,Research Project,2026-05-12T12:00:00Z,141100.00,ACTIVE,AW2-2026-01012,87500.00,2026-08-31T12:00:00Z,2026-10-09,2027-10-09,2026-08-31T23:59:00Z
EP2-001013,LP-2025-01013,R0101,BUS,S006,Research Project,2025-12-18T12:00:00Z,30400.00,NOT_FUNDED,,0.00,2026-04-12T12:00:00Z,,,2026-08-31T23:59:00Z
EP2-001015,LP-2025-01015,R0109,BUS,S021,Research Project,2025-09-05T12:00:00Z,73600.00,NOT_FUNDED,,0.00,2025-11-20T12:00:00Z,,,2026-08-31T23:59:00Z
EP2-001016,LP-2024-01016,R0046,SCI,S004,Research Project,2024-06-17T12:00:00Z,74000.00,CLOSED,AW2-2024-01016,60600.00,2024-10-02T12:00:00Z,2024-11-20,2026-05-14,2026-08-31T23:59:00Z
EP2-001017,LP-2023-01017,R0125,BUS,S001,Research Project,2023-03-10T12:00:00Z,362000.00,ACTIVE,AW2-2023-01017,359200.00,2023-08-29T12:00:00Z,2023-11-04,2026-11-03,2026-08-31T23:59:00Z
EP2-001018,LP-2026-01018,R0173,BUS,S005,Training Grant,2026-08-14T12:00:00Z,96600.00,SUBMITTED,,0.00,,,,2026-08-31T23:59:00Z
EP2-001019,LP-2024-01019,R0107,SOC,S010,Research Project,2024-05-29T12:00:00Z,296400.00,CLOSED,AW2-2024-01019,196600.00,2024-09-27T12:00:00Z,2024-12-10,2026-12-10,2026-08-31T23:59:00Z
EP2-001020,LP-2025-01020,R0065,LAW,S019,Research Project,2025-07-13T12:00:00Z,394800.00,ACTIVE,AW2-2025-01020,322500.00,2025-09-07T12:00:00Z,2025-10-10,2028-10-09,2026-08-31T23:59:00Z
EP2-001021,LP-2024-01021,R0150,SCI,S015,Internal Seed,2024-03-16T12:00:00Z,126300.00,NOT_FUNDED,,0.00,2024-07-27T12:00:00Z,,,2026-08-31T23:59:00Z
EP2-001022,LP-2025-01022,R0115,SOC,S022,Research Project,2025-12-27T12:00:00Z,29000.00,NOT_FUNDED,,0.00,2026-06-06T12:00:00Z,,,2026-08-31T23:59:00Z
EP2-001023,LP-2023-01023,R0166,SCI,S024,Training Grant,2023-04-20T12:00:00Z,171800.00,WITHDRAWN,,0.00,2023-07-22T12:00:00Z,,,2026-08-31T23:59:00Z
EP2-001024,LP-2026-01024,R0044,HUM,S011,Research Project,2026-02-01T12:00:00Z,351400.00,NOT_FUNDED,,0.00,2026-05-05T12:00:00Z,,,2026-08-31T23:59:00Z
EP2-001025,LP-2026-01025,R0048,ARC,S025,Research Project,2026-06-27T12:00:00Z,105000.00,NOT_FUNDED,,0.00,2026-08-25T12:00:00Z,,,2026-08-31T23:59:00Z
EP2-001026,LP-2026-01026,R0052,HUM,S004,Research Project,2026-07-02T12:00:00Z,159800.00,NOT_FUNDED,,0.00,2026-08-31T12:00:00Z,,,2026-08-31T23:59:00Z
EP2-001027,LP-2026-01027,R0071,HSC,S006,Research Project,2026-02-09T12:00:00Z,38200.00,ACTIVE,AW2-2026-01027,25500.00,2026-04-16T12:00:00Z,2026-05-10,2029-05-09,2026-08-31T23:59:00Z
EP2-001028,LP-2024-01028,R0089,LAW,S021,Equipment,2024-10-03T12:00:00Z,156500.00,AWARDED,AW2-2024-01028,144800.00,2025-02-28T12:00:00Z,2025-04-27,2026-10-19,2026-08-31T23:59:00Z
EP2-001029,LP-2025-01029,R0152,ARC,S015,Research Project,2025-01-19T12:00:00Z,57700.00,NOT_FUNDED,,0.00,2025-06-20T12:00:00Z,,,2026-08-31T23:59:00Z
EP2-001030,LP-2025-01030,R0124,HUM,S003,Training Grant,2025-10-15T12:00:00Z,49900.00,ACTIVE,AW2-2025-01030,46800.00,2025-12-16T12:00:00Z,2026-03-01,2029-02-28,2026-08-31T23:59:00Z
EP2-001031,LP-2025-01031,R0117,BUS,S019,Research Project,2025-09-08T12:00:00Z,76800.00,ACTIVE,AW2-2025-01031,56000.00,2026-02-06T12:00:00Z,2026-03-30,2029-03-29,2026-08-31T23:59:00Z
EP2-001032,LP-2024-01032,R0178,ENG,S014,Fellowship,2024-06-12T12:00:00Z,298900.00,NOT_FUNDED,,0.00,2024-08-08T12:00:00Z,,,2026-08-31T23:59:00Z
EP2-001033,LP-2026-01033,R0053,BUS,S013,Research Project,2026-03-27T12:00:00Z,53200.00,ACTIVE,AW2-2026-01033,49200.00,2026-05-01T12:00:00Z,2026-06-05,2027-11-27,2026-08-31T23:59:00Z
EP2-001034,LP-2023-01034,R0039,HSC,S013,Training Grant,2023-12-11T12:00:00Z,50900.00,CLOSED,AW2-2023-01034,41500.00,2024-02-25T12:00:00Z,2024-05-01,2025-05-01,2026-08-31T23:59:00Z
EP2-001035,LP-2024-01035,R0002,ENG,S015,Equipment,2024-07-20T12:00:00Z,277400.00,ACTIVE,AW2-2024-01035,225200.00,2024-09-11T12:00:00Z,2024-11-20,2027-11-20,2026-08-31T23:59:00Z
EP2-001036,LP-2025-01036,R0060,HUM,S022,Fellowship,2025-12-18T12:00:00Z,188500.00,NOT_FUNDED,,0.00,2026-06-01T12:00:00Z,,,2026-08-31T23:59:00Z
EP2-001037,LP-2026-01037,R0129,LAW,S008,Internal Seed,2026-02-16T12:00:00Z,32600.00,AWARDED,AW2-2026-01037,26100.00,2026-04-05T12:00:00Z,2026-05-09,2029-05-08,2026-08-31T23:59:00Z
EP2-001038,LP-2025-01038,R0053,BUS,S011,Internal Seed,2025-05-14T12:00:00Z,124000.00,AWARDED,AW2-2025-01038,87900.00,2025-06-21T12:00:00Z,2025-07-05,2026-12-27,2026-08-31T23:59:00Z
EP2-001039,LP-2025-01039,R0046,SCI,S005,Research Project,2025-02-26T12:00:00Z,132600.00,ACTIVE,AW2-2025-01039,86000.00,2025-04-12T12:00:00Z,2025-06-01,2026-06-01,2026-08-31T23:59:00Z
EP2-001040,LP-2026-01040,R0057,LAW,S004,Research Project,2026-01-26T12:00:00Z,295400.00,NOT_FUNDED,,0.00,2026-04-16T12:00:00Z,,,2026-08-31T23:59:00Z
EP2-001041,LP-2024-01041,R0075,SOC,S021,Research Project,2024-03-11T12:00:00Z,116500.00,CLOSED,AW2-2024-01041,100000.00,2024-07-27T12:00:00Z,2024-10-10,2026-10-10,2026-08-31T23:59:00Z
EP2-001042,LP-2024-01042,R0095,HSC,S011,Research Project,2024-11-12T12:00:00Z,1693800.00,CLOSED,AW2-2024-01042,1480000.00,2025-04-15T12:00:00Z,2025-05-05,2027-05-05,2026-08-31T23:59:00Z
EP2-001043,LP-2025-01043,R0096,ARC,S023,Fellowship,2025-08-13T12:00:00Z,20300.00,ACTIVE,AW2-2025-01043,12600.00,2025-09-17T12:00:00Z,2025-10-08,2027-10-08,2026-08-31T23:59:00Z
EP2-001044,LP-2024-01044,R0072,ARC,S005,Research Project,2024-07-07T12:00:00Z,60200.00,NOT_FUNDED,,0.00,2024-09-30T12:00:00Z,,,2026-08-31T23:59:00Z
EP2-001045,LP-2025-01045,R0091,SOC,S001,Research Project,2025-03-24T12:00:00Z,76900.00,AWARDED,AW2-2025-01045,64700.00,2025-08-14T12:00:00Z,2025-10-14,2026-10-14,2026-08-31T23:59:00Z
EP2-001046,LP-2026-01046,R0084,HUM,S025,Research Project,2026-03-30T12:00:00Z,17500.00,ACTIVE,AW2-2026-01046,14400.00,2026-07-09T12:00:00Z,2026-07-24,2028-07-23,2026-08-31T23:59:00Z
EP2-001047,LP-2023-01047,R0142,SCI,S001,Research Project,2023-05-11T12:00:00Z,615400.00,CLOSED,AW2-2023-01047,400900.00,2023-11-06T12:00:00Z,2023-11-27,2024-11-26,2026-08-31T23:59:00Z
EP2-001048,LP-2024-01048,R0072,ARC,S019,Research Project,2024-02-01T12:00:00Z,54800.00,CLOSED,AW2-2024-01048,53200.00,2024-06-06T12:00:00Z,2024-06-16,2026-06-16,2026-08-31T23:59:00Z
EP2-001049,LP-2025-01049,R0017,LAW,S022,Equipment,2025-04-03T12:00:00Z,84700.00,CLOSED,AW2-2025-01049,73900.00,2025-06-03T12:00:00Z,2025-08-02,2027-08-02,2026-08-31T23:59:00Z
EP2-001050,LP-2025-01050,R0018,ENG,S023,Research Project,2025-10-28T12:00:00Z,95700.00,NOT_FUNDED,,0.00,2026-02-05T12:00:00Z,,,2026-08-31T23:59:00Z
EP2-001051,LP-2023-01051,R0099,SOC,S022,Research Project,2023-12-13T12:00:00Z,30500.00,NOT_FUNDED,,0.00,2024-04-23T12:00:00Z,,,2026-08-31T23:59:00Z
EP2-001052,LP-2024-01052,R0088,ARC,S019,Research Project,2024-11-04T12:00:00Z,234500.00,ACTIVE,AW2-2024-01052,171200.00,2025-01-20T12:00:00Z,2025-02-12,2028-02-12,2026-08-31T23:59:00Z
EP2-001053,LP-2025-01053,R0120,ARC,S001,Equipment,2025-11-01T12:00:00Z,28300.00,NOT_FUNDED,,0.00,2026-01-28T12:00:00Z,,,2026-08-31T23:59:00Z
EP2-001054,LP-2025-01054,R0171,SOC,S016,Research Project,2025-10-03T12:00:00Z,64600.00,NOT_FUNDED,,0.00,2026-03-17T12:00:00Z,,,2026-08-31T23:59:00Z
EP2-001055,LP-2023-01055,R0056,ARC,S005,Research Project,2023-11-19T12:00:00Z,79100.00,NOT_FUNDED,,0.00,2024-05-14T12:00:00Z,,,2026-08-31T23:59:00Z
EP2-001056,LP-2025-01056,R0070,SCI,S006,Research Project,2025-12-15T12:00:00Z,127000.00,ACTIVE,AW2-2025-01056,105700.00,2026-02-08T12:00:00Z,2026-03-10,2027-03-10,2026-08-31T23:59:00Z
EP2-001057,LP-2023-01057,R0066,ENG,S001,Research Project,2023-09-06T12:00:00Z,74800.00,NOT_FUNDED,,0.00,2023-12-27T12:00:00Z,,,2026-08-31T23:59:00Z
EP2-001058,LP-2025-01058,R0166,SCI,S016,Research Project,2025-01-28T12:00:00Z,77500.00,ACTIVE,AW2-2025-01058,48300.00,2025-05-10T12:00:00Z,2025-06-14,2028-06-13,2026-08-31T23:59:00Z
EP2-001059,LP-2023-01059,R0078,SCI,S007,Research Project,2023-02-19T12:00:00Z,47200.00,ACTIVE,AW2-2023-01059,43300.00,2023-04-26T12:00:00Z,2023-06-09,2024-06-08,2026-08-31T23:59:00Z
EP2-001060,LP-2026-01060,R0073,LAW,S012,Research Project,2026-04-24T12:00:00Z,321700.00,NOT_FUNDED,,0.00,2026-08-31T12:00:00Z,,,2026-08-31T23:59:00Z
EP2-001061,LP-2024-01061,R0174,SCI,S005,Fellowship,2024-05-03T12:00:00Z,360000.00,CLOSED,AW2-2024-01061,237300.00,2024-10-10T12:00:00Z,2024-12-17,2026-06-10,2026-08-31T23:59:00Z
EP2-001062,LP-2024-01062,R0090,ENG,S005,Internal Seed,2024-03-15T12:00:00Z,78800.00,WITHDRAWN,,0.00,2024-05-06T12:00:00Z,,,2026-08-31T23:59:00Z
EP2-001063,LP-2025-01063,R0131,SOC,S003,Internal Seed,2025-02-16T12:00:00Z,580300.00,ACTIVE,AW2-2025-01063,395200.00,2025-05-05T12:00:00Z,2025-05-25,2026-05-25,2026-08-31T23:59:00Z
EP2-001064,LP-2023-01064,R0132,HUM,S022,Training Grant,2023-02-18T12:00:00Z,714300.00,CLOSED,AW2-2023-01064,613700.00,2023-05-09T12:00:00Z,2023-07-09,2024-12-30,2026-08-31T23:59:00Z
EP2-001065,LP-2023-01065,R0017,LAW,S023,Training Grant,2023-11-09T12:00:00Z,154700.00,CLOSED,AW2-2023-01065,102900.00,2024-05-02T12:00:00Z,2024-07-09,2025-07-09,2026-08-31T23:59:00Z
EP2-001066,LP-2023-01066,R0154,ENG,S001,Research Project,2023-10-20T12:00:00Z,120000.00,NOT_FUNDED,,0.00,2023-12-31T12:00:00Z,,,2026-08-31T23:59:00Z
EP2-001067,LP-2024-01067,R0102,SCI,S019,Equipment,2024-07-27T12:00:00Z,221400.00,ACTIVE,AW2-2024-01067,148200.00,2025-01-26T12:00:00Z,2025-02-10,2027-02-10,2026-08-31T23:59:00Z
EP2-001068,LP-2023-01068,R0067,SOC,S022,Internal Seed,2023-02-09T12:00:00Z,49100.00,ACTIVE,AW2-2023-01068,39500.00,2023-05-16T12:00:00Z,2023-05-27,2024-05-26,2026-08-31T23:59:00Z
EP2-001069,LP-2024-01069,R0060,HUM,S019,Research Project,2024-08-07T12:00:00Z,406000.00,CLOSED,AW2-2024-01069,333100.00,2024-12-11T12:00:00Z,2025-01-25,2027-01-25,2026-08-31T23:59:00Z
EP2-001070,LP-2026-01070,R0023,HSC,S002,Research Project,2026-06-23T12:00:00Z,150300.00,UNDER_REVIEW,,0.00,,,,2026-08-31T23:59:00Z
EP2-001071,LP-2025-01071,R0097,LAW,S002,Research Project,2025-04-02T12:00:00Z,206900.00,ACTIVE,AW2-2025-01071,130000.00,2025-10-01T12:00:00Z,2025-11-13,2027-11-13,2026-08-31T23:59:00Z
EP2-001072,LP-2024-01072,R0008,ARC,S011,Internal Seed,2024-04-21T12:00:00Z,132900.00,CLOSED,AW2-2024-01072,94100.00,2024-08-16T12:00:00Z,2024-09-02,2026-02-24,2026-08-31T23:59:00Z
EP2-001073,LP-2026-01073,R0173,BUS,S015,Research Project,2026-06-11T12:00:00Z,315700.00,UNDER_REVIEW,,0.00,,,,2026-08-31T23:59:00Z
EP2-001074,LP-2025-01074,R0101,BUS,S014,Research Project,2025-02-02T12:00:00Z,188700.00,CLOSED,AW2-2025-01074,152900.00,2025-03-16T12:00:00Z,2025-04-24,2026-10-16,2026-08-31T23:59:00Z
EP2-001075,LP-2023-01075,R0095,HSC,S006,Equipment,2023-08-29T12:00:00Z,281300.00,CLOSED,AW2-2023-01075,180700.00,2023-10-09T12:00:00Z,2023-10-20,2025-04-12,2026-08-31T23:59:00Z
EP2-001076,LP-2025-01076,R0010,ENG,S020,Research Project,2025-08-08T12:00:00Z,351300.00,ACTIVE,AW2-2025-01076,301300.00,2026-02-09T12:00:00Z,2026-03-24,2027-03-24,2026-08-31T23:59:00Z
EP2-001077,LP-2025-01077,R0159,HSC,S022,Research Project,2025-06-19T12:00:00Z,86500.00,NOT_FUNDED,,0.00,2025-12-01T12:00:00Z,,,2026-08-31T23:59:00Z
EP2-001078,LP-2026-01078,R0030,SCI,S009,Research Project,2026-07-07T12:00:00Z,58500.00,UNDER_REVIEW,,0.00,,,,2026-08-31T23:59:00Z
EP2-001079,LP-2024-01079,R0107,SOC,S013,Internal Seed,2024-04-23T12:00:00Z,20700.00,NOT_FUNDED,,0.00,2024-09-22T12:00:00Z,,,2026-08-31T23:59:00Z
EP2-001080,LP-2023-01080,R0103,HSC,S004,Training Grant,2023-09-21T12:00:00Z,22200.00,CLOSED,AW2-2023-01080,14600.00,2023-12-26T12:00:00Z,2024-03-10,2026-03-10,2026-08-31T23:59:00Z
EP2-001081,LP-2025-01081,R0023,HSC,S014,Research Project,2025-03-31T12:00:00Z,36300.00,NOT_FUNDED,,0.00,2025-07-01T12:00:00Z,,,2026-08-31T23:59:00Z
EP2-001082,LP-2023-01082,R0077,BUS,S022,Research Project,2023-09-28T12:00:00Z,78800.00,CLOSED,AW2-2023-01082,59400.00,2023-11-09T12:00:00Z,2023-11-23,2026-11-22,2026-08-31T23:59:00Z
EP2-001083,LP-2024-01083,R0168,ARC,S016,Research Project,2024-03-01T12:00:00Z,73400.00,ACTIVE,AW2-2024-01083,54300.00,2024-06-18T12:00:00Z,2024-06-29,2025-06-29,2026-08-31T23:59:00Z
EP2-001084,LP-2026-01084,R0167,HSC,S006,Research Project,2026-06-29T12:00:00Z,242000.00,AWARDED,AW2-2026-01084,191100.00,2026-08-30T12:00:00Z,2026-10-14,2029-10-13,2026-08-31T23:59:00Z
EP2-001085,LP-2024-01085,R0004,HUM,S020,Research Project,2024-07-28T12:00:00Z,18200.00,CLOSED,AW2-2024-01085,15200.00,2024-12-19T12:00:00Z,2025-02-14,2027-02-14,2026-08-31T23:59:00Z
EP2-001086,LP-2023-01086,R0103,HSC,S005,Equipment,2023-11-09T12:00:00Z,198200.00,NOT_FUNDED,,0.00,2024-03-12T12:00:00Z,,,2026-08-31T23:59:00Z
EP2-001087,LP-2025-01087,R0165,BUS,S025,Equipment,2025-07-25T12:00:00Z,110100.00,NOT_FUNDED,,0.00,2026-01-25T12:00:00Z,,,2026-08-31T23:59:00Z
EP2-001088,LP-2023-01088,R0168,ARC,S007,Research Project,2023-04-13T12:00:00Z,44500.00,NOT_FUNDED,,0.00,2023-07-19T12:00:00Z,,,2026-08-31T23:59:00Z
EP2-001089,LP-2025-01089,R0075,SOC,S024,Research Project,2025-05-25T12:00:00Z,278200.00,CLOSED,AW2-2025-01089,248200.00,2025-07-08T12:00:00Z,2025-08-11,2027-08-11,2026-08-31T23:59:00Z
EP2-001090,LP-2023-01090,R0156,HUM,S023,Research Project,2023-08-13T12:00:00Z,53300.00,NOT_FUNDED,,0.00,2023-10-25T12:00:00Z,,,2026-08-31T23:59:00Z
EP2-001091,LP-2024-01091,R0098,ENG,S006,Research Project,2024-05-19T12:00:00Z,73500.00,NOT_FUNDED,,0.00,2024-07-15T12:00:00Z,,,2026-08-31T23:59:00Z
EP2-001092,LP-2025-01092,R0131,SOC,S010,Research Project,2025-06-27T12:00:00Z,103100.00,ACTIVE,AW2-2025-01092,84900.00,2025-09-17T12:00:00Z,2025-10-31,2027-10-31,2026-08-31T23:59:00Z
EP2-001093,LP-2025-01093,R0126,SCI,S019,Fellowship,2025-11-29T12:00:00Z,137000.00,NOT_FUNDED,,0.00,2026-05-16T12:00:00Z,,,2026-08-31T23:59:00Z
EP2-001094,LP-2023-01094,R0103,HSC,S013,Research Project,2023-07-27T12:00:00Z,60900.00,ACTIVE,AW2-2023-01094,49100.00,2023-12-20T12:00:00Z,2024-02-07,2025-07-31,2026-08-31T23:59:00Z
EP2-001095,LP-2025-01095,R0145,LAW,S022,Research Project,2025-12-04T12:00:00Z,81200.00,NOT_FUNDED,,0.00,2026-06-02T12:00:00Z,,,2026-08-31T23:59:00Z
EP2-001096,LP-2023-01096,R0156,HUM,S009,Internal Seed,2023-10-18T12:00:00Z,190200.00,NOT_FUNDED,,0.00,2024-01-26T12:00:00Z,,,2026-08-31T23:59:00Z
EP2-001097,LP-2023-01097,R0116,HUM,S003,Research Project,2023-03-11T12:00:00Z,238900.00,ACTIVE,AW2-2023-01097,203600.00,2023-08-16T12:00:00Z,2023-09-18,2025-09-17,2026-08-31T23:59:00Z
EP2-001098,LP-2025-01098,R0089,LAW,S017,Fellowship,2025-09-15T12:00:00Z,130900.00,NOT_FUNDED,,0.00,2026-03-09T12:00:00Z,,,2026-08-31T23:59:00Z
EP2-001099,LP-2025-01099,R0046,SCI,S022,Internal Seed,2025-11-28T12:00:00Z,82100.00,CLOSED,AW2-2025-01099,70400.00,2026-02-26T12:00:00Z,2026-03-31,2028-03-30,2026-08-31T23:59:00Z
EP2-001100,LP-2026-01100,R0020,HUM,S019,Research Project,2026-07-23T12:00:00Z,77300.00,SUBMITTED,,0.00,,,,2026-08-31T23:59:00Z
EP2-001101,LP-2024-01101,R0112,ARC,S006,Research Project,2024-05-29T12:00:00Z,129300.00,CLOSED,AW2-2024-01101,102400.00,2024-11-18T12:00:00Z,2025-01-16,2026-01-16,2026-08-31T23:59:00Z
EP2-001102,LP-2023-01102,R0133,BUS,S013,Research Project,2023-09-21T12:00:00Z,130700.00,CLOSED,AW2-2023-01102,117900.00,2024-01-10T12:00:00Z,2024-02-02,2025-07-26,2026-08-31T23:59:00Z
EP2-001103,LP-2024-01103,R0157,BUS,S012,Research Project,2024-09-03T12:00:00Z,80700.00,NOT_FUNDED,,0.00,2024-12-04T12:00:00Z,,,2026-08-31T23:59:00Z
EP2-001104,LP-2023-01104,R0033,LAW,S001,Training Grant,2023-06-30T12:00:00Z,630200.00,NOT_FUNDED,,0.00,2023-08-23T12:00:00Z,,,2026-08-31T23:59:00Z
EP2-001105,LP-2024-01105,R0046,SCI,S001,Research Project,2024-06-22T12:00:00Z,27600.00,NOT_FUNDED,,0.00,2024-08-19T12:00:00Z,,,2026-08-31T23:59:00Z
EP2-001106,LP-2024-01106,R0090,ENG,S021,Fellowship,2024-07-31T12:00:00Z,112500.00,CLOSED,AW2-2024-01106,91900.00,2024-12-21T12:00:00Z,2025-01-08,2027-01-08,2026-08-31T23:59:00Z
EP2-001107,LP-2026-01107,R0101,BUS,S021,Research Project,2026-05-10T12:00:00Z,299300.00,UNDER_REVIEW,,0.00,,,,2026-08-31T23:59:00Z
EP2-001108,LP-2023-01108,R0053,BUS,S013,Equipment,2023-10-31T12:00:00Z,209100.00,CLOSED,AW2-2023-01108,187900.00,2024-03-23T12:00:00Z,2024-05-15,2027-05-15,2026-08-31T23:59:00Z
EP2-001109,LP-2026-01109,R0166,SCI,S002,Research Project,2026-06-10T12:00:00Z,87000.00,ACTIVE,AW2-2026-01109,59700.00,2026-08-31T12:00:00Z,2026-09-16,2029-09-15,2026-08-31T23:59:00Z
EP2-001110,LP-2026-01110,R0167,HSC,S021,Equipment,2026-05-09T12:00:00Z,21500.00,UNDER_REVIEW,,0.00,,,,2026-08-31T23:59:00Z
EP2-001111,LP-2026-01111,R0029,BUS,S008,Research Project,2026-05-05T12:00:00Z,175000.00,ACTIVE,AW2-2026-01111,170900.00,2026-07-08T12:00:00Z,2026-08-15,2028-08-14,2026-08-31T23:59:00Z
EP2-001112,LP-2025-01112,R0157,BUS,S002,Equipment,2025-05-14T12:00:00Z,295800.00,NOT_FUNDED,,0.00,2025-08-27T12:00:00Z,,,2026-08-31T23:59:00Z
EP2-001113,LP-2024-01113,R0087,HSC,S025,Research Project,2024-09-10T12:00:00Z,119400.00,CLOSED,AW2-2024-01113,92700.00,2025-02-03T12:00:00Z,2025-03-06,2028-03-05,2026-08-31T23:59:00Z
EP2-001114,LP-2023-01114,R0055,HSC,S012,Research Project,2023-08-13T12:00:00Z,113500.00,CLOSED,AW2-2023-01114,78700.00,2024-02-13T12:00:00Z,2024-04-02,2026-04-02,2026-08-31T23:59:00Z
EP2-001115,LP-2024-01115,R0074,ENG,S020,Research Project,2024-02-16T12:00:00Z,677000.00,CLOSED,AW2-2024-01115,589700.00,2024-08-03T12:00:00Z,2024-08-22,2027-08-22,2026-08-31T23:59:00Z
EP2-001116,LP-2026-01116,R0086,SCI,S002,Fellowship,2026-03-24T12:00:00Z,193700.00,ACTIVE,AW2-2026-01116,167100.00,2026-07-23T12:00:00Z,2026-08-13,2029-08-12,2026-08-31T23:59:00Z
EP2-001117,LP-2025-01117,R0013,BUS,S014,Research Project,2025-12-13T12:00:00Z,51900.00,AWARDED,AW2-2025-01117,49800.00,2026-04-26T12:00:00Z,2026-06-06,2029-06-05,2026-08-31T23:59:00Z
EP2-001118,LP-2025-01118,R0100,HUM,S011,Research Project,2025-06-07T12:00:00Z,107400.00,WITHDRAWN,,0.00,2025-10-28T12:00:00Z,,,2026-08-31T23:59:00Z
EP2-001119,LP-2025-01119,R0081,LAW,S025,Research Project,2025-06-21T12:00:00Z,137000.00,ACTIVE,AW2-2025-01119,88000.00,2025-11-18T12:00:00Z,2026-01-16,2028-01-16,2026-08-31T23:59:00Z
EP2-001120,LP-2025-01120,R0134,SCI,S010,Internal Seed,2025-03-05T12:00:00Z,75200.00,NOT_FUNDED,,0.00,2025-08-22T12:00:00Z,,,2026-08-31T23:59:00Z
EP2-001121,LP-2023-01121,R0096,ARC,S012,Fellowship,2023-02-01T12:00:00Z,138800.00,CLOSED,AW2-2023-01121,117600.00,2023-06-11T12:00:00Z,2023-08-14,2025-08-13,2026-08-31T23:59:00Z
EP2-001122,LP-2023-01122,R0024,ARC,S008,Internal Seed,2023-03-19T12:00:00Z,74400.00,CLOSED,AW2-2023-01122,56000.00,2023-07-20T12:00:00Z,2023-09-17,2025-09-16,2026-08-31T23:59:00Z
EP2-001123,LP-2024-01123,R0095,HSC,S013,Research Project,2024-07-31T12:00:00Z,151900.00,CLOSED,AW2-2024-01123,104300.00,2025-01-10T12:00:00Z,2025-02-18,2028-02-18,2026-08-31T23:59:00Z
EP2-001124,LP-2023-01124,R0114,ENG,S006,Training Grant,2023-10-10T12:00:00Z,618800.00,CLOSED,AW2-2023-01124,615500.00,2024-02-08T12:00:00Z,2024-04-11,2026-04-11,2026-08-31T23:59:00Z
EP2-001125,LP-2023-01125,R0019,SOC,S011,Research Project,2023-11-07T12:00:00Z,39000.00,CLOSED,AW2-2023-01125,33000.00,2024-03-24T12:00:00Z,2024-04-17,2025-04-17,2026-08-31T23:59:00Z
EP2-001126,LP-2026-01126,R0024,ARC,S002,Research Project,2026-08-06T12:00:00Z,379200.00,UNDER_REVIEW,,0.00,,,,2026-08-31T23:59:00Z
EP2-001127,LP-2023-01127,R0129,LAW,S001,Training Grant,2023-07-27T12:00:00Z,680000.00,NOT_FUNDED,,0.00,2023-09-16T12:00:00Z,,,2026-08-31T23:59:00Z
EP2-001128,LP-2026-01128,R0025,LAW,S002,Research Project,2026-06-08T12:00:00Z,125300.00,AWARDED,AW2-2026-01128,102800.00,2026-08-31T12:00:00Z,2026-10-05,2028-03-28,2026-08-31T23:59:00Z
EP2-001129,LP-2024-01129,R0059,SOC,S016,Internal Seed,2024-05-19T12:00:00Z,28200.00,WITHDRAWN,,0.00,2024-07-29T12:00:00Z,,,2026-08-31T23:59:00Z
EP2-001130,LP-2023-01130,R0057,LAW,S003,Research Project,2023-03-22T12:00:00Z,73500.00,ACTIVE,AW2-2023-01130,58500.00,2023-07-04T12:00:00Z,2023-08-18,2025-08-17,2026-08-31T23:59:00Z
EP2-001131,LP-2024-01131,R0060,HUM,S016,Research Project,2024-03-11T12:00:00Z,306800.00,ACTIVE,AW2-2024-01131,276100.00,2024-09-05T12:00:00Z,2024-11-14,2027-11-14,2026-08-31T23:59:00Z
EP2-001132,LP-2025-01132,R0043,SOC,S006,Research Project,2025-12-15T12:00:00Z,116900.00,NOT_FUNDED,,0.00,2026-03-22T12:00:00Z,,,2026-08-31T23:59:00Z
EP2-001133,LP-2025-01133,R0077,BUS,S002,Research Project,2025-04-05T12:00:00Z,431300.00,ACTIVE,AW2-2025-01133,429200.00,2025-08-04T12:00:00Z,2025-10-12,2027-10-12,2026-08-31T23:59:00Z
EP2-001134,LP-2024-01134,R0043,SOC,S022,Research Project,2024-05-31T12:00:00Z,38000.00,NOT_FUNDED,,0.00,2024-10-08T12:00:00Z,,,2026-08-31T23:59:00Z
EP2-001135,LP-2024-01135,R0029,BUS,S005,Research Project,2024-07-23T12:00:00Z,371300.00,NOT_FUNDED,,0.00,2024-10-05T12:00:00Z,,,2026-08-31T23:59:00Z
EP2-001136,LP-2023-01136,R0044,HUM,S003,Training Grant,2023-03-07T12:00:00Z,109500.00,CLOSED,AW2-2023-01136,68600.00,2023-05-25T12:00:00Z,2023-08-06,2024-08-05,2026-08-31T23:59:00Z
EP2-001137,LP-2025-01137,R0140,HUM,S010,Equipment,2025-02-12T12:00:00Z,126000.00,NOT_FUNDED,,0.00,2025-03-29T12:00:00Z,,,2026-08-31T23:59:00Z
EP2-001138,LP-2024-01138,R0092,HUM,S018,Research Project,2024-01-20T12:00:00Z,192900.00,WITHDRAWN,,0.00,2024-03-13T12:00:00Z,,,2026-08-31T23:59:00Z
EP2-001139,LP-2026-01139,R0090,ENG,S005,Research Project,2026-03-30T12:00:00Z,24000.00,ACTIVE,AW2-2026-01139,20300.00,2026-06-18T12:00:00Z,2026-07-13,2028-07-12,2026-08-31T23:59:00Z
EP2-001140,LP-2024-01140,R0076,HUM,S006,Research Project,2024-04-05T12:00:00Z,138300.00,NOT_FUNDED,,0.00,2024-07-25T12:00:00Z,,,2026-08-31T23:59:00Z
EP2-001141,LP-2024-01141,R0171,SOC,S011,Research Project,2024-12-01T12:00:00Z,54100.00,NOT_FUNDED,,0.00,2025-01-11T12:00:00Z,,,2026-08-31T23:59:00Z
EP2-001142,LP-2023-01142,R0089,LAW,S022,Research Project,2023-03-24T12:00:00Z,455500.00,NOT_FUNDED,,0.00,2023-05-28T12:00:00Z,,,2026-08-31T23:59:00Z
EP2-001143,LP-2024-01143,R0091,SOC,S007,Research Project,2024-02-16T12:00:00Z,110000.00,NOT_FUNDED,,0.00,2024-04-23T12:00:00Z,,,2026-08-31T23:59:00Z
EP2-001144,LP-2025-01144,R0050,ENG,S007,Research Project,2025-02-28T12:00:00Z,304700.00,CLOSED,AW2-2025-01144,231900.00,2025-05-15T12:00:00Z,2025-07-11,2026-07-11,2026-08-31T23:59:00Z
EP2-001145,LP-2023-01145,R0059,SOC,S001,Fellowship,2023-06-17T12:00:00Z,81600.00,ACTIVE,AW2-2023-01145,66500.00,2023-08-24T12:00:00Z,2023-10-07,2024-10-06,2026-08-31T23:59:00Z
EP2-001146,LP-2024-01146,R0062,SCI,S012,Research Project,2024-04-14T12:00:00Z,98900.00,NOT_FUNDED,,0.00,2024-07-14T12:00:00Z,,,2026-08-31T23:59:00Z
EP2-001147,LP-2024-01147,R0156,HUM,S001,Research Project,2024-09-13T12:00:00Z,399200.00,WITHDRAWN,,0.00,2024-12-22T12:00:00Z,,,2026-08-31T23:59:00Z
EP2-001148,LP-2024-01148,R0017,LAW,S024,Research Project,2024-10-19T12:00:00Z,40600.00,ACTIVE,AW2-2024-01148,25700.00,2025-02-13T12:00:00Z,2025-03-17,2026-09-08,2026-08-31T23:59:00Z
EP2-001149,LP-2023-01149,R0113,LAW,S006,Research Project,2023-03-17T12:00:00Z,191500.00,CLOSED,AW2-2023-01149,184700.00,2023-08-29T12:00:00Z,2023-11-10,2025-11-09,2026-08-31T23:59:00Z
EP2-001150,LP-2023-01150,R0171,SOC,S006,Research Project,2023-03-27T12:00:00Z,74400.00,NOT_FUNDED,,0.00,2023-05-30T12:00:00Z,,,2026-08-31T23:59:00Z
EP2-001151,LP-2025-01151,R0061,BUS,S008,Research Project,2025-12-04T12:00:00Z,254700.00,NOT_FUNDED,,0.00,2026-01-16T12:00:00Z,,,2026-08-31T23:59:00Z
EP2-001152,LP-2023-01152,R0041,LAW,S024,Research Project,2023-11-14T12:00:00Z,264700.00,CLOSED,AW2-2023-01152,176500.00,2024-03-05T12:00:00Z,2024-05-15,2025-05-15,2026-08-31T23:59:00Z
EP2-001153,LP-2025-01153,R0147,SOC,S025,Research Project,2025-06-20T12:00:00Z,228800.00,CLOSED,AW2-2025-01153,181100.00,2025-08-28T12:00:00Z,2025-10-13,2028-10-12,2026-08-31T23:59:00Z
EP2-001154,LP-2024-01154,R0099,SOC,S012,Research Project,2024-08-02T12:00:00Z,138900.00,ACTIVE,AW2-2024-01154,103000.00,2024-11-03T12:00:00Z,2024-12-22,2025-12-22,2026-08-31T23:59:00Z
EP2-001155,LP-2023-01155,R0080,ARC,S007,Research Project,2023-09-25T12:00:00Z,75100.00,NOT_FUNDED,,0.00,2024-03-30T12:00:00Z,,,2026-08-31T23:59:00Z
EP2-001156,LP-2026-01156,R0056,ARC,S002,Research Project,2026-07-20T12:00:00Z,176100.00,SUBMITTED,,0.00,,,,2026-08-31T23:59:00Z
EP2-001157,LP-2025-01157,R0073,LAW,S004,Research Project,2025-08-13T12:00:00Z,99000.00,NOT_FUNDED,,0.00,2025-10-16T12:00:00Z,,,2026-08-31T23:59:00Z
EP2-001158,LP-2024-01158,R0145,LAW,S013,Research Project,2024-09-03T12:00:00Z,71200.00,CLOSED,AW2-2024-01158,67800.00,2025-01-29T12:00:00Z,2025-04-14,2028-04-13,2026-08-31T23:59:00Z
EP2-001159,LP-2026-01159,R0173,BUS,S011,Training Grant,2026-01-19T12:00:00Z,124500.00,NOT_FUNDED,,0.00,2026-05-28T12:00:00Z,,,2026-08-31T23:59:00Z
EP2-001160,LP-2024-01160,R0100,HUM,S022,Research Project,2024-01-31T12:00:00Z,68800.00,CLOSED,AW2-2024-01160,63100.00,2024-03-15T12:00:00Z,2024-04-06,2025-09-28,2026-08-31T23:59:00Z
EP2-001161,LP-2025-01161,R0113,LAW,S017,Internal Seed,2025-04-23T12:00:00Z,577900.00,CLOSED,AW2-2025-01161,533300.00,2025-09-27T12:00:00Z,2025-11-28,2027-11-28,2026-08-31T23:59:00Z
EP2-001162,LP-2025-01162,R0071,HSC,S012,Internal Seed,2025-07-27T12:00:00Z,114600.00,ACTIVE,AW2-2025-01162,110100.00,2025-11-12T12:00:00Z,2026-01-18,2027-01-18,2026-08-31T23:59:00Z
EP2-001163,LP-2023-01163,R0060,HUM,S011,Training Grant,2023-02-24T12:00:00Z,220000.00,CLOSED,AW2-2023-01163,140500.00,2023-07-01T12:00:00Z,2023-08-04,2024-08-03,2026-08-31T23:59:00Z
EP2-001164,LP-2025-01164,R0015,HSC,S014,Research Project,2025-05-13T12:00:00Z,102300.00,NOT_FUNDED,,0.00,2025-08-28T12:00:00Z,,,2026-08-31T23:59:00Z
EP2-001165,LP-2025-01165,R0031,HSC,S021,Training Grant,2025-11-11T12:00:00Z,107600.00,ACTIVE,AW2-2025-01165,106600.00,2025-12-26T12:00:00Z,2026-02-12,2027-02-12,2026-08-31T23:59:00Z
EP2-001166,LP-2024-01166,R0052,HUM,S012,Research Project,2024-09-26T12:00:00Z,15000.00,NOT_FUNDED,,0.00,2025-02-23T12:00:00Z,,,2026-08-31T23:59:00Z
EP2-001167,LP-2025-01167,R0059,SOC,S007,Equipment,2025-06-11T12:00:00Z,40600.00,ACTIVE,AW2-2025-01167,31300.00,2025-07-16T12:00:00Z,2025-09-23,2028-09-22,2026-08-31T23:59:00Z
EP2-001168,LP-2024-01168,R0108,HUM,S018,Research Project,2024-12-20T12:00:00Z,149900.00,CLOSED,AW2-2024-01168,132600.00,2025-05-25T12:00:00Z,2025-06-10,2028-06-09,2026-08-31T23:59:00Z
EP2-001169,LP-2023-01169,R0017,LAW,S020,Training Grant,2023-06-02T12:00:00Z,20300.00,CLOSED,AW2-2023-01169,14100.00,2023-10-05T12:00:00Z,2023-11-01,2025-04-24,2026-08-31T23:59:00Z
EP2-001169-D,LP-2023-01169,R0017,LAW,S020,Training Grant,2023-06-02T12:00:00Z,20300.00,CLOSED,AW2-2023-01169,14100.00,2023-10-05T12:00:00Z,2023-11-01,2025-04-24,2026-09-01T00:01:00Z
EP2-001170,LP-2025-01170,R0128,ARC,S010,Training Grant,2025-07-11T12:00:00Z,270300.00,NOT_FUNDED,,0.00,2025-12-23T12:00:00Z,,,2026-08-31T23:59:00Z
EP2-001171,LP-2024-01171,R0127,HSC,S024,Internal Seed,2024-07-02T12:00:00Z,559200.00,NOT_FUNDED,,0.00,2025-01-08T12:00:00Z,,,2026-08-31T23:59:00Z
EP2-001172,LP-2025-01172,R0167,HSC,S003,Research Project,2025-07-17T12:00:00Z,122800.00,NOT_FUNDED,,0.00,2025-12-11T12:00:00Z,,,2026-08-31T23:59:00Z
EP2-001173,LP-2025-01173,R0080,ARC,S003,Equipment,2025-12-07T12:00:00Z,112300.00,NOT_FUNDED,,0.00,2026-05-12T12:00:00Z,,,2026-08-31T23:59:00Z
EP2-001174,LP-2024-01174,R0084,HUM,S016,Research Project,2024-08-25T12:00:00Z,105900.00,CLOSED,AW2-2024-01174,71100.00,2025-02-26T12:00:00Z,2025-04-26,2027-04-26,2026-08-31T23:59:00Z
EP2-001175,LP-2024-01175,R0056,ARC,S023,Training Grant,2024-06-03T12:00:00Z,99000.00,CLOSED,AW2-2024-01175,96400.00,2024-07-10T12:00:00Z,2024-09-07,2026-03-01,2026-08-31T23:59:00Z
EP2-001176,LP-2024-01176,R0085,BUS,S023,Research Project,2024-02-08T12:00:00Z,96100.00,CLOSED,AW2-2024-01176,80100.00,2024-06-19T12:00:00Z,2024-07-17,2027-07-17,2026-08-31T23:59:00Z
EP2-001177,LP-2025-01177,R0042,ENG,S013,Research Project,2025-04-01T12:00:00Z,236000.00,NOT_FUNDED,,0.00,2025-06-16T12:00:00Z,,,2026-08-31T23:59:00Z
EP2-001178,LP-2025-01178,R0057,LAW,S017,Research Project,2025-03-07T12:00:00Z,201600.00,WITHDRAWN,,0.00,2025-08-17T12:00:00Z,,,2026-08-31T23:59:00Z
EP2-001179,LP-2025-01179,R0072,ARC,S015,Training Grant,2025-02-05T12:00:00Z,23100.00,ACTIVE,AW2-2025-01179,15600.00,2025-03-21T12:00:00Z,2025-04-20,2026-04-20,2026-08-31T23:59:00Z
EP2-001180,LP-2025-01180,R0163,SOC,S010,Research Project,2025-03-06T12:00:00Z,50200.00,CLOSED,AW2-2025-01180,38300.00,2025-04-10T12:00:00Z,2025-05-05,2028-05-04,2026-08-31T23:59:00Z
EP2-001181,LP-2026-01181,R0176,ARC,S006,Research Project,2026-07-07T12:00:00Z,87500.00,AWARDED,AW2-2026-01181,73000.00,2026-08-31T12:00:00Z,2026-09-22,2028-09-21,2026-08-31T23:59:00Z
EP2-001182,LP-2024-01182,R0061,BUS,S002,Fellowship,2024-07-30T12:00:00Z,54200.00,NOT_FUNDED,,0.00,2024-09-23T12:00:00Z,,,2026-08-31T23:59:00Z
EP2-001183,LP-2023-01183,R0141,BUS,S011,Research Project,2023-02-19T12:00:00Z,124700.00,CLOSED,AW2-2023-01183,113300.00,2023-07-07T12:00:00Z,2023-09-07,2026-09-06,2026-08-31T23:59:00Z
EP2-001184,LP-2026-01184,R0021,BUS,S013,Research Project,2026-04-10T12:00:00Z,103700.00,AWARDED,AW2-2026-01184,89300.00,2026-06-20T12:00:00Z,2026-08-18,2029-08-17,2026-08-31T23:59:00Z
EP2-001185,LP-2023-01185,R0010,ENG,S019,Research Project,2023-07-17T12:00:00Z,69000.00,CLOSED,AW2-2023-01185,44800.00,2024-01-20T12:00:00Z,2024-02-20,2027-02-19,2026-08-31T23:59:00Z
EP2-001186,LP-2026-01186,R0139,SOC,S012,Training Grant,2026-02-10T12:00:00Z,120000.00,NOT_FUNDED,,0.00,2026-07-16T12:00:00Z,,,2026-08-31T23:59:00Z
EP2-001187,LP-2024-01187,R0066,ENG,S025,Training Grant,2024-06-27T12:00:00Z,203700.00,CLOSED,AW2-2024-01187,196900.00,2024-11-20T12:00:00Z,2025-01-19,2026-07-13,2026-08-31T23:59:00Z
EP2-001188,LP-2026-01188,R0119,HSC,S017,Research Project,2026-01-10T12:00:00Z,341200.00,NOT_FUNDED,,0.00,2026-04-06T12:00:00Z,,,2026-08-31T23:59:00Z
EP2-001189,LP-2024-01189,R0160,ARC,S001,Research Project,2024-09-22T12:00:00Z,162500.00,NOT_FUNDED,,0.00,2025-02-27T12:00:00Z,,,2026-08-31T23:59:00Z
EP2-001190,LP-2025-01190,R0029,BUS,S005,Equipment,2025-08-20T12:00:00Z,235000.00,AWARDED,AW2-2025-01190,219000.00,2025-10-23T12:00:00Z,2025-12-24,2027-06-17,2026-08-31T23:59:00Z
EP2-001191,LP-2024-01191,R0158,SCI,S004,Equipment,2024-04-10T12:00:00Z,332000.00,ACTIVE,AW2-2024-01191,279900.00,2024-05-31T12:00:00Z,2024-06-26,2025-12-18,2026-08-31T23:59:00Z
EP2-001192,LP-2023-01192,R0026,ENG,S001,Internal Seed,2023-10-14T12:00:00Z,215300.00,WITHDRAWN,,0.00,2024-04-20T12:00:00Z,,,2026-08-31T23:59:00Z
EP2-001193,LP-2025-01193,R0064,ARC,S006,Research Project,2025-01-23T12:00:00Z,358200.00,NOT_FUNDED,,0.00,2025-06-16T12:00:00Z,,,2026-08-31T23:59:00Z
EP2-001194,LP-2024-01194,R0113,LAW,S025,Equipment,2024-11-08T12:00:00Z,486300.00,NOT_FUNDED,,0.00,2025-04-27T12:00:00Z,,,2026-08-31T23:59:00Z
EP2-001195,LP-2026-01195,R0083,SOC,S002,Research Project,2026-01-15T12:00:00Z,51600.00,ACTIVE,AW2-2026-01195,35000.00,2026-04-18T12:00:00Z,2026-06-06,2028-06-05,2026-08-31T23:59:00Z
EP2-001196,LP-2024-01196,R0066,ENG,S014,Internal Seed,2024-11-19T12:00:00Z,101100.00,ACTIVE,AW2-2024-01196,94200.00,2025-05-13T12:00:00Z,2025-05-23,2026-11-14,2026-08-31T23:59:00Z
EP2-001197,LP-2023-01197,R0021,BUS,S015,Research Project,2023-10-01T12:00:00Z,222700.00,NOT_FUNDED,,0.00,2024-01-07T12:00:00Z,,,2026-08-31T23:59:00Z
EP2-001198,LP-2023-01198,R0176,ARC,S015,Research Project,2023-02-13T12:00:00Z,106600.00,CLOSED,AW2-2023-01198,103500.00,2023-07-22T12:00:00Z,2023-09-09,2026-09-08,2026-08-31T23:59:00Z
EP2-001199,LP-2025-01199,R0168,ARC,S019,Equipment,2025-11-15T12:00:00Z,57900.00,ACTIVE,AW2-2025-01199,41500.00,2026-01-09T12:00:00Z,2026-02-20,2027-08-14,2026-08-31T23:59:00Z
EP2-001200,LP-2024-01200,R0128,ARC,S008,Training Grant,2024-07-27T12:00:00Z,348500.00,NOT_FUNDED,,0.00,2024-11-23T12:00:00Z,,,2026-08-31T23:59:00Z
EP2-001201,LP-2023-01201,R0129,LAW,S010,Research Project,2023-07-26T12:00:00Z,36800.00,NOT_FUNDED,,0.00,2023-10-30T12:00:00Z,,,2026-08-31T23:59:00Z
EP2-001202,LP-2024-01202,R0013,BUS,S021,Fellowship,2024-08-17T12:00:00Z,258600.00,NOT_FUNDED,,0.00,2024-09-27T12:00:00Z,,,2026-08-31T23:59:00Z
EP2-001203,LP-2024-01203,R0112,ARC,S016,Equipment,2024-06-07T12:00:00Z,132800.00,CLOSED,AW2-2024-01203,109100.00,2024-12-12T12:00:00Z,2025-02-12,2027-02-12,2026-08-31T23:59:00Z
EP2-001204,LP-2026-01204,R0017,LAW,S001,Equipment,2026-01-12T12:00:00Z,156800.00,AWARDED,AW2-2026-01204,124300.00,2026-03-18T12:00:00Z,2026-04-29,2027-04-29,2026-08-31T23:59:00Z
EP2-001205,LP-2025-01205,R0126,SCI,S018,Training Grant,2025-06-17T12:00:00Z,146200.00,CLOSED,AW2-2025-01205,135000.00,2025-08-03T12:00:00Z,2025-09-11,2028-09-10,2026-08-31T23:59:00Z
EP2-001206,LP-2023-01206,R0160,ARC,S003,Research Project,2023-05-02T12:00:00Z,313400.00,NOT_FUNDED,,0.00,2023-06-17T12:00:00Z,,,2026-08-31T23:59:00Z
EP2-001207,LP-2025-01207,R0134,SCI,S010,Research Project,2025-12-14T12:00:00Z,796700.00,NOT_FUNDED,,0.00,2026-03-09T12:00:00Z,,,2026-08-31T23:59:00Z
EP2-001208,LP-2023-01208,R0133,BUS,S009,Research Project,2023-08-17T12:00:00Z,179700.00,CLOSED,AW2-2023-01208,134200.00,2024-02-07T12:00:00Z,2024-03-31,2027-03-31,2026-08-31T23:59:00Z
EP2-001209,LP-2025-01209,R0176,ARC,S023,Training Grant,2025-07-29T12:00:00Z,82500.00,AWARDED,AW2-2025-01209,70500.00,2026-01-31T12:00:00Z,2026-02-12,2029-02-11,2026-08-31T23:59:00Z
EP2-001210,LP-2024-01210,R0130,ENG,S001,Research Project,2024-11-18T12:00:00Z,145100.00,AWARDED,AW2-2024-01210,99000.00,2025-03-09T12:00:00Z,2025-04-05,2026-09-27,2026-08-31T23:59:00Z
EP2-001211,LP-2025-01211,R0163,SOC,S002,Training Grant,2025-02-08T12:00:00Z,86700.00,NOT_FUNDED,,0.00,2025-08-11T12:00:00Z,,,2026-08-31T23:59:00Z
EP2-001212,LP-2026-01212,R0065,LAW,S023,Research Project,2026-03-30T12:00:00Z,114900.00,NOT_FUNDED,,0.00,2026-07-12T12:00:00Z,,,2026-08-31T23:59:00Z
EP2-001213,LP-2023-01213,R0102,SCI,S024,Research Project,2023-11-15T12:00:00Z,30400.00,CLOSED,AW2-2023-01213,25200.00,2024-05-15T12:00:00Z,2024-06-08,2027-06-08,2026-08-31T23:59:00Z
EP2-001214,LP-2023-01214,R0075,SOC,S001,Research Project,2023-06-09T12:00:00Z,96000.00,CLOSED,AW2-2023-01214,85800.00,2023-12-12T12:00:00Z,2024-01-15,2026-01-14,2026-08-31T23:59:00Z
EP2-001215,LP-2023-01215,R0179,SOC,S005,Research Project,2023-12-25T12:00:00Z,226100.00,ACTIVE,AW2-2023-01215,178200.00,2024-03-21T12:00:00Z,2024-04-19,2025-04-19,2026-08-31T23:59:00Z
EP2-001216,LP-2023-01216,R0051,SOC,S002,Research Project,2023-05-26T12:00:00Z,110300.00,CLOSED,AW2-2023-01216,109200.00,2023-10-23T12:00:00Z,2023-11-14,2025-11-13,2026-08-31T23:59:00Z
EP2-001217,LP-2024-01217,R0176,ARC,S001,Equipment,2024-09-12T12:00:00Z,139000.00,CLOSED,AW2-2024-01217,121800.00,2025-02-10T12:00:00Z,2025-03-06,2026-08-28,2026-08-31T23:59:00Z
EP2-001218,LP-2023-01218,R0121,LAW,S003,Research Project,2023-06-06T12:00:00Z,109800.00,CLOSED,AW2-2023-01218,71200.00,2023-07-26T12:00:00Z,2023-10-03,2026-10-02,2026-08-31T23:59:00Z
EP2-001219,LP-2026-01219,R0073,LAW,S011,Fellowship,2026-05-04T12:00:00Z,140400.00,NOT_FUNDED,,0.00,2026-08-31T12:00:00Z,,,2026-08-31T23:59:00Z
EP2-001220,LP-2025-01220,R0162,ENG,S011,Internal Seed,2025-08-02T12:00:00Z,33200.00,ACTIVE,AW2-2025-01220,30600.00,2025-10-14T12:00:00Z,2025-12-06,2027-05-30,2026-08-31T23:59:00Z
EP2-001221,LP-2026-01221,R0164,HUM,S012,Research Project,2026-01-25T12:00:00Z,149600.00,ACTIVE,AW2-2026-01221,128200.00,2026-05-02T12:00:00Z,2026-06-06,2028-06-05,2026-08-31T23:59:00Z
EP2-001222,LP-2023-01222,R0067,SOC,S012,Research Project,2023-08-02T12:00:00Z,75900.00,ACTIVE,AW2-2023-01222,49900.00,2024-02-04T12:00:00Z,2024-03-26,2025-09-17,2026-08-31T23:59:00Z
EP2-001223,LP-2024-01223,R0018,ENG,S023,Research Project,2024-06-17T12:00:00Z,90700.00,CLOSED,AW2-2024-01223,85900.00,2024-09-09T12:00:00Z,2024-11-15,2025-11-15,2026-08-31T23:59:00Z
EP2-001224,LP-2025-01224,R0113,LAW,S007,Training Grant,2025-07-05T12:00:00Z,160900.00,NOT_FUNDED,,0.00,2026-01-11T12:00:00Z,,,2026-08-31T23:59:00Z
EP2-001225,LP-2023-01225,R0112,ARC,S015,Training Grant,2023-07-08T12:00:00Z,386100.00,CLOSED,AW2-2023-01225,267400.00,2023-12-17T12:00:00Z,2023-12-29,2024-12-28,2026-08-31T23:59:00Z
EP2-001226,LP-2023-01226,R0148,HUM,S002,Research Project,2023-05-17T12:00:00Z,179300.00,CLOSED,AW2-2023-01226,114400.00,2023-09-10T12:00:00Z,2023-11-20,2025-05-13,2026-08-31T23:59:00Z
EP2-001227,LP-2024-01227,R0006,SCI,S022,Research Project,2024-09-07T12:00:00Z,115900.00,NOT_FUNDED,,0.00,2025-03-14T12:00:00Z,,,2026-08-31T23:59:00Z
EP2-001228,LP-2024-01228,R0012,HUM,S004,Fellowship,2024-12-28T12:00:00Z,30900.00,NOT_FUNDED,,0.00,2025-02-19T12:00:00Z,,,2026-08-31T23:59:00Z
EP2-001229,LP-2026-01229,R0047,HSC,S001,Research Project,2026-02-01T12:00:00Z,15000.00,ACTIVE,AW2-2026-01229,14600.00,2026-04-06T12:00:00Z,2026-05-01,2027-05-01,2026-08-31T23:59:00Z
EP2-001230,LP-2023-01230,R0119,HSC,S018,Internal Seed,2023-04-09T12:00:00Z,975500.00,WITHDRAWN,,0.00,2023-06-04T12:00:00Z,,,2026-08-31T23:59:00Z
EP2-001231,LP-2026-01231,R0025,LAW,S018,Internal Seed,2026-06-11T12:00:00Z,180600.00,ACTIVE,AW2-2026-01231,141500.00,2026-08-31T12:00:00Z,2026-10-06,2028-03-29,2026-08-31T23:59:00Z
EP2-001232,LP-2024-01232,R0168,ARC,S003,Research Project,2024-07-18T12:00:00Z,93900.00,NOT_FUNDED,,0.00,2024-12-14T12:00:00Z,,,2026-08-31T23:59:00Z
EP2-001233,LP-2024-01233,R0099,SOC,S007,Research Project,2024-06-04T12:00:00Z,112000.00,CLOSED,AW2-2024-01233,73700.00,2024-09-09T12:00:00Z,2024-10-03,2026-10-03,2026-08-31T23:59:00Z
EP2-001234,LP-2023-01234,R0046,SCI,S020,Research Project,2023-04-01T12:00:00Z,80100.00,NOT_FUNDED,,0.00,2023-09-26T12:00:00Z,,,2026-08-31T23:59:00Z
EP2-001235,LP-2023-01235,R0041,LAW,S011,Training Grant,2023-07-10T12:00:00Z,66100.00,CLOSED,AW2-2023-01235,63500.00,2023-10-06T12:00:00Z,2023-12-12,2025-12-11,2026-08-31T23:59:00Z
EP2-001236,LP-2023-01236,R0080,ARC,S007,Research Project,2023-06-07T12:00:00Z,63300.00,ACTIVE,AW2-2023-01236,40500.00,2023-08-25T12:00:00Z,2023-10-08,2024-10-07,2026-08-31T23:59:00Z
EP2-001237,LP-2024-01237,R0142,SCI,S004,Research Project,2024-05-26T12:00:00Z,42400.00,NOT_FUNDED,,0.00,2024-09-10T12:00:00Z,,,2026-08-31T23:59:00Z
EP2-001238,LP-2026-01238,R0087,HSC,S010,Training Grant,2026-06-13T12:00:00Z,50500.00,NOT_FUNDED,,0.00,2026-07-25T12:00:00Z,,,2026-08-31T23:59:00Z
EP2-001239,LP-2023-01239,R0055,HSC,S008,Research Project,2023-10-24T12:00:00Z,20200.00,ACTIVE,AW2-2023-01239,17600.00,2024-03-16T12:00:00Z,2024-03-29,2025-03-29,2026-08-31T23:59:00Z
EP2-001240,LP-2024-01240,R0073,LAW,S005,Research Project,2024-03-04T12:00:00Z,76500.00,NOT_FUNDED,,0.00,2024-05-11T12:00:00Z,,,2026-08-31T23:59:00Z
EP2-001241,LP-2025-01241,R0099,SOC,S002,Internal Seed,2025-04-25T12:00:00Z,112000.00,NOT_FUNDED,,0.00,2025-05-31T12:00:00Z,,,2026-08-31T23:59:00Z
EP2-001242,LP-2025-01242,R0024,ARC,S013,Research Project,2025-11-19T12:00:00Z,46600.00,ACTIVE,AW2-2025-01242,31800.00,2026-05-25T12:00:00Z,2026-06-28,2027-06-28,2026-08-31T23:59:00Z
EP2-001243,LP-2023-01243,R0048,ARC,S015,Research Project,2023-01-27T12:00:00Z,233400.00,NOT_FUNDED,,0.00,2023-06-20T12:00:00Z,,,2026-08-31T23:59:00Z
EP2-001244,LP-2024-01244,R0129,LAW,S005,Research Project,2024-05-02T12:00:00Z,152100.00,NOT_FUNDED,,0.00,2024-09-13T12:00:00Z,,,2026-08-31T23:59:00Z
EP2-001245,LP-2023-01245,R0108,HUM,S020,Training Grant,2023-09-24T12:00:00Z,296400.00,NOT_FUNDED,,0.00,2024-03-12T12:00:00Z,,,2026-08-31T23:59:00Z
EP2-001246,LP-2025-01246,R0083,SOC,S003,Training Grant,2025-01-06T12:00:00Z,188400.00,AWARDED,AW2-2025-01246,117100.00,2025-06-12T12:00:00Z,2025-08-22,2027-02-13,2026-08-31T23:59:00Z
EP2-001247,LP-2025-01247,R0095,HSC,S023,Research Project,2025-08-22T12:00:00Z,103600.00,ACTIVE,AW2-2025-01247,88600.00,2025-11-21T12:00:00Z,2026-01-11,2028-01-11,2026-08-31T23:59:00Z
EP2-001248,LP-2024-01248,R0113,LAW,S003,Research Project,2024-03-17T12:00:00Z,365400.00,NOT_FUNDED,,0.00,2024-06-08T12:00:00Z,,,2026-08-31T23:59:00Z
EP2-001249,LP-2024-01249,R0128,ARC,S002,Research Project,2024-03-13T12:00:00Z,95400.00,WITHDRAWN,,0.00,2024-05-09T12:00:00Z,,,2026-08-31T23:59:00Z
EP2-001250,LP-2024-01250,R0020,HUM,S025,Research Project,2024-04-04T12:00:00Z,205700.00,CLOSED,AW2-2024-01250,202800.00,2024-09-01T12:00:00Z,2024-11-14,2025-11-14,2026-08-31T23:59:00Z
EP2-001251,LP-2023-01251,R0087,HSC,S004,Equipment,2023-01-26T12:00:00Z,98900.00,NOT_FUNDED,,0.00,2023-03-14T12:00:00Z,,,2026-08-31T23:59:00Z
EP2-001252,LP-2023-01252,R0022,SCI,S008,Research Project,2023-09-08T12:00:00Z,433100.00,CLOSED,AW2-2023-01252,353200.00,2023-11-10T12:00:00Z,2023-12-12,2025-06-04,2026-08-31T23:59:00Z
EP2-001253,LP-2023-01253,R0164,HUM,S002,Research Project,2023-11-16T12:00:00Z,295600.00,CLOSED,AW2-2023-01253,226800.00,2024-01-15T12:00:00Z,2024-02-14,2025-08-07,2026-08-31T23:59:00Z
EP2-001254,LP-2026-01254,R0050,ENG,S004,Research Project,2026-06-09T12:00:00Z,120700.00,AWARDED,AW2-2026-01254,113400.00,2026-08-31T12:00:00Z,2026-10-26,2028-04-18,2026-08-31T23:59:00Z
EP2-001255,LP-2023-01255,R0169,LAW,S017,Equipment,2023-06-01T12:00:00Z,57400.00,WITHDRAWN,,0.00,2023-11-23T12:00:00Z,,,2026-08-31T23:59:00Z
EP2-001256,LP-2025-01256,R0122,ENG,S019,Training Grant,2025-03-24T12:00:00Z,257000.00,NOT_FUNDED,,0.00,2025-08-27T12:00:00Z,,,2026-08-31T23:59:00Z
EP2-001257,LP-2025-01257,R0053,BUS,S001,Research Project,2025-07-03T12:00:00Z,325600.00,AWARDED,AW2-2025-01257,321900.00,2025-12-12T12:00:00Z,2026-02-11,2028-02-11,2026-08-31T23:59:00Z
EP2-001258,LP-2023-01258,R0089,LAW,S025,Training Grant,2023-04-14T12:00:00Z,230200.00,NOT_FUNDED,,0.00,2023-08-21T12:00:00Z,,,2026-08-31T23:59:00Z
EP2-001259,LP-2023-01259,R0172,HUM,S013,Research Project,2023-04-26T12:00:00Z,145600.00,ACTIVE,AW2-2023-01259,138900.00,2023-08-26T12:00:00Z,2023-11-05,2024-11-04,2026-08-31T23:59:00Z
EP2-001260,LP-2024-01260,R0043,SOC,S012,Research Project,2024-01-06T12:00:00Z,84100.00,NOT_FUNDED,,0.00,2024-05-28T12:00:00Z,,,2026-08-31T23:59:00Z
EP2-001261,LP-2024-01261,R0046,SCI,S007,Internal Seed,2024-03-29T12:00:00Z,57300.00,CLOSED,AW2-2024-01261,48800.00,2024-07-21T12:00:00Z,2024-09-21,2026-03-15,2026-08-31T23:59:00Z
EP2-001262,LP-2024-01262,R0001,LAW,S011,Research Project,2024-04-18T12:00:00Z,64300.00,NOT_FUNDED,,0.00,2024-07-23T12:00:00Z,,,2026-08-31T23:59:00Z
EP2-001263,LP-2023-01263,R0009,LAW,S017,Research Project,2023-08-28T12:00:00Z,287400.00,ACTIVE,AW2-2023-01263,225500.00,2023-11-25T12:00:00Z,2023-12-26,2025-12-25,2026-08-31T23:59:00Z
EP2-001264,LP-2026-01264,R0132,HUM,S016,Training Grant,2026-06-29T12:00:00Z,124100.00,NOT_FUNDED,,0.00,2026-08-31T12:00:00Z,,,2026-08-31T23:59:00Z
EP2-001265,LP-2025-01265,R0165,BUS,S013,Research Project,2025-03-06T12:00:00Z,160600.00,AWARDED,AW2-2025-01265,104000.00,2025-08-13T12:00:00Z,2025-09-29,2027-09-29,2026-08-31T23:59:00Z
EP2-001266,LP-2025-01266,R0142,SCI,S023,Research Project,2025-12-05T12:00:00Z,136400.00,AWARDED,AW2-2025-01266,108800.00,2026-04-28T12:00:00Z,2026-06-25,2029-06-24,2026-08-31T23:59:00Z
EP2-001267,LP-2023-01267,R0070,SCI,S007,Equipment,2023-04-23T12:00:00Z,104600.00,NOT_FUNDED,,0.00,2023-08-13T12:00:00Z,,,2026-08-31T23:59:00Z
EP2-001268,LP-2025-01268,R0069,BUS,S012,Research Project,2025-10-20T12:00:00Z,159000.00,WITHDRAWN,,0.00,2025-12-28T12:00:00Z,,,2026-08-31T23:59:00Z
EP2-001269,LP-2024-01269,R0172,HUM,S001,Research Project,2024-02-12T12:00:00Z,82800.00,CLOSED,AW2-2024-01269,65600.00,2024-08-13T12:00:00Z,2024-09-04,2027-09-04,2026-08-31T23:59:00Z
EP2-001270,LP-2023-01270,R0036,HUM,S023,Research Project,2023-04-22T12:00:00Z,66900.00,CLOSED,AW2-2023-01270,41900.00,2023-06-11T12:00:00Z,2023-07-15,2026-07-14,2026-08-31T23:59:00Z
EP2-001271,LP-2025-01271,R0113,LAW,S007,Research Project,2025-09-14T12:00:00Z,154900.00,ACTIVE,AW2-2025-01271,148500.00,2025-11-07T12:00:00Z,2026-01-16,2027-01-16,2026-08-31T23:59:00Z
EP2-001272,LP-2024-01272,R0059,SOC,S015,Research Project,2024-12-25T12:00:00Z,716000.00,NOT_FUNDED,,0.00,2025-06-09T12:00:00Z,,,2026-08-31T23:59:00Z
EP2-001273,LP-2026-01273,R0129,LAW,S025,Internal Seed,2026-07-04T12:00:00Z,87200.00,UNDER_REVIEW,,0.00,,,,2026-08-31T23:59:00Z
EP2-001274,LP-2026-01274,R0154,ENG,S014,Research Project,2026-05-07T12:00:00Z,348200.00,AWARDED,AW2-2026-01274,338000.00,2026-08-31T12:00:00Z,2026-09-20,2029-09-19,2026-08-31T23:59:00Z
EP2-001275,LP-2026-01275,R0033,LAW,S009,Internal Seed,2026-08-08T12:00:00Z,47800.00,UNDER_REVIEW,,0.00,,,,2026-08-31T23:59:00Z
EP2-001276,LP-2026-01276,R0137,LAW,S023,Research Project,2026-06-16T12:00:00Z,26600.00,NOT_FUNDED,,0.00,2026-08-31T12:00:00Z,,,2026-08-31T23:59:00Z
EP2-001277,LP-2023-01277,R0065,LAW,S005,Research Project,2023-04-08T12:00:00Z,549900.00,NOT_FUNDED,,0.00,2023-05-28T12:00:00Z,,,2026-08-31T23:59:00Z
EP2-001278,LP-2026-01278,R0112,ARC,S024,Internal Seed,2026-06-09T12:00:00Z,442500.00,ACTIVE,AW2-2026-01278,343300.00,2026-08-31T12:00:00Z,2026-11-02,2027-11-02,2026-08-31T23:59:00Z
EP2-001279,LP-2024-01279,R0094,SCI,S020,Training Grant,2024-02-23T12:00:00Z,78000.00,ACTIVE,AW2-2024-01279,73300.00,2024-06-01T12:00:00Z,2024-08-11,2026-08-11,2026-08-31T23:59:00Z
EP2-001280,LP-2023-01280,R0177,LAW,S025,Internal Seed,2023-08-27T12:00:00Z,306100.00,NOT_FUNDED,,0.00,2024-03-02T12:00:00Z,,,2026-08-31T23:59:00Z
EP2-001281,LP-2025-01281,R0056,ARC,S013,Research Project,2025-09-06T12:00:00Z,99000.00,ACTIVE,AW2-2025-01281,92300.00,2025-12-01T12:00:00Z,2026-02-05,2029-02-04,2026-08-31T23:59:00Z
EP2-001282,LP-2025-01282,R0059,SOC,S024,Research Project,2025-02-03T12:00:00Z,70700.00,NOT_FUNDED,,0.00,2025-03-27T12:00:00Z,,,2026-08-31T23:59:00Z
EP2-001283,LP-2026-01283,R0025,LAW,S023,Research Project,2026-02-22T12:00:00Z,238300.00,NOT_FUNDED,,0.00,2026-05-19T12:00:00Z,,,2026-08-31T23:59:00Z
EP2-001284,LP-2025-01284,R0123,SOC,S008,Research Project,2025-01-27T12:00:00Z,265500.00,ACTIVE,AW2-2025-01284,214200.00,2025-05-07T12:00:00Z,2025-06-06,2026-11-28,2026-08-31T23:59:00Z
EP2-001285,LP-2024-01285,R0061,BUS,S014,Training Grant,2024-09-02T12:00:00Z,90400.00,ACTIVE,AW2-2024-01285,89600.00,2025-02-25T12:00:00Z,2025-04-23,2027-04-23,2026-08-31T23:59:00Z
EP2-001286,LP-2024-01286,R0034,ENG,S025,Research Project,2024-01-10T12:00:00Z,83100.00,ACTIVE,AW2-2024-01286,80200.00,2024-06-15T12:00:00Z,2024-08-17,2025-08-17,2026-08-31T23:59:00Z
EP2-001287,LP-2025-01287,R0015,HSC,S001,Research Project,2025-04-12T12:00:00Z,567100.00,NOT_FUNDED,,0.00,2025-07-15T12:00:00Z,,,2026-08-31T23:59:00Z
EP2-001288,LP-2025-01288,R0083,SOC,S018,Research Project,2025-06-19T12:00:00Z,52500.00,NOT_FUNDED,,0.00,2025-10-22T12:00:00Z,,,2026-08-31T23:59:00Z
EP2-001289,LP-2026-01289,R0170,ENG,S001,Research Project,2026-01-15T12:00:00Z,347000.00,NOT_FUNDED,,0.00,2026-06-19T12:00:00Z,,,2026-08-31T23:59:00Z
EP2-001290,LP-2023-01290,R0113,LAW,S003,Research Project,2023-01-16T12:00:00Z,123300.00,ACTIVE,AW2-2023-01290,98300.00,2023-05-18T12:00:00Z,2023-06-11,2024-12-02,2026-08-31T23:59:00Z
EP2-001291,LP-2024-01291,R0102,SCI,S023,Research Project,2024-01-04T12:00:00Z,46500.00,WITHDRAWN,,0.00,2024-03-24T12:00:00Z,,,2026-08-31T23:59:00Z
EP2-001292,LP-2025-01292,R0066,ENG,S008,Research Project,2025-03-14T12:00:00Z,60500.00,NOT_FUNDED,,0.00,2025-05-18T12:00:00Z,,,2026-08-31T23:59:00Z
EP2-001293,LP-2024-01293,R0164,HUM,S005,Research Project,2024-09-27T12:00:00Z,197000.00,NOT_FUNDED,,0.00,2025-01-08T12:00:00Z,,,2026-08-31T23:59:00Z
EP2-001294,LP-2025-01294,R0092,HUM,S004,Equipment,2025-10-05T12:00:00Z,255300.00,WITHDRAWN,,0.00,2026-03-10T12:00:00Z,,,2026-08-31T23:59:00Z
EP2-001295,LP-2026-01295,R0146,ENG,S001,Training Grant,2026-02-19T12:00:00Z,124900.00,NOT_FUNDED,,0.00,2026-06-13T12:00:00Z,,,2026-08-31T23:59:00Z
EP2-001296,LP-2023-01296,R0164,HUM,S025,Research Project,2023-11-24T12:00:00Z,37700.00,CLOSED,AW2-2023-01296,32900.00,2024-02-02T12:00:00Z,2024-04-13,2025-10-05,2026-08-31T23:59:00Z
EP2-001297,LP-2025-01297,R0034,ENG,S014,Internal Seed,2025-06-14T12:00:00Z,70900.00,NOT_FUNDED,,0.00,2025-11-02T12:00:00Z,,,2026-08-31T23:59:00Z
EP2-001298,LP-2026-01298,R0097,LAW,S002,Equipment,2026-01-06T12:00:00Z,173900.00,NOT_FUNDED,,0.00,2026-06-28T12:00:00Z,,,2026-08-31T23:59:00Z
EP2-001299,LP-2023-01299,R0025,LAW,S002,Research Project,2023-02-07T12:00:00Z,31900.00,NOT_FUNDED,,0.00,2023-04-18T12:00:00Z,,,2026-08-31T23:59:00Z
EP2-001300,LP-2023-01300,R0033,LAW,S011,Research Project,2023-04-23T12:00:00Z,113800.00,NOT_FUNDED,,0.00,2023-08-30T12:00:00Z,,,2026-08-31T23:59:00Z
EP2-001301,LP-2025-01301,R0049,LAW,S001,Research Project,2025-03-19T12:00:00Z,59500.00,NOT_FUNDED,,0.00,2025-05-19T12:00:00Z,,,2026-08-31T23:59:00Z
EP2-001302,LP-2025-01302,R0160,ARC,S024,Research Project,2025-06-20T12:00:00Z,27700.00,CLOSED,AW2-2025-01302,26600.00,2025-07-28T12:00:00Z,2025-09-08,2028-09-07,2026-08-31T23:59:00Z
EP2-001303,LP-2025-01303,R0048,ARC,S014,Internal Seed,2025-06-13T12:00:00Z,35800.00,AWARDED,AW2-2025-01303,35500.00,2025-08-13T12:00:00Z,2025-08-30,2027-02-21,2026-08-31T23:59:00Z
EP2-001304,LP-2023-01304,R0033,LAW,S024,Research Project,2023-02-26T12:00:00Z,83700.00,ACTIVE,AW2-2023-01304,52800.00,2023-04-05T12:00:00Z,2023-05-29,2026-05-28,2026-08-31T23:59:00Z
EP2-001306,LP-2024-01306,R0042,ENG,S002,Research Project,2024-06-13T12:00:00Z,76000.00,ACTIVE,AW2-2024-01306,48000.00,2024-10-23T12:00:00Z,2024-12-01,2026-12-01,2026-08-31T23:59:00Z
EP2-001307,LP-2025-01307,R0016,ARC,S004,Research Project,2025-09-17T12:00:00Z,320900.00,ACTIVE,AW2-2025-01307,240700.00,2026-01-03T12:00:00Z,2026-03-16,2027-09-07,2026-08-31T23:59:00Z
EP2-001308,LP-2023-01308,R0090,ENG,S021,Fellowship,2023-03-09T12:00:00Z,334600.00,NOT_FUNDED,,0.00,2023-04-28T12:00:00Z,,,2026-08-31T23:59:00Z
EP2-001309,LP-2023-01309,R0007,HSC,S012,Training Grant,2023-01-01T12:00:00Z,40200.00,ACTIVE,AW2-2023-01309,26200.00,2023-03-19T12:00:00Z,2023-05-19,2025-05-18,2026-08-31T23:59:00Z
EP2-001310,LP-2025-01310,R0022,SCI,S015,Fellowship,2025-01-18T12:00:00Z,176000.00,NOT_FUNDED,,0.00,2025-03-30T12:00:00Z,,,2026-08-31T23:59:00Z
EP2-001311,LP-2023-01311,R0155,SOC,S008,Training Grant,2023-10-20T12:00:00Z,70400.00,CLOSED,AW2-2023-01311,44300.00,2023-12-29T12:00:00Z,2024-02-18,2027-02-17,2026-08-31T23:59:00Z
EP2-001312,LP-2025-01312,R0051,SOC,S022,Research Project,2025-11-21T12:00:00Z,166200.00,NOT_FUNDED,,0.00,2026-03-26T12:00:00Z,,,2026-08-31T23:59:00Z
EP2-001313,LP-2024-01313,R0166,SCI,S003,Research Project,2024-11-01T12:00:00Z,128200.00,ACTIVE,AW2-2024-01313,115400.00,2025-01-22T12:00:00Z,2025-02-12,2026-02-12,2026-08-31T23:59:00Z
EP2-001314,LP-2025-01314,R0034,ENG,S001,Research Project,2025-06-24T12:00:00Z,51500.00,ACTIVE,AW2-2025-01314,38500.00,2025-08-17T12:00:00Z,2025-10-18,2026-10-18,2026-08-31T23:59:00Z
EP2-001315,LP-2025-01315,R0092,HUM,S004,Research Project,2025-08-21T12:00:00Z,481800.00,NOT_FUNDED,,0.00,2025-10-08T12:00:00Z,,,2026-08-31T23:59:00Z
EP2-001316,LP-2025-01316,R0098,ENG,S003,Equipment,2025-08-19T12:00:00Z,98400.00,ACTIVE,AW2-2025-01316,65700.00,2025-12-10T12:00:00Z,2026-01-17,2027-07-11,2026-08-31T23:59:00Z
EP2-001317,LP-2024-01317,R0137,LAW,S010,Fellowship,2024-04-02T12:00:00Z,97700.00,CLOSED,AW2-2024-01317,89600.00,2024-06-25T12:00:00Z,2024-08-28,2027-08-28,2026-08-31T23:59:00Z
EP2-001318,LP-2023-01318,R0079,HSC,S001,Internal Seed,2023-08-02T12:00:00Z,332000.00,CLOSED,AW2-2023-01318,308400.00,2023-11-12T12:00:00Z,2024-01-20,2025-01-19,2026-08-31T23:59:00Z
EP2-001319,LP-2024-01319,R0164,HUM,S010,Research Project,2024-08-16T12:00:00Z,40800.00,NOT_FUNDED,,0.00,2024-11-20T12:00:00Z,,,2026-08-31T23:59:00Z
EP2-001320,LP-2023-01320,R0038,SCI,S016,Research Project,2023-01-09T12:00:00Z,113900.00,NOT_FUNDED,,0.00,2023-06-21T12:00:00Z,,,2026-08-31T23:59:00Z
EP2-001321,LP-2023-01321,R0174,SCI,S010,Research Project,2023-03-18T12:00:00Z,295900.00,CLOSED,AW2-2023-01321,238900.00,2023-06-01T12:00:00Z,2023-08-02,2026-08-01,2026-08-31T23:59:00Z
EP2-001322,LP-2024-01322,R0076,HUM,S018,Internal Seed,2024-08-22T12:00:00Z,118900.00,NOT_FUNDED,,0.00,2024-09-30T12:00:00Z,,,2026-08-31T23:59:00Z
EP2-001323,LP-2025-01323,R0059,SOC,S011,Research Project,2025-08-08T12:00:00Z,108500.00,ACTIVE,AW2-2025-01323,95200.00,2025-11-12T12:00:00Z,2026-01-16,2027-01-16,2026-08-31T23:59:00Z
EP2-001324,LP-2025-01324,R0102,SCI,S022,Research Project,2025-11-25T12:00:00Z,320400.00,NOT_FUNDED,,0.00,2026-04-18T12:00:00Z,,,2026-08-31T23:59:00Z
EP2-001325,LP-2025-01325,R0027,SOC,S001,Research Project,2025-04-22T12:00:00Z,224800.00,ACTIVE,AW2-2025-01325,188400.00,2025-05-29T12:00:00Z,2025-07-10,2026-07-10,2026-08-31T23:59:00Z
EP2-001326,LP-2024-01326,R0086,SCI,S010,Research Project,2024-02-17T12:00:00Z,47600.00,CLOSED,AW2-2024-01326,44500.00,2024-04-08T12:00:00Z,2024-04-26,2025-10-18,2026-08-31T23:59:00Z
EP2-001327,LP-2024-01327,R0052,HUM,S005,Research Project,2024-01-30T12:00:00Z,100200.00,CLOSED,AW2-2024-01327,72600.00,2024-03-31T12:00:00Z,2024-05-23,2025-11-14,2026-08-31T23:59:00Z
EP2-001328,LP-2025-01328,R0135,HSC,S002,Training Grant,2025-12-25T12:00:00Z,55900.00,CLOSED,AW2-2025-01328,45100.00,2026-06-07T12:00:00Z,2026-07-24,2028-01-15,2026-08-31T23:59:00Z
EP2-001329,LP-2025-01329,R0174,SCI,S022,Training Grant,2025-03-15T12:00:00Z,495400.00,CLOSED,AW2-2025-01329,445800.00,2025-04-24T12:00:00Z,2025-06-22,2026-12-14,2026-08-31T23:59:00Z
EP2-001330,LP-2026-01330,R0155,SOC,S012,Fellowship,2026-02-23T12:00:00Z,382100.00,NOT_FUNDED,,0.00,2026-08-20T12:00:00Z,,,2026-08-31T23:59:00Z
EP2-001331,LP-2025-01331,R0039,HSC,S018,Equipment,2025-05-12T12:00:00Z,61900.00,ACTIVE,AW2-2025-01331,61100.00,2025-10-27T12:00:00Z,2025-12-07,2028-12-06,2026-08-31T23:59:00Z
EP2-001332,LP-2024-01332,R0125,BUS,S024,Internal Seed,2024-07-02T12:00:00Z,230700.00,ACTIVE,AW2-2024-01332,224400.00,2024-09-29T12:00:00Z,2024-10-25,2025-10-25,2026-08-31T23:59:00Z
EP2-001333,LP-2025-01333,R0116,HUM,S007,Research Project,2025-11-26T12:00:00Z,276200.00,NOT_FUNDED,,0.00,2026-05-29T12:00:00Z,,,2026-08-31T23:59:00Z
EP2-001334,LP-2023-01334,R0026,ENG,S024,Training Grant,2023-06-11T12:00:00Z,92300.00,ACTIVE,AW2-2023-01334,63700.00,2023-10-01T12:00:00Z,2023-12-09,2026-12-08,2026-08-31T23:59:00Z
EP2-001335,LP-2025-01335,R0043,SOC,S025,Fellowship,2025-10-31T12:00:00Z,428700.00,NOT_FUNDED,,0.00,2026-03-22T12:00:00Z,,,2026-08-31T23:59:00Z
EP2-001336,LP-2024-01336,R0122,ENG,S014,Internal Seed,2024-11-16T12:00:00Z,78900.00,WITHDRAWN,,0.00,2025-01-11T12:00:00Z,,,2026-08-31T23:59:00Z
EP2-001337,LP-2024-01337,R0135,HSC,S014,Research Project,2024-11-30T12:00:00Z,66300.00,ACTIVE,AW2-2024-01337,64000.00,2025-06-02T12:00:00Z,2025-08-13,2027-02-04,2026-08-31T23:59:00Z
EP2-001338,LP-2025-01338,R0155,SOC,S006,Research Project,2025-11-18T12:00:00Z,41400.00,NOT_FUNDED,,0.00,2026-02-12T12:00:00Z,,,2026-08-31T23:59:00Z
EP2-001339,LP-2023-01339,R0019,SOC,S007,Equipment,2023-07-01T12:00:00Z,89500.00,NOT_FUNDED,,0.00,2023-12-15T12:00:00Z,,,2026-08-31T23:59:00Z
EP2-001340,LP-2023-01340,R0042,ENG,S017,Research Project,2023-05-27T12:00:00Z,386300.00,NOT_FUNDED,,0.00,2023-07-07T12:00:00Z,,,2026-08-31T23:59:00Z
EP2-001341,LP-2023-01341,R0155,SOC,S006,Research Project,2023-06-05T12:00:00Z,122400.00,NOT_FUNDED,,0.00,2023-09-08T12:00:00Z,,,2026-08-31T23:59:00Z
EP2-001342,LP-2023-01342,R0028,HUM,S002,Research Project,2023-06-18T12:00:00Z,66700.00,NOT_FUNDED,,0.00,2023-10-01T12:00:00Z,,,2026-08-31T23:59:00Z
EP2-001343,LP-2026-01343,R0108,HUM,S001,Research Project,2026-05-14T12:00:00Z,412900.00,UNDER_REVIEW,,0.00,,,,2026-08-31T23:59:00Z
EP2-001344,LP-2026-01344,R0047,HSC,S018,Equipment,2026-01-07T12:00:00Z,146700.00,ACTIVE,AW2-2026-01344,122800.00,2026-06-10T12:00:00Z,2026-06-21,2027-06-21,2026-08-31T23:59:00Z
EP2-001345,LP-2025-01345,R0171,SOC,S023,Research Project,2025-12-10T12:00:00Z,295900.00,CLOSED,AW2-2025-01345,206200.00,2026-06-05T12:00:00Z,2026-07-17,2029-07-16,2026-08-31T23:59:00Z
EP2-001346,LP-2024-01346,R0171,SOC,S001,Research Project,2024-07-01T12:00:00Z,127200.00,NOT_FUNDED,,0.00,2024-08-24T12:00:00Z,,,2026-08-31T23:59:00Z
EP2-001347,LP-2023-01347,R0056,ARC,S023,Research Project,2023-08-31T12:00:00Z,465100.00,CLOSED,AW2-2023-01347,442700.00,2024-02-07T12:00:00Z,2024-04-03,2025-04-03,2026-08-31T23:59:00Z
EP2-001348,LP-2024-01348,R0049,LAW,S002,Internal Seed,2024-09-16T12:00:00Z,662300.00,ACTIVE,AW2-2024-01348,444300.00,2024-12-01T12:00:00Z,2025-02-07,2026-08-01,2026-08-31T23:59:00Z
EP2-001349,LP-2024-01349,R0062,SCI,S006,Training Grant,2024-12-10T12:00:00Z,203100.00,ACTIVE,AW2-2024-01349,154000.00,2025-01-25T12:00:00Z,2025-03-26,2028-03-25,2026-08-31T23:59:00Z
EP2-001350,LP-2024-01350,R0154,ENG,S005,Research Project,2024-09-15T12:00:00Z,185600.00,NOT_FUNDED,,0.00,2025-01-06T12:00:00Z,,,2026-08-31T23:59:00Z
EP2-001351,LP-2023-01351,R0172,HUM,S024,Research Project,2023-10-30T12:00:00Z,90100.00,NOT_FUNDED,,0.00,2024-02-28T12:00:00Z,,,2026-08-31T23:59:00Z
EP2-001352,LP-2026-01352,R0105,LAW,S014,Research Project,2026-07-18T12:00:00Z,66500.00,UNDER_REVIEW,,0.00,,,,2026-08-31T23:59:00Z
EP2-001353,LP-2023-01353,R0017,LAW,S015,Equipment,2023-05-20T12:00:00Z,368900.00,CLOSED,AW2-2023-01353,327500.00,2023-08-08T12:00:00Z,2023-08-21,2024-08-20,2026-08-31T23:59:00Z
EP2-001354,LP-2025-01354,R0005,BUS,S014,Research Project,2025-09-27T12:00:00Z,128200.00,ACTIVE,AW2-2025-01354,92000.00,2025-12-02T12:00:00Z,2026-01-03,2027-06-27,2026-08-31T23:59:00Z
EP2-001355,LP-2023-01355,R0116,HUM,S005,Research Project,2023-04-07T12:00:00Z,98200.00,CLOSED,AW2-2023-01355,86800.00,2023-09-28T12:00:00Z,2023-11-18,2025-11-17,2026-08-31T23:59:00Z
EP2-001356,LP-2026-01356,R0006,SCI,S018,Internal Seed,2026-01-03T12:00:00Z,148700.00,ACTIVE,AW2-2026-01356,131800.00,2026-06-27T12:00:00Z,2026-07-26,2027-07-26,2026-08-31T23:59:00Z
EP2-001357,LP-2023-01357,R0093,BUS,S018,Equipment,2023-04-13T12:00:00Z,122400.00,CLOSED,AW2-2023-01357,88000.00,2023-08-21T12:00:00Z,2023-10-19,2025-10-18,2026-08-31T23:59:00Z
EP2-001358,LP-2025-01358,R0155,SOC,S003,Research Project,2025-05-06T12:00:00Z,323200.00,ACTIVE,AW2-2025-01358,235100.00,2025-09-05T12:00:00Z,2025-11-07,2027-11-07,2026-08-31T23:59:00Z
EP2-001359,LP-2026-01359,R0068,HUM,S003,Internal Seed,2026-01-01T12:00:00Z,560500.00,ACTIVE,AW2-2026-01359,355300.00,2026-05-03T12:00:00Z,2026-05-13,2029-05-12,2026-08-31T23:59:00Z
EP2-001360,LP-2025-01360,R0061,BUS,S020,Research Project,2025-01-16T12:00:00Z,108700.00,ACTIVE,AW2-2025-01360,70300.00,2025-05-12T12:00:00Z,2025-06-02,2026-11-24,2026-08-31T23:59:00Z
EP2-001361,LP-2025-01361,R0067,SOC,S016,Research Project,2025-11-02T12:00:00Z,133700.00,ACTIVE,AW2-2025-01361,104900.00,2026-03-17T12:00:00Z,2026-04-25,2027-10-17,2026-08-31T23:59:00Z
EP2-001362,LP-2025-01362,R0046,SCI,S023,Research Project,2025-07-25T12:00:00Z,57900.00,WITHDRAWN,,0.00,2025-11-25T12:00:00Z,,,2026-08-31T23:59:00Z
EP2-001363,LP-2026-01363,R0131,SOC,S013,Research Project,2026-07-06T12:00:00Z,78500.00,ACTIVE,AW2-2026-01363,74000.00,2026-08-31T12:00:00Z,2026-09-23,2027-09-23,2026-08-31T23:59:00Z
EP2-001364,LP-2025-01364,R0043,SOC,S007,Research Project,2025-07-31T12:00:00Z,86100.00,NOT_FUNDED,,0.00,2026-01-08T12:00:00Z,,,2026-08-31T23:59:00Z
EP2-001365,LP-2026-01365,R0065,LAW,S007,Internal Seed,2026-06-28T12:00:00Z,180100.00,ACTIVE,AW2-2026-01365,167500.00,2026-08-31T12:00:00Z,2026-09-11,2027-09-11,2026-08-31T23:59:00Z
EP2-001366,LP-2024-01366,R0005,BUS,S001,Fellowship,2024-09-30T12:00:00Z,22300.00,NOT_FUNDED,,0.00,2025-04-05T12:00:00Z,,,2026-08-31T23:59:00Z
EP2-001367,LP-2023-01367,R0040,ARC,S003,Research Project,2023-07-12T12:00:00Z,132900.00,NOT_FUNDED,,0.00,2023-12-11T12:00:00Z,,,2026-08-31T23:59:00Z
EP2-001368,LP-2026-01368,R0049,LAW,S002,Research Project,2026-08-02T12:00:00Z,89600.00,UNDER_REVIEW,,0.00,,,,2026-08-31T23:59:00Z
EP2-001369,LP-2024-01369,R0158,SCI,S001,Equipment,2024-12-16T12:00:00Z,1400900.00,AWARDED,AW2-2024-01369,1296100.00,2025-06-20T12:00:00Z,2025-08-05,2026-08-05,2026-08-31T23:59:00Z
EP2-001370,LP-2024-01370,R0009,LAW,S001,Research Project,2024-10-23T12:00:00Z,333800.00,NOT_FUNDED,,0.00,2025-02-12T12:00:00Z,,,2026-08-31T23:59:00Z
EP2-001371,LP-2023-01371,R0074,ENG,S004,Research Project,2023-12-19T12:00:00Z,203600.00,CLOSED,AW2-2023-01371,150100.00,2024-03-16T12:00:00Z,2024-04-28,2025-04-28,2026-08-31T23:59:00Z
EP2-001372,LP-2026-01372,R0164,HUM,S007,Fellowship,2026-08-13T12:00:00Z,17000.00,SUBMITTED,,0.00,,,,2026-08-31T23:59:00Z
EP2-001373,LP-2023-01373,R0118,SCI,S009,Internal Seed,2023-03-11T12:00:00Z,72900.00,NOT_FUNDED,,0.00,2023-06-26T12:00:00Z,,,2026-08-31T23:59:00Z
EP2-001374,LP-2024-01374,R0022,SCI,S022,Research Project,2024-10-01T12:00:00Z,104600.00,ACTIVE,AW2-2024-01374,77200.00,2025-03-20T12:00:00Z,2025-05-07,2026-05-07,2026-08-31T23:59:00Z
EP2-001375,LP-2023-01375,R0148,HUM,S019,Research Project,2023-05-31T12:00:00Z,47600.00,CLOSED,AW2-2023-01375,37100.00,2023-10-12T12:00:00Z,2023-11-26,2025-11-25,2026-08-31T23:59:00Z
EP2-001376,LP-2024-01376,R0031,HSC,S023,Equipment,2024-05-21T12:00:00Z,1156900.00,CLOSED,AW2-2024-01376,853800.00,2024-11-19T12:00:00Z,2025-01-10,2028-01-10,2026-08-31T23:59:00Z
EP2-001377,LP-2026-01377,R0041,LAW,S005,Internal Seed,2026-07-22T12:00:00Z,49600.00,SUBMITTED,,0.00,,,,2026-08-31T23:59:00Z
EP2-001378,LP-2026-01378,R0175,HSC,S020,Research Project,2026-03-01T12:00:00Z,219400.00,NOT_FUNDED,,0.00,2026-07-21T12:00:00Z,,,2026-08-31T23:59:00Z
EP2-001379,LP-2023-01379,R0114,ENG,S013,Equipment,2023-10-27T12:00:00Z,109700.00,NOT_FUNDED,,0.00,2024-01-25T12:00:00Z,,,2026-08-31T23:59:00Z
EP2-001380,LP-2026-01380,R0180,HUM,S013,Research Project,2026-04-06T12:00:00Z,96800.00,UNDER_REVIEW,,0.00,,,,2026-08-31T23:59:00Z
EP2-001381,LP-2026-01381,R0008,ARC,S021,Research Project,2026-01-02T12:00:00Z,233200.00,ACTIVE,AW2-2026-01381,221100.00,2026-05-09T12:00:00Z,2026-06-23,2029-06-22,2026-08-31T23:59:00Z
EP2-001382,LP-2023-01382,R0161,LAW,S002,Research Project,2023-07-22T12:00:00Z,51700.00,CLOSED,AW2-2023-01382,42200.00,2023-11-05T12:00:00Z,2024-01-03,2025-06-26,2026-08-31T23:59:00Z
EP2-001383,LP-2023-01383,R0126,SCI,S023,Research Project,2023-10-17T12:00:00Z,93100.00,NOT_FUNDED,,0.00,2023-12-06T12:00:00Z,,,2026-08-31T23:59:00Z
EP2-001384,LP-2025-01384,R0033,LAW,S020,Internal Seed,2025-02-19T12:00:00Z,268400.00,ACTIVE,AW2-2025-01384,248600.00,2025-05-07T12:00:00Z,2025-06-21,2027-06-21,2026-08-31T23:59:00Z
EP2-001385,LP-2024-01385,R0104,ARC,S012,Fellowship,2024-10-31T12:00:00Z,187500.00,ACTIVE,AW2-2024-01385,152000.00,2025-04-07T12:00:00Z,2025-06-03,2028-06-02,2026-08-31T23:59:00Z
EP2-001386,LP-2023-01386,R0050,ENG,S001,Equipment,2023-07-16T12:00:00Z,99000.00,CLOSED,AW2-2023-01386,83900.00,2024-01-16T12:00:00Z,2024-02-26,2025-02-25,2026-08-31T23:59:00Z
EP2-001387,LP-2025-01387,R0164,HUM,S003,Internal Seed,2025-02-01T12:00:00Z,146000.00,ACTIVE,AW2-2025-01387,105400.00,2025-05-02T12:00:00Z,2025-05-23,2026-11-14,2026-08-31T23:59:00Z
EP2-001388,LP-2023-01388,R0130,ENG,S014,Research Project,2023-03-27T12:00:00Z,595000.00,CLOSED,AW2-2023-01388,539900.00,2023-05-14T12:00:00Z,2023-06-14,2026-06-13,2026-08-31T23:59:00Z
EP2-001389,LP-2023-01389,R0034,ENG,S023,Research Project,2023-08-25T12:00:00Z,230200.00,CLOSED,AW2-2023-01389,203800.00,2023-12-04T12:00:00Z,2024-01-07,2025-06-30,2026-08-31T23:59:00Z
EP2-001390,LP-2025-01390,R0046,SCI,S018,Research Project,2025-03-06T12:00:00Z,51800.00,NOT_FUNDED,,0.00,2025-04-26T12:00:00Z,,,2026-08-31T23:59:00Z
EP2-001391,LP-2025-01391,R0165,BUS,S001,Equipment,2025-11-03T12:00:00Z,266500.00,NOT_FUNDED,,0.00,2026-04-04T12:00:00Z,,,2026-08-31T23:59:00Z
EP2-001392,LP-2025-01392,R0123,SOC,S010,Research Project,2025-02-23T12:00:00Z,30300.00,AWARDED,AW2-2025-01392,21800.00,2025-07-25T12:00:00Z,2025-08-16,2026-08-16,2026-08-31T23:59:00Z
EP2-001393,LP-2024-01393,R0113,LAW,S012,Research Project,2024-11-15T12:00:00Z,242500.00,NOT_FUNDED,,0.00,2025-01-01T12:00:00Z,,,2026-08-31T23:59:00Z
EP2-001394,LP-2025-01394,R0042,ENG,S019,Research Project,2025-08-04T12:00:00Z,126100.00,NOT_FUNDED,,0.00,2025-10-18T12:00:00Z,,,2026-08-31T23:59:00Z
EP2-001395,LP-2023-01395,R0126,SCI,S018,Research Project,2023-09-24T12:00:00Z,191100.00,CLOSED,AW2-2023-01395,164700.00,2024-01-19T12:00:00Z,2024-02-03,2025-07-27,2026-08-31T23:59:00Z
EP2-001396,LP-2023-01396,R0098,ENG,S013,Research Project,2023-06-18T12:00:00Z,454500.00,NOT_FUNDED,,0.00,2023-11-20T12:00:00Z,,,2026-08-31T23:59:00Z
EP2-001397,LP-2026-01397,R0161,LAW,S009,Research Project,2026-05-29T12:00:00Z,178100.00,NOT_FUNDED,,0.00,2026-07-24T12:00:00Z,,,2026-08-31T23:59:00Z
EP2-001398,LP-2024-01398,R0080,ARC,S016,Internal Seed,2024-11-04T12:00:00Z,34200.00,ACTIVE,AW2-2024-01398,32800.00,2025-01-01T12:00:00Z,2025-02-12,2026-02-12,2026-08-31T23:59:00Z
EP2-001399,LP-2025-01399,R0003,SOC,S020,Fellowship,2025-01-14T12:00:00Z,64000.00,ACTIVE,AW2-2025-01399,59300.00,2025-04-22T12:00:00Z,2025-06-28,2026-12-20,2026-08-31T23:59:00Z
EP2-001400,LP-2024-01400,R0037,BUS,S022,Fellowship,2024-08-29T12:00:00Z,247200.00,CLOSED,AW2-2024-01400,229500.00,2025-02-20T12:00:00Z,2025-03-21,2027-03-21,2026-08-31T23:59:00Z
EP2-001401,LP-2024-01401,R0063,HSC,S007,Research Project,2024-10-12T12:00:00Z,982500.00,CLOSED,AW2-2024-01401,893000.00,2025-02-19T12:00:00Z,2025-04-24,2026-04-24,2026-08-31T23:59:00Z
EP2-001402,LP-2025-01402,R0084,HUM,S023,Training Grant,2025-06-22T12:00:00Z,256000.00,ACTIVE,AW2-2025-01402,212900.00,2025-10-05T12:00:00Z,2025-11-29,2027-05-23,2026-08-31T23:59:00Z
EP2-001403,LP-2024-01403,R0095,HSC,S024,Research Project,2024-04-11T12:00:00Z,137400.00,NOT_FUNDED,,0.00,2024-09-10T12:00:00Z,,,2026-08-31T23:59:00Z
EP2-001404,LP-2023-01404,R0082,ENG,S003,Training Grant,2023-04-02T12:00:00Z,173600.00,ACTIVE,AW2-2023-01404,126100.00,2023-08-18T12:00:00Z,2023-09-30,2025-03-23,2026-08-31T23:59:00Z
EP2-001405,LP-2023-01405,R0074,ENG,S003,Research Project,2023-01-02T12:00:00Z,83900.00,CLOSED,AW2-2023-01405,74500.00,2023-04-21T12:00:00Z,2023-05-08,2025-05-07,2026-08-31T23:59:00Z
EP2-001406,LP-2023-01406,R0124,HUM,S023,Fellowship,2023-01-12T12:00:00Z,95100.00,WITHDRAWN,,0.00,2023-06-29T12:00:00Z,,,2026-08-31T23:59:00Z
EP2-001407,LP-2023-01407,R0034,ENG,S012,Research Project,2023-09-23T12:00:00Z,31900.00,ACTIVE,AW2-2023-01407,29900.00,2024-01-15T12:00:00Z,2024-03-27,2025-03-27,2026-08-31T23:59:00Z
EP2-001408,LP-2023-01408,R0076,HUM,S023,Research Project,2023-02-21T12:00:00Z,196600.00,CLOSED,AW2-2023-01408,174300.00,2023-05-12T12:00:00Z,2023-07-17,2025-01-07,2026-08-31T23:59:00Z
EP2-001409,LP-2026-01409,R0072,ARC,S022,Research Project,2026-08-08T12:00:00Z,18100.00,SUBMITTED,,0.00,,,,2026-08-31T23:59:00Z
EP2-001410,LP-2024-01410,R0116,HUM,S016,Internal Seed,2024-05-11T12:00:00Z,31900.00,NOT_FUNDED,,0.00,2024-07-04T12:00:00Z,,,2026-08-31T23:59:00Z
EP2-001411,LP-2026-01411,R0155,SOC,S023,Research Project,2026-03-14T12:00:00Z,110700.00,NOT_FUNDED,,0.00,2026-08-31T12:00:00Z,,,2026-08-31T23:59:00Z
EP2-001412,LP-2023-01412,R0143,HSC,S002,Research Project,2023-12-12T12:00:00Z,228900.00,NOT_FUNDED,,0.00,2024-05-08T12:00:00Z,,,2026-08-31T23:59:00Z
EP2-001413,LP-2025-01413,R0059,SOC,S009,Research Project,2025-03-30T12:00:00Z,118500.00,ACTIVE,AW2-2025-01413,76800.00,2025-07-13T12:00:00Z,2025-09-18,2027-03-12,2026-08-31T23:59:00Z
EP2-001414,LP-2024-01414,R0080,ARC,S003,Equipment,2024-07-30T12:00:00Z,15000.00,CLOSED,AW2-2024-01414,14100.00,2024-10-28T12:00:00Z,2024-11-28,2027-11-28,2026-08-31T23:59:00Z
EP2-001415,LP-2023-01415,R0120,ARC,S002,Research Project,2023-11-05T12:00:00Z,330300.00,NOT_FUNDED,,0.00,2024-02-25T12:00:00Z,,,2026-08-31T23:59:00Z
EP2-001416,LP-2026-01416,R0147,SOC,S007,Research Project,2026-05-12T12:00:00Z,87400.00,WITHDRAWN,,0.00,2026-08-31T12:00:00Z,,,2026-08-31T23:59:00Z
EP2-001417,LP-2026-01417,R0163,SOC,S004,Training Grant,2026-03-21T12:00:00Z,114600.00,ACTIVE,AW2-2026-01417,79400.00,2026-08-31T12:00:00Z,2026-10-03,2028-03-26,2026-08-31T23:59:00Z
EP2-001418,LP-2024-01418,R0145,LAW,S008,Research Project,2024-07-28T12:00:00Z,195500.00,CLOSED,AW2-2024-01418,166900.00,2024-10-23T12:00:00Z,2025-01-04,2027-01-04,2026-08-31T23:59:00Z
EP2-001419,LP-2023-01419,R0148,HUM,S002,Training Grant,2023-05-19T12:00:00Z,89900.00,NOT_FUNDED,,0.00,2023-08-14T12:00:00Z,,,2026-08-31T23:59:00Z
EP2-001420,LP-2025-01420,R0071,HSC,S002,Fellowship,2025-03-09T12:00:00Z,163400.00,NOT_FUNDED,,0.00,2025-05-18T12:00:00Z,,,2026-08-31T23:59:00Z
EP2-001421,LP-2024-01421,R0076,HUM,S025,Research Project,2024-07-15T12:00:00Z,184000.00,NOT_FUNDED,,0.00,2024-10-18T12:00:00Z,,,2026-08-31T23:59:00Z
EP2-001422,LP-2024-01422,R0091,SOC,S005,Research Project,2024-03-25T12:00:00Z,120400.00,ACTIVE,AW2-2024-01422,114500.00,2024-05-24T12:00:00Z,2024-06-20,2025-06-20,2026-08-31T23:59:00Z
EP2-001423,LP-2025-01423,R0092,HUM,S002,Research Project,2025-08-15T12:00:00Z,63000.00,CLOSED,AW2-2025-01423,53000.00,2026-01-06T12:00:00Z,2026-03-15,2029-03-14,2026-08-31T23:59:00Z
EP2-001424,LP-2024-01424,R0068,HUM,S025,Research Project,2024-02-25T12:00:00Z,150000.00,NOT_FUNDED,,0.00,2024-05-24T12:00:00Z,,,2026-08-31T23:59:00Z
EP2-001425,LP-2025-01425,R0030,SCI,S008,Research Project,2025-11-04T12:00:00Z,78200.00,ACTIVE,AW2-2025-01425,63400.00,2026-05-12T12:00:00Z,2026-05-25,2028-05-24,2026-08-31T23:59:00Z
EP2-001426,LP-2024-01426,R0015,HSC,S005,Research Project,2024-11-29T12:00:00Z,95700.00,ACTIVE,AW2-2024-01426,90800.00,2025-01-18T12:00:00Z,2025-02-16,2027-02-16,2026-08-31T23:59:00Z
EP2-001427,LP-2024-01427,R0016,ARC,S021,Fellowship,2024-04-28T12:00:00Z,66500.00,NOT_FUNDED,,0.00,2024-09-23T12:00:00Z,,,2026-08-31T23:59:00Z
EP2-001428,LP-2026-01428,R0035,SOC,S016,Research Project,2026-04-17T12:00:00Z,146700.00,WITHDRAWN,,0.00,2026-08-31T12:00:00Z,,,2026-08-31T23:59:00Z
EP2-001429,LP-2025-01429,R0037,BUS,S006,Research Project,2025-11-06T12:00:00Z,407700.00,CLOSED,AW2-2025-01429,346900.00,2026-04-24T12:00:00Z,2026-07-01,2029-06-30,2026-08-31T23:59:00Z
EP2-001430,LP-2025-01430,R0116,HUM,S002,Fellowship,2025-04-26T12:00:00Z,60600.00,AWARDED,AW2-2025-01430,44100.00,2025-06-13T12:00:00Z,2025-07-08,2026-07-08,2026-08-31T23:59:00Z
EP2-001431,LP-2025-01431,R0180,HUM,S012,Internal Seed,2025-10-08T12:00:00Z,57200.00,ACTIVE,AW2-2025-01431,54900.00,2025-12-26T12:00:00Z,2026-02-03,2028-02-03,2026-08-31T23:59:00Z
EP2-001432,LP-2023-01432,R0002,ENG,S008,Internal Seed,2023-10-30T12:00:00Z,356600.00,NOT_FUNDED,,0.00,2024-02-19T12:00:00Z,,,2026-08-31T23:59:00Z
EP2-001433,LP-2023-01433,R0016,ARC,S020,Research Project,2023-06-20T12:00:00Z,312500.00,CLOSED,AW2-2023-01433,194800.00,2023-11-21T12:00:00Z,2024-01-06,2027-01-05,2026-08-31T23:59:00Z
EP2-001434,LP-2025-01434,R0037,BUS,S020,Research Project,2025-11-02T12:00:00Z,324400.00,NOT_FUNDED,,0.00,2026-02-02T12:00:00Z,,,2026-08-31T23:59:00Z
EP2-001435,LP-2023-01435,R0131,SOC,S023,Internal Seed,2023-06-10T12:00:00Z,108200.00,CLOSED,AW2-2023-01435,97800.00,2023-10-15T12:00:00Z,2023-11-23,2025-11-22,2026-08-31T23:59:00Z
EP2-001436,LP-2025-01436,R0096,ARC,S006,Research Project,2025-01-01T12:00:00Z,167300.00,NOT_FUNDED,,0.00,2025-03-06T12:00:00Z,,,2026-08-31T23:59:00Z
EP2-001437,LP-2024-01437,R0040,ARC,S013,Research Project,2024-12-13T12:00:00Z,58300.00,NOT_FUNDED,,0.00,2025-05-15T12:00:00Z,,,2026-08-31T23:59:00Z
EP2-001438,LP-2026-01438,R0008,ARC,S021,Training Grant,2026-03-05T12:00:00Z,203500.00,ACTIVE,AW2-2026-01438,162200.00,2026-05-21T12:00:00Z,2026-07-24,2029-07-23,2026-08-31T23:59:00Z
EP2-001439,LP-2024-01439,R0017,LAW,S019,Fellowship,2024-09-23T12:00:00Z,199500.00,NOT_FUNDED,,0.00,2024-11-19T12:00:00Z,,,2026-08-31T23:59:00Z
EP2-001440,LP-2026-01440,R0141,BUS,S003,Research Project,2026-03-11T12:00:00Z,72700.00,ACTIVE,AW2-2026-01440,54200.00,2026-06-20T12:00:00Z,2026-07-17,2028-01-08,2026-08-31T23:59:00Z
EP2-001441,LP-2024-01441,R0082,ENG,S016,Research Project,2024-05-29T12:00:00Z,34900.00,NOT_FUNDED,,0.00,2024-07-31T12:00:00Z,,,2026-08-31T23:59:00Z
EP2-001442,LP-2025-01442,R0166,SCI,S010,Research Project,2025-09-26T12:00:00Z,106400.00,NOT_FUNDED,,0.00,2025-11-28T12:00:00Z,,,2026-08-31T23:59:00Z
EP2-001443,LP-2023-01443,R0173,BUS,S017,Research Project,2023-02-25T12:00:00Z,86000.00,NOT_FUNDED,,0.00,2023-05-09T12:00:00Z,,,2026-08-31T23:59:00Z
EP2-001444,LP-2026-01444,R0050,ENG,S005,Training Grant,2026-06-25T12:00:00Z,73000.00,ACTIVE,AW2-2026-01444,46900.00,2026-08-31T12:00:00Z,2026-09-18,2029-09-17,2026-08-31T23:59:00Z
EP2-001445,LP-2024-01445,R0033,LAW,S001,Equipment,2024-08-17T12:00:00Z,45700.00,CLOSED,AW2-2024-01445,32500.00,2024-10-12T12:00:00Z,2024-11-17,2025-11-17,2026-08-31T23:59:00Z
EP2-001446,LP-2023-01446,R0002,ENG,S019,Training Grant,2023-05-06T12:00:00Z,99500.00,NOT_FUNDED,,0.00,2023-06-24T12:00:00Z,,,2026-08-31T23:59:00Z
EP2-001447,LP-2025-01447,R0081,LAW,S003,Training Grant,2025-10-03T12:00:00Z,236400.00,NOT_FUNDED,,0.00,2025-11-15T12:00:00Z,,,2026-08-31T23:59:00Z
EP2-001448,LP-2026-01448,R0155,SOC,S016,Equipment,2026-03-30T12:00:00Z,178200.00,CLOSED,AW2-2026-01448,148000.00,2026-08-13T12:00:00Z,2026-09-01,2028-02-23,2026-08-31T23:59:00Z
EP2-001449,LP-2025-01449,R0035,SOC,S001,Research Project,2025-08-22T12:00:00Z,184300.00,NOT_FUNDED,,0.00,2026-01-07T12:00:00Z,,,2026-08-31T23:59:00Z
EP2-001450,LP-2023-01450,R0053,BUS,S008,Research Project,2023-02-01T12:00:00Z,36700.00,ACTIVE,AW2-2023-01450,30700.00,2023-05-12T12:00:00Z,2023-05-29,2024-05-28,2026-08-31T23:59:00Z
EP2-001451,LP-2025-01451,R0096,ARC,S014,Research Project,2025-12-18T12:00:00Z,217900.00,AWARDED,AW2-2025-01451,146100.00,2026-03-16T12:00:00Z,2026-04-20,2028-04-19,2026-08-31T23:59:00Z
EP2-001452,LP-2025-01452,R0047,HSC,S015,Training Grant,2025-01-28T12:00:00Z,38700.00,ACTIVE,AW2-2025-01452,28400.00,2025-04-24T12:00:00Z,2025-06-17,2027-06-17,2026-08-31T23:59:00Z
EP2-001453,LP-2025-01453,R0162,ENG,S006,Internal Seed,2025-07-07T12:00:00Z,296800.00,NOT_FUNDED,,0.00,2025-12-03T12:00:00Z,,,2026-08-31T23:59:00Z
EP2-001454,LP-2024-01454,R0134,SCI,S002,Research Project,2024-05-02T12:00:00Z,259900.00,NOT_FUNDED,,0.00,2024-11-07T12:00:00Z,,,2026-08-31T23:59:00Z
EP2-001455,LP-2025-01455,R0161,LAW,S001,Research Project,2025-01-31T12:00:00Z,163700.00,ACTIVE,AW2-2025-01455,138300.00,2025-07-15T12:00:00Z,2025-08-13,2027-08-13,2026-08-31T23:59:00Z
EP2-001456,LP-2025-01456,R0143,HSC,S006,Research Project,2025-01-09T12:00:00Z,155900.00,AWARDED,AW2-2025-01456,131400.00,2025-06-27T12:00:00Z,2025-08-17,2026-08-17,2026-08-31T23:59:00Z
EP2-001457,LP-2024-01457,R0029,BUS,S005,Research Project,2024-01-31T12:00:00Z,124700.00,CLOSED,AW2-2024-01457,89000.00,2024-04-17T12:00:00Z,2024-05-08,2025-10-30,2026-08-31T23:59:00Z
EP2-001458,LP-2024-01458,R0134,SCI,S001,Training Grant,2024-07-07T12:00:00Z,52700.00,NOT_FUNDED,,0.00,2024-09-22T12:00:00Z,,,2026-08-31T23:59:00Z
EP2-001459,LP-2023-01459,R0042,ENG,S014,Fellowship,2023-09-10T12:00:00Z,126300.00,CLOSED,AW2-2023-01459,89700.00,2024-01-12T12:00:00Z,2024-03-01,2025-03-01,2026-08-31T23:59:00Z
EP2-001460,LP-2025-01460,R0051,SOC,S018,Fellowship,2025-11-11T12:00:00Z,95300.00,ACTIVE,AW2-2025-01460,70200.00,2026-04-17T12:00:00Z,2026-05-19,2028-05-18,2026-08-31T23:59:00Z
EP2-001461,LP-2024-01461,R0137,LAW,S006,Equipment,2024-01-25T12:00:00Z,118800.00,ACTIVE,AW2-2024-01461,76500.00,2024-07-09T12:00:00Z,2024-08-08,2027-08-08,2026-08-31T23:59:00Z
EP2-001462,LP-2023-01462,R0146,ENG,S006,Training Grant,2023-04-03T12:00:00Z,92500.00,NOT_FUNDED,,0.00,2023-06-12T12:00:00Z,,,2026-08-31T23:59:00Z
EP2-001463,LP-2025-01463,R0115,SOC,S002,Research Project,2025-03-20T12:00:00Z,378500.00,ACTIVE,AW2-2025-01463,325700.00,2025-05-07T12:00:00Z,2025-07-19,2027-07-19,2026-08-31T23:59:00Z
EP2-001464,LP-2024-01464,R0159,HSC,S003,Research Project,2024-11-11T12:00:00Z,58000.00,NOT_FUNDED,,0.00,2025-04-13T12:00:00Z,,,2026-08-31T23:59:00Z
EP2-001465,LP-2025-01465,R0148,HUM,S004,Research Project,2025-03-10T12:00:00Z,181700.00,LEGACY_ONLY,AW2-2025-01465,115000.00,2025-08-13T12:00:00Z,2025-10-20,2028-10-19,2026-08-31T23:59:00Z
EP2-001466,LP-2025-01466,R0129,LAW,S007,Research Project,2025-08-01T12:00:00Z,180700.00,ACTIVE,AW2-2025-01466,159900.00,2026-01-03T12:00:00Z,2026-02-09,2028-02-09,2026-08-31T23:59:00Z
EP2-001467,LP-2025-01467,R0157,BUS,S011,Research Project,2025-05-31T12:00:00Z,36000.00,ACTIVE,AW2-2025-01467,28600.00,2025-08-31T12:00:00Z,2025-09-30,2027-09-30,2026-08-31T23:59:00Z
EP2-001468,LP-2024-01468,R0036,HUM,S024,Research Project,2024-03-18T12:00:00Z,42300.00,CLOSED,AW2-2024-01468,39400.00,2024-08-29T12:00:00Z,2024-09-30,2025-09-30,2026-08-31T23:59:00Z
EP2-001469,LP-2024-01469,R0159,HSC,S016,Research Project,2024-01-02T12:00:00Z,617500.00,NOT_FUNDED,,0.00,2024-05-16T12:00:00Z,,,2026-08-31T23:59:00Z
EP2-001470,LP-2023-01470,R0119,HSC,S022,Research Project,2023-10-19T12:00:00Z,94700.00,CLOSED,AW2-2023-01470,82600.00,2023-12-27T12:00:00Z,2024-03-11,2025-09-02,2026-08-31T23:59:00Z
EP2-001471,LP-2023-01471,R0026,ENG,S010,Research Project,2023-07-04T12:00:00Z,45800.00,WITHDRAWN,,0.00,2023-12-15T12:00:00Z,,,2026-08-31T23:59:00Z
EP2-001472,LP-2025-01472,R0154,ENG,S005,Fellowship,2025-11-18T12:00:00Z,308900.00,NOT_FUNDED,,0.00,2026-05-01T12:00:00Z,,,2026-08-31T23:59:00Z
EP2-001473,LP-2023-01473,R0035,SOC,S003,Fellowship,2023-11-02T12:00:00Z,33800.00,WITHDRAWN,,0.00,2023-12-12T12:00:00Z,,,2026-08-31T23:59:00Z
EP2-001474,LP-2023-01474,R0029,BUS,S014,Equipment,2023-09-08T12:00:00Z,113000.00,ACTIVE,AW2-2023-01474,74000.00,2023-12-22T12:00:00Z,2024-01-25,2027-01-24,2026-08-31T23:59:00Z
EP2-001475,LP-2023-01475,R0064,ARC,S008,Research Project,2023-07-01T12:00:00Z,78900.00,CLOSED,AW2-2023-01475,56000.00,2024-01-04T12:00:00Z,2024-02-21,2025-02-20,2026-08-31T23:59:00Z
EP2-001476,LP-2025-01476,R0129,LAW,S024,Research Project,2025-01-27T12:00:00Z,987900.00,NOT_FUNDED,,0.00,2025-06-12T12:00:00Z,,,2026-08-31T23:59:00Z
EP2-001477,LP-2025-01477,R0095,HSC,S024,Research Project,2025-06-23T12:00:00Z,122500.00,NOT_FUNDED,,0.00,2025-07-29T12:00:00Z,,,2026-08-31T23:59:00Z
EP2-001478,LP-2024-01478,R0039,HSC,S020,Research Project,2024-04-08T12:00:00Z,28500.00,NOT_FUNDED,,0.00,2024-09-21T12:00:00Z,,,2026-08-31T23:59:00Z
EP2-001479,LP-2025-01479,R0017,LAW,S008,Research Project,2025-01-14T12:00:00Z,103000.00,AWARDED,AW2-2025-01479,84900.00,2025-06-05T12:00:00Z,2025-07-19,2027-07-19,2026-08-31T23:59:00Z
EP2-001480,LP-2024-01480,R0152,ARC,S003,Fellowship,2024-08-22T12:00:00Z,814400.00,CLOSED,AW2-2024-01480,600300.00,2025-01-06T12:00:00Z,2025-02-10,2028-02-10,2026-08-31T23:59:00Z
EP2-001481,LP-2024-01481,R0010,ENG,S023,Research Project,2024-08-31T12:00:00Z,170000.00,ACTIVE,AW2-2024-01481,137100.00,2024-11-16T12:00:00Z,2024-12-17,2026-12-17,2026-08-31T23:59:00Z
EP2-001482,LP-2023-01482,R0158,SCI,S023,Research Project,2023-07-28T12:00:00Z,170900.00,ACTIVE,AW2-2023-01482,140400.00,2023-10-02T12:00:00Z,2023-11-27,2024-11-26,2026-08-31T23:59:00Z
EP2-001483,LP-2026-01483,R0139,SOC,S019,Research Project,2026-07-15T12:00:00Z,126900.00,AWARDED,AW2-2026-01483,122800.00,2026-08-31T12:00:00Z,2026-10-10,2028-04-02,2026-08-31T23:59:00Z
EP2-001484,LP-2026-01484,R0170,ENG,S021,Research Project,2026-02-09T12:00:00Z,114400.00,ACTIVE,AW2-2026-01484,100700.00,2026-08-14T12:00:00Z,2026-09-19,2029-09-18,2026-08-31T23:59:00Z
EP2-001485,LP-2026-01485,R0047,HSC,S002,Research Project,2026-07-28T12:00:00Z,198600.00,SUBMITTED,,0.00,,,,2026-08-31T23:59:00Z
EP2-001486,LP-2024-01486,R0088,ARC,S023,Research Project,2024-04-01T12:00:00Z,104900.00,WITHDRAWN,,0.00,2024-08-15T12:00:00Z,,,2026-08-31T23:59:00Z
EP2-001487,LP-2024-01487,R0040,ARC,S023,Research Project,2024-08-10T12:00:00Z,974800.00,CLOSED,AW2-2024-01487,703000.00,2025-01-05T12:00:00Z,2025-02-09,2026-02-09,2026-08-31T23:59:00Z
EP2-001488,LP-2024-01488,R0023,HSC,S015,Research Project,2024-03-25T12:00:00Z,317200.00,WITHDRAWN,,0.00,2024-08-02T12:00:00Z,,,2026-08-31T23:59:00Z
EP2-001489,LP-2024-01489,R0072,ARC,S010,Equipment,2024-06-07T12:00:00Z,41200.00,ACTIVE,AW2-2024-01489,34900.00,2024-08-31T12:00:00Z,2024-10-15,2025-10-15,2026-08-31T23:59:00Z
EP2-001490,LP-2026-01490,R0143,HSC,S006,Fellowship,2026-03-06T12:00:00Z,430200.00,ACTIVE,AW2-2026-01490,386200.00,2026-07-31T12:00:00Z,2026-08-16,2029-08-15,2026-08-31T23:59:00Z
EP2-001491,LP-2025-01491,R0098,ENG,S005,Fellowship,2025-12-03T12:00:00Z,127700.00,ACTIVE,AW2-2025-01491,115700.00,2026-04-17T12:00:00Z,2026-06-15,2027-06-15,2026-08-31T23:59:00Z
EP2-001492,LP-2025-01492,R0066,ENG,S008,Fellowship,2025-10-23T12:00:00Z,92600.00,CLOSED,AW2-2025-01492,69000.00,2026-04-24T12:00:00Z,2026-06-06,2028-06-05,2026-08-31T23:59:00Z
EP2-001493,LP-2026-01493,R0015,HSC,S021,Internal Seed,2026-06-25T12:00:00Z,139200.00,UNDER_REVIEW,,0.00,,,,2026-08-31T23:59:00Z
EP2-001494,LP-2024-01494,R0110,SCI,S003,Internal Seed,2024-08-03T12:00:00Z,65300.00,ACTIVE,AW2-2024-01494,58500.00,2025-02-04T12:00:00Z,2025-03-10,2028-03-09,2026-08-31T23:59:00Z
EP2-001495,LP-2024-01495,R0121,LAW,S012,Research Project,2024-03-15T12:00:00Z,166500.00,ACTIVE,AW2-2024-01495,157900.00,2024-09-01T12:00:00Z,2024-10-12,2027-10-12,2026-08-31T23:59:00Z
EP2-001496,LP-2025-01496,R0064,ARC,S010,Fellowship,2025-08-07T12:00:00Z,190900.00,NOT_FUNDED,,0.00,2025-11-19T12:00:00Z,,,2026-08-31T23:59:00Z
EP2-001497,LP-2023-01497,R0028,HUM,S014,Research Project,2023-12-10T12:00:00Z,28800.00,NOT_FUNDED,,0.00,2024-06-11T12:00:00Z,,,2026-08-31T23:59:00Z
EP2-001498,LP-2023-01498,R0042,ENG,S005,Research Project,2023-08-12T12:00:00Z,22900.00,NOT_FUNDED,,0.00,2024-02-01T12:00:00Z,,,2026-08-31T23:59:00Z
EP2-001499,LP-2025-01499,R0073,LAW,S009,Internal Seed,2025-06-29T12:00:00Z,164500.00,NOT_FUNDED,,0.00,2025-09-05T12:00:00Z,,,2026-08-31T23:59:00Z
EP2-001500,LP-2026-01500,R0110,SCI,S020,Fellowship,2026-07-05T12:00:00Z,45700.00,UNDER_REVIEW,,0.00,,,,2026-08-31T23:59:00Z
EP2-001501,LP-2025-01501,R0097,LAW,S014,Training Grant,2025-05-29T12:00:00Z,50700.00,ACTIVE,AW2-2025-01501,33300.00,2025-10-08T12:00:00Z,2025-12-02,2027-05-26,2026-08-31T23:59:00Z
EP2-001502,LP-2025-01502,R0098,ENG,S010,Research Project,2025-11-03T12:00:00Z,96900.00,NOT_FUNDED,,0.00,2026-02-15T12:00:00Z,,,2026-08-31T23:59:00Z
EP2-001503,LP-2023-01503,R0052,HUM,S013,Research Project,2023-05-17T12:00:00Z,332000.00,ACTIVE,AW2-2023-01503,269100.00,2023-07-23T12:00:00Z,2023-10-02,2024-10-01,2026-08-31T23:59:00Z
EP2-001504,LP-2024-01504,R0137,LAW,S007,Equipment,2024-09-06T12:00:00Z,97700.00,NOT_FUNDED,,0.00,2025-01-31T12:00:00Z,,,2026-08-31T23:59:00Z
EP2-001505,LP-2026-01505,R0153,LAW,S005,Equipment,2026-01-27T12:00:00Z,99500.00,ACTIVE,AW2-2026-01505,94600.00,2026-07-25T12:00:00Z,2026-10-04,2028-03-27,2026-08-31T23:59:00Z
EP2-001506,LP-2023-01506,R0013,BUS,S010,Equipment,2023-01-08T12:00:00Z,188600.00,NOT_FUNDED,,0.00,2023-05-14T12:00:00Z,,,2026-08-31T23:59:00Z
EP2-001507,LP-2025-01507,R0173,BUS,S022,Training Grant,2025-12-28T12:00:00Z,101100.00,AWARDED,AW2-2025-01507,92100.00,2026-03-28T12:00:00Z,2026-05-29,2029-05-28,2026-08-31T23:59:00Z
EP2-001508,LP-2024-01508,R0152,ARC,S008,Research Project,2024-07-20T12:00:00Z,59700.00,NOT_FUNDED,,0.00,2024-12-24T12:00:00Z,,,2026-08-31T23:59:00Z
EP2-001509,LP-2024-01509,R0077,BUS,S001,Research Project,2024-03-14T12:00:00Z,169100.00,CLOSED,AW2-2024-01509,150100.00,2024-07-13T12:00:00Z,2024-08-05,2025-08-05,2026-08-31T23:59:00Z
EP2-001510,LP-2023-01510,R0041,LAW,S008,Research Project,2023-09-09T12:00:00Z,149300.00,NOT_FUNDED,,0.00,2023-11-25T12:00:00Z,,,2026-08-31T23:59:00Z
EP2-001511,LP-2025-01511,R0070,SCI,S016,Research Project,2025-05-03T12:00:00Z,196500.00,AWARDED,AW2-2025-01511,145800.00,2025-09-09T12:00:00Z,2025-10-13,2028-10-12,2026-08-31T23:59:00Z
EP2-001512,LP-2024-01512,R0017,LAW,S020,Training Grant,2024-05-22T12:00:00Z,78700.00,NOT_FUNDED,,0.00,2024-10-13T12:00:00Z,,,2026-08-31T23:59:00Z
EP2-001513,LP-2026-01513,R0132,HUM,S003,Research Project,2026-03-06T12:00:00Z,49000.00,AWARDED,AW2-2026-01513,32500.00,2026-05-04T12:00:00Z,2026-06-09,2027-12-01,2026-08-31T23:59:00Z
EP2-001514,LP-2024-01514,R0123,SOC,S019,Research Project,2024-12-28T12:00:00Z,199000.00,AWARDED,AW2-2024-01514,152000.00,2025-02-22T12:00:00Z,2025-04-07,2028-04-06,2026-08-31T23:59:00Z
EP2-001515,LP-2024-01515,R0071,HSC,S012,Research Project,2024-09-27T12:00:00Z,124800.00,CLOSED,AW2-2024-01515,93600.00,2025-02-16T12:00:00Z,2025-03-09,2026-03-09,2026-08-31T23:59:00Z
EP2-001516,LP-2025-01516,R0176,ARC,S024,Internal Seed,2025-03-24T12:00:00Z,39600.00,AWARDED,AW2-2025-01516,29300.00,2025-06-12T12:00:00Z,2025-07-25,2026-07-25,2026-08-31T23:59:00Z
EP2-001517,LP-2023-01517,R0134,SCI,S005,Research Project,2023-12-16T12:00:00Z,180500.00,CLOSED,AW2-2023-01517,142500.00,2024-02-28T12:00:00Z,2024-05-08,2025-10-30,2026-08-31T23:59:00Z
EP2-001518,LP-2025-01518,R0030,SCI,S002,Research Project,2025-09-02T12:00:00Z,91300.00,NOT_FUNDED,,0.00,2025-12-07T12:00:00Z,,,2026-08-31T23:59:00Z
EP2-001519,LP-2023-01519,R0109,BUS,S025,Internal Seed,2023-06-30T12:00:00Z,58800.00,NOT_FUNDED,,0.00,2023-09-08T12:00:00Z,,,2026-08-31T23:59:00Z
EP2-001520,LP-2023-01520,R0084,HUM,S008,Research Project,2023-08-06T12:00:00Z,314800.00,NOT_FUNDED,,0.00,2023-12-20T12:00:00Z,,,2026-08-31T23:59:00Z
EP2-001521,LP-2025-01521,R0055,HSC,S014,Research Project,2025-10-18T12:00:00Z,602100.00,NOT_FUNDED,,0.00,2026-02-12T12:00:00Z,,,2026-08-31T23:59:00Z
EP2-001522,LP-2024-01522,R0065,LAW,S017,Research Project,2024-12-01T12:00:00Z,164700.00,AWARDED,AW2-2024-01522,148900.00,2025-01-07T12:00:00Z,2025-03-10,2026-03-10,2026-08-31T23:59:00Z
EP2-001523,LP-2026-01523,R0118,SCI,S001,Internal Seed,2026-01-25T12:00:00Z,350800.00,ACTIVE,AW2-2026-01523,287200.00,2026-04-09T12:00:00Z,2026-04-19,2028-04-18,2026-08-31T23:59:00Z
EP2-001524,LP-2025-01524,R0066,ENG,S002,Research Project,2025-06-24T12:00:00Z,41700.00,ACTIVE,AW2-2025-01524,35400.00,2025-12-09T12:00:00Z,2025-12-25,2028-12-24,2026-08-31T23:59:00Z
EP2-001525,LP-2023-01525,R0165,BUS,S015,Internal Seed,2023-05-01T12:00:00Z,243200.00,NOT_FUNDED,,0.00,2023-09-06T12:00:00Z,,,2026-08-31T23:59:00Z
EP2-001526,LP-2024-01526,R0003,SOC,S005,Research Project,2024-03-24T12:00:00Z,167700.00,NOT_FUNDED,,0.00,2024-08-12T12:00:00Z,,,2026-08-31T23:59:00Z
EP2-001527,LP-2025-01527,R0110,SCI,S021,Training Grant,2025-10-14T12:00:00Z,59800.00,NOT_FUNDED,,0.00,2025-12-06T12:00:00Z,,,2026-08-31T23:59:00Z
EP2-001528,LP-2026-01528,R0014,SCI,S005,Research Project,2026-07-04T12:00:00Z,68400.00,NOT_FUNDED,,0.00,2026-08-31T12:00:00Z,,,2026-08-31T23:59:00Z
EP2-001529,LP-2025-01529,R0057,LAW,S025,Research Project,2025-06-15T12:00:00Z,378300.00,NOT_FUNDED,,0.00,2025-11-05T12:00:00Z,,,2026-08-31T23:59:00Z
EP2-001530,LP-2023-01530,R0063,HSC,S021,Equipment,2023-01-18T12:00:00Z,28600.00,ACTIVE,AW2-2023-01530,25200.00,2023-07-04T12:00:00Z,2023-08-25,2025-08-24,2026-08-31T23:59:00Z
EP2-001531,LP-2026-01531,R0134,SCI,S008,Research Project,2026-07-27T12:00:00Z,80400.00,UNDER_REVIEW,,0.00,,,,2026-08-31T23:59:00Z
EP2-001532,LP-2026-01532,R0067,SOC,S025,Fellowship,2026-05-03T12:00:00Z,98800.00,ACTIVE,AW2-2026-01532,65400.00,2026-08-07T12:00:00Z,2026-08-21,2027-08-21,2026-08-31T23:59:00Z
EP2-001533,LP-2026-01533,R0081,LAW,S002,Training Grant,2026-08-08T12:00:00Z,115500.00,UNDER_REVIEW,,0.00,,,,2026-08-31T23:59:00Z
EP2-001534,LP-2025-01534,R0072,ARC,S022,Research Project,2025-10-21T12:00:00Z,63000.00,AWARDED,AW2-2025-01534,59900.00,2026-04-29T12:00:00Z,2026-06-14,2027-06-14,2026-08-31T23:59:00Z
EP2-001535,LP-2023-01535,R0146,ENG,S019,Research Project,2023-02-01T12:00:00Z,37800.00,CLOSED,AW2-2023-01535,30300.00,2023-03-23T12:00:00Z,2023-05-21,2026-05-20,2026-08-31T23:59:00Z
EP2-001536,LP-2023-01536,R0120,ARC,S008,Research Project,2023-08-12T12:00:00Z,59900.00,NOT_FUNDED,,0.00,2023-12-10T12:00:00Z,,,2026-08-31T23:59:00Z
EP2-001537,LP-2025-01537,R0137,LAW,S002,Training Grant,2025-09-06T12:00:00Z,218500.00,CLOSED,AW2-2025-01537,137300.00,2026-01-13T12:00:00Z,2026-02-22,2029-02-21,2026-08-31T23:59:00Z
EP2-001538,LP-2024-01538,R0142,SCI,S011,Equipment,2024-03-25T12:00:00Z,554500.00,NOT_FUNDED,,0.00,2024-09-26T12:00:00Z,,,2026-08-31T23:59:00Z
EP2-001539,LP-2025-01539,R0112,ARC,S003,Fellowship,2025-07-01T12:00:00Z,376800.00,ACTIVE,AW2-2025-01539,258700.00,2025-11-25T12:00:00Z,2025-12-29,2027-12-29,2026-08-31T23:59:00Z
EP2-001540,LP-2024-01540,R0093,BUS,S003,Research Project,2024-05-04T12:00:00Z,79900.00,NOT_FUNDED,,0.00,2024-06-08T12:00:00Z,,,2026-08-31T23:59:00Z
EP2-001541,LP-2025-01541,R0126,SCI,S006,Equipment,2025-05-16T12:00:00Z,84600.00,NOT_FUNDED,,0.00,2025-09-28T12:00:00Z,,,2026-08-31T23:59:00Z
EP2-001541-D,LP-2025-01541,R0126,SCI,S006,Equipment,2025-05-16T12:00:00Z,84600.00,NOT_FUNDED,,0.00,2025-09-28T12:00:00Z,,,2026-09-01T00:01:00Z
EP2-001542,LP-2025-01542,R0105,LAW,S005,Fellowship,2025-11-11T12:00:00Z,302700.00,CLOSED,AW2-2025-01542,265100.00,2026-04-13T12:00:00Z,2026-04-24,2029-04-23,2026-08-31T23:59:00Z
EP2-001543,LP-2025-01543,R0004,HUM,S023,Research Project,2025-04-16T12:00:00Z,47400.00,WITHDRAWN,,0.00,2025-05-24T12:00:00Z,,,2026-08-31T23:59:00Z
EP2-001544,LP-2023-01544,R0111,HSC,S005,Research Project,2023-08-12T12:00:00Z,125100.00,NOT_FUNDED,,0.00,2023-09-16T12:00:00Z,,,2026-08-31T23:59:00Z
EP2-001545,LP-2025-01545,R0007,HSC,S005,Research Project,2025-06-16T12:00:00Z,183800.00,NOT_FUNDED,,0.00,2025-11-27T12:00:00Z,,,2026-08-31T23:59:00Z
EP2-001546,LP-2023-01546,R0077,BUS,S001,Research Project,2023-10-12T12:00:00Z,45400.00,WITHDRAWN,,0.00,2024-02-26T12:00:00Z,,,2026-08-31T23:59:00Z
EP2-001547,LP-2024-01547,R0176,ARC,S013,Equipment,2024-08-27T12:00:00Z,39500.00,ACTIVE,AW2-2024-01547,24800.00,2024-10-27T12:00:00Z,2024-11-15,2025-11-15,2026-08-31T23:59:00Z
EP2-001548,LP-2025-01548,R0093,BUS,S004,Research Project,2025-08-17T12:00:00Z,114200.00,ACTIVE,AW2-2025-01548,112900.00,2025-12-10T12:00:00Z,2026-02-03,2027-07-28,2026-08-31T23:59:00Z
EP2-001549,LP-2024-01549,R0042,ENG,S020,Research Project,2024-01-18T12:00:00Z,83800.00,NOT_FUNDED,,0.00,2024-05-11T12:00:00Z,,,2026-08-31T23:59:00Z
EP2-001550,LP-2024-01550,R0114,ENG,S013,Fellowship,2024-01-16T12:00:00Z,121600.00,NOT_FUNDED,,0.00,2024-03-24T12:00:00Z,,,2026-08-31T23:59:00Z
EP2-001551,LP-2025-01551,R0170,ENG,S019,Research Project,2025-12-09T12:00:00Z,43100.00,WITHDRAWN,,0.00,2026-01-22T12:00:00Z,,,2026-08-31T23:59:00Z
EP2-001552,LP-2024-01552,R0013,BUS,S017,Research Project,2024-07-07T12:00:00Z,35300.00,WITHDRAWN,,0.00,2024-12-04T12:00:00Z,,,2026-08-31T23:59:00Z
EP2-001553,LP-2024-01553,R0176,ARC,S024,Research Project,2024-03-19T12:00:00Z,63800.00,ACTIVE,AW2-2024-01553,55800.00,2024-05-13T12:00:00Z,2024-06-11,2025-06-11,2026-08-31T23:59:00Z
EP2-001554,LP-2026-01554,R0046,SCI,S025,Equipment,2026-05-07T12:00:00Z,84800.00,ACTIVE,AW2-2026-01554,70500.00,2026-07-02T12:00:00Z,2026-09-04,2027-09-04,2026-08-31T23:59:00Z
EP2-001555,LP-2023-01555,R0007,HSC,S020,Research Project,2023-10-10T12:00:00Z,132900.00,ACTIVE,AW2-2023-01555,82800.00,2024-04-11T12:00:00Z,2024-05-19,2025-11-10,2026-08-31T23:59:00Z
EP2-001556,LP-2024-01556,R0031,HSC,S010,Research Project,2024-09-03T12:00:00Z,27800.00,CLOSED,AW2-2024-01556,18900.00,2025-01-01T12:00:00Z,2025-01-23,2027-01-23,2026-08-31T23:59:00Z
EP2-001557,LP-2026-01557,R0033,LAW,S003,Research Project,2026-04-04T12:00:00Z,57200.00,AWARDED,AW2-2026-01557,45900.00,2026-08-27T12:00:00Z,2026-09-08,2029-09-07,2026-08-31T23:59:00Z
EP2-001558,LP-2026-01558,R0171,SOC,S018,Research Project,2026-07-21T12:00:00Z,31600.00,SUBMITTED,,0.00,,,,2026-08-31T23:59:00Z
EP2-001559,LP-2025-01559,R0080,ARC,S021,Research Project,2025-05-30T12:00:00Z,49200.00,ACTIVE,AW2-2025-01559,40600.00,2025-10-28T12:00:00Z,2025-12-28,2028-12-27,2026-08-31T23:59:00Z
EP2-001560,LP-2024-01560,R0034,ENG,S023,Internal Seed,2024-06-10T12:00:00Z,44600.00,NOT_FUNDED,,0.00,2024-11-15T12:00:00Z,,,2026-08-31T23:59:00Z
EP2-001561,LP-2023-01561,R0173,BUS,S002,Research Project,2023-07-23T12:00:00Z,269900.00,CLOSED,AW2-2023-01561,226300.00,2023-10-20T12:00:00Z,2023-11-15,2025-05-08,2026-08-31T23:59:00Z
EP2-001562,LP-2023-01562,R0170,ENG,S002,Research Project,2023-03-20T12:00:00Z,192700.00,WITHDRAWN,,0.00,2023-09-07T12:00:00Z,,,2026-08-31T23:59:00Z
EP2-001563,LP-2026-01563,R0079,HSC,S025,Fellowship,2026-06-04T12:00:00Z,117000.00,UNDER_REVIEW,,0.00,,,,2026-08-31T23:59:00Z
EP2-001564,LP-2026-01564,R0159,HSC,S014,Research Project,2026-03-01T12:00:00Z,52200.00,NOT_FUNDED,,0.00,2026-06-21T12:00:00Z,,,2026-08-31T23:59:00Z
EP2-001565,LP-2023-01565,R0157,BUS,S006,Research Project,2023-03-26T12:00:00Z,125000.00,CLOSED,AW2-2023-01565,124900.00,2023-09-01T12:00:00Z,2023-09-21,2024-09-20,2026-08-31T23:59:00Z
EP2-001566,LP-2023-01566,R0043,SOC,S025,Fellowship,2023-06-23T12:00:00Z,1011500.00,ACTIVE,AW2-2023-01566,720300.00,2023-12-19T12:00:00Z,2024-01-25,2025-07-18,2026-08-31T23:59:00Z
EP2-001567,LP-2026-01567,R0101,BUS,S025,Research Project,2026-05-17T12:00:00Z,43400.00,NOT_FUNDED,,0.00,2026-08-31T12:00:00Z,,,2026-08-31T23:59:00Z
EP2-001568,LP-2024-01568,R0141,BUS,S017,Research Project,2024-12-05T12:00:00Z,244100.00,NOT_FUNDED,,0.00,2025-02-22T12:00:00Z,,,2026-08-31T23:59:00Z
EP2-001569,LP-2023-01569,R0060,HUM,S025,Research Project,2023-06-28T12:00:00Z,122600.00,NOT_FUNDED,,0.00,2023-09-10T12:00:00Z,,,2026-08-31T23:59:00Z
EP2-001570,LP-2026-01570,R0106,ENG,S002,Training Grant,2026-04-20T12:00:00Z,52900.00,ACTIVE,AW2-2026-01570,36100.00,2026-06-11T12:00:00Z,2026-07-04,2029-07-03,2026-08-31T23:59:00Z
EP2-001571,LP-2023-01571,R0108,HUM,S005,Research Project,2023-08-05T12:00:00Z,34900.00,ACTIVE,AW2-2023-01571,33200.00,2023-11-06T12:00:00Z,2024-01-13,2025-07-06,2026-08-31T23:59:00Z
EP2-001572,LP-2024-01572,R0042,ENG,S015,Research Project,2024-04-23T12:00:00Z,54100.00,NOT_FUNDED,,0.00,2024-09-01T12:00:00Z,,,2026-08-31T23:59:00Z
EP2-001573,LP-2025-01573,R0012,HUM,S005,Internal Seed,2025-04-28T12:00:00Z,241600.00,NOT_FUNDED,,0.00,2025-09-24T12:00:00Z,,,2026-08-31T23:59:00Z
EP2-001574,LP-2023-01574,R0066,ENG,S016,Equipment,2023-10-29T12:00:00Z,95400.00,CLOSED,AW2-2023-01574,69500.00,2024-02-26T12:00:00Z,2024-04-09,2027-04-09,2026-08-31T23:59:00Z
EP2-001575,LP-2023-01575,R0038,SCI,S002,Research Project,2023-03-02T12:00:00Z,234100.00,ACTIVE,AW2-2023-01575,212300.00,2023-06-17T12:00:00Z,2023-07-29,2025-01-19,2026-08-31T23:59:00Z
EP2-001576,LP-2023-01576,R0088,ARC,S014,Internal Seed,2023-06-14T12:00:00Z,100100.00,CLOSED,AW2-2023-01576,100100.00,2023-10-22T12:00:00Z,2023-12-02,2024-12-01,2026-08-31T23:59:00Z
EP2-001577,LP-2024-01577,R0133,BUS,S003,Training Grant,2024-03-29T12:00:00Z,175400.00,ACTIVE,AW2-2024-01577,139500.00,2024-05-05T12:00:00Z,2024-05-28,2025-11-19,2026-08-31T23:59:00Z
EP2-001578,LP-2026-01578,R0104,ARC,S005,Research Project,2026-02-09T12:00:00Z,172300.00,ACTIVE,AW2-2026-01578,148900.00,2026-06-12T12:00:00Z,2026-08-22,2028-02-13,2026-08-31T23:59:00Z
EP2-001579,LP-2026-01579,R0119,HSC,S025,Research Project,2026-07-22T12:00:00Z,1127300.00,UNDER_REVIEW,,0.00,,,,2026-08-31T23:59:00Z
EP2-001580,LP-2023-01580,R0138,ENG,S013,Equipment,2023-01-11T12:00:00Z,57000.00,ACTIVE,AW2-2023-01580,47600.00,2023-07-04T12:00:00Z,2023-07-17,2026-07-16,2026-08-31T23:59:00Z
EP2-001581,LP-2025-01581,R0064,ARC,S007,Research Project,2025-03-29T12:00:00Z,67700.00,NOT_FUNDED,,0.00,2025-09-29T12:00:00Z,,,2026-08-31T23:59:00Z
EP2-001582,LP-2026-01582,R0162,ENG,S019,Equipment,2026-06-12T12:00:00Z,199900.00,ACTIVE,AW2-2026-01582,149700.00,2026-08-31T12:00:00Z,2026-10-09,2029-10-08,2026-08-31T23:59:00Z
EP2-001583,LP-2025-01583,R0071,HSC,S009,Research Project,2025-04-05T12:00:00Z,120100.00,ACTIVE,AW2-2025-01583,117300.00,2025-06-14T12:00:00Z,2025-08-12,2026-08-12,2026-08-31T23:59:00Z
EP2-001584,LP-2025-01584,R0044,HUM,S013,Research Project,2025-11-26T12:00:00Z,197100.00,ACTIVE,AW2-2025-01584,137900.00,2026-02-23T12:00:00Z,2026-03-27,2027-09-18,2026-08-31T23:59:00Z
EP2-001585,LP-2025-01585,R0089,LAW,S024,Research Project,2025-06-27T12:00:00Z,133600.00,CLOSED,AW2-2025-01585,88800.00,2025-09-07T12:00:00Z,2025-09-27,2027-03-21,2026-08-31T23:59:00Z
EP2-001586,LP-2024-01586,R0161,LAW,S020,Research Project,2024-09-11T12:00:00Z,234100.00,NOT_FUNDED,,0.00,2024-11-13T12:00:00Z,,,2026-08-31T23:59:00Z
EP2-001587,LP-2024-01587,R0118,SCI,S003,Research Project,2024-04-30T12:00:00Z,177900.00,NOT_FUNDED,,0.00,2024-08-06T12:00:00Z,,,2026-08-31T23:59:00Z
EP2-001588,LP-2023-01588,R0157,BUS,S018,Equipment,2023-07-13T12:00:00Z,229700.00,CLOSED,AW2-2023-01588,154800.00,2024-01-18T12:00:00Z,2024-03-12,2025-03-12,2026-08-31T23:59:00Z
EP2-001589,LP-2026-01589,R0117,BUS,S020,Equipment,2026-01-20T12:00:00Z,103300.00,NOT_FUNDED,,0.00,2026-06-10T12:00:00Z,,,2026-08-31T23:59:00Z
EP2-001590,LP-2024-01590,R0032,ARC,S005,Training Grant,2024-01-23T12:00:00Z,198200.00,NOT_FUNDED,,0.00,2024-04-13T12:00:00Z,,,2026-08-31T23:59:00Z
EP2-001591,LP-2025-01591,R0119,HSC,S021,Internal Seed,2025-06-12T12:00:00Z,249400.00,ACTIVE,AW2-2025-01591,214900.00,2025-09-27T12:00:00Z,2025-11-19,2027-05-13,2026-08-31T23:59:00Z
EP2-001592,LP-2025-01592,R0165,BUS,S022,Training Grant,2025-12-23T12:00:00Z,487500.00,AWARDED,AW2-2025-01592,376000.00,2026-02-13T12:00:00Z,2026-03-01,2027-08-23,2026-08-31T23:59:00Z
EP2-001594,LP-2024-01594,R0026,ENG,S020,Internal Seed,2024-12-21T12:00:00Z,146100.00,NOT_FUNDED,,0.00,2025-03-14T12:00:00Z,,,2026-08-31T23:59:00Z
EP2-001595,LP-2025-01595,R0065,LAW,S018,Research Project,2025-03-29T12:00:00Z,456400.00,NOT_FUNDED,,0.00,2025-08-30T12:00:00Z,,,2026-08-31T23:59:00Z
EP2-001596,LP-2024-01596,R0069,BUS,S023,Research Project,2024-12-10T12:00:00Z,25300.00,ACTIVE,AW2-2024-01596,16700.00,2025-04-26T12:00:00Z,2025-05-27,2026-05-27,2026-08-31T23:59:00Z
EP2-001597,LP-2024-01597,R0053,BUS,S002,Research Project,2024-12-18T12:00:00Z,209800.00,CLOSED,AW2-2024-01597,138500.00,2025-06-03T12:00:00Z,2025-06-17,2028-06-16,2026-08-31T23:59:00Z
EP2-001598,LP-2023-01598,R0165,BUS,S002,Fellowship,2023-12-31T12:00:00Z,87100.00,NOT_FUNDED,,0.00,2024-05-08T12:00:00Z,,,2026-08-31T23:59:00Z
EP2-001599,LP-2024-01599,R0082,ENG,S003,Research Project,2024-11-02T12:00:00Z,24100.00,NOT_FUNDED,,0.00,2024-12-07T12:00:00Z,,,2026-08-31T23:59:00Z
EP2-001600,LP-2026-01600,R0007,HSC,S010,Training Grant,2026-03-27T12:00:00Z,331100.00,ACTIVE,AW2-2026-01600,330700.00,2026-06-02T12:00:00Z,2026-06-20,2028-06-19,2026-08-31T23:59:00Z
EP2-001601,LP-2025-01601,R0102,SCI,S021,Research Project,2025-07-23T12:00:00Z,124300.00,NOT_FUNDED,,0.00,2025-12-19T12:00:00Z,,,2026-08-31T23:59:00Z
EP2-001602,LP-2023-01602,R0112,ARC,S003,Fellowship,2023-01-13T12:00:00Z,56200.00,NOT_FUNDED,,0.00,2023-05-17T12:00:00Z,,,2026-08-31T23:59:00Z
EP2-001603,LP-2024-01603,R0017,LAW,S011,Research Project,2024-01-05T12:00:00Z,453800.00,CLOSED,AW2-2024-01603,318300.00,2024-05-09T12:00:00Z,2024-05-30,2026-05-30,2026-08-31T23:59:00Z
EP2-001604,LP-2026-01604,R0012,HUM,S003,Research Project,2026-05-20T12:00:00Z,124100.00,UNDER_REVIEW,,0.00,,,,2026-08-31T23:59:00Z
EP2-001605,LP-2026-01605,R0079,HSC,S003,Equipment,2026-04-18T12:00:00Z,70600.00,AWARDED,AW2-2026-01605,57300.00,2026-06-19T12:00:00Z,2026-08-12,2028-08-11,2026-08-31T23:59:00Z
EP2-001606,LP-2025-01606,R0102,SCI,S019,Internal Seed,2025-11-18T12:00:00Z,118200.00,NOT_FUNDED,,0.00,2026-03-28T12:00:00Z,,,2026-08-31T23:59:00Z
EP2-001607,LP-2024-01607,R0085,BUS,S006,Research Project,2024-09-17T12:00:00Z,119500.00,ACTIVE,AW2-2024-01607,115100.00,2025-03-18T12:00:00Z,2025-05-09,2026-10-31,2026-08-31T23:59:00Z
EP2-001608,LP-2023-01608,R0173,BUS,S025,Equipment,2023-10-23T12:00:00Z,114700.00,NOT_FUNDED,,0.00,2024-03-02T12:00:00Z,,,2026-08-31T23:59:00Z
EP2-001609,LP-2026-01609,R0004,HUM,S012,Research Project,2026-03-12T12:00:00Z,58600.00,NOT_FUNDED,,0.00,2026-08-17T12:00:00Z,,,2026-08-31T23:59:00Z
EP2-001610,LP-2024-01610,R0178,ENG,S002,Research Project,2024-03-03T12:00:00Z,135200.00,CLOSED,AW2-2024-01610,115300.00,2024-06-30T12:00:00Z,2024-09-01,2025-09-01,2026-08-31T23:59:00Z
EP2-001611,LP-2026-01611,R0044,HUM,S007,Research Project,2026-02-13T12:00:00Z,125500.00,ACTIVE,AW2-2026-01611,83900.00,2026-04-09T12:00:00Z,2026-04-24,2029-04-23,2026-08-31T23:59:00Z
EP2-001612,LP-2025-01612,R0164,HUM,S020,Training Grant,2025-11-07T12:00:00Z,691200.00,ACTIVE,AW2-2025-01612,576100.00,2026-05-14T12:00:00Z,2026-07-28,2029-07-27,2026-08-31T23:59:00Z
EP2-001613,LP-2025-01613,R0028,HUM,S013,Training Grant,2025-07-22T12:00:00Z,200600.00,NOT_FUNDED,,0.00,2025-10-10T12:00:00Z,,,2026-08-31T23:59:00Z
EP2-001614,LP-2025-01614,R0107,SOC,S005,Research Project,2025-04-04T12:00:00Z,66600.00,NOT_FUNDED,,0.00,2025-09-09T12:00:00Z,,,2026-08-31T23:59:00Z
EP2-001615,LP-2026-01615,R0026,ENG,S011,Internal Seed,2026-03-08T12:00:00Z,189600.00,NOT_FUNDED,,0.00,2026-08-31T12:00:00Z,,,2026-08-31T23:59:00Z
EP2-001616,LP-2024-01616,R0158,SCI,S023,Training Grant,2024-01-27T12:00:00Z,95000.00,ACTIVE,AW2-2024-01616,80700.00,2024-07-07T12:00:00Z,2024-09-20,2025-09-20,2026-08-31T23:59:00Z
EP2-001617,LP-2024-01617,R0039,HSC,S025,Equipment,2024-09-10T12:00:00Z,15000.00,NOT_FUNDED,,0.00,2025-01-24T12:00:00Z,,,2026-08-31T23:59:00Z
EP2-001618,LP-2025-01618,R0058,ENG,S025,Fellowship,2025-05-18T12:00:00Z,67700.00,NOT_FUNDED,,0.00,2025-09-24T12:00:00Z,,,2026-08-31T23:59:00Z
EP2-001619,LP-2024-01619,R0103,HSC,S005,Equipment,2024-01-26T12:00:00Z,33000.00,CLOSED,AW2-2024-01619,31100.00,2024-05-16T12:00:00Z,2024-07-01,2026-07-01,2026-08-31T23:59:00Z
EP2-001620,LP-2024-01620,R0072,ARC,S011,Research Project,2024-10-28T12:00:00Z,555500.00,NOT_FUNDED,,0.00,2025-02-07T12:00:00Z,,,2026-08-31T23:59:00Z
EP2-001621,LP-2026-01621,R0092,HUM,S002,Research Project,2026-05-30T12:00:00Z,38000.00,NOT_FUNDED,,0.00,2026-08-31T12:00:00Z,,,2026-08-31T23:59:00Z
EP2-001622,LP-2023-01622,R0096,ARC,S002,Research Project,2023-11-28T12:00:00Z,106800.00,CLOSED,AW2-2023-01622,90700.00,2024-01-31T12:00:00Z,2024-02-20,2027-02-19,2026-08-31T23:59:00Z
EP2-001623,LP-2025-01623,R0050,ENG,S005,Training Grant,2025-01-09T12:00:00Z,785100.00,ACTIVE,AW2-2025-01623,513600.00,2025-02-28T12:00:00Z,2025-05-04,2026-10-26,2026-08-31T23:59:00Z
EP2-001624,LP-2024-01624,R0025,LAW,S022,Research Project,2024-11-25T12:00:00Z,46400.00,CLOSED,AW2-2024-01624,33200.00,2025-02-06T12:00:00Z,2025-03-09,2027-03-09,2026-08-31T23:59:00Z
EP2-001625,LP-2024-01625,R0077,BUS,S002,Training Grant,2024-08-01T12:00:00Z,242000.00,CLOSED,AW2-2024-01625,163900.00,2024-09-27T12:00:00Z,2024-10-23,2026-10-23,2026-08-31T23:59:00Z
EP2-001626,LP-2026-01626,R0067,SOC,S011,Research Project,2026-01-01T12:00:00Z,59300.00,WITHDRAWN,,0.00,2026-04-03T12:00:00Z,,,2026-08-31T23:59:00Z
EP2-001627,LP-2023-01627,R0030,SCI,S022,Internal Seed,2023-12-15T12:00:00Z,159500.00,CLOSED,AW2-2023-01627,147600.00,2024-04-16T12:00:00Z,2024-05-06,2025-05-06,2026-08-31T23:59:00Z
EP2-001628,LP-2025-01628,R0089,LAW,S024,Research Project,2025-12-28T12:00:00Z,63600.00,NOT_FUNDED,,0.00,2026-05-20T12:00:00Z,,,2026-08-31T23:59:00Z
EP2-001629,LP-2023-01629,R0075,SOC,S021,Research Project,2023-02-03T12:00:00Z,174800.00,CLOSED,AW2-2023-01629,142300.00,2023-06-05T12:00:00Z,2023-07-08,2025-07-07,2026-08-31T23:59:00Z
EP2-001630,LP-2026-01630,R0122,ENG,S020,Research Project,2026-05-27T12:00:00Z,103300.00,UNDER_REVIEW,,0.00,,,,2026-08-31T23:59:00Z
EP2-001631,LP-2023-01631,R0159,HSC,S017,Fellowship,2023-12-10T12:00:00Z,7216200.00,CLOSED,AW2-2023-01631,5383600.00,2024-03-02T12:00:00Z,2024-03-19,2026-03-19,2026-08-31T23:59:00Z
EP2-001632,LP-2025-01632,R0005,BUS,S005,Fellowship,2025-09-02T12:00:00Z,244400.00,ACTIVE,AW2-2025-01632,209600.00,2025-12-05T12:00:00Z,2025-12-30,2026-12-30,2026-08-31T23:59:00Z
EP2-001633,LP-2024-01633,R0097,LAW,S018,Training Grant,2024-03-15T12:00:00Z,212200.00,WITHDRAWN,,0.00,2024-06-02T12:00:00Z,,,2026-08-31T23:59:00Z
EP2-001634,LP-2026-01634,R0036,HUM,S001,Research Project,2026-06-22T12:00:00Z,45300.00,NOT_FUNDED,,0.00,2026-08-22T12:00:00Z,,,2026-08-31T23:59:00Z
EP2-001635,LP-2023-01635,R0005,BUS,S006,Research Project,2023-12-16T12:00:00Z,89100.00,WITHDRAWN,,0.00,2024-04-07T12:00:00Z,,,2026-08-31T23:59:00Z
EP2-001636,LP-2023-01636,R0108,HUM,S025,Research Project,2023-08-12T12:00:00Z,82500.00,CLOSED,AW2-2023-01636,75700.00,2024-01-18T12:00:00Z,2024-04-02,2026-04-02,2026-08-31T23:59:00Z
EP2-001637,LP-2025-01637,R0080,ARC,S011,Training Grant,2025-05-26T12:00:00Z,115500.00,AWARDED,AW2-2025-01637,84600.00,2025-10-25T12:00:00Z,2026-01-04,2028-01-04,2026-08-31T23:59:00Z
EP2-001638,LP-2023-01638,R0041,LAW,S002,Fellowship,2023-02-23T12:00:00Z,20100.00,CLOSED,AW2-2023-01638,15300.00,2023-04-21T12:00:00Z,2023-06-03,2025-06-02,2026-08-31T23:59:00Z
EP2-001639,LP-2024-01639,R0074,ENG,S002,Training Grant,2024-03-21T12:00:00Z,104000.00,NOT_FUNDED,,0.00,2024-08-19T12:00:00Z,,,2026-08-31T23:59:00Z
EP2-001640,LP-2025-01640,R0029,BUS,S002,Equipment,2025-06-29T12:00:00Z,101200.00,NOT_FUNDED,,0.00,2025-11-20T12:00:00Z,,,2026-08-31T23:59:00Z
EP2-001641,LP-2024-01641,R0009,LAW,S015,Research Project,2024-10-25T12:00:00Z,931500.00,ACTIVE,AW2-2024-01641,864500.00,2025-04-08T12:00:00Z,2025-05-14,2027-05-14,2026-08-31T23:59:00Z
EP2-001642,LP-2025-01642,R0118,SCI,S023,Research Project,2025-09-26T12:00:00Z,74400.00,ACTIVE,AW2-2025-01642,72200.00,2026-02-28T12:00:00Z,2026-04-25,2027-10-17,2026-08-31T23:59:00Z
EP2-001643,LP-2025-01643,R0060,HUM,S024,Research Project,2025-07-25T12:00:00Z,412000.00,WITHDRAWN,,0.00,2025-11-09T12:00:00Z,,,2026-08-31T23:59:00Z
EP2-001644,LP-2026-01644,R0065,LAW,S024,Internal Seed,2026-01-24T12:00:00Z,428400.00,NOT_FUNDED,,0.00,2026-07-29T12:00:00Z,,,2026-08-31T23:59:00Z
EP2-001645,LP-2024-01645,R0002,ENG,S009,Research Project,2024-08-22T12:00:00Z,142700.00,NOT_FUNDED,,0.00,2024-12-19T12:00:00Z,,,2026-08-31T23:59:00Z
EP2-001646,LP-2025-01646,R0166,SCI,S023,Research Project,2025-12-02T12:00:00Z,53400.00,ACTIVE,AW2-2025-01646,46100.00,2026-04-25T12:00:00Z,2026-06-29,2027-12-21,2026-08-31T23:59:00Z
EP2-001647,LP-2023-01647,R0050,ENG,S001,Research Project,2023-05-17T12:00:00Z,114800.00,ACTIVE,AW2-2023-01647,73700.00,2023-08-13T12:00:00Z,2023-10-15,2025-04-07,2026-08-31T23:59:00Z
EP2-001648,LP-2023-01648,R0100,HUM,S010,Research Project,2023-07-18T12:00:00Z,55500.00,CLOSED,AW2-2023-01648,41000.00,2023-11-08T12:00:00Z,2023-11-27,2025-11-26,2026-08-31T23:59:00Z
EP2-001649,LP-2025-01649,R0047,HSC,S011,Research Project,2025-05-31T12:00:00Z,78300.00,ACTIVE,AW2-2025-01649,58900.00,2025-11-30T12:00:00Z,2026-02-06,2027-07-31,2026-08-31T23:59:00Z
EP2-001650,LP-2023-01650,R0041,LAW,S007,Research Project,2023-04-07T12:00:00Z,109900.00,ACTIVE,AW2-2023-01650,80800.00,2023-09-14T12:00:00Z,2023-10-12,2025-10-11,2026-08-31T23:59:00Z
EP2-001651,LP-2023-01651,R0071,HSC,S023,Equipment,2023-11-19T12:00:00Z,457900.00,CLOSED,AW2-2023-01651,304000.00,2024-05-08T12:00:00Z,2024-06-07,2025-11-29,2026-08-31T23:59:00Z
EP2-001652,LP-2025-01652,R0147,SOC,S014,Internal Seed,2025-01-18T12:00:00Z,80000.00,ACTIVE,AW2-2025-01652,68800.00,2025-07-16T12:00:00Z,2025-09-08,2026-09-08,2026-08-31T23:59:00Z
EP2-001653,LP-2025-01653,R0014,SCI,S002,Research Project,2025-06-20T12:00:00Z,58300.00,NOT_FUNDED,,0.00,2025-08-02T12:00:00Z,,,2026-08-31T23:59:00Z
EP2-001654,LP-2024-01654,R0162,ENG,S001,Research Project,2024-12-07T12:00:00Z,87300.00,NOT_FUNDED,,0.00,2025-03-25T12:00:00Z,,,2026-08-31T23:59:00Z
EP2-001655,LP-2024-01655,R0150,SCI,S011,Research Project,2024-02-16T12:00:00Z,85800.00,WITHDRAWN,,0.00,2024-07-16T12:00:00Z,,,2026-08-31T23:59:00Z
EP2-001656,LP-2024-01656,R0157,BUS,S007,Research Project,2024-06-25T12:00:00Z,177100.00,CLOSED,AW2-2024-01656,159900.00,2024-09-04T12:00:00Z,2024-10-16,2026-04-09,2026-08-31T23:59:00Z
EP2-001657,LP-2025-01657,R0128,ARC,S001,Research Project,2025-04-22T12:00:00Z,283800.00,ACTIVE,AW2-2025-01657,261800.00,2025-09-06T12:00:00Z,2025-11-15,2028-11-14,2026-08-31T23:59:00Z
EP2-001658,LP-2024-01658,R0113,LAW,S024,Internal Seed,2024-07-15T12:00:00Z,172600.00,WITHDRAWN,,0.00,2024-12-30T12:00:00Z,,,2026-08-31T23:59:00Z
EP2-001659,LP-2023-01659,R0136,ARC,S021,Research Project,2023-03-22T12:00:00Z,299700.00,ACTIVE,AW2-2023-01659,202300.00,2023-07-03T12:00:00Z,2023-08-24,2025-02-14,2026-08-31T23:59:00Z
EP2-001660,LP-2024-01660,R0003,SOC,S025,Research Project,2024-02-03T12:00:00Z,120000.00,WITHDRAWN,,0.00,2024-07-24T12:00:00Z,,,2026-08-31T23:59:00Z
EP2-001661,LP-2023-01661,R0006,SCI,S024,Internal Seed,2023-11-24T12:00:00Z,209100.00,ACTIVE,AW2-2023-01661,150900.00,2024-03-25T12:00:00Z,2024-04-20,2025-10-12,2026-08-31T23:59:00Z
EP2-001662,LP-2023-01662,R0126,SCI,S004,Research Project,2023-09-02T12:00:00Z,106900.00,NOT_FUNDED,,0.00,2023-12-03T12:00:00Z,,,2026-08-31T23:59:00Z
EP2-001663,LP-2024-01663,R0001,LAW,S010,Research Project,2024-09-02T12:00:00Z,82200.00,ACTIVE,AW2-2024-01663,69400.00,2025-01-01T12:00:00Z,2025-02-11,2028-02-11,2026-08-31T23:59:00Z
EP2-001664,LP-2024-01664,R0098,ENG,S002,Research Project,2024-07-22T12:00:00Z,96600.00,NOT_FUNDED,,0.00,2025-01-10T12:00:00Z,,,2026-08-31T23:59:00Z
EP2-001665,LP-2026-01665,R0023,HSC,S008,Internal Seed,2026-03-24T12:00:00Z,188000.00,ACTIVE,AW2-2026-01665,152300.00,2026-05-01T12:00:00Z,2026-06-01,2027-06-01,2026-08-31T23:59:00Z
EP2-001665-D,LP-2026-01665,R0023,HSC,S008,Internal Seed,2026-03-24T12:00:00Z,188000.00,ACTIVE,AW2-2026-01665,152300.00,2026-05-01T12:00:00Z,2026-06-01,2027-06-01,2026-09-01T00:01:00Z
EP2-001666,LP-2024-01666,R0118,SCI,S005,Equipment,2024-06-02T12:00:00Z,37300.00,NOT_FUNDED,,0.00,2024-07-13T12:00:00Z,,,2026-08-31T23:59:00Z
EP2-001667,LP-2024-01667,R0159,HSC,S004,Research Project,2024-11-09T12:00:00Z,187400.00,ACTIVE,AW2-2024-01667,177900.00,2024-12-22T12:00:00Z,2025-01-29,2027-01-29,2026-08-31T23:59:00Z
EP2-001668,LP-2024-01668,R0068,HUM,S003,Research Project,2024-05-22T12:00:00Z,90800.00,WITHDRAWN,,0.00,2024-11-04T12:00:00Z,,,2026-08-31T23:59:00Z
EP2-001669,LP-2025-01669,R0026,ENG,S010,Research Project,2025-11-11T12:00:00Z,112700.00,WITHDRAWN,,0.00,2026-04-28T12:00:00Z,,,2026-08-31T23:59:00Z
EP2-001670,LP-2023-01670,R0055,HSC,S017,Research Project,2023-06-21T12:00:00Z,333300.00,CLOSED,AW2-2023-01670,321000.00,2023-11-11T12:00:00Z,2024-01-08,2026-01-07,2026-08-31T23:59:00Z
EP2-001671,LP-2024-01671,R0111,HSC,S021,Research Project,2024-05-15T12:00:00Z,360100.00,NOT_FUNDED,,0.00,2024-08-02T12:00:00Z,,,2026-08-31T23:59:00Z
EP2-001672,LP-2025-01672,R0126,SCI,S020,Research Project,2025-12-28T12:00:00Z,132800.00,CLOSED,AW2-2025-01672,127500.00,2026-07-03T12:00:00Z,2026-09-03,2027-09-03,2026-08-31T23:59:00Z
EP2-001673,LP-2024-01673,R0114,ENG,S018,Research Project,2024-04-13T12:00:00Z,451600.00,CLOSED,AW2-2024-01673,359700.00,2024-06-26T12:00:00Z,2024-07-17,2027-07-17,2026-08-31T23:59:00Z
EP2-001674,LP-2025-01674,R0057,LAW,S005,Research Project,2025-07-24T12:00:00Z,62100.00,NOT_FUNDED,,0.00,2025-09-22T12:00:00Z,,,2026-08-31T23:59:00Z
EP2-001675,LP-2024-01675,R0112,ARC,S017,Research Project,2024-06-05T12:00:00Z,94100.00,NOT_FUNDED,,0.00,2024-10-11T12:00:00Z,,,2026-08-31T23:59:00Z
EP2-001676,LP-2025-01676,R0011,SOC,S021,Research Project,2025-05-05T12:00:00Z,306300.00,NOT_FUNDED,,0.00,2025-09-25T12:00:00Z,,,2026-08-31T23:59:00Z
EP2-001677,LP-2025-01677,R0075,SOC,S017,Equipment,2025-09-16T12:00:00Z,250100.00,ACTIVE,AW2-2025-01677,226000.00,2026-01-03T12:00:00Z,2026-02-03,2027-07-28,2026-08-31T23:59:00Z
EP2-001678,LP-2025-01678,R0080,ARC,S018,Research Project,2025-11-10T12:00:00Z,389400.00,NOT_FUNDED,,0.00,2026-02-23T12:00:00Z,,,2026-08-31T23:59:00Z
EP2-001679,LP-2024-01679,R0133,BUS,S001,Internal Seed,2024-08-11T12:00:00Z,105300.00,CLOSED,AW2-2024-01679,83500.00,2025-01-26T12:00:00Z,2025-02-06,2027-02-06,2026-08-31T23:59:00Z
EP2-001680,LP-2025-01680,R0024,ARC,S025,Training Grant,2025-02-25T12:00:00Z,124500.00,ACTIVE,AW2-2025-01680,83600.00,2025-05-29T12:00:00Z,2025-08-01,2027-01-23,2026-08-31T23:59:00Z
EP2-001681,LP-2025-01681,R0034,ENG,S014,Research Project,2025-07-17T12:00:00Z,66300.00,AWARDED,AW2-2025-01681,57900.00,2025-11-30T12:00:00Z,2026-01-20,2027-01-20,2026-08-31T23:59:00Z
EP2-001682,LP-2024-01682,R0159,HSC,S020,Internal Seed,2024-08-16T12:00:00Z,212000.00,CLOSED,AW2-2024-01682,137300.00,2024-12-31T12:00:00Z,2025-02-13,2026-08-07,2026-08-31T23:59:00Z
EP2-001683,LP-2025-01683,R0147,SOC,S021,Research Project,2025-05-05T12:00:00Z,170300.00,NOT_FUNDED,,0.00,2025-07-29T12:00:00Z,,,2026-08-31T23:59:00Z
EP2-001684,LP-2024-01684,R0129,LAW,S002,Research Project,2024-05-11T12:00:00Z,115300.00,NOT_FUNDED,,0.00,2024-10-30T12:00:00Z,,,2026-08-31T23:59:00Z
EP2-001685,LP-2025-01685,R0014,SCI,S023,Research Project,2025-01-26T12:00:00Z,230600.00,NOT_FUNDED,,0.00,2025-07-23T12:00:00Z,,,2026-08-31T23:59:00Z
EP2-001686,LP-2025-01686,R0074,ENG,S003,Internal Seed,2025-06-25T12:00:00Z,154900.00,ACTIVE,AW2-2025-01686,109900.00,2025-10-04T12:00:00Z,2025-12-06,2028-12-05,2026-08-31T23:59:00Z
EP2-001687,LP-2026-01687,R0033,LAW,S018,Training Grant,2026-08-11T12:00:00Z,243000.00,UNDER_REVIEW,,0.00,,,,2026-08-31T23:59:00Z
EP2-001688,LP-2023-01688,R0165,BUS,S025,Research Project,2023-07-17T12:00:00Z,183300.00,NOT_FUNDED,,0.00,2024-01-12T12:00:00Z,,,2026-08-31T23:59:00Z
EP2-001689,LP-2023-01689,R0125,BUS,S001,Training Grant,2023-07-03T12:00:00Z,15000.00,CLOSED,AW2-2023-01689,11900.00,2023-08-20T12:00:00Z,2023-10-21,2025-10-20,2026-08-31T23:59:00Z
EP2-001690,LP-2023-01690,R0017,LAW,S018,Equipment,2023-02-22T12:00:00Z,350700.00,NOT_FUNDED,,0.00,2023-06-02T12:00:00Z,,,2026-08-31T23:59:00Z
EP2-001691,LP-2025-01691,R0004,HUM,S004,Research Project,2025-11-30T12:00:00Z,164700.00,ACTIVE,AW2-2025-01691,151200.00,2026-05-14T12:00:00Z,2026-06-27,2028-06-26,2026-08-31T23:59:00Z
EP2-001692,LP-2025-01692,R0097,LAW,S004,Internal Seed,2025-08-13T12:00:00Z,48800.00,NOT_FUNDED,,0.00,2025-11-19T12:00:00Z,,,2026-08-31T23:59:00Z
EP2-001693,LP-2025-01693,R0119,HSC,S002,Research Project,2025-11-10T12:00:00Z,37100.00,NOT_FUNDED,,0.00,2026-02-17T12:00:00Z,,,2026-08-31T23:59:00Z
EP2-001694,LP-2024-01694,R0035,SOC,S006,Fellowship,2024-08-16T12:00:00Z,504300.00,WITHDRAWN,,0.00,2025-01-04T12:00:00Z,,,2026-08-31T23:59:00Z
EP2-001695,LP-2023-01695,R0051,SOC,S010,Research Project,2023-07-14T12:00:00Z,368000.00,NOT_FUNDED,,0.00,2023-12-20T12:00:00Z,,,2026-08-31T23:59:00Z
EP2-001696,LP-2023-01696,R0127,HSC,S004,Research Project,2023-10-30T12:00:00Z,62700.00,NOT_FUNDED,,0.00,2023-12-10T12:00:00Z,,,2026-08-31T23:59:00Z
EP2-001697,LP-2025-01697,R0011,SOC,S008,Training Grant,2025-02-04T12:00:00Z,45300.00,ACTIVE,AW2-2025-01697,43400.00,2025-06-29T12:00:00Z,2025-08-08,2027-08-08,2026-08-31T23:59:00Z
EP2-001698,LP-2025-01698,R0180,HUM,S019,Equipment,2025-07-27T12:00:00Z,72500.00,ACTIVE,AW2-2025-01698,71500.00,2025-12-31T12:00:00Z,2026-01-21,2027-01-21,2026-08-31T23:59:00Z
EP2-001699,LP-2026-01699,R0044,HUM,S006,Internal Seed,2026-06-30T12:00:00Z,401700.00,ACTIVE,AW2-2026-01699,383100.00,2026-08-31T12:00:00Z,2026-10-11,2028-04-03,2026-08-31T23:59:00Z
EP2-001700,LP-2026-01700,R0062,SCI,S016,Fellowship,2026-01-24T12:00:00Z,116600.00,NOT_FUNDED,,0.00,2026-07-05T12:00:00Z,,,2026-08-31T23:59:00Z
EP2-001701,LP-2023-01701,R0062,SCI,S015,Research Project,2023-10-12T12:00:00Z,238100.00,NOT_FUNDED,,0.00,2024-01-27T12:00:00Z,,,2026-08-31T23:59:00Z
EP2-001702,LP-2026-01702,R0161,LAW,S005,Equipment,2026-07-09T12:00:00Z,55400.00,NOT_FUNDED,,0.00,2026-08-31T12:00:00Z,,,2026-08-31T23:59:00Z
EP2-001703,LP-2023-01703,R0067,SOC,S019,Research Project,2023-04-08T12:00:00Z,84300.00,WITHDRAWN,,0.00,2023-06-04T12:00:00Z,,,2026-08-31T23:59:00Z
EP2-001704,LP-2026-01704,R0179,SOC,S008,Research Project,2026-03-03T12:00:00Z,165700.00,NOT_FUNDED,,0.00,2026-06-09T12:00:00Z,,,2026-08-31T23:59:00Z
EP2-001705,LP-2025-01705,R0019,SOC,S005,Research Project,2025-02-22T12:00:00Z,184200.00,CLOSED,AW2-2025-01705,171600.00,2025-04-08T12:00:00Z,2025-04-30,2028-04-29,2026-08-31T23:59:00Z
EP2-001706,LP-2024-01706,R0086,SCI,S020,Equipment,2024-08-15T12:00:00Z,74000.00,ACTIVE,AW2-2024-01706,52900.00,2024-12-18T12:00:00Z,2025-02-16,2026-02-16,2026-08-31T23:59:00Z
EP2-001707,LP-2025-01707,R0130,ENG,S020,Equipment,2025-04-17T12:00:00Z,266900.00,NOT_FUNDED,,0.00,2025-09-11T12:00:00Z,,,2026-08-31T23:59:00Z
EP2-001708,LP-2023-01708,R0168,ARC,S023,Research Project,2023-01-07T12:00:00Z,318800.00,NOT_FUNDED,,0.00,2023-06-01T12:00:00Z,,,2026-08-31T23:59:00Z
EP2-001709,LP-2024-01709,R0066,ENG,S010,Internal Seed,2024-10-10T12:00:00Z,140200.00,ACTIVE,AW2-2024-01709,113200.00,2025-03-06T12:00:00Z,2025-04-16,2026-04-16,2026-08-31T23:59:00Z
EP2-001710,LP-2023-01710,R0100,HUM,S002,Fellowship,2023-03-08T12:00:00Z,42600.00,NOT_FUNDED,,0.00,2023-06-07T12:00:00Z,,,2026-08-31T23:59:00Z
EP2-001711,LP-2026-01711,R0153,LAW,S021,Research Project,2026-04-16T12:00:00Z,441000.00,UNDER_REVIEW,,0.00,,,,2026-08-31T23:59:00Z
EP2-001712,LP-2026-01712,R0139,SOC,S022,Research Project,2026-05-20T12:00:00Z,413300.00,UNDER_REVIEW,,0.00,,,,2026-08-31T23:59:00Z
EP2-001713,LP-2024-01713,R0079,HSC,S015,Research Project,2024-03-07T12:00:00Z,109300.00,ACTIVE,AW2-2024-01713,75300.00,2024-04-13T12:00:00Z,2024-06-18,2027-06-18,2026-08-31T23:59:00Z
EP2-001714,LP-2023-01714,R0137,LAW,S013,Internal Seed,2023-12-22T12:00:00Z,264900.00,CLOSED,AW2-2023-01714,247900.00,2024-06-09T12:00:00Z,2024-08-23,2025-08-23,2026-08-31T23:59:00Z
EP2-001715,LP-2023-01715,R0018,ENG,S002,Research Project,2023-10-24T12:00:00Z,498900.00,NOT_FUNDED,,0.00,2023-12-11T12:00:00Z,,,2026-08-31T23:59:00Z
EP2-001716,LP-2023-01716,R0075,SOC,S006,Research Project,2023-08-25T12:00:00Z,25800.00,NOT_FUNDED,,0.00,2023-12-14T12:00:00Z,,,2026-08-31T23:59:00Z
EP2-001717,LP-2024-01717,R0039,HSC,S021,Research Project,2024-03-08T12:00:00Z,147200.00,CLOSED,AW2-2024-01717,137700.00,2024-04-28T12:00:00Z,2024-06-25,2027-06-25,2026-08-31T23:59:00Z
EP2-001718,LP-2025-01718,R0129,LAW,S018,Research Project,2025-03-15T12:00:00Z,62300.00,CLOSED,AW2-2025-01718,62000.00,2025-07-05T12:00:00Z,2025-09-01,2028-08-31,2026-08-31T23:59:00Z
EP2-001719,LP-2024-01719,R0100,HUM,S002,Research Project,2024-12-29T12:00:00Z,47300.00,ACTIVE,AW2-2024-01719,31900.00,2025-05-02T12:00:00Z,2025-06-06,2026-11-28,2026-08-31T23:59:00Z
EP2-001720,LP-2023-01720,R0103,HSC,S019,Training Grant,2023-10-05T12:00:00Z,73400.00,ACTIVE,AW2-2023-01720,67600.00,2024-01-11T12:00:00Z,2024-03-02,2027-03-02,2026-08-31T23:59:00Z
EP2-001721,LP-2024-01721,R0123,SOC,S019,Fellowship,2024-04-05T12:00:00Z,44400.00,CLOSED,AW2-2024-01721,37700.00,2024-07-14T12:00:00Z,2024-09-09,2026-03-03,2026-08-31T23:59:00Z
EP2-001722,LP-2026-01722,R0033,LAW,S013,Equipment,2026-08-05T12:00:00Z,624600.00,UNDER_REVIEW,,0.00,,,,2026-08-31T23:59:00Z
EP2-001723,LP-2024-01723,R0128,ARC,S006,Research Project,2024-07-16T12:00:00Z,84100.00,CLOSED,AW2-2024-01723,56500.00,2024-11-16T12:00:00Z,2025-01-30,2027-01-30,2026-08-31T23:59:00Z
EP2-001724,LP-2025-01724,R0057,LAW,S002,Research Project,2025-10-14T12:00:00Z,82200.00,NOT_FUNDED,,0.00,2026-02-24T12:00:00Z,,,2026-08-31T23:59:00Z
EP2-001725,LP-2026-01725,R0088,ARC,S022,Research Project,2026-06-07T12:00:00Z,15000.00,UNDER_REVIEW,,0.00,,,,2026-08-31T23:59:00Z
EP2-001726,LP-2023-01726,R0172,HUM,S005,Fellowship,2023-01-16T12:00:00Z,178400.00,NOT_FUNDED,,0.00,2023-04-19T12:00:00Z,,,2026-08-31T23:59:00Z
EP2-001727,LP-2025-01727,R0033,LAW,S008,Fellowship,2025-04-17T12:00:00Z,81400.00,ACTIVE,AW2-2025-01727,80500.00,2025-06-22T12:00:00Z,2025-08-23,2027-02-14,2026-08-31T23:59:00Z
EP2-001728,LP-2023-01728,R0144,ARC,S010,Internal Seed,2023-07-06T12:00:00Z,153300.00,ACTIVE,AW2-2023-01728,124500.00,2023-09-10T12:00:00Z,2023-10-19,2025-10-18,2026-08-31T23:59:00Z
EP2-001729,LP-2023-01729,R0007,HSC,S012,Research Project,2023-12-03T12:00:00Z,119900.00,CLOSED,AW2-2023-01729,108700.00,2024-05-24T12:00:00Z,2024-07-12,2025-07-12,2026-08-31T23:59:00Z
EP2-001730,LP-2025-01730,R0045,BUS,S014,Research Project,2025-02-22T12:00:00Z,31000.00,ACTIVE,AW2-2025-01730,20600.00,2025-07-21T12:00:00Z,2025-08-09,2027-08-09,2026-08-31T23:59:00Z
EP2-001731,LP-2023-01731,R0022,SCI,S002,Internal Seed,2023-04-27T12:00:00Z,134400.00,NOT_FUNDED,,0.00,2023-09-25T12:00:00Z,,,2026-08-31T23:59:00Z
EP2-001732,LP-2025-01732,R0158,SCI,S005,Internal Seed,2025-03-06T12:00:00Z,121900.00,AWARDED,AW2-2025-01732,110500.00,2025-04-30T12:00:00Z,2025-06-30,2028-06-29,2026-08-31T23:59:00Z
EP2-001733,LP-2023-01733,R0008,ARC,S007,Training Grant,2023-08-26T12:00:00Z,482100.00,NOT_FUNDED,,0.00,2023-10-28T12:00:00Z,,,2026-08-31T23:59:00Z
EP2-001734,LP-2025-01734,R0129,LAW,S005,Training Grant,2025-12-07T12:00:00Z,379200.00,NOT_FUNDED,,0.00,2026-05-24T12:00:00Z,,,2026-08-31T23:59:00Z
EP2-001735,LP-2023-01735,R0154,ENG,S008,Internal Seed,2023-10-12T12:00:00Z,65100.00,WITHDRAWN,,0.00,2024-03-12T12:00:00Z,,,2026-08-31T23:59:00Z
EP2-001736,LP-2026-01736,R0018,ENG,S003,Research Project,2026-05-25T12:00:00Z,546200.00,AWARDED,AW2-2026-01736,502300.00,2026-08-31T12:00:00Z,2026-09-30,2028-09-29,2026-08-31T23:59:00Z
EP2-001737,LP-2023-01737,R0177,LAW,S001,Research Project,2023-08-07T12:00:00Z,124500.00,CLOSED,AW2-2023-01737,121200.00,2023-10-09T12:00:00Z,2023-11-25,2024-11-24,2026-08-31T23:59:00Z
EP2-001738,LP-2024-01738,R0061,BUS,S006,Research Project,2024-04-11T12:00:00Z,652400.00,ACTIVE,AW2-2024-01738,572200.00,2024-07-24T12:00:00Z,2024-09-07,2026-09-07,2026-08-31T23:59:00Z
EP2-001739,LP-2025-01739,R0105,LAW,S021,Research Project,2025-03-16T12:00:00Z,59800.00,NOT_FUNDED,,0.00,2025-09-12T12:00:00Z,,,2026-08-31T23:59:00Z
EP2-001740,LP-2023-01740,R0019,SOC,S011,Research Project,2023-12-17T12:00:00Z,82800.00,NOT_FUNDED,,0.00,2024-03-03T12:00:00Z,,,2026-08-31T23:59:00Z
EP2-001741,LP-2023-01741,R0066,ENG,S024,Fellowship,2023-08-30T12:00:00Z,209400.00,NOT_FUNDED,,0.00,2024-01-04T12:00:00Z,,,2026-08-31T23:59:00Z
EP2-001742,LP-2026-01742,R0058,ENG,S001,Research Project,2026-06-07T12:00:00Z,204100.00,UNDER_REVIEW,,0.00,,,,2026-08-31T23:59:00Z
EP2-001743,LP-2025-01743,R0043,SOC,S025,Equipment,2025-07-18T12:00:00Z,619400.00,NOT_FUNDED,,0.00,2025-10-16T12:00:00Z,,,2026-08-31T23:59:00Z
EP2-001744,LP-2026-01744,R0136,ARC,S024,Research Project,2026-04-19T12:00:00Z,162200.00,NOT_FUNDED,,0.00,2026-05-31T12:00:00Z,,,2026-08-31T23:59:00Z
EP2-001745,LP-2025-01745,R0036,HUM,S014,Research Project,2025-06-05T12:00:00Z,276900.00,CLOSED,AW2-2025-01745,241700.00,2025-09-29T12:00:00Z,2025-10-28,2028-10-27,2026-08-31T23:59:00Z
EP2-001746,LP-2025-01746,R0045,BUS,S007,Fellowship,2025-08-30T12:00:00Z,240800.00,ACTIVE,AW2-2025-01746,220600.00,2025-10-13T12:00:00Z,2025-11-03,2028-11-02,2026-08-31T23:59:00Z
EP2-001747,LP-2023-01747,R0021,BUS,S023,Training Grant,2023-03-18T12:00:00Z,126200.00,CLOSED,AW2-2023-01747,100200.00,2023-07-29T12:00:00Z,2023-08-09,2024-08-08,2026-08-31T23:59:00Z
EP2-001748,LP-2024-01748,R0032,ARC,S001,Research Project,2024-05-04T12:00:00Z,865100.00,NOT_FUNDED,,0.00,2024-11-08T12:00:00Z,,,2026-08-31T23:59:00Z
EP2-001749,LP-2026-01749,R0119,HSC,S023,Internal Seed,2026-05-13T12:00:00Z,286400.00,UNDER_REVIEW,,0.00,,,,2026-08-31T23:59:00Z
EP2-001750,LP-2024-01750,R0003,SOC,S008,Internal Seed,2024-02-13T12:00:00Z,462900.00,NOT_FUNDED,,0.00,2024-08-18T12:00:00Z,,,2026-08-31T23:59:00Z
EP2-001751,LP-2025-01751,R0050,ENG,S011,Research Project,2025-07-13T12:00:00Z,118800.00,NOT_FUNDED,,0.00,2025-08-18T12:00:00Z,,,2026-08-31T23:59:00Z
EP2-001752,LP-2026-01752,R0015,HSC,S013,Research Project,2026-03-03T12:00:00Z,15000.00,ACTIVE,AW2-2026-01752,9500.00,2026-07-06T12:00:00Z,2026-09-15,2029-09-14,2026-08-31T23:59:00Z
EP2-001753,LP-2023-01753,R0178,ENG,S014,Research Project,2023-03-23T12:00:00Z,457400.00,NOT_FUNDED,,0.00,2023-08-08T12:00:00Z,,,2026-08-31T23:59:00Z
EP2-001754,LP-2024-01754,R0153,LAW,S001,Equipment,2024-01-27T12:00:00Z,223000.00,NOT_FUNDED,,0.00,2024-05-10T12:00:00Z,,,2026-08-31T23:59:00Z
EP2-001755,LP-2023-01755,R0060,HUM,S007,Research Project,2023-09-19T12:00:00Z,402600.00,WITHDRAWN,,0.00,2023-11-01T12:00:00Z,,,2026-08-31T23:59:00Z
EP2-001756,LP-2023-01756,R0030,SCI,S020,Research Project,2023-11-10T12:00:00Z,232900.00,NOT_FUNDED,,0.00,2024-03-14T12:00:00Z,,,2026-08-31T23:59:00Z
EP2-001757,LP-2024-01757,R0041,LAW,S002,Equipment,2024-03-16T12:00:00Z,166000.00,ACTIVE,AW2-2024-01757,163400.00,2024-06-09T12:00:00Z,2024-08-07,2027-08-07,2026-08-31T23:59:00Z
EP2-001758,LP-2025-01758,R0103,HSC,S020,Training Grant,2025-04-05T12:00:00Z,99700.00,ACTIVE,AW2-2025-01758,66600.00,2025-06-03T12:00:00Z,2025-08-01,2028-07-31,2026-08-31T23:59:00Z
EP2-001759,LP-2023-01759,R0157,BUS,S012,Research Project,2023-10-17T12:00:00Z,137500.00,CLOSED,AW2-2023-01759,101000.00,2024-03-25T12:00:00Z,2024-05-09,2025-05-09,2026-08-31T23:59:00Z
EP2-001760,LP-2023-01760,R0074,ENG,S004,Fellowship,2023-03-18T12:00:00Z,164200.00,ACTIVE,AW2-2023-01760,121900.00,2023-07-09T12:00:00Z,2023-08-08,2025-01-29,2026-08-31T23:59:00Z
EP2-001761,LP-2026-01761,R0109,BUS,S015,Research Project,2026-01-01T12:00:00Z,129600.00,NOT_FUNDED,,0.00,2026-03-29T12:00:00Z,,,2026-08-31T23:59:00Z
EP2-001762,LP-2024-01762,R0020,HUM,S002,Research Project,2024-10-08T12:00:00Z,99400.00,ACTIVE,AW2-2024-01762,77900.00,2025-04-13T12:00:00Z,2025-05-24,2026-05-24,2026-08-31T23:59:00Z
EP2-001763,LP-2023-01763,R0079,HSC,S023,Research Project,2023-02-05T12:00:00Z,43900.00,CLOSED,AW2-2023-01763,43200.00,2023-05-03T12:00:00Z,2023-06-04,2025-06-03,2026-08-31T23:59:00Z
EP2-001764,LP-2023-01764,R0152,ARC,S019,Research Project,2023-04-21T12:00:00Z,294700.00,NOT_FUNDED,,0.00,2023-08-24T12:00:00Z,,,2026-08-31T23:59:00Z
EP2-001765,LP-2024-01765,R0176,ARC,S010,Equipment,2024-06-22T12:00:00Z,223100.00,CLOSED,AW2-2024-01765,147300.00,2024-11-05T12:00:00Z,2025-01-14,2026-07-08,2026-08-31T23:59:00Z
EP2-001766,LP-2026-01766,R0089,LAW,S025,Fellowship,2026-07-16T12:00:00Z,86500.00,AWARDED,AW2-2026-01766,56700.00,2026-08-31T12:00:00Z,2026-09-22,2027-09-22,2026-08-31T23:59:00Z
EP2-001767,LP-2025-01767,R0134,SCI,S007,Research Project,2025-06-21T12:00:00Z,130000.00,ACTIVE,AW2-2025-01767,116100.00,2025-10-07T12:00:00Z,2025-11-15,2028-11-14,2026-08-31T23:59:00Z
EP2-001768,LP-2025-01768,R0089,LAW,S008,Fellowship,2025-06-16T12:00:00Z,31600.00,NOT_FUNDED,,0.00,2025-11-13T12:00:00Z,,,2026-08-31T23:59:00Z
EP2-001769,LP-2024-01769,R0016,ARC,S008,Research Project,2024-04-26T12:00:00Z,94500.00,ACTIVE,AW2-2024-01769,64800.00,2024-07-16T12:00:00Z,2024-09-20,2027-09-20,2026-08-31T23:59:00Z
EP2-001770,LP-2024-01770,R0008,ARC,S006,Research Project,2024-11-18T12:00:00Z,268100.00,ACTIVE,AW2-2024-01770,251000.00,2025-01-11T12:00:00Z,2025-03-01,2028-02-29,2026-08-31T23:59:00Z
EP2-001771,LP-2025-01771,R0045,BUS,S024,Research Project,2025-01-20T12:00:00Z,121100.00,ACTIVE,AW2-2025-01771,80600.00,2025-06-22T12:00:00Z,2025-07-18,2027-01-09,2026-08-31T23:59:00Z
EP2-001772,LP-2026-01772,R0006,SCI,S008,Training Grant,2026-06-12T12:00:00Z,42100.00,NOT_FUNDED,,0.00,2026-08-31T12:00:00Z,,,2026-08-31T23:59:00Z
EP2-001773,LP-2023-01773,R0083,SOC,S007,Research Project,2023-05-03T12:00:00Z,156600.00,ACTIVE,AW2-2023-01773,129600.00,2023-07-16T12:00:00Z,2023-08-28,2024-08-27,2026-08-31T23:59:00Z
EP2-001774,LP-2024-01774,R0069,BUS,S001,Fellowship,2024-10-22T12:00:00Z,82500.00,WITHDRAWN,,0.00,2025-04-19T12:00:00Z,,,2026-08-31T23:59:00Z
EP2-001775,LP-2026-01775,R0059,SOC,S016,Research Project,2026-01-05T12:00:00Z,76900.00,CLOSED,AW2-2026-01775,71600.00,2026-03-20T12:00:00Z,2026-05-18,2028-05-17,2026-08-31T23:59:00Z
EP2-001776,LP-2025-01776,,HUM,S014,Equipment,2025-02-09T12:00:00Z,63000.00,NOT_FUNDED,,0.00,2025-07-29T12:00:00Z,,,2026-08-31T23:59:00Z
EP2-001777,LP-2025-01777,R0004,HUM,S021,Equipment,2025-05-18T12:00:00Z,473200.00,ACTIVE,AW2-2025-01777,358700.00,2025-08-11T12:00:00Z,2025-10-10,2027-10-10,2026-08-31T23:59:00Z
EP2-001778,LP-2026-01778,R0121,LAW,S002,Research Project,2026-05-30T12:00:00Z,83900.00,ACTIVE,AW2-2026-01778,71800.00,2026-08-31T12:00:00Z,2026-10-18,2028-04-10,2026-08-31T23:59:00Z
EP2-001779,LP-2025-01779,R0138,ENG,S012,Research Project,2025-03-26T12:00:00Z,153700.00,CLOSED,AW2-2025-01779,105300.00,2025-07-28T12:00:00Z,2025-09-07,2026-09-07,2026-08-31T23:59:00Z
EP2-001780,LP-2023-01780,R0036,HUM,S022,Research Project,2023-08-28T12:00:00Z,100400.00,NOT_FUNDED,,0.00,2023-12-05T12:00:00Z,,,2026-08-31T23:59:00Z
EP2-001781,LP-2024-01781,R0132,HUM,S017,Research Project,2024-11-25T12:00:00Z,38700.00,AWARDED,AW2-2024-01781,24000.00,2025-03-18T12:00:00Z,2025-04-18,2028-04-17,2026-08-31T23:59:00Z
EP2-001782,LP-2023-01782,R0095,HSC,S010,Research Project,2023-11-17T12:00:00Z,75400.00,NOT_FUNDED,,0.00,2024-01-29T12:00:00Z,,,2026-08-31T23:59:00Z
EP2-001783,LP-2026-01783,R0016,ARC,S005,Research Project,2026-08-03T12:00:00Z,1834400.00,UNDER_REVIEW,,0.00,,,,2026-08-31T23:59:00Z
EP2-001784,LP-2025-01784,R0158,SCI,S001,Equipment,2025-09-14T12:00:00Z,291000.00,NOT_FUNDED,,0.00,2025-12-01T12:00:00Z,,,2026-08-31T23:59:00Z
EP2-001785,LP-2024-01785,R0037,BUS,S025,Training Grant,2024-03-27T12:00:00Z,30700.00,CLOSED,AW2-2024-01785,24800.00,2024-06-18T12:00:00Z,2024-08-04,2025-08-04,2026-08-31T23:59:00Z
EP2-001786,LP-2023-01786,R0099,SOC,S006,Research Project,2023-09-19T12:00:00Z,112000.00,NOT_FUNDED,,0.00,2023-12-25T12:00:00Z,,,2026-08-31T23:59:00Z
EP2-001787,LP-2024-01787,R0096,ARC,S016,Internal Seed,2024-09-06T12:00:00Z,171400.00,NOT_FUNDED,,0.00,2024-10-17T12:00:00Z,,,2026-08-31T23:59:00Z
EP2-001788,LP-2023-01788,R0057,LAW,S004,Internal Seed,2023-05-17T12:00:00Z,109500.00,NOT_FUNDED,,0.00,2023-11-13T12:00:00Z,,,2026-08-31T23:59:00Z
EP2-001789,LP-2026-01789,R0029,BUS,S003,Research Project,2026-01-14T12:00:00Z,641000.00,NOT_FUNDED,,0.00,2026-04-08T12:00:00Z,,,2026-08-31T23:59:00Z
EP2-001790,LP-2025-01790,R0036,HUM,S002,Research Project,2025-11-24T12:00:00Z,81100.00,ACTIVE,AW2-2025-01790,78500.00,2026-01-25T12:00:00Z,2026-03-22,2027-03-22,2026-08-31T23:59:00Z
EP2-001791,LP-2023-01791,R0079,HSC,S017,Training Grant,2023-09-26T12:00:00Z,17600.00,CLOSED,AW2-2023-01791,15300.00,2023-11-13T12:00:00Z,2023-12-17,2025-06-09,2026-08-31T23:59:00Z
EP2-001792,LP-2025-01792,R0026,ENG,S025,Research Project,2025-11-18T12:00:00Z,51400.00,AWARDED,AW2-2025-01792,32400.00,2026-01-17T12:00:00Z,2026-03-26,2027-03-26,2026-08-31T23:59:00Z
EP2-001793,LP-2023-01793,R0042,ENG,S003,Research Project,2023-03-10T12:00:00Z,505100.00,ACTIVE,AW2-2023-01793,344600.00,2023-08-04T12:00:00Z,2023-10-08,2024-10-07,2026-08-31T23:59:00Z
EP2-001794,LP-2025-01794,R0175,HSC,S005,Research Project,2025-01-11T12:00:00Z,215300.00,WITHDRAWN,,0.00,2025-04-19T12:00:00Z,,,2026-08-31T23:59:00Z
EP2-001795,LP-2026-01795,R0163,SOC,S002,Research Project,2026-05-08T12:00:00Z,434400.00,NOT_FUNDED,,0.00,2026-08-20T12:00:00Z,,,2026-08-31T23:59:00Z
EP2-001796,LP-2026-01796,R0135,HSC,S017,Research Project,2026-02-28T12:00:00Z,29800.00,NOT_FUNDED,,0.00,2026-04-13T12:00:00Z,,,2026-08-31T23:59:00Z
EP2-001797,LP-2025-01797,R0166,SCI,S012,Research Project,2025-07-17T12:00:00Z,55600.00,AWARDED,AW2-2025-01797,38800.00,2026-01-18T12:00:00Z,2026-03-18,2027-09-09,2026-08-31T23:59:00Z
EP2-001798,LP-2025-01798,R0142,SCI,S010,Equipment,2025-10-25T12:00:00Z,49500.00,WITHDRAWN,,0.00,2026-03-20T12:00:00Z,,,2026-08-31T23:59:00Z
EP2-001799,LP-2024-01799,R0014,SCI,S006,Fellowship,2024-10-16T12:00:00Z,201200.00,ACTIVE,AW2-2024-01799,133100.00,2025-03-27T12:00:00Z,2025-04-16,2026-04-16,2026-08-31T23:59:00Z
EP2-001800,LP-2025-01800,R0079,HSC,S009,Research Project,2025-02-08T12:00:00Z,340700.00,AWARDED,AW2-2025-01800,306500.00,2025-05-28T12:00:00Z,2025-07-02,2027-07-02,2026-08-31T23:59:00Z
EP2-001801,LP-2025-01801,R0146,ENG,S001,Research Project,2025-04-16T12:00:00Z,190400.00,ACTIVE,AW2-2025-01801,136800.00,2025-08-19T12:00:00Z,2025-09-14,2027-03-08,2026-08-31T23:59:00Z
EP2-001802,LP-2024-01802,R0072,ARC,S017,Research Project,2024-11-16T12:00:00Z,165300.00,NOT_FUNDED,,0.00,2025-01-29T12:00:00Z,,,2026-08-31T23:59:00Z
EP2-001803,LP-2023-01803,R0107,SOC,S019,Training Grant,2023-01-17T12:00:00Z,29900.00,CLOSED,AW2-2023-01803,20800.00,2023-04-02T12:00:00Z,2023-04-28,2024-04-27,2026-08-31T23:59:00Z
EP2-001804,LP-2025-01804,R0069,BUS,S024,Training Grant,2025-09-25T12:00:00Z,292200.00,CLOSED,AW2-2025-01804,264500.00,2025-11-06T12:00:00Z,2026-01-19,2027-01-19,2026-08-31T23:59:00Z
EP2-001805,LP-2026-01805,R0084,HUM,S001,Internal Seed,2026-05-15T12:00:00Z,67800.00,UNDER_REVIEW,,0.00,,,,2026-08-31T23:59:00Z
EP2-001806,LP-2023-01806,R0036,HUM,S003,Research Project,2023-09-19T12:00:00Z,127400.00,CLOSED,AW2-2023-01806,125100.00,2024-01-29T12:00:00Z,2024-02-26,2025-08-19,2026-08-31T23:59:00Z
EP2-001807,LP-2023-01807,R0107,SOC,S009,Research Project,2023-03-08T12:00:00Z,53900.00,CLOSED,AW2-2023-01807,42400.00,2023-06-06T12:00:00Z,2023-08-14,2025-02-04,2026-08-31T23:59:00Z
EP2-001808,LP-2023-01808,R0038,SCI,S025,Equipment,2023-10-25T12:00:00Z,139500.00,NOT_FUNDED,,0.00,2024-03-22T12:00:00Z,,,2026-08-31T23:59:00Z
EP2-001809,LP-2024-01809,R0040,ARC,S017,Research Project,2024-06-15T12:00:00Z,42600.00,CLOSED,AW2-2024-01809,33900.00,2024-11-13T12:00:00Z,2025-01-01,2026-01-01,2026-08-31T23:59:00Z
EP2-001810,LP-2024-01810,R0088,ARC,S021,Internal Seed,2024-05-04T12:00:00Z,93500.00,NOT_FUNDED,,0.00,2024-10-15T12:00:00Z,,,2026-08-31T23:59:00Z
EP2-001811,LP-2024-01811,R0059,SOC,S004,Internal Seed,2024-04-28T12:00:00Z,1337400.00,CLOSED,AW2-2024-01811,1034700.00,2024-07-08T12:00:00Z,2024-09-08,2025-09-08,2026-08-31T23:59:00Z
EP2-001812,LP-2024-01812,R0104,ARC,S018,Training Grant,2024-08-28T12:00:00Z,91000.00,NOT_FUNDED,,0.00,2025-01-23T12:00:00Z,,,2026-08-31T23:59:00Z
EP2-001813,LP-2024-01813,R0112,ARC,S021,Research Project,2024-12-28T12:00:00Z,80200.00,CLOSED,AW2-2024-01813,76000.00,2025-02-27T12:00:00Z,2025-04-13,2027-04-13,2026-08-31T23:59:00Z
EP2-001814,LP-2023-01814,R0047,HSC,S020,Training Grant,2023-10-07T12:00:00Z,181200.00,NOT_FUNDED,,0.00,2023-12-16T12:00:00Z,,,2026-08-31T23:59:00Z
EP2-001815,LP-2023-01815,R0078,SCI,S016,Research Project,2023-01-11T12:00:00Z,125900.00,CLOSED,AW2-2023-01815,117800.00,2023-07-20T12:00:00Z,2023-09-21,2025-09-20,2026-08-31T23:59:00Z
EP2-001816,LP-2023-01816,R0088,ARC,S016,Research Project,2023-10-22T12:00:00Z,71900.00,NOT_FUNDED,,0.00,2023-12-28T12:00:00Z,,,2026-08-31T23:59:00Z
EP2-001817,LP-2026-01817,R0004,HUM,S002,Research Project,2026-01-22T12:00:00Z,164000.00,ACTIVE,AW2-2026-01817,160600.00,2026-07-13T12:00:00Z,2026-09-20,2029-09-19,2026-08-31T23:59:00Z
EP2-001818,LP-2025-01818,R0046,SCI,S025,Research Project,2025-08-15T12:00:00Z,353500.00,CLOSED,AW2-2025-01818,298200.00,2026-01-30T12:00:00Z,2026-02-17,2027-02-17,2026-08-31T23:59:00Z
EP2-001819,LP-2025-01819,R0013,BUS,S008,Research Project,2025-10-20T12:00:00Z,456800.00,ACTIVE,AW2-2025-01819,370200.00,2026-03-08T12:00:00Z,2026-03-18,2028-03-17,2026-08-31T23:59:00Z
EP2-001820,LP-2025-01820,R0058,ENG,S002,Training Grant,2025-01-17T12:00:00Z,25400.00,NOT_FUNDED,,0.00,2025-05-14T12:00:00Z,,,2026-08-31T23:59:00Z
EP2-001821,LP-2024-01821,R0041,LAW,S002,Equipment,2024-06-17T12:00:00Z,89600.00,NOT_FUNDED,,0.00,2024-10-31T12:00:00Z,,,2026-08-31T23:59:00Z
EP2-001822,LP-2024-01822,R0060,HUM,S019,Research Project,2024-10-20T12:00:00Z,53900.00,WITHDRAWN,,0.00,2025-02-02T12:00:00Z,,,2026-08-31T23:59:00Z
EP2-001823,LP-2025-01823,R0143,HSC,S016,Research Project,2025-05-20T12:00:00Z,238900.00,ACTIVE,AW2-2025-01823,199700.00,2025-07-06T12:00:00Z,2025-08-18,2027-02-09,2026-08-31T23:59:00Z
EP2-001824,LP-2026-01824,R0174,SCI,S002,Internal Seed,2026-06-15T12:00:00Z,63400.00,UNDER_REVIEW,,0.00,,,,2026-08-31T23:59:00Z
EP2-001825,LP-2024-01825,R0091,SOC,S002,Research Project,2024-03-22T12:00:00Z,39700.00,NOT_FUNDED,,0.00,2024-09-18T12:00:00Z,,,2026-08-31T23:59:00Z
EP2-001826,LP-2023-01826,R0142,SCI,S008,Research Project,2023-01-04T12:00:00Z,89900.00,NOT_FUNDED,,0.00,2023-04-12T12:00:00Z,,,2026-08-31T23:59:00Z
EP2-001827,LP-2024-01827,R0079,HSC,S005,Research Project,2024-10-16T12:00:00Z,268100.00,ACTIVE,AW2-2024-01827,192700.00,2025-02-04T12:00:00Z,2025-03-07,2026-08-29,2026-08-31T23:59:00Z
EP2-001828,LP-2025-01828,R0143,HSC,S006,Training Grant,2025-12-20T12:00:00Z,34700.00,ACTIVE,AW2-2025-01828,23300.00,2026-04-30T12:00:00Z,2026-05-23,2027-11-14,2026-08-31T23:59:00Z
EP2-001829,LP-2024-01829,R0068,HUM,S019,Research Project,2024-10-24T12:00:00Z,45000.00,NOT_FUNDED,,0.00,2025-01-05T12:00:00Z,,,2026-08-31T23:59:00Z
EP2-001830,LP-2025-01830,R0035,SOC,S015,Research Project,2025-08-16T12:00:00Z,196500.00,ACTIVE,AW2-2025-01830,151600.00,2025-12-28T12:00:00Z,2026-01-10,2029-01-09,2026-08-31T23:59:00Z
EP2-001831,LP-2024-01831,R0004,HUM,S005,Research Project,2024-06-18T12:00:00Z,213200.00,CLOSED,AW2-2024-01831,202100.00,2024-11-02T12:00:00Z,2024-11-14,2026-11-14,2026-08-31T23:59:00Z
EP2-001832,LP-2025-01832,R0072,ARC,S010,Equipment,2025-02-11T12:00:00Z,375900.00,CLOSED,AW2-2025-01832,332500.00,2025-08-11T12:00:00Z,2025-09-03,2027-09-03,2026-08-31T23:59:00Z
EP2-001833,LP-2024-01833,R0013,BUS,S011,Fellowship,2024-10-07T12:00:00Z,36500.00,NOT_FUNDED,,0.00,2025-04-11T12:00:00Z,,,2026-08-31T23:59:00Z
EP2-001834,LP-2025-01834,R0137,LAW,S010,Internal Seed,2025-06-07T12:00:00Z,231400.00,ACTIVE,AW2-2025-01834,176100.00,2025-11-16T12:00:00Z,2025-12-08,2026-12-08,2026-08-31T23:59:00Z
EP2-001835,LP-2025-01835,R0120,ARC,S011,Training Grant,2025-06-17T12:00:00Z,179300.00,AWARDED,AW2-2025-01835,177900.00,2025-11-04T12:00:00Z,2025-11-19,2027-05-13,2026-08-31T23:59:00Z
EP2-001836,LP-2024-01836,R0058,ENG,S010,Research Project,2024-03-20T12:00:00Z,102400.00,ACTIVE,AW2-2024-01836,75300.00,2024-08-25T12:00:00Z,2024-09-14,2025-09-14,2026-08-31T23:59:00Z
EP2-001837,LP-2025-01837,R0012,HUM,S012,Research Project,2025-06-15T12:00:00Z,309300.00,ACTIVE,AW2-2025-01837,295400.00,2025-10-26T12:00:00Z,2025-11-11,2027-11-11,2026-08-31T23:59:00Z
EP2-001838,LP-2026-01838,R0049,LAW,S005,Research Project,2026-02-26T12:00:00Z,63100.00,NOT_FUNDED,,0.00,2026-06-09T12:00:00Z,,,2026-08-31T23:59:00Z
EP2-001839,LP-2025-01839,R0147,SOC,S010,Research Project,2025-11-07T12:00:00Z,239200.00,ACTIVE,AW2-2025-01839,168800.00,2026-02-14T12:00:00Z,2026-03-19,2029-03-18,2026-08-31T23:59:00Z
EP2-001840,LP-2024-01840,R0040,ARC,S006,Equipment,2024-09-29T12:00:00Z,114000.00,CLOSED,AW2-2024-01840,86000.00,2024-11-22T12:00:00Z,2025-01-25,2028-01-25,2026-08-31T23:59:00Z
EP2-001841,LP-2026-01841,R0171,SOC,S025,Internal Seed,2026-04-18T12:00:00Z,108200.00,UNDER_REVIEW,,0.00,,,,2026-08-31T23:59:00Z
EP2-001842,LP-2023-01842,R0131,SOC,S007,Research Project,2023-05-27T12:00:00Z,71900.00,ACTIVE,AW2-2023-01842,53100.00,2023-08-22T12:00:00Z,2023-10-02,2026-10-01,2026-08-31T23:59:00Z
EP2-001843,LP-2023-01843,R0004,HUM,S012,Research Project,2023-06-01T12:00:00Z,82600.00,NOT_FUNDED,,0.00,2023-09-15T12:00:00Z,,,2026-08-31T23:59:00Z
EP2-001844,LP-2023-01844,R0139,SOC,S018,Training Grant,2023-06-03T12:00:00Z,430300.00,NOT_FUNDED,,0.00,2023-07-10T12:00:00Z,,,2026-08-31T23:59:00Z
EP2-001845,LP-2026-01845,R0156,HUM,S006,Research Project,2026-05-26T12:00:00Z,843600.00,NOT_FUNDED,,0.00,2026-08-31T12:00:00Z,,,2026-08-31T23:59:00Z
EP2-001846,LP-2023-01846,R0132,HUM,S008,Internal Seed,2023-06-15T12:00:00Z,95400.00,CLOSED,AW2-2023-01846,68800.00,2023-09-05T12:00:00Z,2023-10-02,2024-10-01,2026-08-31T23:59:00Z
EP2-001847,LP-2023-01847,R0061,BUS,S008,Research Project,2023-03-20T12:00:00Z,28100.00,ACTIVE,AW2-2023-01847,22000.00,2023-08-02T12:00:00Z,2023-09-18,2025-09-17,2026-08-31T23:59:00Z
EP2-001848,LP-2024-01848,R0105,LAW,S002,Research Project,2024-03-05T12:00:00Z,137500.00,ACTIVE,AW2-2024-01848,103700.00,2024-05-20T12:00:00Z,2024-06-30,2026-06-30,2026-08-31T23:59:00Z
EP2-001849,LP-2025-01849,R0047,HSC,S010,Research Project,2025-08-18T12:00:00Z,281200.00,ACTIVE,AW2-2025-01849,205000.00,2025-12-29T12:00:00Z,2026-01-17,2028-01-17,2026-08-31T23:59:00Z
EP2-001850,LP-2024-01850,R0119,HSC,S022,Research Project,2024-04-28T12:00:00Z,63800.00,CLOSED,AW2-2024-01850,42400.00,2024-09-23T12:00:00Z,2024-11-18,2027-11-18,2026-08-31T23:59:00Z
EP2-001851,LP-2026-01851,R0091,SOC,S014,Internal Seed,2026-06-02T12:00:00Z,29100.00,NOT_FUNDED,,0.00,2026-08-31T12:00:00Z,,,2026-08-31T23:59:00Z
EP2-001852,LP-2025-01852,R0167,HSC,S003,Research Project,2025-06-11T12:00:00Z,81600.00,AWARDED,AW2-2025-01852,74400.00,2025-11-05T12:00:00Z,2025-12-12,2026-12-12,2026-08-31T23:59:00Z
EP2-001853,LP-2024-01853,R0114,ENG,S014,Training Grant,2024-06-12T12:00:00Z,58200.00,NOT_FUNDED,,0.00,2024-11-27T12:00:00Z,,,2026-08-31T23:59:00Z
EP2-001854,LP-2023-01854,R0140,HUM,S023,Internal Seed,2023-08-13T12:00:00Z,64800.00,NOT_FUNDED,,0.00,2024-01-29T12:00:00Z,,,2026-08-31T23:59:00Z
EP2-001855,LP-2024-01855,R0057,LAW,S010,Research Project,2024-05-18T12:00:00Z,43400.00,NOT_FUNDED,,0.00,2024-11-20T12:00:00Z,,,2026-08-31T23:59:00Z
EP2-001856,LP-2024-01856,R0079,HSC,S014,Fellowship,2024-02-19T12:00:00Z,169000.00,CLOSED,AW2-2024-01856,126400.00,2024-07-17T12:00:00Z,2024-09-10,2026-03-04,2026-08-31T23:59:00Z
EP2-001857,LP-2023-01857,R0161,LAW,S006,Training Grant,2023-04-13T12:00:00Z,91600.00,NOT_FUNDED,,0.00,2023-08-13T12:00:00Z,,,2026-08-31T23:59:00Z
EP2-001858,LP-2023-01858,R0144,ARC,S007,Training Grant,2023-06-30T12:00:00Z,83700.00,NOT_FUNDED,,0.00,2024-01-01T12:00:00Z,,,2026-08-31T23:59:00Z
EP2-001860,LP-2023-01860,R0177,LAW,S007,Research Project,2023-04-21T12:00:00Z,490800.00,CLOSED,AW2-2023-01860,366200.00,2023-07-19T12:00:00Z,2023-09-03,2025-09-02,2026-08-31T23:59:00Z
EP2-001861,LP-2025-01861,R0116,HUM,S001,Research Project,2025-07-30T12:00:00Z,50700.00,NOT_FUNDED,,0.00,2025-11-07T12:00:00Z,,,2026-08-31T23:59:00Z
EP2-001862,LP-2026-01862,R0158,SCI,S001,Research Project,2026-03-25T12:00:00Z,93700.00,NOT_FUNDED,,0.00,2026-05-31T12:00:00Z,,,2026-08-31T23:59:00Z
EP2-001863,LP-2025-01863,R0070,SCI,S007,Internal Seed,2025-04-21T12:00:00Z,131400.00,NOT_FUNDED,,0.00,2025-09-24T12:00:00Z,,,2026-08-31T23:59:00Z
EP2-001864,LP-2025-01864,R0143,HSC,S002,Internal Seed,2025-10-03T12:00:00Z,254700.00,NOT_FUNDED,,0.00,2026-01-28T12:00:00Z,,,2026-08-31T23:59:00Z
EP2-001865,LP-2024-01865,R0108,HUM,S025,Research Project,2024-02-11T12:00:00Z,124300.00,NOT_FUNDED,,0.00,2024-05-04T12:00:00Z,,,2026-08-31T23:59:00Z
EP2-001866,LP-2024-01866,R0120,ARC,S004,Research Project,2024-12-22T12:00:00Z,121400.00,NOT_FUNDED,,0.00,2025-05-15T12:00:00Z,,,2026-08-31T23:59:00Z
EP2-001867,LP-2024-01867,R0040,ARC,S001,Research Project,2024-03-30T12:00:00Z,300000.00,ACTIVE,AW2-2024-01867,204700.00,2024-08-22T12:00:00Z,2024-11-02,2026-11-02,2026-08-31T23:59:00Z
EP2-001868,LP-2023-01868,R0083,SOC,S010,Research Project,2023-03-27T12:00:00Z,105000.00,CLOSED,AW2-2023-01868,102600.00,2023-06-01T12:00:00Z,2023-07-05,2024-12-26,2026-08-31T23:59:00Z
EP2-001869,LP-2023-01869,R0116,HUM,S016,Training Grant,2023-07-24T12:00:00Z,627700.00,CLOSED,AW2-2023-01869,611600.00,2023-11-25T12:00:00Z,2024-01-10,2025-07-03,2026-08-31T23:59:00Z
EP2-001870,LP-2023-01870,R0033,LAW,S014,Research Project,2023-08-29T12:00:00Z,742100.00,CLOSED,AW2-2023-01870,522400.00,2024-02-18T12:00:00Z,2024-03-07,2026-03-07,2026-08-31T23:59:00Z
EP2-001871,LP-2025-01871,R0045,BUS,S022,Internal Seed,2025-05-03T12:00:00Z,114600.00,AWARDED,AW2-2025-01871,73900.00,2025-09-28T12:00:00Z,2025-10-17,2028-10-16,2026-08-31T23:59:00Z
EP2-001872,LP-2025-01872,R0155,SOC,S025,Research Project,2025-03-17T12:00:00Z,140400.00,NOT_FUNDED,,0.00,2025-05-19T12:00:00Z,,,2026-08-31T23:59:00Z
EP2-001873,LP-2026-01873,R0027,SOC,S006,Research Project,2026-06-24T12:00:00Z,93600.00,ACTIVE,AW2-2026-01873,82600.00,2026-08-31T12:00:00Z,2026-11-14,2028-05-07,2026-08-31T23:59:00Z
EP2-001874,LP-2026-01874,R0036,HUM,S007,Training Grant,2026-06-30T12:00:00Z,256200.00,UNDER_REVIEW,,0.00,,,,2026-08-31T23:59:00Z
EP2-001875,LP-2026-01875,R0032,ARC,S018,Research Project,2026-04-28T12:00:00Z,117300.00,AWARDED,AW2-2026-01875,92400.00,2026-07-13T12:00:00Z,2026-07-25,2027-07-25,2026-08-31T23:59:00Z
EP2-001876,LP-2026-01876,R0056,ARC,S015,Research Project,2026-03-27T12:00:00Z,68900.00,AWARDED,AW2-2026-01876,61900.00,2026-05-30T12:00:00Z,2026-06-18,2027-12-10,2026-08-31T23:59:00Z
EP2-001877,LP-2025-01877,R0050,ENG,S016,Internal Seed,2025-11-11T12:00:00Z,84700.00,ACTIVE,AW2-2025-01877,59300.00,2026-01-18T12:00:00Z,2026-03-05,2028-03-04,2026-08-31T23:59:00Z
EP2-001878,LP-2024-01878,R0127,HSC,S024,Training Grant,2024-01-29T12:00:00Z,372900.00,CLOSED,AW2-2024-01878,243400.00,2024-04-19T12:00:00Z,2024-05-07,2026-05-07,2026-08-31T23:59:00Z
EP2-001879,LP-2024-01879,R0059,SOC,S014,Research Project,2024-01-04T12:00:00Z,104500.00,CLOSED,AW2-2024-01879,82500.00,2024-02-29T12:00:00Z,2024-04-30,2026-04-30,2026-08-31T23:59:00Z
EP2-001880,LP-2023-01880,R0038,SCI,S016,Fellowship,2023-12-01T12:00:00Z,25700.00,ACTIVE,AW2-2023-01880,17900.00,2024-03-27T12:00:00Z,2024-05-28,2025-05-28,2026-08-31T23:59:00Z
EP2-001881,LP-2026-01881,R0094,SCI,S003,Internal Seed,2026-07-29T12:00:00Z,207900.00,SUBMITTED,,0.00,,,,2026-08-31T23:59:00Z
EP2-001882,LP-2025-01882,R0011,SOC,S016,Research Project,2025-04-21T12:00:00Z,74200.00,NOT_FUNDED,,0.00,2025-06-29T12:00:00Z,,,2026-08-31T23:59:00Z
EP2-001883,LP-2026-01883,R0027,SOC,S020,Research Project,2026-05-30T12:00:00Z,494000.00,UNDER_REVIEW,,0.00,,,,2026-08-31T23:59:00Z
EP2-001884,LP-2024-01884,R0033,LAW,S003,Research Project,2024-05-16T12:00:00Z,79800.00,CLOSED,AW2-2024-01884,55700.00,2024-09-06T12:00:00Z,2024-11-05,2026-04-29,2026-08-31T23:59:00Z
EP2-001885,LP-2026-01885,R0022,SCI,S002,Research Project,2026-05-27T12:00:00Z,231300.00,ACTIVE,AW2-2026-01885,175700.00,2026-08-09T12:00:00Z,2026-08-24,2028-08-23,2026-08-31T23:59:00Z
EP2-001886,LP-2025-01886,R0084,HUM,S024,Internal Seed,2025-03-24T12:00:00Z,286200.00,NOT_FUNDED,,0.00,2025-09-03T12:00:00Z,,,2026-08-31T23:59:00Z
EP2-001887,LP-2026-01887,R0086,SCI,S022,Training Grant,2026-01-17T12:00:00Z,95500.00,CLOSED,AW2-2026-01887,85800.00,2026-06-10T12:00:00Z,2026-07-12,2029-07-11,2026-08-31T23:59:00Z
EP2-001888,LP-2024-01888,R0039,HSC,S002,Research Project,2024-10-03T12:00:00Z,169600.00,NOT_FUNDED,,0.00,2024-11-18T12:00:00Z,,,2026-08-31T23:59:00Z
EP2-001889,LP-2023-01889,R0048,ARC,S007,Research Project,2023-12-03T12:00:00Z,146000.00,NOT_FUNDED,,0.00,2024-03-17T12:00:00Z,,,2026-08-31T23:59:00Z
EP2-001890,LP-2023-01890,R0039,HSC,S020,Research Project,2023-12-03T12:00:00Z,15000.00,ACTIVE,AW2-2023-01890,11100.00,2024-05-25T12:00:00Z,2024-07-13,2027-07-13,2026-08-31T23:59:00Z
EP2-001891,LP-2024-01891,R0103,HSC,S007,Equipment,2024-10-28T12:00:00Z,246400.00,NOT_FUNDED,,0.00,2025-01-04T12:00:00Z,,,2026-08-31T23:59:00Z
EP2-001892,LP-2024-01892,R0143,HSC,S016,Research Project,2024-03-02T12:00:00Z,179700.00,ACTIVE,AW2-2024-01892,144500.00,2024-04-06T12:00:00Z,2024-05-13,2025-11-04,2026-08-31T23:59:00Z
EP2-001893,LP-2025-01893,R0074,ENG,S005,Training Grant,2025-03-18T12:00:00Z,861300.00,ACTIVE,AW2-2025-01893,796600.00,2025-08-20T12:00:00Z,2025-09-29,2027-03-23,2026-08-31T23:59:00Z
EP2-001894,LP-2025-01894,R0147,SOC,S003,Training Grant,2025-04-28T12:00:00Z,112000.00,NOT_FUNDED,,0.00,2025-08-03T12:00:00Z,,,2026-08-31T23:59:00Z
EP2-001895,LP-2023-01895,R0179,SOC,S009,Research Project,2023-11-14T12:00:00Z,57300.00,NOT_FUNDED,,0.00,2024-01-07T12:00:00Z,,,2026-08-31T23:59:00Z
EP2-001896,LP-2026-01896,R0143,HSC,S002,Research Project,2026-02-26T12:00:00Z,655500.00,NOT_FUNDED,,0.00,2026-05-24T12:00:00Z,,,2026-08-31T23:59:00Z
EP2-001897,LP-2025-01897,R0071,HSC,S014,Research Project,2025-11-10T12:00:00Z,115700.00,AWARDED,AW2-2025-01897,105700.00,2026-03-06T12:00:00Z,2026-04-21,2027-10-13,2026-08-31T23:59:00Z
EP2-001898,LP-2024-01898,R0145,LAW,S016,Training Grant,2024-12-01T12:00:00Z,51800.00,WITHDRAWN,,0.00,2025-06-04T12:00:00Z,,,2026-08-31T23:59:00Z
EP2-001899,LP-2023-01899,R0151,HSC,S002,Research Project,2023-01-05T12:00:00Z,32300.00,NOT_FUNDED,,0.00,2023-05-24T12:00:00Z,,,2026-08-31T23:59:00Z
EP2-001900,LP-2025-01900,R0175,HSC,S023,Research Project,2025-07-22T12:00:00Z,53800.00,AWARDED,AW2-2025-01900,37200.00,2025-11-03T12:00:00Z,2025-11-21,2028-11-20,2026-08-31T23:59:00Z
EP2-001901,LP-2023-01901,R0013,BUS,S013,Research Project,2023-02-17T12:00:00Z,39200.00,NOT_FUNDED,,0.00,2023-04-30T12:00:00Z,,,2026-08-31T23:59:00Z
EP2-001902,LP-2024-01902,R0096,ARC,S004,Equipment,2024-01-15T12:00:00Z,154800.00,WITHDRAWN,,0.00,2024-03-26T12:00:00Z,,,2026-08-31T23:59:00Z
EP2-001903,LP-2025-01903,R0011,SOC,S022,Research Project,2025-06-22T12:00:00Z,193400.00,ACTIVE,AW2-2025-01903,185500.00,2025-10-17T12:00:00Z,2025-12-13,2027-12-13,2026-08-31T23:59:00Z
EP2-001905,LP-2025-01905,R0013,BUS,S025,Fellowship,2025-12-05T12:00:00Z,87700.00,NOT_FUNDED,,0.00,2026-05-07T12:00:00Z,,,2026-08-31T23:59:00Z
EP2-001906,LP-2025-01906,R0135,HSC,S007,Research Project,2025-01-04T12:00:00Z,136700.00,NOT_FUNDED,,0.00,2025-04-13T12:00:00Z,,,2026-08-31T23:59:00Z
EP2-001907,LP-2025-01907,R0037,BUS,S005,Research Project,2025-11-05T12:00:00Z,418100.00,NOT_FUNDED,,0.00,2026-01-25T12:00:00Z,,,2026-08-31T23:59:00Z
EP2-001908,LP-2026-01908,R0010,ENG,S005,Training Grant,2026-07-03T12:00:00Z,15200.00,UNDER_REVIEW,,0.00,,,,2026-08-31T23:59:00Z
EP2-001909,LP-2023-01909,R0025,LAW,S020,Fellowship,2023-05-26T12:00:00Z,486300.00,NOT_FUNDED,,0.00,2023-09-11T12:00:00Z,,,2026-08-31T23:59:00Z
EP2-001910,LP-2025-01910,R0005,BUS,S023,Research Project,2025-09-14T12:00:00Z,122200.00,NOT_FUNDED,,0.00,2025-10-23T12:00:00Z,,,2026-08-31T23:59:00Z
EP2-001911,LP-2024-01911,R0089,LAW,S011,Research Project,2024-04-24T12:00:00Z,702200.00,ACTIVE,AW2-2024-01911,499400.00,2024-09-20T12:00:00Z,2024-11-29,2026-11-29,2026-08-31T23:59:00Z
EP2-001912,LP-2025-01912,R0080,ARC,S020,Equipment,2025-01-23T12:00:00Z,104900.00,CLOSED,AW2-2025-01912,98600.00,2025-04-23T12:00:00Z,2025-05-10,2027-05-10,2026-08-31T23:59:00Z
EP2-001913,LP-2024-01913,R0061,BUS,S002,Research Project,2024-08-27T12:00:00Z,273900.00,NOT_FUNDED,,0.00,2024-10-20T12:00:00Z,,,2026-08-31T23:59:00Z
EP2-001914,LP-2023-01914,R0172,HUM,S010,Research Project,2023-07-24T12:00:00Z,39900.00,NOT_FUNDED,,0.00,2023-09-26T12:00:00Z,,,2026-08-31T23:59:00Z
EP2-001915,LP-2026-01915,R0022,SCI,S007,Training Grant,2026-06-06T12:00:00Z,150500.00,NOT_FUNDED,,0.00,2026-08-31T12:00:00Z,,,2026-08-31T23:59:00Z
EP2-001916,LP-2024-01916,R0174,SCI,S010,Research Project,2024-03-20T12:00:00Z,78100.00,ACTIVE,AW2-2024-01916,64400.00,2024-08-01T12:00:00Z,2024-09-03,2026-02-25,2026-08-31T23:59:00Z
EP2-001917,LP-2026-01917,R0015,HSC,S014,Training Grant,2026-02-15T12:00:00Z,96200.00,ACTIVE,AW2-2026-01917,77800.00,2026-08-10T12:00:00Z,2026-08-28,2028-08-27,2026-08-31T23:59:00Z
EP2-001918,LP-2023-01918,R0025,LAW,S014,Research Project,2023-12-11T12:00:00Z,256300.00,NOT_FUNDED,,0.00,2024-01-21T12:00:00Z,,,2026-08-31T23:59:00Z
EP2-001919,LP-2025-01919,R0065,LAW,S002,Research Project,2025-07-18T12:00:00Z,245200.00,ACTIVE,AW2-2025-01919,171000.00,2025-12-27T12:00:00Z,2026-02-06,2029-02-05,2026-08-31T23:59:00Z
EP2-001920,LP-2025-01920,R0010,ENG,S019,Equipment,2025-01-24T12:00:00Z,337500.00,CLOSED,AW2-2025-01920,225100.00,2025-03-09T12:00:00Z,2025-05-11,2027-05-11,2026-08-31T23:59:00Z
EP2-001921,LP-2025-01921,R0114,ENG,S008,Research Project,2025-06-08T12:00:00Z,83300.00,AWARDED,AW2-2025-01921,83000.00,2025-09-30T12:00:00Z,2025-10-28,2026-10-28,2026-08-31T23:59:00Z
EP2-001922,LP-2023-01922,R0079,HSC,S014,Research Project,2023-10-26T12:00:00Z,476100.00,NOT_FUNDED,,0.00,2024-02-04T12:00:00Z,,,2026-08-31T23:59:00Z
EP2-001923,LP-2026-01923,R0048,ARC,S019,Research Project,2026-06-25T12:00:00Z,160700.00,NOT_FUNDED,,0.00,2026-08-16T12:00:00Z,,,2026-08-31T23:59:00Z
EP2-001924,LP-2026-01924,R0173,BUS,S007,Internal Seed,2026-04-05T12:00:00Z,268200.00,UNDER_REVIEW,,0.00,,,,2026-08-31T23:59:00Z
EP2-001925,LP-2025-01925,R0151,HSC,S019,Research Project,2025-10-04T12:00:00Z,99100.00,ACTIVE,AW2-2025-01925,78200.00,2026-01-20T12:00:00Z,2026-03-18,2027-03-18,2026-08-31T23:59:00Z
EP2-001926,LP-2024-01926,R0173,BUS,S003,Equipment,2024-07-10T12:00:00Z,68600.00,NOT_FUNDED,,0.00,2024-10-13T12:00:00Z,,,2026-08-31T23:59:00Z
EP2-001927,LP-2024-01927,R0025,LAW,S007,Research Project,2024-03-16T12:00:00Z,128800.00,ACTIVE,AW2-2024-01927,117800.00,2024-06-30T12:00:00Z,2024-08-25,2026-08-25,2026-08-31T23:59:00Z
EP2-001928,LP-2024-01928,R0105,LAW,S024,Research Project,2024-04-05T12:00:00Z,39700.00,CLOSED,AW2-2024-01928,34000.00,2024-07-23T12:00:00Z,2024-08-13,2025-08-13,2026-08-31T23:59:00Z
EP2-001929,LP-2025-01929,R0113,LAW,S022,Research Project,2025-10-13T12:00:00Z,208600.00,CLOSED,AW2-2025-01929,139000.00,2025-11-19T12:00:00Z,2025-12-14,2027-06-07,2026-08-31T23:59:00Z
EP2-001930,LP-2023-01930,R0045,BUS,S001,Equipment,2023-01-04T12:00:00Z,125600.00,NOT_FUNDED,,0.00,2023-06-21T12:00:00Z,,,2026-08-31T23:59:00Z
EP2-001931,LP-2023-01931,R0015,HSC,S006,Research Project,2023-02-01T12:00:00Z,208600.00,NOT_FUNDED,,0.00,2023-05-06T12:00:00Z,,,2026-08-31T23:59:00Z
EP2-001932,LP-2024-01932,R0168,ARC,S003,Training Grant,2024-11-28T12:00:00Z,39800.00,ACTIVE,AW2-2024-01932,38200.00,2025-01-27T12:00:00Z,2025-03-08,2027-03-08,2026-08-31T23:59:00Z
EP2-001933,LP-2024-01933,R0050,ENG,S017,Research Project,2024-02-29T12:00:00Z,233700.00,CLOSED,AW2-2024-01933,182800.00,2024-07-06T12:00:00Z,2024-08-01,2027-08-01,2026-08-31T23:59:00Z
EP2-001934,LP-2023-01934,R0164,HUM,S005,Training Grant,2023-10-01T12:00:00Z,63100.00,ACTIVE,AW2-2023-01934,60900.00,2024-02-18T12:00:00Z,2024-05-02,2027-05-02,2026-08-31T23:59:00Z
EP2-001935,LP-2025-01935,R0132,HUM,S017,Research Project,2025-10-30T12:00:00Z,71400.00,NOT_FUNDED,,0.00,2026-02-05T12:00:00Z,,,2026-08-31T23:59:00Z
EP2-001936,LP-2025-01936,R0171,SOC,S013,Research Project,2025-08-24T12:00:00Z,226600.00,CLOSED,AW2-2025-01936,202500.00,2025-11-17T12:00:00Z,2026-01-09,2028-01-09,2026-08-31T23:59:00Z
EP2-001937,LP-2023-01937,R0111,HSC,S010,Training Grant,2023-12-29T12:00:00Z,130800.00,NOT_FUNDED,,0.00,2024-02-28T12:00:00Z,,,2026-08-31T23:59:00Z
EP2-001938,LP-2026-01938,R0023,HSC,S021,Training Grant,2026-08-10T12:00:00Z,334900.00,SUBMITTED,,0.00,,,,2026-08-31T23:59:00Z
EP2-001939,LP-2025-01939,R0032,ARC,S016,Equipment,2025-07-17T12:00:00Z,87300.00,ACTIVE,AW2-2025-01939,75200.00,2025-12-08T12:00:00Z,2026-01-11,2027-01-11,2026-08-31T23:59:00Z
EP2-001940,LP-2024-01940,R0063,HSC,S012,Research Project,2024-05-17T12:00:00Z,217300.00,NOT_FUNDED,,0.00,2024-08-22T12:00:00Z,,,2026-08-31T23:59:00Z
EP2-001941,LP-2023-01941,R0005,BUS,S007,Training Grant,2023-11-04T12:00:00Z,101300.00,ACTIVE,AW2-2023-01941,76700.00,2023-12-20T12:00:00Z,2024-01-23,2025-07-16,2026-08-31T23:59:00Z
EP2-001942,LP-2023-01942,R0029,BUS,S002,Research Project,2023-04-17T12:00:00Z,161800.00,NOT_FUNDED,,0.00,2023-08-21T12:00:00Z,,,2026-08-31T23:59:00Z
EP2-001943,LP-2025-01943,R0130,ENG,S016,Training Grant,2025-01-28T12:00:00Z,142700.00,ACTIVE,AW2-2025-01943,130900.00,2025-05-10T12:00:00Z,2025-06-20,2028-06-19,2026-08-31T23:59:00Z
EP2-001944,LP-2026-01944,R0167,HSC,S016,Research Project,2026-01-10T12:00:00Z,77800.00,NOT_FUNDED,,0.00,2026-07-10T12:00:00Z,,,2026-08-31T23:59:00Z
EP2-001945,LP-2023-01945,R0039,HSC,S002,Research Project,2023-11-07T12:00:00Z,151500.00,ACTIVE,AW2-2023-01945,113600.00,2024-03-28T12:00:00Z,2024-04-19,2025-04-19,2026-08-31T23:59:00Z
EP2-001946,LP-2025-01946,R0075,SOC,S014,Research Project,2025-11-20T12:00:00Z,118200.00,WITHDRAWN,,0.00,2026-03-18T12:00:00Z,,,2026-08-31T23:59:00Z
EP2-001947,LP-2024-01947,R0095,HSC,S009,Research Project,2024-07-08T12:00:00Z,182100.00,CLOSED,AW2-2024-01947,120600.00,2025-01-12T12:00:00Z,2025-02-13,2026-08-07,2026-08-31T23:59:00Z
EP2-001948,LP-2023-01948,R0108,HUM,S014,Research Project,2023-11-03T12:00:00Z,94600.00,CLOSED,AW2-2023-01948,86200.00,2024-02-13T12:00:00Z,2024-04-18,2026-04-18,2026-08-31T23:59:00Z
EP2-001949,LP-2023-01949,R0088,ARC,S011,Training Grant,2023-01-04T12:00:00Z,139200.00,CLOSED,AW2-2023-01949,103600.00,2023-04-17T12:00:00Z,2023-06-21,2026-06-20,2026-08-31T23:59:00Z
EP2-001950,LP-2024-01950,R0117,BUS,S003,Research Project,2024-05-07T12:00:00Z,60700.00,NOT_FUNDED,,0.00,2024-10-19T12:00:00Z,,,2026-08-31T23:59:00Z
EP2-001951,LP-2023-01951,R0145,LAW,S005,Internal Seed,2023-08-02T12:00:00Z,397700.00,NOT_FUNDED,,0.00,2024-01-31T12:00:00Z,,,2026-08-31T23:59:00Z
EP2-001952,LP-2024-01952,R0074,ENG,S006,Training Grant,2024-10-25T12:00:00Z,153600.00,WITHDRAWN,,0.00,2025-04-11T12:00:00Z,,,2026-08-31T23:59:00Z
EP2-001953,LP-2024-01953,R0165,BUS,S018,Internal Seed,2024-12-15T12:00:00Z,49800.00,NOT_FUNDED,,0.00,2025-04-19T12:00:00Z,,,2026-08-31T23:59:00Z
EP2-001954,LP-2024-01954,R0168,ARC,S018,Internal Seed,2024-03-12T12:00:00Z,147300.00,NOT_FUNDED,,0.00,2024-06-08T12:00:00Z,,,2026-08-31T23:59:00Z
EP2-001955,LP-2025-01955,R0028,HUM,S001,Training Grant,2025-07-30T12:00:00Z,80800.00,NOT_FUNDED,,0.00,2025-10-24T12:00:00Z,,,2026-08-31T23:59:00Z
EP2-001956,LP-2023-01956,R0170,ENG,S014,Equipment,2023-09-21T12:00:00Z,242400.00,NOT_FUNDED,,0.00,2023-12-08T12:00:00Z,,,2026-08-31T23:59:00Z
EP2-001957,LP-2023-01957,R0128,ARC,S001,Training Grant,2023-07-18T12:00:00Z,114700.00,NOT_FUNDED,,0.00,2024-01-05T12:00:00Z,,,2026-08-31T23:59:00Z
EP2-001958,LP-2023-01958,R0041,LAW,S001,Research Project,2023-09-15T12:00:00Z,158500.00,ACTIVE,AW2-2023-01958,112300.00,2024-01-17T12:00:00Z,2024-03-17,2026-03-17,2026-08-31T23:59:00Z
EP2-001959,LP-2023-01959,R0129,LAW,S022,Research Project,2023-11-16T12:00:00Z,219400.00,NOT_FUNDED,,0.00,2024-01-14T12:00:00Z,,,2026-08-31T23:59:00Z
EP2-001960,LP-2023-01960,R0100,HUM,S014,Research Project,2023-05-11T12:00:00Z,483600.00,CLOSED,AW2-2023-01960,394000.00,2023-10-03T12:00:00Z,2023-11-26,2024-11-25,2026-08-31T23:59:00Z
EP2-001961,LP-2026-01961,R0155,SOC,S002,Research Project,2026-02-26T12:00:00Z,53600.00,CLOSED,AW2-2026-01961,48200.00,2026-05-14T12:00:00Z,2026-06-01,2027-06-01,2026-08-31T23:59:00Z
EP2-001962,LP-2024-01962,R0094,SCI,S024,Training Grant,2024-03-27T12:00:00Z,61500.00,CLOSED,AW2-2024-01962,54600.00,2024-09-22T12:00:00Z,2024-10-11,2026-10-11,2026-08-31T23:59:00Z
EP2-001963,LP-2023-01963,R0090,ENG,S002,Research Project,2023-10-11T12:00:00Z,67800.00,CLOSED,AW2-2023-01963,51600.00,2023-12-27T12:00:00Z,2024-01-08,2025-01-07,2026-08-31T23:59:00Z
EP2-001964,LP-2023-01964,R0088,ARC,S018,Internal Seed,2023-01-01T12:00:00Z,128600.00,CLOSED,AW2-2023-01964,127100.00,2023-05-22T12:00:00Z,2023-06-14,2025-06-13,2026-08-31T23:59:00Z
EP2-001965,LP-2025-01965,R0048,ARC,S021,Training Grant,2025-05-02T12:00:00Z,46700.00,NOT_FUNDED,,0.00,2025-06-26T12:00:00Z,,,2026-08-31T23:59:00Z
EP2-001966,LP-2025-01966,R0169,LAW,S003,Training Grant,2025-07-15T12:00:00Z,107700.00,NOT_FUNDED,,0.00,2025-11-26T12:00:00Z,,,2026-08-31T23:59:00Z
EP2-001967,LP-2025-01967,R0083,SOC,S022,Research Project,2025-04-07T12:00:00Z,32300.00,NOT_FUNDED,,0.00,2025-08-03T12:00:00Z,,,2026-08-31T23:59:00Z
EP2-001968,LP-2024-01968,R0076,HUM,S024,Research Project,2024-05-27T12:00:00Z,331300.00,ACTIVE,AW2-2024-01968,296300.00,2024-09-09T12:00:00Z,2024-10-08,2026-04-01,2026-08-31T23:59:00Z
EP2-001969,LP-2023-01969,R0049,LAW,S022,Research Project,2023-12-12T12:00:00Z,147600.00,CLOSED,AW2-2023-01969,103000.00,2024-05-24T12:00:00Z,2024-06-05,2027-06-05,2026-08-31T23:59:00Z
EP2-001970,LP-2024-01970,R0035,SOC,S002,Research Project,2024-07-18T12:00:00Z,63600.00,ACTIVE,AW2-2024-01970,54700.00,2024-10-09T12:00:00Z,2024-10-20,2026-04-13,2026-08-31T23:59:00Z
EP2-001971,LP-2026-01971,R0108,HUM,S008,Internal Seed,2026-04-22T12:00:00Z,192800.00,AWARDED,AW2-2026-01971,136900.00,2026-08-31T12:00:00Z,2026-10-16,2028-10-15,2026-08-31T23:59:00Z
EP2-001972,LP-2025-01972,R0113,LAW,S012,Research Project,2025-09-30T12:00:00Z,41800.00,NOT_FUNDED,,0.00,2025-11-25T12:00:00Z,,,2026-08-31T23:59:00Z
EP2-001973,LP-2023-01973,R0107,SOC,S013,Research Project,2023-07-06T12:00:00Z,109200.00,CLOSED,AW2-2023-01973,101700.00,2023-10-04T12:00:00Z,2023-11-16,2025-11-15,2026-08-31T23:59:00Z
EP2-001974,LP-2024-01974,R0027,SOC,S005,Fellowship,2024-04-04T12:00:00Z,583400.00,NOT_FUNDED,,0.00,2024-05-20T12:00:00Z,,,2026-08-31T23:59:00Z
EP2-001975,LP-2025-01975,R0040,ARC,S012,Fellowship,2025-08-03T12:00:00Z,389100.00,AWARDED,AW2-2025-01975,248900.00,2025-10-21T12:00:00Z,2025-12-16,2028-12-15,2026-08-31T23:59:00Z
EP2-001976,LP-2026-01976,R0080,ARC,S023,Research Project,2026-05-31T12:00:00Z,53100.00,ACTIVE,AW2-2026-01976,35300.00,2026-08-31T12:00:00Z,2026-09-10,2027-09-10,2026-08-31T23:59:00Z
EP2-001977,LP-2025-01977,R0165,BUS,S002,Research Project,2025-09-15T12:00:00Z,80600.00,ACTIVE,AW2-2025-01977,59700.00,2026-03-02T12:00:00Z,2026-04-13,2028-04-12,2026-08-31T23:59:00Z
EP2-001978,LP-2025-01978,R0069,BUS,S007,Fellowship,2025-10-18T12:00:00Z,269800.00,AWARDED,AW2-2025-01978,256300.00,2026-04-08T12:00:00Z,2026-05-20,2028-05-19,2026-08-31T23:59:00Z
EP2-001979,LP-2023-01979,R0004,HUM,S001,Internal Seed,2023-08-05T12:00:00Z,439000.00,NOT_FUNDED,,0.00,2023-10-09T12:00:00Z,,,2026-08-31T23:59:00Z
EP2-001980,LP-2024-01980,R0023,HSC,S006,Training Grant,2024-01-27T12:00:00Z,35500.00,ACTIVE,AW2-2024-01980,25600.00,2024-07-27T12:00:00Z,2024-08-19,2027-08-19,2026-08-31T23:59:00Z
EP2-001981,LP-2024-01981,R0111,HSC,S017,Equipment,2024-04-12T12:00:00Z,156100.00,CLOSED,AW2-2024-01981,112300.00,2024-06-19T12:00:00Z,2024-09-01,2027-09-01,2026-08-31T23:59:00Z
EP2-001982,LP-2025-01982,R0033,LAW,S021,Research Project,2025-05-01T12:00:00Z,153600.00,AWARDED,AW2-2025-01982,134700.00,2025-08-22T12:00:00Z,2025-09-04,2028-09-03,2026-08-31T23:59:00Z
EP2-001983,LP-2025-01983,R0144,ARC,S016,Training Grant,2025-12-19T12:00:00Z,237600.00,NOT_FUNDED,,0.00,2026-02-04T12:00:00Z,,,2026-08-31T23:59:00Z
EP2-001984,LP-2026-01984,R0137,LAW,S011,Research Project,2026-01-24T12:00:00Z,70200.00,ACTIVE,AW2-2026-01984,68100.00,2026-04-27T12:00:00Z,2026-06-07,2027-06-07,2026-08-31T23:59:00Z
EP2-001985,LP-2025-01985,R0154,ENG,S013,Research Project,2025-11-11T12:00:00Z,197100.00,ACTIVE,AW2-2025-01985,188000.00,2026-04-12T12:00:00Z,2026-06-08,2027-11-30,2026-08-31T23:59:00Z
EP2-001986,LP-2023-01986,R0043,SOC,S011,Fellowship,2023-04-26T12:00:00Z,315400.00,NOT_FUNDED,,0.00,2023-09-25T12:00:00Z,,,2026-08-31T23:59:00Z
EP2-001987,LP-2023-01987,R0118,SCI,S022,Internal Seed,2023-01-24T12:00:00Z,56100.00,NOT_FUNDED,,0.00,2023-06-28T12:00:00Z,,,2026-08-31T23:59:00Z
EP2-001988,LP-2024-01988,R0163,SOC,S006,Research Project,2024-11-30T12:00:00Z,351500.00,NOT_FUNDED,,0.00,2025-02-09T12:00:00Z,,,2026-08-31T23:59:00Z
EP2-001989,LP-2026-01989,R0091,SOC,S010,Equipment,2026-02-09T12:00:00Z,137100.00,ACTIVE,AW2-2026-01989,103500.00,2026-07-19T12:00:00Z,2026-07-30,2027-07-30,2026-08-31T23:59:00Z
EP2-001990,LP-2023-01990,R0016,ARC,S020,Equipment,2023-07-10T12:00:00Z,54800.00,CLOSED,AW2-2023-01990,46600.00,2023-12-23T12:00:00Z,2024-02-26,2025-08-19,2026-08-31T23:59:00Z
EP2-001991,LP-2023-01991,R0085,BUS,S017,Research Project,2023-07-28T12:00:00Z,200300.00,WITHDRAWN,,0.00,2023-09-02T12:00:00Z,,,2026-08-31T23:59:00Z
EP2-001992,LP-2026-01992,R0163,SOC,S019,Equipment,2026-02-11T12:00:00Z,460400.00,ACTIVE,AW2-2026-01992,405400.00,2026-06-29T12:00:00Z,2026-08-05,2027-08-05,2026-08-31T23:59:00Z
EP2-001993,LP-2023-01993,R0174,SCI,S012,Equipment,2023-08-15T12:00:00Z,270500.00,CLOSED,AW2-2023-01993,244700.00,2024-02-07T12:00:00Z,2024-03-11,2027-03-11,2026-08-31T23:59:00Z
EP2-001994,LP-2024-01994,R0082,ENG,S014,Equipment,2024-05-17T12:00:00Z,170600.00,ACTIVE,AW2-2024-01994,109700.00,2024-08-08T12:00:00Z,2024-10-02,2025-10-02,2026-08-31T23:59:00Z
EP2-001995,LP-2025-01995,R0036,HUM,S012,Research Project,2025-05-22T12:00:00Z,538800.00,AWARDED,AW2-2025-01995,435300.00,2025-10-04T12:00:00Z,2025-11-14,2026-11-14,2026-08-31T23:59:00Z
EP2-001996,LP-2024-01996,R0073,LAW,S001,Research Project,2024-09-24T12:00:00Z,122700.00,ACTIVE,AW2-2024-01996,104300.00,2025-03-05T12:00:00Z,2025-04-26,2027-04-26,2026-08-31T23:59:00Z
EP2-001997,LP-2024-01997,R0124,HUM,S014,Research Project,2024-06-20T12:00:00Z,29400.00,CLOSED,AW2-2024-01997,20100.00,2024-10-29T12:00:00Z,2025-01-03,2027-01-03,2026-08-31T23:59:00Z
EP2-001998,LP-2024-01998,R0142,SCI,S018,Research Project,2024-06-10T12:00:00Z,84400.00,ACTIVE,AW2-2024-01998,79900.00,2024-11-07T12:00:00Z,2024-12-11,2025-12-11,2026-08-31T23:59:00Z
EP2-001999,LP-2024-01999,R0006,SCI,S005,Training Grant,2024-07-05T12:00:00Z,135200.00,NOT_FUNDED,,0.00,2024-09-22T12:00:00Z,,,2026-08-31T23:59:00Z
EP2-002000,LP-2025-02000,R0133,BUS,S015,Research Project,2025-02-13T12:00:00Z,165000.00,ACTIVE,AW2-2025-02000,116900.00,2025-04-01T12:00:00Z,2025-06-05,2026-11-27,2026-08-31T23:59:00Z
EP2-002001,LP-2024-02001,R0055,HSC,S006,Research Project,2024-07-13T12:00:00Z,103400.00,ACTIVE,AW2-2024-02001,96000.00,2024-11-23T12:00:00Z,2024-12-06,2025-12-06,2026-08-31T23:59:00Z
EP2-002002,LP-2023-02002,R0048,ARC,S006,Fellowship,2023-08-10T12:00:00Z,75600.00,CLOSED,AW2-2023-02002,57300.00,2023-10-22T12:00:00Z,2023-12-08,2024-12-07,2026-08-31T23:59:00Z
EP2-002003,LP-2025-02003,R0019,SOC,S017,Research Project,2025-02-09T12:00:00Z,83600.00,NOT_FUNDED,,0.00,2025-04-17T12:00:00Z,,,2026-08-31T23:59:00Z
EP2-002004,LP-2025-02004,R0138,ENG,S018,Research Project,2025-03-19T12:00:00Z,84000.00,ACTIVE,AW2-2025-02004,61200.00,2025-08-31T12:00:00Z,2025-11-09,2027-05-03,2026-08-31T23:59:00Z
EP2-002005,LP-2024-02005,R0050,ENG,S007,Equipment,2024-02-29T12:00:00Z,221200.00,ACTIVE,AW2-2024-02005,207400.00,2024-07-17T12:00:00Z,2024-08-17,2026-02-08,2026-08-31T23:59:00Z
EP2-002006,LP-2024-02006,R0065,LAW,S020,Training Grant,2024-03-07T12:00:00Z,97400.00,NOT_FUNDED,,0.00,2024-05-13T12:00:00Z,,,2026-08-31T23:59:00Z
EP2-002007,LP-2024-02007,R0070,SCI,S006,Training Grant,2024-08-21T12:00:00Z,893200.00,NOT_FUNDED,,0.00,2025-01-19T12:00:00Z,,,2026-08-31T23:59:00Z
EP2-002008,LP-2024-02008,R0062,SCI,S016,Equipment,2024-03-13T12:00:00Z,550900.00,NOT_FUNDED,,0.00,2024-08-11T12:00:00Z,,,2026-08-31T23:59:00Z
EP2-002009,LP-2026-02009,R0056,ARC,S015,Research Project,2026-06-07T12:00:00Z,273800.00,NOT_FUNDED,,0.00,2026-08-11T12:00:00Z,,,2026-08-31T23:59:00Z
EP2-002010,LP-2024-02010,R0161,LAW,S003,Research Project,2024-08-05T12:00:00Z,46400.00,WITHDRAWN,,0.00,2024-09-27T12:00:00Z,,,2026-08-31T23:59:00Z
EP2-002011,LP-2025-02011,R0012,HUM,S006,Research Project,2025-04-25T12:00:00Z,233700.00,AWARDED,AW2-2025-02011,198600.00,2025-06-14T12:00:00Z,2025-08-21,2027-02-12,2026-08-31T23:59:00Z
EP2-002012,LP-2026-02012,R0139,SOC,S005,Research Project,2026-05-05T12:00:00Z,85300.00,NOT_FUNDED,,0.00,2026-08-02T12:00:00Z,,,2026-08-31T23:59:00Z
EP2-002013,LP-2025-02013,R0173,BUS,S024,Equipment,2025-10-08T12:00:00Z,122300.00,NOT_FUNDED,,0.00,2025-12-13T12:00:00Z,,,2026-08-31T23:59:00Z
EP2-002014,LP-2024-02014,R0121,LAW,S013,Research Project,2024-06-03T12:00:00Z,57800.00,ACTIVE,AW2-2024-02014,52400.00,2024-10-01T12:00:00Z,2024-11-03,2026-11-03,2026-08-31T23:59:00Z
EP2-002015,LP-2025-02015,R0177,LAW,S001,Training Grant,2025-02-08T12:00:00Z,119900.00,NOT_FUNDED,,0.00,2025-06-19T12:00:00Z,,,2026-08-31T23:59:00Z
EP2-002016,LP-2023-02016,R0143,HSC,S004,Research Project,2023-06-28T12:00:00Z,121600.00,NOT_FUNDED,,0.00,2023-09-03T12:00:00Z,,,2026-08-31T23:59:00Z
EP2-002017,LP-2026-02017,R0108,HUM,S004,Equipment,2026-03-07T12:00:00Z,97600.00,NOT_FUNDED,,0.00,2026-04-20T12:00:00Z,,,2026-08-31T23:59:00Z
EP2-002018,LP-2023-02018,R0121,LAW,S019,Research Project,2023-06-12T12:00:00Z,28300.00,ACTIVE,AW2-2023-02018,21800.00,2023-12-06T12:00:00Z,2024-02-05,2027-02-04,2026-08-31T23:59:00Z
EP2-002019,LP-2024-02019,R0129,LAW,S016,Fellowship,2024-10-28T12:00:00Z,96400.00,AWARDED,AW2-2024-02019,83200.00,2025-01-17T12:00:00Z,2025-02-01,2026-02-01,2026-08-31T23:59:00Z
EP2-002020,LP-2023-02020,R0068,HUM,S023,Fellowship,2023-12-01T12:00:00Z,144500.00,ACTIVE,AW2-2023-02020,124500.00,2024-02-16T12:00:00Z,2024-04-12,2026-04-12,2026-08-31T23:59:00Z
EP2-002021,LP-2023-02021,R0162,ENG,S002,Research Project,2023-11-11T12:00:00Z,130100.00,NOT_FUNDED,,0.00,2024-01-27T12:00:00Z,,,2026-08-31T23:59:00Z
EP2-002022,LP-2023-02022,R0094,SCI,S018,Internal Seed,2023-10-21T12:00:00Z,39000.00,NOT_FUNDED,,0.00,2024-01-07T12:00:00Z,,,2026-08-31T23:59:00Z
EP2-002023,LP-2026-02023,R0023,HSC,S002,Research Project,2026-05-29T12:00:00Z,59400.00,NOT_FUNDED,,0.00,2026-08-31T12:00:00Z,,,2026-08-31T23:59:00Z
EP2-002024,LP-2024-02024,R0178,ENG,S019,Research Project,2024-11-01T12:00:00Z,76200.00,NOT_FUNDED,,0.00,2025-05-03T12:00:00Z,,,2026-08-31T23:59:00Z
EP2-002025,LP-2024-02025,R0163,SOC,S001,Research Project,2024-04-08T12:00:00Z,196100.00,NOT_FUNDED,,0.00,2024-09-28T12:00:00Z,,,2026-08-31T23:59:00Z
EP2-002026,LP-2023-02026,R0168,ARC,S011,Research Project,2023-07-12T12:00:00Z,46500.00,NOT_FUNDED,,0.00,2023-08-26T12:00:00Z,,,2026-08-31T23:59:00Z
EP2-002027,LP-2025-02027,R0155,SOC,S001,Equipment,2025-04-13T12:00:00Z,41200.00,NOT_FUNDED,,0.00,2025-10-07T12:00:00Z,,,2026-08-31T23:59:00Z
EP2-002028,LP-2025-02028,R0157,BUS,S013,Research Project,2025-08-21T12:00:00Z,102300.00,ACTIVE,AW2-2025-02028,90400.00,2026-02-08T12:00:00Z,2026-03-17,2028-03-16,2026-08-31T23:59:00Z
EP2-002029,LP-2025-02029,R0058,ENG,S006,Fellowship,2025-03-05T12:00:00Z,480900.00,CLOSED,AW2-2025-02029,443100.00,2025-06-03T12:00:00Z,2025-06-17,2027-06-17,2026-08-31T23:59:00Z
EP2-002030,LP-2023-02030,R0125,BUS,S023,Training Grant,2023-11-26T12:00:00Z,114300.00,CLOSED,AW2-2023-02030,109100.00,2024-03-08T12:00:00Z,2024-04-18,2025-04-18,2026-08-31T23:59:00Z
EP2-002031,LP-2023-02031,R0167,HSC,S019,Research Project,2023-09-22T12:00:00Z,399100.00,NOT_FUNDED,,0.00,2023-12-15T12:00:00Z,,,2026-08-31T23:59:00Z
EP2-002032,LP-2024-02032,R0167,HSC,S008,Research Project,2024-07-12T12:00:00Z,647400.00,NOT_FUNDED,,0.00,2024-11-22T12:00:00Z,,,2026-08-31T23:59:00Z
EP2-002033,LP-2024-02033,R0150,SCI,S025,Equipment,2024-03-15T12:00:00Z,175400.00,NOT_FUNDED,,0.00,2024-08-15T12:00:00Z,,,2026-08-31T23:59:00Z
EP2-002034,LP-2023-02034,R0033,LAW,S022,Research Project,2023-07-01T12:00:00Z,252500.00,WITHDRAWN,,0.00,2023-10-22T12:00:00Z,,,2026-08-31T23:59:00Z
EP2-002035,LP-2023-02035,R0060,ZZZ,S006,Research Project,2023-09-02T12:00:00Z,53700.00,CLOSED,AW2-2023-02035,47000.00,2023-10-19T12:00:00Z,2023-12-10,2024-12-09,2026-08-31T23:59:00Z
EP2-002036,LP-2025-02036,R0048,ARC,S016,Research Project,2025-03-13T12:00:00Z,275000.00,NOT_FUNDED,,0.00,2025-07-20T12:00:00Z,,,2026-08-31T23:59:00Z
EP2-002037,LP-2025-02037,R0039,HSC,S015,Research Project,2025-04-03T12:00:00Z,208300.00,NOT_FUNDED,,0.00,2025-05-08T12:00:00Z,,,2026-08-31T23:59:00Z
EP2-002038,LP-2023-02038,R0015,HSC,S001,Research Project,2023-06-30T12:00:00Z,65900.00,ACTIVE,AW2-2023-02038,63800.00,2023-08-13T12:00:00Z,2023-09-07,2026-09-06,2026-08-31T23:59:00Z
EP2-002039,LP-2023-02039,R0052,HUM,S020,Internal Seed,2023-11-12T12:00:00Z,363100.00,CLOSED,AW2-2023-02039,259400.00,2024-04-20T12:00:00Z,2024-05-23,2026-05-23,2026-08-31T23:59:00Z
EP2-002040,LP-2025-02040,R0079,HSC,S023,Research Project,2025-12-18T12:00:00Z,439100.00,NOT_FUNDED,,0.00,2026-03-14T12:00:00Z,,,2026-08-31T23:59:00Z
EP2-002041,LP-2025-02041,R0134,SCI,S023,Equipment,2025-07-03T12:00:00Z,101500.00,ACTIVE,AW2-2025-02041,91900.00,2025-10-10T12:00:00Z,2025-11-02,2027-11-02,2026-08-31T23:59:00Z
EP2-002042,LP-2025-02042,R0134,SCI,S010,Research Project,2025-08-17T12:00:00Z,214700.00,ACTIVE,AW2-2025-02042,163700.00,2026-01-22T12:00:00Z,2026-03-11,2027-09-02,2026-08-31T23:59:00Z
EP2-002043,LP-2024-02043,R0001,LAW,S016,Research Project,2024-09-14T12:00:00Z,24700.00,NOT_FUNDED,,0.00,2025-03-08T12:00:00Z,,,2026-08-31T23:59:00Z
EP2-002044,LP-2024-02044,R0099,SOC,S016,Research Project,2024-06-13T12:00:00Z,415300.00,NOT_FUNDED,,0.00,2024-11-28T12:00:00Z,,,2026-08-31T23:59:00Z
EP2-002045,LP-2023-02045,R0157,BUS,S003,Research Project,2023-08-01T12:00:00Z,100200.00,WITHDRAWN,,0.00,2024-01-25T12:00:00Z,,,2026-08-31T23:59:00Z
EP2-002046,LP-2024-02046,R0029,BUS,S025,Research Project,2024-06-05T12:00:00Z,736300.00,CLOSED,AW2-2024-02046,693500.00,2024-07-23T12:00:00Z,2024-09-21,2025-09-21,2026-08-31T23:59:00Z
EP2-002047,LP-2023-02047,R0071,HSC,S011,Research Project,2023-07-16T12:00:00Z,147100.00,NOT_FUNDED,,0.00,2023-09-05T12:00:00Z,,,2026-08-31T23:59:00Z
EP2-002048,LP-2024-02048,R0046,SCI,S009,Training Grant,2024-03-17T12:00:00Z,103000.00,ACTIVE,AW2-2024-02048,80900.00,2024-09-10T12:00:00Z,2024-10-24,2026-04-17,2026-08-31T23:59:00Z
EP2-002049,LP-2025-02049,R0027,SOC,S023,Equipment,2025-01-11T12:00:00Z,56000.00,AWARDED,AW2-2025-02049,37700.00,2025-03-09T12:00:00Z,2025-03-19,2026-03-19,2026-08-31T23:59:00Z
EP2-002050,LP-2023-02050,R0083,SOC,S010,Research Project,2023-03-28T12:00:00Z,68700.00,NOT_FUNDED,,0.00,2023-08-18T12:00:00Z,,,2026-08-31T23:59:00Z
EP2-002051,LP-2024-02051,R0133,BUS,S023,Internal Seed,2024-02-20T12:00:00Z,67700.00,CLOSED,AW2-2024-02051,65300.00,2024-04-28T12:00:00Z,2024-07-07,2026-07-07,2026-08-31T23:59:00Z
EP2-002052,LP-2025-02052,R0029,BUS,S012,Training Grant,2025-03-08T12:00:00Z,113500.00,NOT_FUNDED,,0.00,2025-09-10T12:00:00Z,,,2026-08-31T23:59:00Z
EP2-002053,LP-2026-02053,R0051,SOC,S003,Research Project,2026-03-29T12:00:00Z,222400.00,NOT_FUNDED,,0.00,2026-08-31T12:00:00Z,,,2026-08-31T23:59:00Z
EP2-002054,LP-2025-02054,R0145,LAW,S003,Training Grant,2025-08-18T12:00:00Z,105400.00,ACTIVE,AW2-2025-02054,83800.00,2025-12-23T12:00:00Z,2026-03-06,2028-03-05,2026-08-31T23:59:00Z
EP2-002055,LP-2025-02055,R0005,BUS,S024,Research Project,2025-02-02T12:00:00Z,58300.00,NOT_FUNDED,,0.00,2025-07-03T12:00:00Z,,,2026-08-31T23:59:00Z
EP2-002056,LP-2023-02056,R0100,HUM,S001,Research Project,2023-05-18T12:00:00Z,52900.00,CLOSED,AW2-2023-02056,44800.00,2023-07-06T12:00:00Z,2023-09-12,2025-03-05,2026-08-31T23:59:00Z
EP2-002057,LP-2025-02057,R0133,BUS,S010,Training Grant,2025-07-16T12:00:00Z,126500.00,ACTIVE,AW2-2025-02057,101200.00,2025-10-11T12:00:00Z,2025-10-27,2026-10-27,2026-08-31T23:59:00Z
EP2-002058,LP-2023-02058,R0143,HSC,S018,Equipment,2023-06-09T12:00:00Z,830200.00,CLOSED,AW2-2023-02058,682400.00,2023-10-17T12:00:00Z,2023-11-30,2025-05-23,2026-08-31T23:59:00Z
EP2-002059,LP-2024-02059,R0080,ARC,S009,Internal Seed,2024-05-06T12:00:00Z,66700.00,CLOSED,AW2-2024-02059,61400.00,2024-06-12T12:00:00Z,2024-07-03,2027-07-03,2026-08-31T23:59:00Z
EP2-002060,LP-2023-02060,R0078,SCI,S021,Research Project,2023-09-05T12:00:00Z,115600.00,NOT_FUNDED,,0.00,2024-03-10T12:00:00Z,,,2026-08-31T23:59:00Z
EP2-002061,LP-2023-02061,R0117,BUS,S025,Research Project,2023-02-13T12:00:00Z,130200.00,CLOSED,AW2-2023-02061,107800.00,2023-07-30T12:00:00Z,2023-08-28,2024-08-27,2026-08-31T23:59:00Z
EP2-002062,LP-2023-02062,R0128,ARC,S001,Fellowship,2023-07-03T12:00:00Z,235700.00,NOT_FUNDED,,0.00,2023-12-26T12:00:00Z,,,2026-08-31T23:59:00Z
EP2-002063,LP-2025-02063,R0130,ENG,S020,Training Grant,2025-12-08T12:00:00Z,185100.00,ACTIVE,AW2-2025-02063,145700.00,2026-06-13T12:00:00Z,2026-08-07,2029-08-06,2026-08-31T23:59:00Z
EP2-002064,LP-2024-02064,R0013,BUS,S015,Research Project,2024-05-19T12:00:00Z,198500.00,NOT_FUNDED,,0.00,2024-09-08T12:00:00Z,,,2026-08-31T23:59:00Z
EP2-002065,LP-2026-02065,R0057,LAW,S014,Training Grant,2026-07-01T12:00:00Z,73000.00,ACTIVE,AW2-2026-02065,73000.00,2026-08-31T12:00:00Z,2026-10-25,2029-10-24,2026-08-31T23:59:00Z
EP2-002066,LP-2025-02066,R0116,HUM,S013,Research Project,2025-04-21T12:00:00Z,145900.00,NOT_FUNDED,,0.00,2025-06-14T12:00:00Z,,,2026-08-31T23:59:00Z
EP2-002067,LP-2024-02067,R0061,BUS,S023,Research Project,2024-08-12T12:00:00Z,229800.00,ACTIVE,AW2-2024-02067,181000.00,2024-10-18T12:00:00Z,2024-11-13,2026-11-13,2026-08-31T23:59:00Z
EP2-002068,LP-2025-02068,R0121,LAW,S008,Fellowship,2025-02-02T12:00:00Z,287600.00,NOT_FUNDED,,0.00,2025-05-21T12:00:00Z,,,2026-08-31T23:59:00Z
EP2-002069,LP-2023-02069,R0135,HSC,S004,Internal Seed,2023-09-13T12:00:00Z,101200.00,NOT_FUNDED,,0.00,2024-03-04T12:00:00Z,,,2026-08-31T23:59:00Z
EP2-002070,LP-2026-02070,R0075,SOC,S001,Research Project,2026-04-04T12:00:00Z,117000.00,WITHDRAWN,,0.00,2026-05-11T12:00:00Z,,,2026-08-31T23:59:00Z
EP2-002071,LP-2023-02071,R0140,HUM,S014,Internal Seed,2023-05-16T12:00:00Z,178900.00,ACTIVE,AW2-2023-02071,148600.00,2023-07-26T12:00:00Z,2023-08-05,2024-08-04,2026-08-31T23:59:00Z
EP2-002072,LP-2023-02072,R0067,SOC,S002,Training Grant,2023-05-02T12:00:00Z,79000.00,NOT_FUNDED,,0.00,2023-10-09T12:00:00Z,,,2026-08-31T23:59:00Z
EP2-002073,LP-2025-02073,R0033,LAW,S017,Research Project,2025-10-21T12:00:00Z,177100.00,ACTIVE,AW2-2025-02073,128400.00,2025-11-28T12:00:00Z,2025-12-19,2026-12-19,2026-08-31T23:59:00Z
EP2-002074,LP-2024-02074,R0112,ARC,S017,Equipment,2024-08-08T12:00:00Z,75600.00,ACTIVE,AW2-2024-02074,51900.00,2024-10-30T12:00:00Z,2025-01-10,2027-01-10,2026-08-31T23:59:00Z
EP2-002075,LP-2024-02075,R0083,SOC,S020,Research Project,2024-10-22T12:00:00Z,55700.00,ACTIVE,AW2-2024-02075,40800.00,2025-04-18T12:00:00Z,2025-05-11,2026-05-11,2026-08-31T23:59:00Z
EP2-002076,LP-2026-02076,R0025,LAW,S001,Research Project,2026-03-14T12:00:00Z,111400.00,ACTIVE,AW2-2026-02076,87300.00,2026-07-26T12:00:00Z,2026-09-04,2027-09-04,2026-08-31T23:59:00Z
EP2-002077,LP-2024-02077,R0163,SOC,S012,Equipment,2024-03-28T12:00:00Z,222800.00,NOT_FUNDED,,0.00,2024-07-31T12:00:00Z,,,2026-08-31T23:59:00Z
EP2-002078,LP-2023-02078,R0128,ARC,S024,Training Grant,2023-09-21T12:00:00Z,58700.00,NOT_FUNDED,,0.00,2024-01-30T12:00:00Z,,,2026-08-31T23:59:00Z
EP2-002079,LP-2026-02079,R0008,ARC,S023,Research Project,2026-05-07T12:00:00Z,110200.00,NOT_FUNDED,,0.00,2026-08-31T12:00:00Z,,,2026-08-31T23:59:00Z
EP2-002080,LP-2023-02080,R0113,LAW,S012,Research Project,2023-10-12T12:00:00Z,146800.00,ACTIVE,AW2-2023-02080,124700.00,2024-02-03T12:00:00Z,2024-03-03,2025-08-25,2026-08-31T23:59:00Z
EP2-002081,LP-2024-02081,R0082,ENG,S011,Internal Seed,2024-02-09T12:00:00Z,166100.00,NOT_FUNDED,,0.00,2024-05-27T12:00:00Z,,,2026-08-31T23:59:00Z
EP2-002082,LP-2023-02082,R0040,ARC,S003,Research Project,2023-09-23T12:00:00Z,199100.00,CLOSED,AW2-2023-02082,196900.00,2023-12-15T12:00:00Z,2024-02-04,2025-07-28,2026-08-31T23:59:00Z
EP2-002083,LP-2025-02083,R0150,SCI,S016,Research Project,2025-06-14T12:00:00Z,554800.00,ACTIVE,AW2-2025-02083,427900.00,2025-10-22T12:00:00Z,2025-11-29,2028-11-28,2026-08-31T23:59:00Z
EP2-002084,LP-2024-02084,R0029,BUS,S014,Research Project,2024-07-30T12:00:00Z,93100.00,NOT_FUNDED,,0.00,2024-11-26T12:00:00Z,,,2026-08-31T23:59:00Z
EP2-002085,LP-2026-02085,R0002,ENG,S020,Research Project,2026-04-28T12:00:00Z,48600.00,NOT_FUNDED,,0.00,2026-06-04T12:00:00Z,,,2026-08-31T23:59:00Z
EP2-002086,LP-2024-02086,R0133,BUS,S014,Internal Seed,2024-08-22T12:00:00Z,15000.00,CLOSED,AW2-2024-02086,13900.00,2024-12-25T12:00:00Z,2025-02-22,2026-08-16,2026-08-31T23:59:00Z
EP2-002087,LP-2025-02087,R0090,ENG,S007,Training Grant,2025-07-02T12:00:00Z,245900.00,ACTIVE,AW2-2025-02087,216100.00,2025-08-24T12:00:00Z,2025-09-29,2028-09-28,2026-08-31T23:59:00Z
EP2-002088,LP-2024-02088,R0075,SOC,S004,Research Project,2024-09-13T12:00:00Z,286000.00,ACTIVE,AW2-2024-02088,182500.00,2025-03-20T12:00:00Z,2025-04-08,2028-04-07,2026-08-31T23:59:00Z
EP2-002089,LP-2025-02089,R0130,ENG,S025,Research Project,2025-03-31T12:00:00Z,225800.00,ACTIVE,AW2-2025-02089,144900.00,2025-07-15T12:00:00Z,2025-09-10,2027-09-10,2026-08-31T23:59:00Z
EP2-002090,LP-2026-02090,R0054,SCI,S016,Research Project,2026-01-15T12:00:00Z,143300.00,AWARDED,AW2-2026-02090,95600.00,2026-03-12T12:00:00Z,2026-05-24,2027-11-15,2026-08-31T23:59:00Z
EP2-002091,LP-2023-02091,R0176,ARC,S018,Research Project,2023-10-17T12:00:00Z,41600.00,WITHDRAWN,,0.00,2023-12-30T12:00:00Z,,,2026-08-31T23:59:00Z
EP2-002092,LP-2024-02092,R0166,SCI,S014,Research Project,2024-04-20T12:00:00Z,228200.00,NOT_FUNDED,,0.00,2024-08-22T12:00:00Z,,,2026-08-31T23:59:00Z
EP2-002093,LP-2023-02093,R0143,HSC,S016,Research Project,2023-10-23T12:00:00Z,124200.00,CLOSED,AW2-2023-02093,80600.00,2024-04-08T12:00:00Z,2024-06-14,2025-06-14,2026-08-31T23:59:00Z
EP2-002094,LP-2024-02094,R0120,ARC,S014,Research Project,2024-08-18T12:00:00Z,166900.00,ACTIVE,AW2-2024-02094,141000.00,2025-01-29T12:00:00Z,2025-04-11,2028-04-10,2026-08-31T23:59:00Z
EP2-002095,LP-2026-02095,R0018,ENG,S014,Research Project,2026-01-30T12:00:00Z,88700.00,ACTIVE,AW2-2026-02095,83400.00,2026-05-22T12:00:00Z,2026-07-21,2028-07-20,2026-08-31T23:59:00Z
EP2-002096,LP-2025-02096,R0039,HSC,S001,Research Project,2025-02-15T12:00:00Z,309500.00,CLOSED,AW2-2025-02096,283500.00,2025-05-18T12:00:00Z,2025-06-18,2027-06-18,2026-08-31T23:59:00Z
EP2-002097,LP-2025-02097,R0160,ARC,S012,Research Project,2025-01-03T12:00:00Z,178900.00,ACTIVE,AW2-2025-02097,123700.00,2025-05-04T12:00:00Z,2025-06-24,2026-06-24,2026-08-31T23:59:00Z
EP2-002098,LP-2025-02098,R0047,HSC,S019,Internal Seed,2025-04-02T12:00:00Z,114800.00,NOT_FUNDED,,0.00,2025-06-10T12:00:00Z,,,2026-08-31T23:59:00Z
EP2-002099,LP-2024-02099,R0044,HUM,S006,Research Project,2024-09-03T12:00:00Z,535600.00,CLOSED,AW2-2024-02099,374800.00,2024-10-12T12:00:00Z,2024-12-26,2027-12-26,2026-08-31T23:59:00Z
EP2-002100,LP-2026-02100,R0038,SCI,S005,Research Project,2026-02-08T12:00:00Z,154900.00,AWARDED,AW2-2026-02100,131300.00,2026-07-10T12:00:00Z,2026-08-19,2028-02-10,2026-08-31T23:59:00Z
EP2-002101,LP-2024-02101,R0071,HSC,S003,Research Project,2024-10-02T12:00:00Z,40100.00,CLOSED,AW2-2024-02101,35400.00,2025-01-08T12:00:00Z,2025-02-07,2028-02-07,2026-08-31T23:59:00Z
EP2-002102,LP-2026-02102,R0124,HUM,S003,Fellowship,2026-02-25T12:00:00Z,252100.00,NOT_FUNDED,,0.00,2026-06-06T12:00:00Z,,,2026-08-31T23:59:00Z
EP2-002103,LP-2025-02103,R0142,SCI,S007,Research Project,2025-07-13T12:00:00Z,197000.00,ACTIVE,AW2-2025-02103,183000.00,2025-08-27T12:00:00Z,2025-09-06,2026-09-06,2026-08-31T23:59:00Z
EP2-002104,LP-2023-02104,R0175,HSC,S025,Equipment,2023-04-14T12:00:00Z,59300.00,CLOSED,AW2-2023-02104,50400.00,2023-06-19T12:00:00Z,2023-07-20,2025-01-10,2026-08-31T23:59:00Z
EP2-002105,LP-2025-02105,R0173,BUS,S002,Research Project,2025-04-22T12:00:00Z,184800.00,ACTIVE,AW2-2025-02105,133100.00,2025-06-20T12:00:00Z,2025-08-10,2027-02-01,2026-08-31T23:59:00Z
EP2-002106,LP-2023-02106,R0112,ARC,S021,Research Project,2023-04-19T12:00:00Z,225500.00,WITHDRAWN,,0.00,2023-09-14T12:00:00Z,,,2026-08-31T23:59:00Z
EP2-002107,LP-2024-02107,R0145,LAW,S015,Research Project,2024-05-09T12:00:00Z,173000.00,WITHDRAWN,,0.00,2024-07-14T12:00:00Z,,,2026-08-31T23:59:00Z
EP2-002108,LP-2025-02108,R0122,ENG,S004,Research Project,2025-08-13T12:00:00Z,70900.00,NOT_FUNDED,,0.00,2025-12-04T12:00:00Z,,,2026-08-31T23:59:00Z
EP2-002109,LP-2024-02109,R0050,ENG,S016,Research Project,2024-01-02T12:00:00Z,28500.00,ACTIVE,AW2-2024-02109,24500.00,2024-03-28T12:00:00Z,2024-04-17,2025-10-09,2026-08-31T23:59:00Z
EP2-002110,LP-2025-02110,R0013,BUS,S021,Research Project,2025-09-12T12:00:00Z,38100.00,NOT_FUNDED,,0.00,2026-02-06T12:00:00Z,,,2026-08-31T23:59:00Z
EP2-002111,LP-2023-02111,R0038,SCI,S025,Training Grant,2023-10-29T12:00:00Z,281600.00,NOT_FUNDED,,0.00,2024-02-23T12:00:00Z,,,2026-08-31T23:59:00Z
EP2-002112,LP-2024-02112,R0115,SOC,S020,Research Project,2024-07-19T12:00:00Z,30700.00,CLOSED,AW2-2024-02112,21000.00,2025-01-17T12:00:00Z,2025-02-11,2028-02-11,2026-08-31T23:59:00Z
EP2-002113,LP-2023-02113,R0036,HUM,S024,Training Grant,2023-08-19T12:00:00Z,123400.00,CLOSED,AW2-2023-02113,112300.00,2023-12-19T12:00:00Z,2024-01-02,2027-01-01,2026-08-31T23:59:00Z
EP2-002114,LP-2026-02114,R0145,LAW,S014,Research Project,2026-06-30T12:00:00Z,244500.00,NOT_FUNDED,,0.00,2026-08-31T12:00:00Z,,,2026-08-31T23:59:00Z
EP2-002115,LP-2025-02115,R0143,HSC,S012,Equipment,2025-01-28T12:00:00Z,216000.00,ACTIVE,AW2-2025-02115,139400.00,2025-07-10T12:00:00Z,2025-09-22,2027-09-22,2026-08-31T23:59:00Z
EP2-002116,LP-2023-02116,R0130,ENG,S001,Research Project,2023-04-09T12:00:00Z,378700.00,NOT_FUNDED,,0.00,2023-07-11T12:00:00Z,,,2026-08-31T23:59:00Z
EP2-002117,LP-2026-02117,R0098,ENG,S009,Internal Seed,2026-02-28T12:00:00Z,69500.00,CLOSED,AW2-2026-02117,61800.00,2026-04-08T12:00:00Z,2026-05-02,2029-05-01,2026-08-31T23:59:00Z
EP2-002118,LP-2023-02118,R0126,SCI,S003,Research Project,2023-09-13T12:00:00Z,198000.00,CLOSED,AW2-2023-02118,128200.00,2023-12-08T12:00:00Z,2024-01-21,2025-07-14,2026-08-31T23:59:00Z
EP2-002119,LP-2023-02119,R0048,ARC,S025,Research Project,2023-08-18T12:00:00Z,202400.00,NOT_FUNDED,,0.00,2023-11-14T12:00:00Z,,,2026-08-31T23:59:00Z
EP2-002120,LP-2024-02120,R0166,SCI,S005,Equipment,2024-10-26T12:00:00Z,347500.00,AWARDED,AW2-2024-02120,271300.00,2025-01-30T12:00:00Z,2025-03-11,2027-03-11,2026-08-31T23:59:00Z
EP2-002121,LP-2024-02121,R0046,SCI,S017,Training Grant,2024-09-04T12:00:00Z,139200.00,NOT_FUNDED,,0.00,2024-11-12T12:00:00Z,,,2026-08-31T23:59:00Z
EP2-002122,LP-2023-02122,R0060,HUM,S012,Research Project,2023-04-11T12:00:00Z,136000.00,NOT_FUNDED,,0.00,2023-10-10T12:00:00Z,,,2026-08-31T23:59:00Z
EP2-002123,LP-2025-02123,R0179,SOC,S014,Fellowship,2025-08-07T12:00:00Z,58200.00,NOT_FUNDED,,0.00,2026-01-22T12:00:00Z,,,2026-08-31T23:59:00Z
EP2-002124,LP-2025-02124,R0133,BUS,S007,Research Project,2025-02-08T12:00:00Z,227200.00,CLOSED,AW2-2025-02124,202300.00,2025-07-26T12:00:00Z,2025-08-23,2027-08-23,2026-08-31T23:59:00Z
EP2-002125,LP-2026-02125,R0058,ENG,S022,Research Project,2026-04-18T12:00:00Z,20400.00,WITHDRAWN,,0.00,2026-08-31T12:00:00Z,,,2026-08-31T23:59:00Z
EP2-002126,LP-2025-02126,R0132,HUM,S008,Internal Seed,2025-05-10T12:00:00Z,380100.00,AWARDED,AW2-2025-02126,249500.00,2025-07-09T12:00:00Z,2025-08-18,2027-08-18,2026-08-31T23:59:00Z
EP2-002127,LP-2025-02127,R0083,SOC,S025,Research Project,2025-08-16T12:00:00Z,43000.00,ACTIVE,AW2-2025-02127,40000.00,2025-11-17T12:00:00Z,2025-12-04,2028-12-03,2026-08-31T23:59:00Z
EP2-002128,LP-2023-02128,R0040,ARC,S021,Training Grant,2023-12-26T12:00:00Z,72700.00,NOT_FUNDED,,0.00,2024-06-17T12:00:00Z,,,2026-08-31T23:59:00Z
EP2-002129,LP-2025-02129,R0091,SOC,S022,Research Project,2025-06-16T12:00:00Z,26600.00,AWARDED,AW2-2025-02129,24400.00,2025-11-11T12:00:00Z,2026-01-05,2029-01-04,2026-08-31T23:59:00Z
EP2-002130,LP-2024-02130,R0144,ARC,S022,Fellowship,2024-07-24T12:00:00Z,213400.00,CLOSED,AW2-2024-02130,153300.00,2024-11-21T12:00:00Z,2024-12-15,2027-12-15,2026-08-31T23:59:00Z
EP2-002131,LP-2024-02131,R0089,LAW,S013,Fellowship,2024-07-11T12:00:00Z,199400.00,NOT_FUNDED,,0.00,2024-12-13T12:00:00Z,,,2026-08-31T23:59:00Z
EP2-002132,LP-2026-02132,R0058,ENG,S010,Research Project,2026-01-12T12:00:00Z,54400.00,NOT_FUNDED,,0.00,2026-05-17T12:00:00Z,,,2026-08-31T23:59:00Z
EP2-002133,LP-2025-02133,R0175,HSC,S012,Research Project,2025-02-23T12:00:00Z,118800.00,NOT_FUNDED,,0.00,2025-07-23T12:00:00Z,,,2026-08-31T23:59:00Z
EP2-002134,LP-2023-02134,R0027,SOC,S022,Fellowship,2023-05-30T12:00:00Z,190300.00,CLOSED,AW2-2023-02134,143800.00,2023-10-18T12:00:00Z,2023-12-07,2024-12-06,2026-08-31T23:59:00Z
EP2-002135,LP-2023-02135,R0018,ENG,S022,Research Project,2023-06-29T12:00:00Z,128800.00,CLOSED,AW2-2023-02135,87300.00,2024-01-03T12:00:00Z,2024-02-23,2026-02-22,2026-08-31T23:59:00Z
EP2-002136,LP-2025-02136,R0042,ENG,S004,Research Project,2025-11-28T12:00:00Z,45800.00,ACTIVE,AW2-2025-02136,31700.00,2026-04-26T12:00:00Z,2026-06-23,2029-06-22,2026-08-31T23:59:00Z
EP2-002137,LP-2024-02137,R0085,BUS,S025,Research Project,2024-12-12T12:00:00Z,40200.00,ACTIVE,AW2-2024-02137,31200.00,2025-02-28T12:00:00Z,2025-03-13,2026-09-04,2026-08-31T23:59:00Z
EP2-002138,LP-2023-02138,R0133,BUS,S021,Research Project,2023-10-16T12:00:00Z,475500.00,CLOSED,AW2-2023-02138,445300.00,2023-12-08T12:00:00Z,2023-12-30,2026-12-29,2026-08-31T23:59:00Z
EP2-002139,LP-2024-02139,R0033,LAW,S012,Research Project,2024-01-05T12:00:00Z,212100.00,CLOSED,AW2-2024-02139,160000.00,2024-04-30T12:00:00Z,2024-06-01,2027-06-01,2026-08-31T23:59:00Z
EP2-002140,LP-2026-02140,R0105,LAW,S006,Training Grant,2026-06-01T12:00:00Z,221600.00,NOT_FUNDED,,0.00,2026-08-31T12:00:00Z,,,2026-08-31T23:59:00Z
EP2-002141,LP-2025-02141,R0074,ENG,S006,Research Project,2025-12-05T12:00:00Z,51000.00,ACTIVE,AW2-2025-02141,36700.00,2026-06-03T12:00:00Z,2026-06-26,2029-06-25,2026-08-31T23:59:00Z
EP2-002142,LP-2024-02142,R0157,BUS,S023,Research Project,2024-06-04T12:00:00Z,129000.00,NOT_FUNDED,,0.00,2024-10-31T12:00:00Z,,,2026-08-31T23:59:00Z
EP2-002143,LP-2023-02143,R0070,SCI,S011,Training Grant,2023-06-03T12:00:00Z,116200.00,NOT_FUNDED,,0.00,2023-10-16T12:00:00Z,,,2026-08-31T23:59:00Z
EP2-002144,LP-2025-02144,R0051,SOC,S015,Research Project,2025-05-02T12:00:00Z,157600.00,NOT_FUNDED,,0.00,2025-08-16T12:00:00Z,,,2026-08-31T23:59:00Z
EP2-002145,LP-2025-02145,R0095,HSC,S004,Research Project,2025-06-12T12:00:00Z,206100.00,ACTIVE,AW2-2025-02145,195700.00,2025-09-23T12:00:00Z,2025-10-31,2027-10-31,2026-08-31T23:59:00Z
EP2-002146,LP-2024-02146,R0082,ENG,S010,Research Project,2024-07-22T12:00:00Z,37100.00,NOT_FUNDED,,0.00,2024-11-07T12:00:00Z,,,2026-08-31T23:59:00Z
EP2-002147,LP-2023-02147,R0123,SOC,S001,Research Project,2023-04-04T12:00:00Z,450800.00,NOT_FUNDED,,0.00,2023-08-28T12:00:00Z,,,2026-08-31T23:59:00Z
EP2-002148,LP-2026-02148,R0009,LAW,S021,Research Project,2026-02-28T12:00:00Z,60400.00,NOT_FUNDED,,0.00,2026-06-04T12:00:00Z,,,2026-08-31T23:59:00Z
EP2-002149,LP-2024-02149,R0075,SOC,S012,Research Project,2024-07-01T12:00:00Z,44900.00,NOT_FUNDED,,0.00,2024-09-27T12:00:00Z,,,2026-08-31T23:59:00Z
EP2-002150,LP-2024-02150,R0172,HUM,S016,Internal Seed,2024-06-25T12:00:00Z,922000.00,CLOSED,AW2-2024-02150,726000.00,2024-10-03T12:00:00Z,2024-11-22,2027-11-22,2026-08-31T23:59:00Z
EP2-002151,LP-2025-02151,R0174,SCI,S019,Research Project,2025-11-29T12:00:00Z,314600.00,CLOSED,AW2-2025-02151,275800.00,2026-04-04T12:00:00Z,2026-05-20,2029-05-19,2026-08-31T23:59:00Z
EP2-002152,LP-2024-02152,R0045,BUS,S013,Training Grant,2024-02-08T12:00:00Z,138500.00,ACTIVE,AW2-2024-02152,99700.00,2024-06-21T12:00:00Z,2024-08-22,2026-08-22,2026-08-31T23:59:00Z
EP2-002153,LP-2025-02153,R0152,ARC,S019,Research Project,2025-07-28T12:00:00Z,292200.00,NOT_FUNDED,,0.00,2025-12-04T12:00:00Z,,,2026-08-31T23:59:00Z
EP2-002154,LP-2023-02154,R0103,HSC,S024,Fellowship,2023-07-22T12:00:00Z,375100.00,NOT_FUNDED,,0.00,2023-10-08T12:00:00Z,,,2026-08-31T23:59:00Z
EP2-002155,LP-2026-02155,R0076,HUM,S002,Research Project,2026-02-06T12:00:00Z,306100.00,CLOSED,AW2-2026-02155,259300.00,2026-06-25T12:00:00Z,2026-07-13,2028-07-12,2026-08-31T23:59:00Z
EP2-002156,LP-2024-02156,R0015,HSC,S006,Research Project,2024-07-07T12:00:00Z,48200.00,CLOSED,AW2-2024-02156,34800.00,2024-09-20T12:00:00Z,2024-11-15,2026-05-09,2026-08-31T23:59:00Z
EP2-002157,LP-2024-02157,R0179,SOC,S003,Fellowship,2024-11-12T12:00:00Z,90700.00,ACTIVE,AW2-2024-02157,72400.00,2025-01-09T12:00:00Z,2025-02-11,2027-02-11,2026-08-31T23:59:00Z
EP2-002158,LP-2023-02158,R0147,SOC,S021,Research Project,2023-06-19T12:00:00Z,317700.00,NOT_FUNDED,,0.00,2023-11-15T12:00:00Z,,,2026-08-31T23:59:00Z
EP2-002159,LP-2026-02159,R0035,SOC,S003,Research Project,2026-04-03T12:00:00Z,40300.00,NOT_FUNDED,,0.00,2026-05-27T12:00:00Z,,,2026-08-31T23:59:00Z
EP2-002160,LP-2025-02160,R0140,HUM,S002,Research Project,2025-09-18T12:00:00Z,44400.00,AWARDED,AW2-2025-02160,42700.00,2026-03-05T12:00:00Z,2026-04-22,2029-04-21,2026-08-31T23:59:00Z
EP2-002161,LP-2026-02161,R0104,ARC,S003,Internal Seed,2026-04-06T12:00:00Z,88900.00,UNDER_REVIEW,,0.00,,,,2026-08-31T23:59:00Z
EP2-002162,LP-2026-02162,R0089,LAW,S022,Research Project,2026-08-02T12:00:00Z,230600.00,UNDER_REVIEW,,0.00,,,,2026-08-31T23:59:00Z
EP2-002163,LP-2023-02163,R0058,ENG,S011,Research Project,2023-06-24T12:00:00Z,112700.00,ACTIVE,AW2-2023-02163,83600.00,2023-12-09T12:00:00Z,2023-12-27,2024-12-26,2026-08-31T23:59:00Z
EP2-002164,LP-2025-02164,R0019,SOC,S023,Research Project,2025-10-27T12:00:00Z,83500.00,ACTIVE,AW2-2025-02164,67200.00,2026-04-15T12:00:00Z,2026-06-19,2027-06-19,2026-08-31T23:59:00Z
EP2-002165,LP-2026-02165,R0074,ENG,S023,Equipment,2026-01-07T12:00:00Z,105400.00,NOT_FUNDED,,0.00,2026-04-17T12:00:00Z,,,2026-08-31T23:59:00Z
EP2-002166,LP-2025-02166,R0086,SCI,S015,Equipment,2025-05-09T12:00:00Z,147100.00,NOT_FUNDED,,0.00,2025-09-26T12:00:00Z,,,2026-08-31T23:59:00Z
EP2-002167,LP-2023-02167,R0124,HUM,S012,Research Project,2023-04-20T12:00:00Z,419000.00,NOT_FUNDED,,0.00,2023-09-16T12:00:00Z,,,2026-08-31T23:59:00Z
EP2-002168,LP-2024-02168,R0045,BUS,S009,Research Project,2024-01-01T12:00:00Z,141500.00,ACTIVE,AW2-2024-02168,122100.00,2024-04-21T12:00:00Z,2024-06-30,2026-06-30,2026-08-31T23:59:00Z
EP2-002169,LP-2025-02169,R0047,HSC,S015,Internal Seed,2025-10-18T12:00:00Z,158900.00,NOT_FUNDED,,0.00,2025-12-26T12:00:00Z,,,2026-08-31T23:59:00Z
EP2-002170,LP-2026-02170,R0071,HSC,S010,Research Project,2026-05-26T12:00:00Z,190300.00,AWARDED,AW2-2026-02170,154400.00,2026-08-31T12:00:00Z,2026-10-06,2027-10-06,2026-08-31T23:59:00Z
EP2-002171,LP-2026-02171,R0105,LAW,S020,Research Project,2026-07-18T12:00:00Z,21200.00,UNDER_REVIEW,,0.00,,,,2026-08-31T23:59:00Z
EP2-002172,LP-2025-02172,R0011,SOC,S002,Fellowship,2025-07-22T12:00:00Z,164800.00,NOT_FUNDED,,0.00,2026-01-20T12:00:00Z,,,2026-08-31T23:59:00Z
EP2-002173,LP-2025-02173,R0007,HSC,S023,Research Project,2025-07-14T12:00:00Z,103900.00,ACTIVE,AW2-2025-02173,82800.00,2026-01-14T12:00:00Z,2026-02-13,2027-08-07,2026-08-31T23:59:00Z
EP2-002174,LP-2023-02174,R0051,SOC,S024,Training Grant,2023-12-27T12:00:00Z,223600.00,NOT_FUNDED,,0.00,2024-05-15T12:00:00Z,,,2026-08-31T23:59:00Z
EP2-002175,LP-2025-02175,R0137,LAW,S004,Internal Seed,2025-07-08T12:00:00Z,149400.00,AWARDED,AW2-2025-02175,102800.00,2025-11-28T12:00:00Z,2026-01-28,2028-01-28,2026-08-31T23:59:00Z
EP2-002176,LP-2024-02176,R0107,SOC,S022,Research Project,2024-09-25T12:00:00Z,143800.00,NOT_FUNDED,,0.00,2024-10-30T12:00:00Z,,,2026-08-31T23:59:00Z
EP2-002177,LP-2025-02177,R0139,SOC,S006,Research Project,2025-11-17T12:00:00Z,1022800.00,NOT_FUNDED,,0.00,2026-02-18T12:00:00Z,,,2026-08-31T23:59:00Z
EP2-002178,LP-2026-02178,R0049,LAW,S020,Internal Seed,2026-07-24T12:00:00Z,265900.00,UNDER_REVIEW,,0.00,,,,2026-08-31T23:59:00Z
EP2-002179,LP-2026-02179,R0022,SCI,S011,Research Project,2026-06-22T12:00:00Z,85700.00,UNDER_REVIEW,,0.00,,,,2026-08-31T23:59:00Z
EP2-002180,LP-2026-02180,R0118,SCI,S013,Research Project,2026-03-03T12:00:00Z,307800.00,ACTIVE,AW2-2026-02180,302300.00,2026-06-18T12:00:00Z,2026-08-30,2028-02-21,2026-08-31T23:59:00Z
EP2-002181,LP-2024-02181,R0138,ENG,S001,Fellowship,2024-04-27T12:00:00Z,38100.00,CLOSED,AW2-2024-02181,28700.00,2024-10-07T12:00:00Z,2024-11-29,2027-11-29,2026-08-31T23:59:00Z
EP2-002182,LP-2023-02182,R0124,HUM,S007,Research Project,2023-10-27T12:00:00Z,500100.00,ACTIVE,AW2-2023-02182,393900.00,2024-02-09T12:00:00Z,2024-03-30,2025-03-30,2026-08-31T23:59:00Z
EP2-002183,LP-2024-02183,R0144,ARC,S023,Internal Seed,2024-08-27T12:00:00Z,34500.00,CLOSED,AW2-2024-02183,21400.00,2025-01-31T12:00:00Z,2025-03-14,2026-09-05,2026-08-31T23:59:00Z
EP2-002184,LP-2024-02184,R0013,BUS,S014,Training Grant,2024-06-27T12:00:00Z,42000.00,NOT_FUNDED,,0.00,2024-09-10T12:00:00Z,,,2026-08-31T23:59:00Z
EP2-002185,LP-2023-02185,R0038,SCI,S020,Research Project,2023-11-21T12:00:00Z,107700.00,CLOSED,AW2-2023-02185,70700.00,2024-01-24T12:00:00Z,2024-02-05,2025-07-29,2026-08-31T23:59:00Z
EP2-002186,LP-2023-02186,R0089,LAW,S012,Training Grant,2023-04-04T12:00:00Z,178600.00,CLOSED,AW2-2023-02186,128000.00,2023-06-12T12:00:00Z,2023-07-22,2026-07-21,2026-08-31T23:59:00Z
EP2-002187,LP-2024-02187,R0074,ENG,S012,Equipment,2024-06-01T12:00:00Z,90500.00,NOT_FUNDED,,0.00,2024-09-12T12:00:00Z,,,2026-08-31T23:59:00Z
EP2-002188,LP-2023-02188,R0123,SOC,S023,Research Project,2023-01-17T12:00:00Z,318600.00,CLOSED,AW2-2023-02188,279900.00,2023-07-22T12:00:00Z,2023-09-20,2026-09-19,2026-08-31T23:59:00Z
EP2-002189,LP-2026-02189,R0051,SOC,S002,Research Project,2026-04-07T12:00:00Z,87000.00,UNDER_REVIEW,,0.00,,,,2026-08-31T23:59:00Z
EP2-002190,LP-2023-02190,R0148,HUM,S012,Training Grant,2023-03-03T12:00:00Z,318800.00,NOT_FUNDED,,0.00,2023-06-25T12:00:00Z,,,2026-08-31T23:59:00Z
EP2-002191,LP-2026-02191,R0080,ARC,S002,Research Project,2026-07-09T12:00:00Z,35800.00,WITHDRAWN,,0.00,2026-08-31T12:00:00Z,,,2026-08-31T23:59:00Z
EP2-002192,LP-2025-02192,,BUS,S005,Research Project,2025-06-07T12:00:00Z,103700.00,NOT_FUNDED,,0.00,2025-10-25T12:00:00Z,,,2026-08-31T23:59:00Z
EP2-002193,LP-2026-02193,R0049,LAW,S014,Internal Seed,2026-05-22T12:00:00Z,100800.00,UNDER_REVIEW,,0.00,,,,2026-08-31T23:59:00Z
EP2-002194,LP-2026-02194,R0143,HSC,S019,Training Grant,2026-04-01T12:00:00Z,205200.00,NOT_FUNDED,,0.00,2026-07-06T12:00:00Z,,,2026-08-31T23:59:00Z
EP2-002195,LP-2023-02195,R0143,HSC,S002,Research Project,2023-03-12T12:00:00Z,99500.00,ACTIVE,AW2-2023-02195,96700.00,2023-05-31T12:00:00Z,2023-06-28,2025-06-27,2026-08-31T23:59:00Z
EP2-002196,LP-2023-02196,R0044,HUM,S005,Training Grant,2023-09-14T12:00:00Z,47700.00,CLOSED,AW2-2023-02196,46400.00,2024-03-15T12:00:00Z,2024-05-20,2026-05-20,2026-08-31T23:59:00Z
EP2-002197,LP-2025-02197,R0080,ARC,S005,Research Project,2025-03-05T12:00:00Z,48000.00,NOT_FUNDED,,0.00,2025-06-10T12:00:00Z,,,2026-08-31T23:59:00Z
EP2-002198,LP-2024-02198,R0139,SOC,S010,Training Grant,2024-08-17T12:00:00Z,239800.00,ACTIVE,AW2-2024-02198,222900.00,2024-10-11T12:00:00Z,2024-11-16,2026-05-10,2026-08-31T23:59:00Z
EP2-002199,LP-2026-02199,R0146,ENG,S012,Research Project,2026-03-06T12:00:00Z,78100.00,ACTIVE,AW2-2026-02199,64200.00,2026-06-06T12:00:00Z,2026-08-13,2028-02-04,2026-08-31T23:59:00Z
EP2-002200,LP-2023-02200,R0111,HSC,S009,Training Grant,2023-04-22T12:00:00Z,64400.00,CLOSED,AW2-2023-02200,57500.00,2023-08-29T12:00:00Z,2023-10-13,2025-10-12,2026-08-31T23:59:00Z
EP2-002201,LP-2024-02201,R0155,SOC,S022,Research Project,2024-03-15T12:00:00Z,74500.00,NOT_FUNDED,,0.00,2024-07-25T12:00:00Z,,,2026-08-31T23:59:00Z
EP2-002202,LP-2025-02202,R0117,BUS,S004,Training Grant,2025-03-30T12:00:00Z,106000.00,AWARDED,AW2-2025-02202,104500.00,2025-08-28T12:00:00Z,2025-11-01,2027-11-01,2026-08-31T23:59:00Z
EP2-002203,LP-2023-02203,R0137,LAW,S014,Internal Seed,2023-04-08T12:00:00Z,94600.00,NOT_FUNDED,,0.00,2023-07-26T12:00:00Z,,,2026-08-31T23:59:00Z
EP2-002204,LP-2024-02204,R0099,SOC,S003,Internal Seed,2024-12-05T12:00:00Z,22500.00,ACTIVE,AW2-2024-02204,18700.00,2025-04-04T12:00:00Z,2025-05-07,2026-10-29,2026-08-31T23:59:00Z
EP2-002205,LP-2026-02205,R0005,BUS,S025,Research Project,2026-05-30T12:00:00Z,533100.00,ACTIVE,AW2-2026-02205,498000.00,2026-08-31T12:00:00Z,2026-10-15,2028-10-14,2026-08-31T23:59:00Z
EP2-002206,LP-2024-02206,R0090,ENG,S023,Fellowship,2024-08-29T12:00:00Z,223000.00,WITHDRAWN,,0.00,2024-12-22T12:00:00Z,,,2026-08-31T23:59:00Z
EP2-002207,LP-2025-02207,R0081,LAW,S021,Research Project,2025-10-02T12:00:00Z,106900.00,ACTIVE,AW2-2025-02207,74300.00,2026-01-12T12:00:00Z,2026-02-01,2027-07-26,2026-08-31T23:59:00Z
EP2-002208,LP-2025-02208,R0164,HUM,S015,Research Project,2025-09-14T12:00:00Z,53900.00,ACTIVE,AW2-2025-02208,46900.00,2026-01-12T12:00:00Z,2026-02-18,2027-08-12,2026-08-31T23:59:00Z
EP2-002209,LP-2023-02209,R0109,BUS,S022,Research Project,2023-06-09T12:00:00Z,120200.00,NOT_FUNDED,,0.00,2023-08-05T12:00:00Z,,,2026-08-31T23:59:00Z
EP2-002210,LP-2026-02210,R0017,LAW,S022,Research Project,2026-05-23T12:00:00Z,306100.00,ACTIVE,AW2-2026-02210,270200.00,2026-08-28T12:00:00Z,2026-10-06,2027-10-06,2026-08-31T23:59:00Z
EP2-002211,LP-2025-02211,R0055,HSC,S019,Research Project,2025-08-28T12:00:00Z,173000.00,NOT_FUNDED,,0.00,2025-10-06T12:00:00Z,,,2026-08-31T23:59:00Z
EP2-002212,LP-2023-02212,R0088,ARC,S006,Research Project,2023-10-31T12:00:00Z,45900.00,ACTIVE,AW2-2023-02212,31700.00,2024-04-12T12:00:00Z,2024-05-08,2025-05-08,2026-08-31T23:59:00Z
EP2-002213,LP-2026-02213,R0060,HUM,S019,Research Project,2026-02-21T12:00:00Z,45800.00,ACTIVE,AW2-2026-02213,43400.00,2026-05-31T12:00:00Z,2026-06-24,2027-12-16,2026-08-31T23:59:00Z
EP2-002214,LP-2024-02214,R0169,LAW,S003,Equipment,2024-11-13T12:00:00Z,197500.00,ACTIVE,AW2-2024-02214,157900.00,2025-02-24T12:00:00Z,2025-04-20,2026-04-20,2026-08-31T23:59:00Z
EP2-002215,LP-2023-02215,R0118,SCI,S015,Training Grant,2023-12-25T12:00:00Z,374400.00,CLOSED,AW2-2023-02215,363800.00,2024-06-08T12:00:00Z,2024-06-26,2026-06-26,2026-08-31T23:59:00Z
EP2-002216,LP-2024-02216,R0025,LAW,S010,Internal Seed,2024-06-20T12:00:00Z,95200.00,NOT_FUNDED,,0.00,2024-10-31T12:00:00Z,,,2026-08-31T23:59:00Z
EP2-002217,LP-2023-02217,R0052,HUM,S010,Internal Seed,2023-01-27T12:00:00Z,31500.00,NOT_FUNDED,,0.00,2023-07-10T12:00:00Z,,,2026-08-31T23:59:00Z
EP2-002218,LP-2025-02218,R0115,SOC,S017,Training Grant,2025-03-30T12:00:00Z,315900.00,ACTIVE,AW2-2025-02218,223200.00,2025-08-04T12:00:00Z,2025-09-13,2028-09-12,2026-08-31T23:59:00Z
EP2-002219,LP-2025-02219,R0141,BUS,S012,Research Project,2025-02-04T12:00:00Z,58100.00,NOT_FUNDED,,0.00,2025-04-04T12:00:00Z,,,2026-08-31T23:59:00Z
EP2-002220,LP-2025-02220,R0062,SCI,S012,Research Project,2025-11-25T12:00:00Z,143500.00,ACTIVE,AW2-2025-02220,140700.00,2026-03-27T12:00:00Z,2026-05-18,2028-05-17,2026-08-31T23:59:00Z
EP2-002221,LP-2025-02221,R0074,ENG,S017,Research Project,2025-03-20T12:00:00Z,177500.00,AWARDED,AW2-2025-02221,159900.00,2025-07-20T12:00:00Z,2025-09-22,2028-09-21,2026-08-31T23:59:00Z
EP2-002222,LP-2024-02222,R0044,HUM,S012,Research Project,2024-10-24T12:00:00Z,200800.00,AWARDED,AW2-2024-02222,140900.00,2025-03-21T12:00:00Z,2025-05-17,2026-05-17,2026-08-31T23:59:00Z
EP2-002223,LP-2023-02223,R0128,ARC,S014,Research Project,2023-01-23T12:00:00Z,140100.00,NOT_FUNDED,,0.00,2023-03-29T12:00:00Z,,,2026-08-31T23:59:00Z
EP2-002224,LP-2023-02224,R0020,HUM,S015,Internal Seed,2023-04-04T12:00:00Z,40600.00,CLOSED,AW2-2023-02224,28000.00,2023-09-02T12:00:00Z,2023-10-24,2026-10-23,2026-08-31T23:59:00Z
EP2-002224-D,LP-2023-02224,R0020,HUM,S015,Internal Seed,2023-04-04T12:00:00Z,40600.00,CLOSED,AW2-2023-02224,28000.00,2023-09-02T12:00:00Z,2023-10-24,2026-10-23,2026-09-01T00:01:00Z
EP2-002225,LP-2026-02225,R0130,ENG,S022,Training Grant,2026-07-09T12:00:00Z,21100.00,ACTIVE,AW2-2026-02225,16100.00,2026-08-31T12:00:00Z,2026-10-01,2029-09-30,2026-08-31T23:59:00Z
EP2-002226,LP-2024-02226,R0078,SCI,S012,Research Project,2024-11-24T12:00:00Z,302400.00,NOT_FUNDED,,0.00,2025-04-22T12:00:00Z,,,2026-08-31T23:59:00Z
EP2-002227,LP-2024-02227,R0098,ENG,S012,Research Project,2024-01-05T12:00:00Z,157200.00,NOT_FUNDED,,0.00,2024-04-19T12:00:00Z,,,2026-08-31T23:59:00Z
EP2-002228,LP-2023-02228,R0020,HUM,S006,Training Grant,2023-04-10T12:00:00Z,134000.00,NOT_FUNDED,,0.00,2023-08-04T12:00:00Z,,,2026-08-31T23:59:00Z
EP2-002229,LP-2024-02229,R0077,BUS,S007,Internal Seed,2024-02-08T12:00:00Z,23500.00,NOT_FUNDED,,0.00,2024-04-21T12:00:00Z,,,2026-08-31T23:59:00Z
EP2-002230,LP-2026-02230,R0001,LAW,S005,Research Project,2026-05-12T12:00:00Z,38700.00,ACTIVE,AW2-2026-02230,35600.00,2026-08-31T12:00:00Z,2026-11-08,2027-11-08,2026-08-31T23:59:00Z
EP2-002231,LP-2026-02231,R0079,HSC,S007,Internal Seed,2026-05-12T12:00:00Z,44100.00,UNDER_REVIEW,,0.00,,,,2026-08-31T23:59:00Z
EP2-002232,LP-2024-02232,R0152,ARC,S015,Research Project,2024-08-25T12:00:00Z,142400.00,ACTIVE,AW2-2024-02232,107800.00,2024-10-10T12:00:00Z,2024-12-05,2025-12-05,2026-08-31T23:59:00Z
EP2-002233,LP-2025-02233,R0172,HUM,S003,Equipment,2025-11-27T12:00:00Z,89100.00,NOT_FUNDED,,0.00,2026-02-11T12:00:00Z,,,2026-08-31T23:59:00Z
EP2-002234,LP-2024-02234,R0091,SOC,S011,Research Project,2024-08-11T12:00:00Z,130800.00,NOT_FUNDED,,0.00,2024-11-01T12:00:00Z,,,2026-08-31T23:59:00Z
EP2-002235,LP-2025-02235,R0066,ENG,S001,Research Project,2025-12-12T12:00:00Z,381100.00,ACTIVE,AW2-2025-02235,294100.00,2026-01-28T12:00:00Z,2026-04-01,2027-09-23,2026-08-31T23:59:00Z
EP2-002236,LP-2025-02236,R0075,SOC,S016,Research Project,2025-06-26T12:00:00Z,24700.00,AWARDED,AW2-2025-02236,23300.00,2025-12-23T12:00:00Z,2026-01-18,2027-01-18,2026-08-31T23:59:00Z
EP2-002237,LP-2024-02237,R0106,ENG,S001,Fellowship,2024-06-18T12:00:00Z,130000.00,NOT_FUNDED,,0.00,2024-10-29T12:00:00Z,,,2026-08-31T23:59:00Z
EP2-002238,LP-2025-02238,R0162,ENG,S010,Training Grant,2025-12-18T12:00:00Z,335200.00,NOT_FUNDED,,0.00,2026-04-09T12:00:00Z,,,2026-08-31T23:59:00Z
EP2-002239,LP-2026-02239,R0050,ENG,S023,Research Project,2026-03-13T12:00:00Z,98000.00,NOT_FUNDED,,0.00,2026-07-14T12:00:00Z,,,2026-08-31T23:59:00Z
EP2-002240,LP-2025-02240,R0046,SCI,S003,Internal Seed,2025-08-08T12:00:00Z,166500.00,WITHDRAWN,,0.00,2025-11-17T12:00:00Z,,,2026-08-31T23:59:00Z
EP2-002241,LP-2025-02241,R0121,LAW,S002,Research Project,2025-09-28T12:00:00Z,239000.00,NOT_FUNDED,,0.00,2026-01-29T12:00:00Z,,,2026-08-31T23:59:00Z
EP2-002242,LP-2023-02242,R0166,SCI,S007,Research Project,2023-09-03T12:00:00Z,146300.00,CLOSED,AW2-2023-02242,95300.00,2023-11-03T12:00:00Z,2023-11-30,2024-11-29,2026-08-31T23:59:00Z
EP2-002243,LP-2023-02243,R0113,LAW,S009,Research Project,2023-04-24T12:00:00Z,133900.00,CLOSED,AW2-2023-02243,117400.00,2023-10-26T12:00:00Z,2023-12-02,2026-12-01,2026-08-31T23:59:00Z
EP2-002244,LP-2024-02244,R0116,HUM,S005,Research Project,2024-03-09T12:00:00Z,146900.00,CLOSED,AW2-2024-02244,134600.00,2024-08-16T12:00:00Z,2024-10-06,2026-03-30,2026-08-31T23:59:00Z
EP2-002245,LP-2023-02245,R0140,HUM,S007,Research Project,2023-09-07T12:00:00Z,527500.00,ACTIVE,AW2-2023-02245,490300.00,2024-01-02T12:00:00Z,2024-02-14,2025-02-13,2026-08-31T23:59:00Z
EP2-002246,LP-2025-02246,R0099,SOC,S008,Research Project,2025-06-23T12:00:00Z,48400.00,ACTIVE,AW2-2025-02246,40400.00,2025-08-07T12:00:00Z,2025-08-17,2027-08-17,2026-08-31T23:59:00Z
EP2-002247,LP-2023-02247,R0089,LAW,S004,Research Project,2023-11-25T12:00:00Z,41100.00,NOT_FUNDED,,0.00,2024-04-27T12:00:00Z,,,2026-08-31T23:59:00Z
EP2-002248,LP-2023-02248,R0039,HSC,S015,Internal Seed,2023-05-29T12:00:00Z,104500.00,NOT_FUNDED,,0.00,2023-11-17T12:00:00Z,,,2026-08-31T23:59:00Z
EP2-002249,LP-2024-02249,R0166,SCI,S018,Research Project,2024-08-17T12:00:00Z,59600.00,CLOSED,AW2-2024-02249,44600.00,2024-12-18T12:00:00Z,2025-01-10,2027-01-10,2026-08-31T23:59:00Z
EP2-002250,LP-2023-02250,R0054,SCI,S023,Internal Seed,2023-01-04T12:00:00Z,83600.00,ACTIVE,AW2-2023-02250,53800.00,2023-03-26T12:00:00Z,2023-05-02,2024-10-23,2026-08-31T23:59:00Z
EP2-002251,LP-2025-02251,R0168,ARC,S002,Equipment,2025-04-18T12:00:00Z,25700.00,ACTIVE,AW2-2025-02251,22500.00,2025-10-22T12:00:00Z,2025-12-19,2026-12-19,2026-08-31T23:59:00Z
EP2-002252,LP-2024-02252,R0012,HUM,S017,Equipment,2024-04-22T12:00:00Z,187400.00,ACTIVE,AW2-2024-02252,128300.00,2024-06-20T12:00:00Z,2024-08-24,2027-08-24,2026-08-31T23:59:00Z
EP2-002253,LP-2025-02253,R0015,HSC,S002,Internal Seed,2025-09-05T12:00:00Z,293500.00,ACTIVE,AW2-2025-02253,256300.00,2026-03-04T12:00:00Z,2026-04-19,2029-04-18,2026-08-31T23:59:00Z
EP2-002254,LP-2023-02254,R0153,LAW,S003,Research Project,2023-12-16T12:00:00Z,1344100.00,NOT_FUNDED,,0.00,2024-04-06T12:00:00Z,,,2026-08-31T23:59:00Z
EP2-002255,LP-2024-02255,R0136,ARC,S023,Research Project,2024-10-17T12:00:00Z,145200.00,NOT_FUNDED,,0.00,2024-12-23T12:00:00Z,,,2026-08-31T23:59:00Z
EP2-002256,LP-2023-02256,R0093,BUS,S025,Research Project,2023-05-06T12:00:00Z,120500.00,NOT_FUNDED,,0.00,2023-07-31T12:00:00Z,,,2026-08-31T23:59:00Z
EP2-002257,LP-2025-02257,R0108,HUM,S006,Research Project,2025-05-06T12:00:00Z,160100.00,ACTIVE,AW2-2025-02257,145100.00,2025-08-21T12:00:00Z,2025-10-31,2028-10-30,2026-08-31T23:59:00Z
EP2-002258,LP-2026-02258,R0140,HUM,S010,Research Project,2026-05-23T12:00:00Z,146600.00,ACTIVE,AW2-2026-02258,98100.00,2026-08-31T12:00:00Z,2026-09-17,2028-03-10,2026-08-31T23:59:00Z
EP2-002259,LP-2025-02259,R0013,BUS,S025,Fellowship,2025-05-11T12:00:00Z,337900.00,ACTIVE,AW2-2025-02259,301500.00,2025-11-13T12:00:00Z,2025-12-30,2028-12-29,2026-08-31T23:59:00Z
EP2-002260,LP-2024-02260,R0077,BUS,S025,Research Project,2024-07-09T12:00:00Z,119000.00,NOT_FUNDED,,0.00,2024-12-02T12:00:00Z,,,2026-08-31T23:59:00Z
EP2-002261,LP-2024-02261,R0103,HSC,S002,Research Project,2024-12-19T12:00:00Z,40100.00,ACTIVE,AW2-2024-02261,38900.00,2025-02-17T12:00:00Z,2025-03-04,2027-03-04,2026-08-31T23:59:00Z
EP2-002262,LP-2026-02262,R0014,SCI,S002,Research Project,2026-04-25T12:00:00Z,151000.00,NOT_FUNDED,,0.00,2026-08-31T12:00:00Z,,,2026-08-31T23:59:00Z
EP2-002263,LP-2024-02263,R0110,SCI,S012,Research Project,2024-01-30T12:00:00Z,60000.00,NOT_FUNDED,,0.00,2024-06-28T12:00:00Z,,,2026-08-31T23:59:00Z
EP2-002264,LP-2023-02264,R0095,HSC,S003,Research Project,2023-06-03T12:00:00Z,67800.00,ACTIVE,AW2-2023-02264,54200.00,2023-10-09T12:00:00Z,2023-12-07,2024-12-06,2026-08-31T23:59:00Z
EP2-002265,LP-2024-02265,R0068,HUM,S013,Research Project,2024-09-16T12:00:00Z,248900.00,NOT_FUNDED,,0.00,2024-11-07T12:00:00Z,,,2026-08-31T23:59:00Z
EP2-002266,LP-2024-02266,R0156,HUM,S012,Training Grant,2024-03-25T12:00:00Z,108700.00,NOT_FUNDED,,0.00,2024-08-19T12:00:00Z,,,2026-08-31T23:59:00Z
EP2-002267,LP-2024-02267,R0176,ARC,S007,Research Project,2024-12-28T12:00:00Z,89900.00,NOT_FUNDED,,0.00,2025-05-31T12:00:00Z,,,2026-08-31T23:59:00Z
EP2-002268,LP-2025-02268,R0070,SCI,S010,Research Project,2025-05-08T12:00:00Z,97700.00,CLOSED,AW2-2025-02268,91100.00,2025-10-07T12:00:00Z,2025-10-25,2027-10-25,2026-08-31T23:59:00Z
EP2-002269,LP-2024-02269,R0091,SOC,S013,Fellowship,2024-04-26T12:00:00Z,207200.00,CLOSED,AW2-2024-02269,182300.00,2024-06-05T12:00:00Z,2024-07-26,2026-01-17,2026-08-31T23:59:00Z
EP2-002270,LP-2025-02270,R0109,BUS,S008,Equipment,2025-05-28T12:00:00Z,137000.00,NOT_FUNDED,,0.00,2025-07-02T12:00:00Z,,,2026-08-31T23:59:00Z
EP2-002271,LP-2026-02271,R0160,ARC,S002,Research Project,2026-06-21T12:00:00Z,171600.00,NOT_FUNDED,,0.00,2026-08-31T12:00:00Z,,,2026-08-31T23:59:00Z
EP2-002272,LP-2025-02272,R0007,HSC,S017,Research Project,2025-02-11T12:00:00Z,48800.00,NOT_FUNDED,,0.00,2025-06-08T12:00:00Z,,,2026-08-31T23:59:00Z
EP2-002273,LP-2023-02273,R0108,HUM,S005,Research Project,2023-02-23T12:00:00Z,246000.00,NOT_FUNDED,,0.00,2023-06-13T12:00:00Z,,,2026-08-31T23:59:00Z
EP2-002274,LP-2023-02274,R0039,HSC,S018,Equipment,2023-11-23T12:00:00Z,32900.00,NOT_FUNDED,,0.00,2024-01-07T12:00:00Z,,,2026-08-31T23:59:00Z
EP2-002275,LP-2025-02275,R0068,HUM,S006,Research Project,2025-09-20T12:00:00Z,193500.00,AWARDED,AW2-2025-02275,173800.00,2025-11-28T12:00:00Z,2025-12-13,2026-12-13,2026-08-31T23:59:00Z
EP2-002276,LP-2025-02276,R0048,ARC,S024,Research Project,2025-01-14T12:00:00Z,116400.00,NOT_FUNDED,,0.00,2025-06-22T12:00:00Z,,,2026-08-31T23:59:00Z
EP2-002277,LP-2025-02277,R0141,BUS,S023,Research Project,2025-04-07T12:00:00Z,52700.00,NOT_FUNDED,,0.00,2025-08-13T12:00:00Z,,,2026-08-31T23:59:00Z
EP2-002278,LP-2024-02278,R0067,SOC,S013,Fellowship,2024-04-13T12:00:00Z,263900.00,CLOSED,AW2-2024-02278,215300.00,2024-08-12T12:00:00Z,2024-10-15,2025-10-15,2026-08-31T23:59:00Z
EP2-002279,LP-2025-02279,R0078,SCI,S014,Fellowship,2025-08-01T12:00:00Z,52900.00,NOT_FUNDED,,0.00,2026-01-25T12:00:00Z,,,2026-08-31T23:59:00Z
EP2-002280,LP-2026-02280,R0158,SCI,S016,Fellowship,2026-05-26T12:00:00Z,54600.00,UNDER_REVIEW,,0.00,,,,2026-08-31T23:59:00Z
EP2-002281,LP-2026-02281,R0077,BUS,S004,Research Project,2026-06-07T12:00:00Z,46700.00,ACTIVE,AW2-2026-02281,41900.00,2026-08-17T12:00:00Z,2026-09-23,2028-09-22,2026-08-31T23:59:00Z
EP2-002283,LP-2025-02283,R0148,HUM,S025,Research Project,2025-09-19T12:00:00Z,720600.00,ACTIVE,AW2-2025-02283,544400.00,2025-10-29T12:00:00Z,2025-12-10,2028-12-09,2026-08-31T23:59:00Z
EP2-002284,LP-2025-02284,R0075,SOC,S007,Research Project,2025-12-26T12:00:00Z,26100.00,ACTIVE,AW2-2025-02284,23000.00,2026-02-21T12:00:00Z,2026-04-16,2029-04-15,2026-08-31T23:59:00Z
EP2-002285,LP-2025-02285,R0122,ENG,S017,Research Project,2025-08-07T12:00:00Z,91300.00,NOT_FUNDED,,0.00,2026-01-12T12:00:00Z,,,2026-08-31T23:59:00Z
EP2-002286,LP-2026-02286,R0139,SOC,S005,Research Project,2026-01-01T12:00:00Z,35900.00,NOT_FUNDED,,0.00,2026-07-05T12:00:00Z,,,2026-08-31T23:59:00Z
EP2-002287,LP-2026-02287,R0141,BUS,S025,Research Project,2026-06-04T12:00:00Z,30300.00,ACTIVE,AW2-2026-02287,19500.00,2026-08-31T12:00:00Z,2026-11-03,2028-04-26,2026-08-31T23:59:00Z
EP2-002288,LP-2023-02288,R0178,ENG,S005,Research Project,2023-08-21T12:00:00Z,109300.00,NOT_FUNDED,,0.00,2023-12-27T12:00:00Z,,,2026-08-31T23:59:00Z
EP2-002290,LP-2024-02290,R0001,LAW,S025,Research Project,2024-12-28T12:00:00Z,132000.00,NOT_FUNDED,,0.00,2025-02-01T12:00:00Z,,,2026-08-31T23:59:00Z
EP2-002291,LP-2024-02291,R0072,ARC,S014,Equipment,2024-09-20T12:00:00Z,215300.00,NOT_FUNDED,,0.00,2025-01-20T12:00:00Z,,,2026-08-31T23:59:00Z
EP2-002292,LP-2024-02292,R0123,SOC,S014,Internal Seed,2024-12-08T12:00:00Z,71100.00,NOT_FUNDED,,0.00,2025-04-01T12:00:00Z,,,2026-08-31T23:59:00Z
EP2-002293,LP-2024-02293,R0006,SCI,S015,Fellowship,2024-04-10T12:00:00Z,300700.00,ACTIVE,AW2-2024-02293,206900.00,2024-08-09T12:00:00Z,2024-09-18,2025-09-18,2026-08-31T23:59:00Z
EP2-002294,LP-2026-02294,R0083,SOC,S024,Fellowship,2026-08-02T12:00:00Z,175400.00,SUBMITTED,,0.00,,,,2026-08-31T23:59:00Z
EP2-002295,LP-2025-02295,R0036,HUM,S007,Research Project,2025-10-21T12:00:00Z,199000.00,NOT_FUNDED,,0.00,2025-12-03T12:00:00Z,,,2026-08-31T23:59:00Z
EP2-002296,LP-2023-02296,R0057,LAW,S013,Equipment,2023-02-28T12:00:00Z,140400.00,CLOSED,AW2-2023-02296,112600.00,2023-06-14T12:00:00Z,2023-07-30,2024-07-29,2026-08-31T23:59:00Z
EP2-002297,LP-2024-02297,R0160,ARC,S020,Equipment,2024-12-06T12:00:00Z,250000.00,NOT_FUNDED,,0.00,2025-06-10T12:00:00Z,,,2026-08-31T23:59:00Z
EP2-002298,LP-2024-02298,R0007,HSC,S023,Research Project,2024-07-21T12:00:00Z,234900.00,NOT_FUNDED,,0.00,2024-08-26T12:00:00Z,,,2026-08-31T23:59:00Z
EP2-002299,LP-2024-02299,R0037,BUS,S021,Fellowship,2024-10-01T12:00:00Z,207900.00,CLOSED,AW2-2024-02299,192100.00,2024-11-25T12:00:00Z,2024-12-12,2026-06-05,2026-08-31T23:59:00Z
EP2-002300,LP-2026-02300,R0094,SCI,S014,Research Project,2026-07-20T12:00:00Z,59000.00,SUBMITTED,,0.00,,,,2026-08-31T23:59:00Z
EP2-002301,LP-2023-02301,R0177,LAW,S010,Internal Seed,2023-10-21T12:00:00Z,164500.00,NOT_FUNDED,,0.00,2023-12-22T12:00:00Z,,,2026-08-31T23:59:00Z
EP2-002302,LP-2024-02302,R0001,LAW,S022,Research Project,2024-11-01T12:00:00Z,98600.00,ACTIVE,AW2-2024-02302,88300.00,2025-03-18T12:00:00Z,2025-03-31,2028-03-30,2026-08-31T23:59:00Z
EP2-002303,LP-2026-02303,R0116,HUM,S018,Research Project,2026-06-02T12:00:00Z,200900.00,NOT_FUNDED,,0.00,2026-08-08T12:00:00Z,,,2026-08-31T23:59:00Z
EP2-002304,LP-2024-02304,R0125,BUS,S010,Research Project,2024-03-18T12:00:00Z,262000.00,CLOSED,AW2-2024-02304,195200.00,2024-09-07T12:00:00Z,2024-11-02,2026-11-02,2026-08-31T23:59:00Z
EP2-002305,LP-2025-02305,R0118,SCI,S013,Equipment,2025-12-29T12:00:00Z,275800.00,ACTIVE,AW2-2025-02305,225500.00,2026-04-29T12:00:00Z,2026-07-12,2027-07-12,2026-08-31T23:59:00Z
EP2-002306,LP-2024-02306,R0135,HSC,S013,Research Project,2024-06-21T12:00:00Z,80100.00,CLOSED,AW2-2024-02306,57000.00,2024-09-10T12:00:00Z,2024-10-23,2026-10-23,2026-08-31T23:59:00Z
EP2-002307,LP-2023-02307,R0110,SCI,S005,Research Project,2023-09-30T12:00:00Z,231300.00,NOT_FUNDED,,0.00,2023-12-26T12:00:00Z,,,2026-08-31T23:59:00Z
EP2-002308,LP-2026-02308,R0050,ENG,S025,Research Project,2026-02-25T12:00:00Z,56800.00,ACTIVE,AW2-2026-02308,36400.00,2026-06-12T12:00:00Z,2026-07-29,2027-07-29,2026-08-31T23:59:00Z
EP2-002309,LP-2026-02309,R0032,ARC,S002,Internal Seed,2026-08-07T12:00:00Z,67500.00,WITHDRAWN,,0.00,2026-08-31T12:00:00Z,,,2026-08-31T23:59:00Z
EP2-002310,LP-2024-02310,R0053,BUS,S003,Research Project,2024-03-14T12:00:00Z,310000.00,ACTIVE,AW2-2024-02310,200500.00,2024-06-02T12:00:00Z,2024-07-22,2026-07-22,2026-08-31T23:59:00Z
EP2-002311,LP-2023-02311,R0102,SCI,S022,Research Project,2023-03-30T12:00:00Z,138200.00,CLOSED,AW2-2023-02311,120200.00,2023-05-18T12:00:00Z,2023-06-29,2024-06-28,2026-08-31T23:59:00Z
EP2-002312,LP-2023-02312,R0146,ENG,S004,Research Project,2023-10-18T12:00:00Z,69900.00,CLOSED,AW2-2023-02312,46600.00,2024-02-14T12:00:00Z,2024-04-14,2027-04-14,2026-08-31T23:59:00Z
EP2-002313,LP-2024-02313,R0113,LAW,S007,Research Project,2024-06-09T12:00:00Z,55500.00,ACTIVE,AW2-2024-02313,39000.00,2024-12-03T12:00:00Z,2025-01-18,2026-01-18,2026-08-31T23:59:00Z
EP2-002314,LP-2025-02314,R0099,SOC,S019,Research Project,2025-12-09T12:00:00Z,23800.00,NOT_FUNDED,,0.00,2026-05-03T12:00:00Z,,,2026-08-31T23:59:00Z
EP2-002315,LP-2023-02315,R0176,ARC,S019,Internal Seed,2023-01-31T12:00:00Z,448600.00,NOT_FUNDED,,0.00,2023-06-14T12:00:00Z,,,2026-08-31T23:59:00Z
EP2-002316,LP-2025-02316,R0034,ENG,S013,Research Project,2025-02-01T12:00:00Z,52100.00,NOT_FUNDED,,0.00,2025-07-24T12:00:00Z,,,2026-08-31T23:59:00Z
EP2-002317,LP-2024-02317,R0087,HSC,S024,Research Project,2024-03-24T12:00:00Z,129400.00,CLOSED,AW2-2024-02317,103200.00,2024-05-23T12:00:00Z,2024-07-16,2026-07-16,2026-08-31T23:59:00Z
EP2-002318,LP-2024-02318,R0059,SOC,S005,Fellowship,2024-05-25T12:00:00Z,673000.00,CLOSED,AW2-2024-02318,434300.00,2024-07-27T12:00:00Z,2024-08-14,2026-02-05,2026-08-31T23:59:00Z
EP2-002319,LP-2024-02319,R0175,HSC,S017,Fellowship,2024-03-30T12:00:00Z,264500.00,ACTIVE,AW2-2024-02319,257200.00,2024-06-23T12:00:00Z,2024-08-06,2026-01-28,2026-08-31T23:59:00Z
EP2-002320,LP-2025-02320,R0074,ENG,S008,Research Project,2025-11-29T12:00:00Z,110200.00,ACTIVE,AW2-2025-02320,83100.00,2026-04-21T12:00:00Z,2026-06-22,2027-06-22,2026-08-31T23:59:00Z
EP2-002321,LP-2025-02321,R0017,LAW,S001,Equipment,2025-12-19T12:00:00Z,42300.00,ACTIVE,AW2-2025-02321,30600.00,2026-05-01T12:00:00Z,2026-06-20,2029-06-19,2026-08-31T23:59:00Z
EP2-002322,LP-2025-02322,R0102,SCI,S021,Research Project,2025-10-02T12:00:00Z,164800.00,NOT_FUNDED,,0.00,2026-02-16T12:00:00Z,,,2026-08-31T23:59:00Z
EP2-002323,LP-2023-02323,R0058,ENG,S004,Fellowship,2023-01-24T12:00:00Z,107400.00,NOT_FUNDED,,0.00,2023-07-16T12:00:00Z,,,2026-08-31T23:59:00Z
EP2-002324,LP-2023-02324,R0021,BUS,S001,Research Project,2023-05-28T12:00:00Z,201500.00,NOT_FUNDED,,0.00,2023-07-12T12:00:00Z,,,2026-08-31T23:59:00Z
EP2-002325,LP-2024-02325,R0040,ARC,S004,Research Project,2024-06-30T12:00:00Z,68400.00,NOT_FUNDED,,0.00,2024-08-06T12:00:00Z,,,2026-08-31T23:59:00Z
EP2-002326,LP-2024-02326,R0117,BUS,S004,Internal Seed,2024-01-15T12:00:00Z,93000.00,NOT_FUNDED,,0.00,2024-05-14T12:00:00Z,,,2026-08-31T23:59:00Z
EP2-002327,LP-2024-02327,R0175,HSC,S018,Research Project,2024-07-10T12:00:00Z,66700.00,CLOSED,AW2-2024-02327,52200.00,2024-08-21T12:00:00Z,2024-10-01,2026-10-01,2026-08-31T23:59:00Z
EP2-002328,LP-2023-02328,R0121,LAW,S024,Training Grant,2023-06-20T12:00:00Z,244000.00,NOT_FUNDED,,0.00,2023-08-05T12:00:00Z,,,2026-08-31T23:59:00Z
EP2-002329,LP-2025-02329,R0147,SOC,S014,Equipment,2025-04-23T12:00:00Z,248800.00,WITHDRAWN,,0.00,2025-08-27T12:00:00Z,,,2026-08-31T23:59:00Z
EP2-002330,LP-2026-02330,R0013,BUS,S020,Fellowship,2026-03-16T12:00:00Z,255800.00,NOT_FUNDED,,0.00,2026-08-31T12:00:00Z,,,2026-08-31T23:59:00Z
EP2-002331,LP-2025-02331,R0168,ARC,S011,Internal Seed,2025-10-16T12:00:00Z,128500.00,NOT_FUNDED,,0.00,2025-12-22T12:00:00Z,,,2026-08-31T23:59:00Z
EP2-002332,LP-2026-02332,R0009,LAW,S020,Research Project,2026-01-25T12:00:00Z,68700.00,AWARDED,AW2-2026-02332,57300.00,2026-03-09T12:00:00Z,2026-03-27,2027-03-27,2026-08-31T23:59:00Z
EP2-002333,LP-2023-02333,R0135,HSC,S002,Research Project,2023-10-27T12:00:00Z,95700.00,ACTIVE,AW2-2023-02333,71800.00,2024-01-14T12:00:00Z,2024-03-02,2026-03-02,2026-08-31T23:59:00Z
EP2-002334,LP-2025-02334,R0115,SOC,S001,Research Project,2025-05-26T12:00:00Z,70200.00,AWARDED,AW2-2025-02334,43800.00,2025-11-30T12:00:00Z,2025-12-22,2027-06-15,2026-08-31T23:59:00Z
EP2-002335,LP-2023-02335,R0052,HUM,S025,Training Grant,2023-05-14T12:00:00Z,484100.00,NOT_FUNDED,,0.00,2023-10-13T12:00:00Z,,,2026-08-31T23:59:00Z
EP2-002336,LP-2025-02336,R0021,BUS,S020,Fellowship,2025-03-16T12:00:00Z,152800.00,NOT_FUNDED,,0.00,2025-07-03T12:00:00Z,,,2026-08-31T23:59:00Z
EP2-002337,LP-2025-02337,R0106,ENG,S023,Equipment,2025-05-17T12:00:00Z,489100.00,CLOSED,AW2-2025-02337,305300.00,2025-08-25T12:00:00Z,2025-10-05,2028-10-04,2026-08-31T23:59:00Z
EP2-002338,LP-2024-02338,R0095,HSC,S017,Internal Seed,2024-06-25T12:00:00Z,93100.00,NOT_FUNDED,,0.00,2024-10-21T12:00:00Z,,,2026-08-31T23:59:00Z
EP2-002339,LP-2025-02339,R0034,ENG,S024,Research Project,2025-06-25T12:00:00Z,454500.00,CLOSED,AW2-2025-02339,296800.00,2025-12-20T12:00:00Z,2026-01-24,2028-01-24,2026-08-31T23:59:00Z
EP2-002340,LP-2023-02340,R0134,SCI,S014,Research Project,2023-11-01T12:00:00Z,360300.00,NOT_FUNDED,,0.00,2023-12-11T12:00:00Z,,,2026-08-31T23:59:00Z
EP2-002341,LP-2023-02341,R0125,BUS,S018,Training Grant,2023-03-23T12:00:00Z,44900.00,NOT_FUNDED,,0.00,2023-05-08T12:00:00Z,,,2026-08-31T23:59:00Z
EP2-002342,LP-2025-02342,R0149,BUS,S014,Research Project,2025-03-05T12:00:00Z,194700.00,WITHDRAWN,,0.00,2025-07-03T12:00:00Z,,,2026-08-31T23:59:00Z
EP2-002343,LP-2024-02343,R0060,HUM,S024,Research Project,2024-09-25T12:00:00Z,217500.00,ACTIVE,AW2-2024-02343,204500.00,2024-12-15T12:00:00Z,2025-01-27,2026-07-21,2026-08-31T23:59:00Z
EP2-002344,LP-2024-02344,R0039,HSC,S001,Research Project,2024-04-28T12:00:00Z,61500.00,NOT_FUNDED,,0.00,2024-10-06T12:00:00Z,,,2026-08-31T23:59:00Z
EP2-002345,LP-2023-02345,R0094,SCI,S012,Equipment,2023-04-26T12:00:00Z,24900.00,NOT_FUNDED,,0.00,2023-08-08T12:00:00Z,,,2026-08-31T23:59:00Z
EP2-002346,LP-2023-02346,R0071,HSC,S006,Research Project,2023-04-25T12:00:00Z,418900.00,ACTIVE,AW2-2023-02346,402100.00,2023-07-28T12:00:00Z,2023-09-23,2024-09-22,2026-08-31T23:59:00Z
EP2-002347,LP-2025-02347,R0118,SCI,S015,Research Project,2025-05-17T12:00:00Z,27900.00,ACTIVE,AW2-2025-02347,26600.00,2025-08-09T12:00:00Z,2025-08-21,2027-08-21,2026-08-31T23:59:00Z
EP2-002348,LP-2023-02348,R0108,HUM,S005,Research Project,2023-11-15T12:00:00Z,113900.00,NOT_FUNDED,,0.00,2024-02-08T12:00:00Z,,,2026-08-31T23:59:00Z
EP2-002349,LP-2023-02349,R0080,ARC,S025,Research Project,2023-06-03T12:00:00Z,231700.00,NOT_FUNDED,,0.00,2023-09-13T12:00:00Z,,,2026-08-31T23:59:00Z
EP2-002350,LP-2023-02350,R0087,HSC,S019,Training Grant,2023-12-31T12:00:00Z,459400.00,NOT_FUNDED,,0.00,2024-02-07T12:00:00Z,,,2026-08-31T23:59:00Z
EP2-002351,LP-2026-02351,R0178,ENG,S023,Equipment,2026-05-14T12:00:00Z,137700.00,UNDER_REVIEW,,0.00,,,,2026-08-31T23:59:00Z
EP2-002352,LP-2026-02352,R0163,SOC,S018,Training Grant,2026-01-14T12:00:00Z,120200.00,ACTIVE,AW2-2026-02352,80200.00,2026-07-03T12:00:00Z,2026-07-13,2028-01-04,2026-08-31T23:59:00Z
EP2-002353,LP-2024-02353,R0034,ENG,S011,Internal Seed,2024-01-18T12:00:00Z,200000.00,CLOSED,AW2-2024-02353,159900.00,2024-03-03T12:00:00Z,2024-04-02,2025-09-24,2026-08-31T23:59:00Z
EP2-002354,LP-2023-02354,R0125,BUS,S006,Research Project,2023-10-20T12:00:00Z,126900.00,CLOSED,AW2-2023-02354,83800.00,2023-11-27T12:00:00Z,2024-01-24,2027-01-23,2026-08-31T23:59:00Z
EP2-002355,LP-2025-02355,R0147,SOC,S024,Research Project,2025-02-28T12:00:00Z,163700.00,ACTIVE,AW2-2025-02355,139700.00,2025-06-07T12:00:00Z,2025-07-17,2027-07-17,2026-08-31T23:59:00Z
EP2-002356,LP-2024-02356,R0047,HSC,S009,Research Project,2024-10-13T12:00:00Z,421500.00,NOT_FUNDED,,0.00,2025-03-05T12:00:00Z,,,2026-08-31T23:59:00Z
EP2-002357,LP-2024-02357,R0085,BUS,S021,Fellowship,2024-12-23T12:00:00Z,88800.00,NOT_FUNDED,,0.00,2025-04-01T12:00:00Z,,,2026-08-31T23:59:00Z
EP2-002357-D,LP-2024-02357,R0085,BUS,S021,Fellowship,2024-12-23T12:00:00Z,88800.00,NOT_FUNDED,,0.00,2025-04-01T12:00:00Z,,,2026-09-01T00:01:00Z
EP2-002358,LP-2026-02358,R0132,HUM,S012,Fellowship,2026-01-22T12:00:00Z,129000.00,ACTIVE,AW2-2026-02358,91400.00,2026-05-06T12:00:00Z,2026-05-27,2027-11-18,2026-08-31T23:59:00Z
EP2-002359,LP-2026-02359,R0144,ARC,S009,Equipment,2026-06-24T12:00:00Z,228000.00,ACTIVE,AW2-2026-02359,178500.00,2026-08-31T12:00:00Z,2026-10-19,2028-04-11,2026-08-31T23:59:00Z
EP2-002360,LP-2023-02360,R0177,LAW,S012,Training Grant,2023-08-03T12:00:00Z,220500.00,NOT_FUNDED,,0.00,2023-11-11T12:00:00Z,,,2026-08-31T23:59:00Z
EP2-002361,LP-2024-02361,R0011,SOC,S004,Research Project,2024-03-26T12:00:00Z,39500.00,CLOSED,AW2-2024-02361,25000.00,2024-09-02T12:00:00Z,2024-09-16,2026-03-10,2026-08-31T23:59:00Z
EP2-002362,LP-2026-02362,R0124,HUM,S008,Training Grant,2026-02-16T12:00:00Z,26900.00,ACTIVE,AW2-2026-02362,24900.00,2026-06-22T12:00:00Z,2026-08-04,2027-08-04,2026-08-31T23:59:00Z
EP2-002363,LP-2023-02363,R0151,HSC,S014,Research Project,2023-12-18T12:00:00Z,242200.00,ACTIVE,AW2-2023-02363,162200.00,2024-04-18T12:00:00Z,2024-07-01,2025-07-01,2026-08-31T23:59:00Z
EP2-002364,LP-2023-02364,R0019,SOC,S024,Research Project,2023-09-07T12:00:00Z,99600.00,NOT_FUNDED,,0.00,2024-02-20T12:00:00Z,,,2026-08-31T23:59:00Z
EP2-002365,LP-2024-02365,R0119,HSC,S024,Research Project,2024-01-27T12:00:00Z,240200.00,NOT_FUNDED,,0.00,2024-07-11T12:00:00Z,,,2026-08-31T23:59:00Z
EP2-002366,LP-2024-02366,R0017,LAW,S020,Equipment,2024-03-25T12:00:00Z,129200.00,ACTIVE,AW2-2024-02366,121600.00,2024-06-10T12:00:00Z,2024-07-21,2027-07-21,2026-08-31T23:59:00Z
EP2-002367,LP-2024-02367,R0148,HUM,S011,Equipment,2024-12-01T12:00:00Z,143500.00,ACTIVE,AW2-2024-02367,102600.00,2025-05-01T12:00:00Z,2025-07-14,2026-07-14,2026-08-31T23:59:00Z
EP2-002368,LP-2026-02368,R0013,BUS,S024,Research Project,2026-05-04T12:00:00Z,49700.00,ACTIVE,AW2-2026-02368,43100.00,2026-06-19T12:00:00Z,2026-09-01,2027-09-01,2026-08-31T23:59:00Z
EP2-002369,LP-2026-02369,R0158,SCI,S011,Research Project,2026-07-12T12:00:00Z,125200.00,NOT_FUNDED,,0.00,2026-08-31T12:00:00Z,,,2026-08-31T23:59:00Z
EP2-002370,LP-2024-02370,R0045,BUS,S022,Research Project,2024-02-02T12:00:00Z,214900.00,CLOSED,AW2-2024-02370,154300.00,2024-03-27T12:00:00Z,2024-04-24,2026-04-24,2026-08-31T23:59:00Z
EP2-002371,LP-2023-02371,R0128,ARC,S006,Fellowship,2023-06-07T12:00:00Z,98100.00,ACTIVE,AW2-2023-02371,67500.00,2023-11-09T12:00:00Z,2023-12-05,2025-05-28,2026-08-31T23:59:00Z
EP2-002372,LP-2024-02372,R0085,BUS,S012,Training Grant,2024-01-31T12:00:00Z,289400.00,NOT_FUNDED,,0.00,2024-04-27T12:00:00Z,,,2026-08-31T23:59:00Z
EP2-002373,LP-2024-02373,R0159,HSC,S007,Research Project,2024-03-25T12:00:00Z,36300.00,CLOSED,AW2-2024-02373,26900.00,2024-05-12T12:00:00Z,2024-07-10,2027-07-10,2026-08-31T23:59:00Z
EP2-002374,LP-2026-02374,R0052,HUM,S018,Research Project,2026-07-04T12:00:00Z,78100.00,UNDER_REVIEW,,0.00,,,,2026-08-31T23:59:00Z
EP2-002375,LP-2024-02375,R0097,LAW,S021,Research Project,2024-01-09T12:00:00Z,31900.00,NOT_FUNDED,,0.00,2024-03-17T12:00:00Z,,,2026-08-31T23:59:00Z
EP2-002376,LP-2023-02376,R0040,ARC,S006,Training Grant,2023-05-18T12:00:00Z,53000.00,NOT_FUNDED,,0.00,2023-09-20T12:00:00Z,,,2026-08-31T23:59:00Z
EP2-002377,LP-2025-02377,R0074,ENG,S024,Equipment,2025-07-03T12:00:00Z,305200.00,NOT_FUNDED,,0.00,2026-01-05T12:00:00Z,,,2026-08-31T23:59:00Z
EP2-002378,LP-2025-02378,R0110,SCI,S022,Research Project,2025-11-20T12:00:00Z,154100.00,ACTIVE,AW2-2025-02378,99900.00,2026-02-28T12:00:00Z,2026-03-11,2029-03-10,2026-08-31T23:59:00Z
EP2-002379,LP-2024-02379,R0167,HSC,S002,Training Grant,2024-11-29T12:00:00Z,130500.00,NOT_FUNDED,,0.00,2025-04-22T12:00:00Z,,,2026-08-31T23:59:00Z
EP2-002380,LP-2023-02380,R0060,HUM,S001,Research Project,2023-11-10T12:00:00Z,420900.00,NOT_FUNDED,,0.00,2024-04-25T12:00:00Z,,,2026-08-31T23:59:00Z
EP2-002381,LP-2026-02381,R0162,ENG,S008,Research Project,2026-08-13T12:00:00Z,86600.00,WITHDRAWN,,0.00,2026-08-31T12:00:00Z,,,2026-08-31T23:59:00Z
EP2-002382,LP-2024-02382,R0117,BUS,S018,Research Project,2024-09-12T12:00:00Z,39300.00,NOT_FUNDED,,0.00,2025-01-30T12:00:00Z,,,2026-08-31T23:59:00Z
EP2-002383,LP-2024-02383,R0058,ENG,S024,Research Project,2024-11-26T12:00:00Z,68500.00,NOT_FUNDED,,0.00,2025-06-03T12:00:00Z,,,2026-08-31T23:59:00Z
EP2-002384,LP-2023-02384,R0104,ARC,S013,Training Grant,2023-06-17T12:00:00Z,37900.00,CLOSED,AW2-2023-02384,33100.00,2023-11-14T12:00:00Z,2023-12-27,2024-12-26,2026-08-31T23:59:00Z
EP2-002385,LP-2025-02385,R0073,LAW,S004,Internal Seed,2025-12-27T12:00:00Z,125400.00,ACTIVE,AW2-2025-02385,113500.00,2026-04-13T12:00:00Z,2026-05-05,2029-05-04,2026-08-31T23:59:00Z
EP2-002386,LP-2024-02386,R0010,ENG,S006,Equipment,2024-05-29T12:00:00Z,151300.00,ACTIVE,AW2-2024-02386,144500.00,2024-07-09T12:00:00Z,2024-08-17,2025-08-17,2026-08-31T23:59:00Z
EP2-002387,LP-2026-02387,,SCI,S022,Training Grant,2026-07-28T12:00:00Z,159700.00,UNDER_REVIEW,,0.00,,,,2026-08-31T23:59:00Z
EP2-002388,LP-2026-02388,R0063,HSC,S018,Training Grant,2026-08-01T12:00:00Z,199500.00,SUBMITTED,,0.00,,,,2026-08-31T23:59:00Z
EP2-002389,LP-2023-02389,R0158,SCI,S012,Research Project,2023-02-06T12:00:00Z,148600.00,NOT_FUNDED,,0.00,2023-05-16T12:00:00Z,,,2026-08-31T23:59:00Z
EP2-002390,LP-2026-02390,R0098,ENG,S003,Research Project,2026-08-07T12:00:00Z,67900.00,SUBMITTED,,0.00,,,,2026-08-31T23:59:00Z
EP2-002391,LP-2025-02391,R0177,LAW,S001,Research Project,2025-12-14T12:00:00Z,59000.00,ACTIVE,AW2-2025-02391,41500.00,2026-03-08T12:00:00Z,2026-05-11,2027-11-02,2026-08-31T23:59:00Z
EP2-002392,LP-2025-02392,R0089,LAW,S010,Research Project,2025-03-24T12:00:00Z,29700.00,NOT_FUNDED,,0.00,2025-08-11T12:00:00Z,,,2026-08-31T23:59:00Z
EP2-002393,LP-2026-02393,R0103,HSC,S002,Training Grant,2026-08-04T12:00:00Z,46000.00,UNDER_REVIEW,,0.00,,,,2026-08-31T23:59:00Z
EP2-002394,LP-2026-02394,R0059,SOC,S005,Research Project,2026-07-20T12:00:00Z,624200.00,UNDER_REVIEW,,0.00,,,,2026-08-31T23:59:00Z
EP2-002395,LP-2023-02395,R0024,ARC,S023,Internal Seed,2023-11-15T12:00:00Z,30300.00,CLOSED,AW2-2023-02395,22300.00,2024-05-15T12:00:00Z,2024-05-27,2026-05-27,2026-08-31T23:59:00Z
EP2-002396,LP-2023-02396,R0027,SOC,S007,Research Project,2023-04-30T12:00:00Z,166900.00,WITHDRAWN,,0.00,2023-09-25T12:00:00Z,,,2026-08-31T23:59:00Z
EP2-002397,LP-2023-02397,R0141,BUS,S002,Equipment,2023-04-02T12:00:00Z,128500.00,NOT_FUNDED,,0.00,2023-08-02T12:00:00Z,,,2026-08-31T23:59:00Z
EP2-002398,LP-2026-02398,R0091,SOC,S025,Research Project,2026-01-15T12:00:00Z,206000.00,NOT_FUNDED,,0.00,2026-05-30T12:00:00Z,,,2026-08-31T23:59:00Z
EP2-002399,LP-2023-02399,R0093,BUS,S003,Fellowship,2023-01-23T12:00:00Z,59800.00,NOT_FUNDED,,0.00,2023-02-28T12:00:00Z,,,2026-08-31T23:59:00Z
EP2-002400,LP-2025-02400,R0142,SCI,S005,Research Project,2025-04-19T12:00:00Z,42900.00,ACTIVE,AW2-2025-02400,27700.00,2025-09-13T12:00:00Z,2025-11-22,2028-11-21,2026-08-31T23:59:00Z
EP2-002401,LP-2025-02401,R0034,ENG,S024,Research Project,2025-05-16T12:00:00Z,70800.00,AWARDED,AW2-2025-02401,59500.00,2025-11-01T12:00:00Z,2025-11-28,2027-11-28,2026-08-31T23:59:00Z
EP2-002402,LP-2023-02402,R0175,HSC,S001,Training Grant,2023-02-23T12:00:00Z,161300.00,NOT_FUNDED,,0.00,2023-04-17T12:00:00Z,,,2026-08-31T23:59:00Z
EP2-002403,LP-2023-02403,R0096,ARC,S002,Research Project,2023-03-08T12:00:00Z,227900.00,NOT_FUNDED,,0.00,2023-06-20T12:00:00Z,,,2026-08-31T23:59:00Z
EP2-002404,LP-2025-02404,R0125,BUS,S010,Fellowship,2025-05-02T12:00:00Z,45900.00,AWARDED,AW2-2025-02404,43500.00,2025-08-10T12:00:00Z,2025-10-05,2028-10-04,2026-08-31T23:59:00Z
EP2-002405,LP-2023-02405,R0104,ARC,S008,Internal Seed,2023-12-25T12:00:00Z,156200.00,WITHDRAWN,,0.00,2024-02-24T12:00:00Z,,,2026-08-31T23:59:00Z
EP2-002406,LP-2023-02406,R0065,LAW,S015,Internal Seed,2023-09-18T12:00:00Z,58600.00,CLOSED,AW2-2023-02406,46500.00,2023-10-26T12:00:00Z,2023-12-06,2025-05-29,2026-08-31T23:59:00Z
EP2-002407,LP-2026-02407,R0180,HUM,S017,Equipment,2026-01-11T12:00:00Z,99400.00,NOT_FUNDED,,0.00,2026-05-18T12:00:00Z,,,2026-08-31T23:59:00Z
EP2-002408,LP-2026-02408,R0103,HSC,S019,Internal Seed,2026-03-20T12:00:00Z,70800.00,NOT_FUNDED,,0.00,2026-08-31T12:00:00Z,,,2026-08-31T23:59:00Z
EP2-002409,LP-2025-02409,R0050,ENG,S002,Internal Seed,2025-06-30T12:00:00Z,275600.00,ACTIVE,AW2-2025-02409,172200.00,2025-11-07T12:00:00Z,2025-11-22,2027-05-16,2026-08-31T23:59:00Z
EP2-002410,LP-2026-02410,R0166,SCI,S001,Fellowship,2026-04-22T12:00:00Z,339900.00,UNDER_REVIEW,,0.00,,,,2026-08-31T23:59:00Z
EP2-002411,LP-2024-02411,R0104,ARC,S002,Research Project,2024-03-16T12:00:00Z,57500.00,CLOSED,AW2-2024-02411,37700.00,2024-07-13T12:00:00Z,2024-09-15,2027-09-15,2026-08-31T23:59:00Z
EP2-002412,LP-2025-02412,R0025,LAW,S009,Training Grant,2025-11-16T12:00:00Z,270300.00,ACTIVE,AW2-2025-02412,210000.00,2026-03-23T12:00:00Z,2026-04-05,2028-04-04,2026-08-31T23:59:00Z
EP2-002413,LP-2025-02413,R0148,HUM,S019,Fellowship,2025-07-26T12:00:00Z,156900.00,ACTIVE,AW2-2025-02413,99800.00,2025-09-30T12:00:00Z,2025-11-09,2027-11-09,2026-08-31T23:59:00Z
EP2-002414,LP-2025-02414,R0104,ARC,S005,Research Project,2025-12-31T12:00:00Z,55900.00,NOT_FUNDED,,0.00,2026-02-15T12:00:00Z,,,2026-08-31T23:59:00Z
EP2-002415,LP-2025-02415,R0084,HUM,S002,Equipment,2025-11-02T12:00:00Z,58300.00,ACTIVE,AW2-2025-02415,50500.00,2025-12-14T12:00:00Z,2026-01-18,2027-01-18,2026-08-31T23:59:00Z
EP2-002416,LP-2025-02416,R0099,SOC,S001,Research Project,2025-04-07T12:00:00Z,242100.00,NOT_FUNDED,,0.00,2025-05-25T12:00:00Z,,,2026-08-31T23:59:00Z
EP2-002417,LP-2023-02417,R0015,HSC,S019,Research Project,2023-07-29T12:00:00Z,146700.00,CLOSED,AW2-2023-02417,111900.00,2023-11-11T12:00:00Z,2023-12-14,2024-12-13,2026-08-31T23:59:00Z
EP2-002418,LP-2023-02418,R0173,BUS,S002,Research Project,2023-12-22T12:00:00Z,170400.00,NOT_FUNDED,,0.00,2024-03-20T12:00:00Z,,,2026-08-31T23:59:00Z
EP2-002419,LP-2023-02419,R0132,HUM,S002,Internal Seed,2023-12-05T12:00:00Z,107400.00,CLOSED,AW2-2023-02419,92200.00,2024-03-27T12:00:00Z,2024-05-01,2025-05-01,2026-08-31T23:59:00Z
EP2-002420,LP-2024-02420,R0132,HUM,S002,Research Project,2024-04-19T12:00:00Z,121000.00,CLOSED,AW2-2024-02420,115800.00,2024-07-13T12:00:00Z,2024-09-01,2026-09-01,2026-08-31T23:59:00Z
EP2-002421,LP-2023-02421,R0108,HUM,S007,Research Project,2023-12-04T12:00:00Z,443600.00,NOT_FUNDED,,0.00,2024-02-01T12:00:00Z,,,2026-08-31T23:59:00Z
EP2-002422,LP-2025-02422,R0077,BUS,S025,Research Project,2025-12-09T12:00:00Z,63500.00,NOT_FUNDED,,0.00,2026-02-25T12:00:00Z,,,2026-08-31T23:59:00Z
EP2-002423,LP-2023-02423,R0145,LAW,S017,Research Project,2023-11-19T12:00:00Z,256500.00,ACTIVE,AW2-2023-02423,227400.00,2024-03-04T12:00:00Z,2024-04-28,2025-10-20,2026-08-31T23:59:00Z
EP2-002424,LP-2024-02424,R0057,LAW,S013,Research Project,2024-02-20T12:00:00Z,172800.00,NOT_FUNDED,,0.00,2024-08-15T12:00:00Z,,,2026-08-31T23:59:00Z
EP2-002425,LP-2023-02425,R0099,SOC,S011,Research Project,2023-01-17T12:00:00Z,206500.00,CLOSED,AW2-2023-02425,132600.00,2023-06-05T12:00:00Z,2023-07-22,2025-07-21,2026-08-31T23:59:00Z
EP2-002426,LP-2025-02426,R0103,HSC,S015,Research Project,2025-07-06T12:00:00Z,46300.00,ACTIVE,AW2-2025-02426,46100.00,2025-10-26T12:00:00Z,2025-11-16,2027-05-10,2026-08-31T23:59:00Z
EP2-002427,LP-2024-02427,R0177,LAW,S008,Research Project,2024-12-25T12:00:00Z,78700.00,ACTIVE,AW2-2024-02427,66900.00,2025-05-07T12:00:00Z,2025-06-24,2028-06-23,2026-08-31T23:59:00Z
EP2-002428,LP-2024-02428,R0056,ARC,S016,Research Project,2024-02-23T12:00:00Z,185600.00,WITHDRAWN,,0.00,2024-07-26T12:00:00Z,,,2026-08-31T23:59:00Z
EP2-002429,LP-2026-02429,R0142,SCI,S019,Equipment,2026-06-06T12:00:00Z,254700.00,ACTIVE,AW2-2026-02429,228700.00,2026-08-31T12:00:00Z,2026-11-01,2027-11-01,2026-08-31T23:59:00Z
EP2-002430,LP-2024-02430,R0022,SCI,S019,Research Project,2024-07-12T12:00:00Z,264900.00,CLOSED,AW2-2024-02430,264500.00,2024-10-06T12:00:00Z,2024-12-19,2025-12-19,2026-08-31T23:59:00Z
EP2-002431,LP-2023-02431,R0145,LAW,S009,Equipment,2023-04-12T12:00:00Z,1026500.00,CLOSED,AW2-2023-02431,650200.00,2023-08-27T12:00:00Z,2023-10-30,2024-10-29,2026-08-31T23:59:00Z
EP2-002432,LP-2026-02432,R0103,HSC,S023,Fellowship,2026-01-09T12:00:00Z,31700.00,AWARDED,AW2-2026-02432,29800.00,2026-02-22T12:00:00Z,2026-03-17,2027-03-17,2026-08-31T23:59:00Z
EP2-002433,LP-2025-02433,R0147,SOC,S004,Research Project,2025-02-22T12:00:00Z,313900.00,ACTIVE,AW2-2025-02433,211100.00,2025-08-15T12:00:00Z,2025-08-30,2027-08-30,2026-08-31T23:59:00Z
EP2-002434,LP-2025-02434,R0088,ARC,S022,Internal Seed,2025-11-26T12:00:00Z,176600.00,CLOSED,AW2-2025-02434,135000.00,2026-06-04T12:00:00Z,2026-07-21,2029-07-20,2026-08-31T23:59:00Z
EP2-002435,LP-2023-02435,R0135,HSC,S002,Internal Seed,2023-02-19T12:00:00Z,33000.00,NOT_FUNDED,,0.00,2023-07-08T12:00:00Z,,,2026-08-31T23:59:00Z
EP2-002436,LP-2023-02436,R0078,SCI,S012,Research Project,2023-07-03T12:00:00Z,39600.00,CLOSED,AW2-2023-02436,25800.00,2023-08-08T12:00:00Z,2023-08-31,2025-02-21,2026-08-31T23:59:00Z
EP2-002437,LP-2025-02437,R0044,HUM,S006,Research Project,2025-02-28T12:00:00Z,37400.00,ACTIVE,AW2-2025-02437,25000.00,2025-06-24T12:00:00Z,2025-08-21,2028-08-20,2026-08-31T23:59:00Z
EP2-002438,LP-2025-02438,R0141,BUS,S021,Research Project,2025-08-28T12:00:00Z,148400.00,AWARDED,AW2-2025-02438,118200.00,2026-01-12T12:00:00Z,2026-01-23,2027-01-23,2026-08-31T23:59:00Z
EP2-002439,LP-2025-02439,R0170,ENG,S010,Equipment,2025-10-16T12:00:00Z,42800.00,ACTIVE,AW2-2025-02439,42300.00,2026-03-30T12:00:00Z,2026-06-02,2027-11-24,2026-08-31T23:59:00Z
EP2-002440,LP-2025-02440,R0047,HSC,S005,Equipment,2025-01-31T12:00:00Z,74700.00,CLOSED,AW2-2025-02440,69500.00,2025-05-30T12:00:00Z,2025-08-11,2028-08-10,2026-08-31T23:59:00Z
EP2-002441,LP-2025-02441,R0164,HUM,S014,Research Project,2025-02-20T12:00:00Z,129700.00,NOT_FUNDED,,0.00,2025-04-25T12:00:00Z,,,2026-08-31T23:59:00Z
EP2-002442,LP-2023-02442,R0042,ENG,S024,Equipment,2023-02-15T12:00:00Z,599300.00,NOT_FUNDED,,0.00,2023-07-10T12:00:00Z,,,2026-08-31T23:59:00Z
EP2-002443,LP-2024-02443,R0006,SCI,S022,Research Project,2024-06-18T12:00:00Z,525900.00,WITHDRAWN,,0.00,2024-11-12T12:00:00Z,,,2026-08-31T23:59:00Z
EP2-002444,LP-2024-02444,R0035,SOC,S005,Research Project,2024-12-02T12:00:00Z,46800.00,CLOSED,AW2-2024-02444,30500.00,2025-03-30T12:00:00Z,2025-05-15,2028-05-14,2026-08-31T23:59:00Z
EP2-002445,LP-2024-02445,R0051,SOC,S014,Training Grant,2024-03-25T12:00:00Z,154100.00,CLOSED,AW2-2024-02445,126500.00,2024-06-03T12:00:00Z,2024-07-17,2026-01-08,2026-08-31T23:59:00Z
EP2-002446,LP-2025-02446,R0166,SCI,S013,Internal Seed,2025-09-18T12:00:00Z,25700.00,NOT_FUNDED,,0.00,2026-03-22T12:00:00Z,,,2026-08-31T23:59:00Z
EP2-002447,LP-2023-02447,R0085,BUS,S014,Training Grant,2023-04-12T12:00:00Z,45200.00,CLOSED,AW2-2023-02447,36300.00,2023-05-19T12:00:00Z,2023-06-17,2026-06-16,2026-08-31T23:59:00Z
EP2-002448,LP-2026-02448,R0141,BUS,S010,Research Project,2026-04-02T12:00:00Z,34400.00,NOT_FUNDED,,0.00,2026-08-21T12:00:00Z,,,2026-08-31T23:59:00Z
EP2-002449,LP-2023-02449,R0094,SCI,S007,Research Project,2023-03-14T12:00:00Z,182400.00,ACTIVE,AW2-2023-02449,146000.00,2023-08-18T12:00:00Z,2023-09-19,2025-09-18,2026-08-31T23:59:00Z
EP2-002450,LP-2025-02450,R0152,ARC,S014,Training Grant,2025-11-02T12:00:00Z,47200.00,ACTIVE,AW2-2025-02450,33300.00,2025-12-07T12:00:00Z,2026-02-01,2027-02-01,2026-08-31T23:59:00Z
EP2-002451,LP-2026-02451,R0043,SOC,S024,Research Project,2026-06-02T12:00:00Z,52300.00,WITHDRAWN,,0.00,2026-07-17T12:00:00Z,,,2026-08-31T23:59:00Z
EP2-002452,LP-2025-02452,R0164,HUM,S016,Fellowship,2025-08-07T12:00:00Z,78500.00,ACTIVE,AW2-2025-02452,52600.00,2026-01-29T12:00:00Z,2026-03-11,2027-09-02,2026-08-31T23:59:00Z
EP2-002453,LP-2023-02453,R0108,HUM,S006,Equipment,2023-03-29T12:00:00Z,83600.00,ACTIVE,AW2-2023-02453,76400.00,2023-08-26T12:00:00Z,2023-10-27,2024-10-26,2026-08-31T23:59:00Z
EP2-002454,LP-2024-02454,R0048,ARC,S011,Internal Seed,2024-07-29T12:00:00Z,242300.00,CLOSED,AW2-2024-02454,233700.00,2024-10-01T12:00:00Z,2024-11-02,2027-11-02,2026-08-31T23:59:00Z
EP2-002455,LP-2026-02455,R0158,SCI,S024,Research Project,2026-01-25T12:00:00Z,672200.00,NOT_FUNDED,,0.00,2026-03-07T12:00:00Z,,,2026-08-31T23:59:00Z
EP2-002456,LP-2025-02456,R0172,HUM,S010,Research Project,2025-02-21T12:00:00Z,64800.00,WITHDRAWN,,0.00,2025-07-13T12:00:00Z,,,2026-08-31T23:59:00Z
EP2-002457,LP-2026-02457,R0107,SOC,S011,Research Project,2026-04-18T12:00:00Z,344700.00,UNDER_REVIEW,,0.00,,,,2026-08-31T23:59:00Z
EP2-002458,LP-2024-02458,R0137,LAW,S010,Internal Seed,2024-08-21T12:00:00Z,197600.00,CLOSED,AW2-2024-02458,161200.00,2025-02-08T12:00:00Z,2025-02-26,2026-08-20,2026-08-31T23:59:00Z
EP2-002459,LP-2024-02459,R0109,BUS,S015,Research Project,2024-07-23T12:00:00Z,264000.00,CLOSED,AW2-2024-02459,218600.00,2024-12-17T12:00:00Z,2024-12-31,2026-12-31,2026-08-31T23:59:00Z
EP2-002460,LP-2025-02460,R0084,HUM,S018,Internal Seed,2025-05-24T12:00:00Z,75300.00,AWARDED,AW2-2025-02460,72300.00,2025-08-13T12:00:00Z,2025-10-12,2026-10-12,2026-08-31T23:59:00Z
EP2-002461,LP-2026-02461,R0177,LAW,S005,Equipment,2026-01-14T12:00:00Z,93800.00,CLOSED,AW2-2026-02461,88100.00,2026-06-27T12:00:00Z,2026-08-20,2027-08-20,2026-08-31T23:59:00Z
EP2-002462,LP-2025-02462,R0129,LAW,S012,Research Project,2025-08-05T12:00:00Z,36000.00,AWARDED,AW2-2025-02462,23500.00,2026-01-25T12:00:00Z,2026-02-10,2027-08-04,2026-08-31T23:59:00Z
EP2-002463,LP-2025-02463,R0024,ARC,S016,Internal Seed,2025-04-28T12:00:00Z,116400.00,NOT_FUNDED,,0.00,2025-07-05T12:00:00Z,,,2026-08-31T23:59:00Z
EP2-002464,LP-2026-02464,R0174,SCI,S999,Research Project,2026-05-27T12:00:00Z,145200.00,NOT_FUNDED,,0.00,2026-08-31T12:00:00Z,,,2026-08-31T23:59:00Z
EP2-002465,LP-2025-02465,R0039,HSC,S024,Equipment,2025-05-30T12:00:00Z,338900.00,WITHDRAWN,,0.00,2025-08-29T12:00:00Z,,,2026-08-31T23:59:00Z
EP2-002466,LP-2026-02466,R0158,SCI,S016,Research Project,2026-04-09T12:00:00Z,64000.00,AWARDED,AW2-2026-02466,56200.00,2026-06-21T12:00:00Z,2026-08-18,2028-02-09,2026-08-31T23:59:00Z
EP2-002467,LP-2023-02467,R0020,HUM,S023,Research Project,2023-03-03T12:00:00Z,239100.00,ACTIVE,AW2-2023-02467,173200.00,2023-05-26T12:00:00Z,2023-08-02,2025-08-01,2026-08-31T23:59:00Z
EP2-002468,LP-2024-02468,R0088,ARC,S014,Research Project,2024-02-16T12:00:00Z,65300.00,ACTIVE,AW2-2024-02468,54600.00,2024-04-26T12:00:00Z,2024-06-14,2025-06-14,2026-08-31T23:59:00Z
EP2-002469,LP-2024-02469,R0166,SCI,S010,Research Project,2024-04-21T12:00:00Z,366600.00,CLOSED,AW2-2024-02469,354000.00,2024-09-27T12:00:00Z,2024-12-03,2026-12-03,2026-08-31T23:59:00Z
EP2-002470,LP-2025-02470,R0123,SOC,S024,Equipment,2025-01-15T12:00:00Z,128200.00,ACTIVE,AW2-2025-02470,83000.00,2025-03-06T12:00:00Z,2025-04-19,2026-10-11,2026-08-31T23:59:00Z
EP2-002471,LP-2026-02471,R0047,HSC,S010,Internal Seed,2026-04-19T12:00:00Z,525500.00,WITHDRAWN,,0.00,2026-06-18T12:00:00Z,,,2026-08-31T23:59:00Z
EP2-002472,LP-2023-02472,R0111,HSC,S011,Research Project,2023-06-30T12:00:00Z,70000.00,ACTIVE,AW2-2023-02472,65200.00,2023-08-31T12:00:00Z,2023-11-05,2025-04-28,2026-08-31T23:59:00Z
EP2-002473,LP-2024-02473,R0174,SCI,S010,Research Project,2024-04-24T12:00:00Z,256200.00,CLOSED,AW2-2024-02473,166100.00,2024-10-24T12:00:00Z,2024-12-22,2027-12-22,2026-08-31T23:59:00Z
EP2-002474,LP-2025-02474,R0065,LAW,S011,Research Project,2025-02-24T12:00:00Z,196000.00,NOT_FUNDED,,0.00,2025-04-19T12:00:00Z,,,2026-08-31T23:59:00Z
EP2-002475,LP-2023-02475,R0098,ENG,S023,Research Project,2023-01-21T12:00:00Z,160200.00,NOT_FUNDED,,0.00,2023-05-23T12:00:00Z,,,2026-08-31T23:59:00Z
EP2-002476,LP-2026-02476,R0010,ENG,S008,Research Project,2026-01-26T12:00:00Z,98200.00,CLOSED,AW2-2026-02476,87700.00,2026-03-11T12:00:00Z,2026-04-20,2027-10-12,2026-08-31T23:59:00Z
EP2-002477,LP-2023-02477,R0124,HUM,S021,Research Project,2023-03-01T12:00:00Z,96400.00,CLOSED,AW2-2023-02477,68900.00,2023-07-09T12:00:00Z,2023-09-16,2026-09-15,2026-08-31T23:59:00Z
EP2-002478,LP-2023-02478,R0002,ENG,S017,Research Project,2023-02-23T12:00:00Z,44400.00,NOT_FUNDED,,0.00,2023-08-27T12:00:00Z,,,2026-08-31T23:59:00Z
EP2-002479,LP-2025-02479,R0120,ARC,S021,Research Project,2025-11-24T12:00:00Z,192200.00,NOT_FUNDED,,0.00,2026-01-10T12:00:00Z,,,2026-08-31T23:59:00Z
EP2-002480,LP-2024-02480,R0033,LAW,S024,Research Project,2024-05-18T12:00:00Z,161100.00,ACTIVE,AW2-2024-02480,147000.00,2024-11-03T12:00:00Z,2025-01-10,2027-01-10,2026-08-31T23:59:00Z
EP2-002481,LP-2023-02481,R0101,BUS,S023,Fellowship,2023-09-23T12:00:00Z,74500.00,ACTIVE,AW2-2023-02481,71300.00,2024-03-15T12:00:00Z,2024-04-15,2026-04-15,2026-08-31T23:59:00Z
EP2-002482,LP-2023-02482,R0174,SCI,S001,Research Project,2023-04-15T12:00:00Z,76400.00,NOT_FUNDED,,0.00,2023-06-16T12:00:00Z,,,2026-08-31T23:59:00Z
EP2-002483,LP-2026-02483,R0150,SCI,S018,Research Project,2026-05-14T12:00:00Z,133400.00,NOT_FUNDED,,0.00,2026-08-31T12:00:00Z,,,2026-08-31T23:59:00Z
EP2-002484,LP-2026-02484,R0015,HSC,S025,Fellowship,2026-07-11T12:00:00Z,160500.00,UNDER_REVIEW,,0.00,,,,2026-08-31T23:59:00Z
EP2-002485,LP-2024-02485,R0175,HSC,S010,Research Project,2024-01-30T12:00:00Z,73300.00,NOT_FUNDED,,0.00,2024-03-08T12:00:00Z,,,2026-08-31T23:59:00Z
EP2-002486,LP-2024-02486,R0047,HSC,S018,Research Project,2024-04-05T12:00:00Z,82000.00,WITHDRAWN,,0.00,2024-07-26T12:00:00Z,,,2026-08-31T23:59:00Z
EP2-002487,LP-2026-02487,R0154,ENG,S022,Research Project,2026-07-30T12:00:00Z,466300.00,SUBMITTED,,0.00,,,,2026-08-31T23:59:00Z
EP2-002488,LP-2024-02488,R0097,LAW,S024,Fellowship,2024-02-29T12:00:00Z,55400.00,ACTIVE,AW2-2024-02488,48400.00,2024-05-17T12:00:00Z,2024-07-12,2025-07-12,2026-08-31T23:59:00Z
EP2-002489,LP-2025-02489,R0172,HUM,S011,Research Project,2025-12-14T12:00:00Z,170600.00,ACTIVE,AW2-2025-02489,114700.00,2026-06-13T12:00:00Z,2026-07-19,2028-01-10,2026-08-31T23:59:00Z
EP2-002490,LP-2025-02490,R0025,LAW,S002,Research Project,2025-10-15T12:00:00Z,69500.00,AWARDED,AW2-2025-02490,68300.00,2025-12-24T12:00:00Z,2026-01-18,2027-01-18,2026-08-31T23:59:00Z
EP2-002491,LP-2024-02491,R0027,SOC,S023,Equipment,2024-08-16T12:00:00Z,335900.00,NOT_FUNDED,,0.00,2024-12-25T12:00:00Z,,,2026-08-31T23:59:00Z
EP2-002492,LP-2026-02492,R0168,ARC,S016,Research Project,2026-02-27T12:00:00Z,202300.00,ACTIVE,AW2-2026-02492,172500.00,2026-08-18T12:00:00Z,2026-09-19,2028-03-12,2026-08-31T23:59:00Z
EP2-002493,LP-2023-02493,R0072,ARC,S003,Research Project,2023-05-05T12:00:00Z,61500.00,NOT_FUNDED,,0.00,2023-09-29T12:00:00Z,,,2026-08-31T23:59:00Z
EP2-002494,LP-2025-02494,R0023,HSC,S024,Internal Seed,2025-12-10T12:00:00Z,48100.00,NOT_FUNDED,,0.00,2026-04-11T12:00:00Z,,,2026-08-31T23:59:00Z
EP2-002495,LP-2026-02495,R0152,ARC,S001,Training Grant,2026-04-07T12:00:00Z,214800.00,ACTIVE,AW2-2026-02495,205600.00,2026-08-31T12:00:00Z,2026-11-14,2028-11-13,2026-08-31T23:59:00Z
EP2-002496,LP-2025-02496,R0170,ENG,S013,Research Project,2025-05-18T12:00:00Z,47100.00,NOT_FUNDED,,0.00,2025-08-16T12:00:00Z,,,2026-08-31T23:59:00Z
EP2-002497,LP-2023-02497,R0152,ARC,S017,Research Project,2023-09-16T12:00:00Z,194100.00,CLOSED,AW2-2023-02497,162700.00,2023-12-08T12:00:00Z,2023-12-22,2026-12-21,2026-08-31T23:59:00Z
EP2-002498,LP-2024-02498,R0095,HSC,S019,Research Project,2024-09-04T12:00:00Z,75500.00,WITHDRAWN,,0.00,2024-10-23T12:00:00Z,,,2026-08-31T23:59:00Z
EP2-002499,LP-2023-02499,R0043,SOC,S020,Equipment,2023-09-09T12:00:00Z,43100.00,NOT_FUNDED,,0.00,2023-11-10T12:00:00Z,,,2026-08-31T23:59:00Z
EP2-002500,LP-2023-02500,R0125,BUS,S001,Research Project,2023-06-02T12:00:00Z,41200.00,NOT_FUNDED,,0.00,2023-07-18T12:00:00Z,,,2026-08-31T23:59:00Z
